,Unnamed: 0,bytesSent,bytesReceived,testNum,codec,enc_type,totalPacketSendDelay,totalEncodeTime,totalEncodedBytesTarget,retransmittedBytesSent,retransmittedPacketsSent,framesEncoded,framesSent,headerBytesSent,hugeFramesSent,keyFramesEncoded,pliCount,nackCount,scenario
0,95,2032248,14901,0,video_av1,svc,28.43081,14.134,0,0,0,629,629,162942,35,4,3,0,single_machine
1,55,2033227,14825,1,video_av1,svc,28.202501,14.822,0,0,0,684,684,154278,30,4,3,0,single_machine
2,Unnamed 0,3493192,19637,10,video_av1,simulcast,61.573015,13.125,0,0,0,1486,1486,360001,708,8,1,0,single_machine
3,Unnamed 1,3610535,19777,100,video_vp9,simulcast,175.21079199999997,13.978,0,0,0,761,761,205239,23,9,4,0,single_machine
4,Unnamed 2,3549796,19586,101,video_vp9,simulcast,50.573905,29.096,0,0,0,1427,1427,280420,16,7,0,0,single_machine
5,Unnamed 3,3570964,19619,102,video_vp9,simulcast,76.827631,14.361999999999998,0,0,0,625,625,106929,32,13,8,0,single_machine
6,Unnamed 4,3600930,19794,103,video_vp9,simulcast,51.218901,27.784,0,0,0,1344,1344,303962,14,19,8,0,single_machine
7,Unnamed 5,3575517,19624,104,video_vp9,simulcast,60.33565,28.788,0,0,0,1377,1377,293596,23,16,6,0,single_machine
8,Unnamed 6,3566709,19534,105,video_vp9,simulcast,29.478957,33.773,0,0,0,1770,1770,462207,14,11,1,0,single_machine
9,Unnamed 7,3572268,19452,106,video_vp9,simulcast,46.13269,25.541,0,0,0,1218,1218,276245,34,16,6,0,single_machine
10,Unnamed 8,3552654,19832,107,video_vp9,simulcast,29.49868,32.341,0,0,0,1717,1717,487106,27,17,3,0,single_machine
11,55,2035821,14707,108,video_av1,svc,31.14226,15.418,0,0,0,683,683,147482,33,4,3,0,single_machine
12,55,2035937,14720,109,video_av1,svc,29.735261,13.967,0,0,0,652,652,155728,40,4,3,0,single_machine
13,Unnamed 9,3479696,19597,11,video_av1,simulcast,37.766366,11.225,0,0,0,766,766,242278,52,6,1,0,single_machine
14,55,2036587,14835,110,video_av1,svc,29.692851,14.582,0,0,0,675,675,159199,33,4,3,0,single_machine
15,55,2038454,14885,111,video_av1,svc,79.69859799999999,14.179,0,0,0,632,632,130465,46,12,9,0,single_machine
16,55,2036275,15126,112,video_av1,svc,32.594165,14.046,0,0,0,619,619,156687,47,12,9,0,single_machine
17,55,2034379,15158,113,video_av1,svc,64.983137,12.885,0,0,0,633,633,137626,47,12,9,0,single_machine
18,55,2036113,14977,114,video_av1,svc,85.672715,6.996,0,0,0,609,609,132221,45,13,10,0,single_machine
19,55,2034261,15061,115,video_av1,svc,57.73801,13.447,0,0,0,652,652,132088,55,15,10,0,single_machine
20,55,2034856,15133,116,video_av1,svc,51.431991,12.35,0,0,0,624,624,135214,50,16,11,0,single_machine
21,Unnamed 10,3492967,19644,117,video_av1,simulcast,39.006423,23.524,0,0,0,1857,1857,536095,375,10,2,0,single_machine
22,Unnamed 11,3496187,19665,118,video_av1,simulcast,41.728768,11.652,0,0,0,761,761,215417,46,6,1,0,single_machine
23,Unnamed 12,3520787,19585,119,video_av1,simulcast,43.389645,23.912,0,0,0,1857,1857,505608,385,10,2,0,single_machine
24,Unnamed 13,3497291,19828,12,video_av1,simulcast,32.093921,23.604,0,0,0,1815,1815,549784,378,13,3,0,single_machine
25,Unnamed 14,3475379,19610,120,video_av1,simulcast,23.80473,23.516,0,0,0,1782,1782,501097,369,13,3,0,single_machine
26,Unnamed 15,3478716,19817,121,video_av1,simulcast,32.147516,23.546,0,0,0,1756,1756,520288,374,13,3,0,single_machine
27,Unnamed 16,3474778,19938,122,video_av1,simulcast,25.780897,24.625,0,0,0,1830,1830,521844,372,13,3,0,single_machine
28,Unnamed 17,3478588,19492,123,video_av1,simulcast,45.894814,1.3549999999999998,0,0,0,401,401,70966,360,5,1,0,single_machine
29,Unnamed 18,3498267,19700,124,video_av1,simulcast,21.588143,21.807,0,0,0,1466,1466,435027,52,9,0,0,single_machine
30,Unnamed 19,3494243,19802,125,video_av1,simulcast,31.994012,10.849999999999998,0,0,0,746,746,275069,51,7,1,0,single_machine
31,55,2860475,18432,126,video_vp9,svc,125.18986,35.37,0,0,0,1618,1618,157288,31,6,0,0,single_machine
32,55,2923311,18522,127,video_vp9,svc,250.103345,34.928,0,0,0,1844,1844,144074,16,9,0,0,single_machine
33,55,2868304,18480,128,video_vp9,svc,128.18436,35.526,0,0,0,1614,1614,147025,32,6,0,0,single_machine
34,55,2838782,18654,129,video_vp9,svc,167.260361,31.917,0,0,0,1488,1488,154578,43,21,6,0,single_machine
35,Unnamed 20,3513613,19782,13,video_av1,simulcast,90.482869,2.235,0,0,0,731,731,124685,653,7,2,0,single_machine
36,55,2825515,18629,130,video_vp9,svc,141.547699,34.26,0,0,0,1799,1799,164188,22,18,4,0,single_machine
37,55,2895635,18505,131,video_vp9,svc,146.02220599999998,34.009,0,0,0,1463,1463,159820,46,21,6,0,single_machine
38,55,2852152,19165,132,video_vp9,svc,279.641519,33.227,0,0,0,1737,1737,166509,45,45,18,0,single_machine
39,55,2779164,19158,133,video_vp9,svc,280.982522,32.57,0,0,0,1665,1665,150347,48,48,20,0,single_machine
40,55,9003646,24258,134,video_vp9,svc,8.153324,45.714,0,0,0,2012,2012,204983,36,49,24,0,single_machine
41,Unnamed 21,3559617,19677,135,video_vp9,simulcast,105.594869,14.125,0,0,0,763,763,208756,18,9,4,0,single_machine
42,Unnamed 22,3553218,19633,136,video_vp9,simulcast,31.158737,32.628,0,0,0,1695,1695,438775,26,17,6,0,single_machine
43,Unnamed 23,3550939,19377,137,video_vp9,simulcast,89.17732900000001,14.258,0,0,0,631,631,90485,26,5,0,0,single_machine
44,Unnamed 24,3579939,19681,138,video_vp9,simulcast,61.555924,23.187,0,0,0,1263,1263,389677,29,15,0,0,single_machine
45,Unnamed 25,3581185,19699,139,video_vp9,simulcast,114.363494,13.288,0,0,0,679,679,232122,23,9,0,0,single_machine
46,Unnamed 26,3482973,19667,14,video_av1,simulcast,64.520405,1.2179999999999995,0,0,0,400,400,79208,352,5,1,0,single_machine
47,Unnamed 27,3571079,19749,140,video_vp9,simulcast,135.219984,14.26,0,0,0,772,772,225188,20,7,0,0,single_machine
48,Unnamed 28,3591711,19522,141,video_vp9,simulcast,104.219083,27.973,0,0,0,1494,1494,408213,21,11,0,0,single_machine
49,Unnamed 29,3553090,19585,142,video_vp9,simulcast,83.15372599999999,14.111,0,0,0,611,611,98963,28,11,6,0,single_machine
50,Unnamed 30,3585697,19579,143,video_vp9,simulcast,124.633683,8.677,0,0,0,363,363,60919,30,7,3,0,single_machine
51,55,2036179,14898,144,video_av1,svc,26.038655,14.223,0,0,0,652,652,155527,35,4,3,0,single_machine
52,55,2033741,14934,145,video_av1,svc,26.716506,14.605,0,0,0,652,652,151753,35,5,4,0,single_machine
53,55,2036424,14953,146,video_av1,svc,31.056076,14.011,0,0,0,677,677,173605,34,4,3,0,single_machine
54,55,2033317,14897,147,video_av1,svc,38.920992,14.513,0,0,0,631,631,160183,50,14,8,0,single_machine
55,55,2035959,15052,148,video_av1,svc,32.122928,14.23,0,0,0,631,631,159416,46,13,7,0,single_machine
56,55,2035688,15023,149,video_av1,svc,33.497556,13.873,0,0,0,630,630,145103,51,14,8,0,single_machine
57,Unnamed 31,3479676,19586,15,video_av1,simulcast,36.587159,20.879,0,0,0,1446,1446,427613,48,11,0,0,single_machine
58,55,2034255,15051,150,video_av1,svc,31.213463,14.102,0,0,0,617,617,155051,50,12,9,0,single_machine
59,55,2036361,14902,151,video_av1,svc,31.858207,14.235,0,0,0,625,625,145847,46,14,10,0,single_machine
60,55,2037557,15101,152,video_av1,svc,31.901068,14.685,0,0,0,640,640,151071,45,14,10,0,single_machine
61,Unnamed 32,3488010,19657,153,video_av1,simulcast,34.121699,23.949,0,0,0,1828,1828,560488,385,10,2,0,single_machine
62,Unnamed 33,3483254,19763,154,video_av1,simulcast,53.998768,1.919,0,0,0,777,777,116279,704,5,0,0,single_machine
63,Unnamed 34,3484530,19733,155,video_av1,simulcast,44.44363800000001,11.55,0,0,0,751,751,226856,45,6,1,0,single_machine
64,Unnamed 35,3499252,19651,156,video_av1,simulcast,64.56651099999999,1.143,0,0,0,408,408,73191,378,5,1,0,single_machine
65,Unnamed 36,3478214,19817,157,video_av1,simulcast,72.389005,1.365,0,0,0,412,412,73670,369,5,1,0,single_machine
66,Unnamed 37,3472862,19490,158,video_av1,simulcast,64.033788,13.477000000000002,0,0,0,1457,1457,344696,686,10,2,0,single_machine
67,Unnamed 38,3490608,19874,159,video_av1,simulcast,46.507362,2.64,0,0,0,783,783,118767,710,7,2,0,single_machine
68,Unnamed 39,3508708,19869,16,video_av1,simulcast,27.889265,24.297,0,0,0,1824,1824,541762,371,13,3,0,single_machine
69,Unnamed 40,3478004,19689,160,video_av1,simulcast,53.628442,14.031999999999998,0,0,0,1470,1470,336926,695,10,2,0,single_machine
70,Unnamed 41,3478690,19629,161,video_av1,simulcast,62.003964,13.813,0,0,0,1457,1457,361768,689,10,2,0,single_machine
71,55,2902201,18534,162,video_vp9,svc,174.640366,34.085,0,0,0,1620,1620,150822,27,6,0,0,single_machine
72,55,2862053,18386,163,video_vp9,svc,130.47314799999998,28.939,0,0,0,1618,1618,150529,26,6,0,0,single_machine
73,55,9059014,23681,164,video_vp9,svc,3.311794,43.758,0,0,0,2230,2230,209179,8,6,0,0,single_machine
74,55,2869038,18786,165,video_vp9,svc,216.503663,32.207,0,0,0,1801,1801,168558,24,18,4,0,single_machine
75,55,3018972,18768,166,video_vp9,svc,181.411674,32.863,0,0,0,1538,1538,161973,42,21,6,0,single_machine
76,55,2801432,18689,167,video_vp9,svc,163.485952,33.794,0,0,0,1791,1791,162208,23,18,4,0,single_machine
77,55,3005780,19211,168,video_vp9,svc,301.027408,31.731,0,0,0,1587,1587,155872,62,51,19,0,single_machine
78,55,2789987,19045,169,video_vp9,svc,279.928673,32.359,0,0,0,1679,1679,169069,42,42,18,0,single_machine
79,Unnamed 42,3522621,19593,17,video_av1,simulcast,64.25949700000001,11.56,0,0,0,752,752,242390,49,7,1,0,single_machine
80,55,2808180,19125,170,video_vp9,svc,279.793066,32.929,0,0,0,1706,1706,150137,41,42,18,0,single_machine
81,Unnamed 43,16107430,31108,171,video_vp9,simulcast,38.220318,55.704,0,0,0,2485,2485,395677,0,8,0,0,single_machine
82,Unnamed 44,3622805,19787,172,video_vp9,simulcast,28.813906,33.122,0,0,0,1692,1692,428726,16,20,8,0,single_machine
83,Unnamed 45,3540505,19422,173,video_vp9,simulcast,50.845259,28.807,0,0,0,1363,1363,266161,16,7,0,0,single_machine
84,Unnamed 46,3590297,19635,174,video_vp9,simulcast,31.132855000000003,32.281000000000006,0,0,0,1698,1698,474890,30,20,4,0,single_machine
85,Unnamed 47,3573747,19736,175,video_vp9,simulcast,52.015315,27.479,0,0,0,1317,1317,308514,29,19,8,0,single_machine
86,Unnamed 48,3591987,19611,176,video_vp9,simulcast,55.509905,28.214,0,0,0,1351,1351,315653,20,16,6,0,single_machine
87,Unnamed 49,3557442,19448,177,video_vp9,simulcast,108.726317,12.349,0,0,0,505,505,83815,34,13,8,0,single_machine
88,Unnamed 50,3541828,19540,178,video_vp9,simulcast,57.877353,26.725,0,0,0,1465,1465,415435,17,9,0,0,single_machine
89,Unnamed 51,3566996,19524,179,video_vp9,simulcast,94.036125,14.247,0,0,0,772,772,205384,23,8,0,0,single_machine
90,55,2890788,18537,18,video_vp9,svc,149.45080299999998,35.58,0,0,0,1848,1848,159885,16,9,0,0,single_machine
91,55,2032771,14843,180,video_av1,svc,23.939115,14.631,0,0,0,647,647,165667,37,3,2,0,single_machine
92,55,2034231,14889,181,video_av1,svc,30.664044,14.393,0,0,0,665,665,151347,37,4,3,0,single_machine
93,55,2032174,14728,182,video_av1,svc,27.652083,13.96,0,0,0,655,655,172385,38,4,3,0,single_machine
94,55,2036528,15015,183,video_av1,svc,28.735216,14.008,0,0,0,617,617,165149,47,13,10,0,single_machine
95,55,2035199,14954,184,video_av1,svc,50.12898,13.717,0,0,0,630,630,156582,53,15,8,0,single_machine
96,55,2035480,14974,185,video_av1,svc,40.084983,13.645,0,0,0,613,613,159771,52,12,8,0,single_machine
97,55,2036232,15026,186,video_av1,svc,37.670436,14.082,0,0,0,632,632,160887,49,12,10,0,single_machine
98,55,2035133,15011,187,video_av1,svc,81.75715799999999,13.96,0,0,0,622,622,129463,49,13,10,0,single_machine
99,55,2033956,14959,188,video_av1,svc,39.934529,13.996,0,0,0,619,619,139998,52,15,11,0,single_machine
100,Unnamed 52,3474372,19776,189,video_av1,simulcast,61.051267,2.2380000000000004,0,0,0,800,800,122877,726,5,0,0,single_machine
101,55,2874707,18465,19,video_vp9,svc,147.87129199999998,34.537,0,0,0,1602,1602,146296,32,6,0,0,single_machine
102,Unnamed 53,3504048,19669,190,video_av1,simulcast,38.372656,24.231,0,0,0,1863,1863,533369,372,10,2,0,single_machine
103,Unnamed 54,3474886,19762,191,video_av1,simulcast,41.561703,11.182,0,0,0,750,750,249266,48,6,1,0,single_machine
104,Unnamed 55,3479208,19644,192,video_av1,simulcast,22.875014,22.672,0,0,0,1458,1458,503581,54,11,2,0,single_machine
105,Unnamed 56,3469765,19619,193,video_av1,simulcast,43.540419,11.119,0,0,0,745,745,250700,48,6,0,0,single_machine
106,Unnamed 57,3488783,19514,194,video_av1,simulcast,30.647863,24.084,0,0,0,1781,1781,434367,347,11,1,0,single_machine
107,Unnamed 58,3487443,19612,195,video_av1,simulcast,62.474281000000005,2.802,0,0,0,772,772,122237,704,7,2,0,single_machine
108,Unnamed 59,3480640,19551,196,video_av1,simulcast,26.838616,22.058,0,0,0,1432,1432,432381,49,11,2,0,single_machine
109,Unnamed 60,3486719,19621,197,video_av1,simulcast,50.379942,3.0780000000000003,0,0,0,765,765,137513,677,7,2,0,single_machine
110,55,2881309,18590,198,video_vp9,svc,163.916234,34.412,0,0,0,1834,1834,161237,16,9,0,0,single_machine
111,55,2871213,18438,199,video_vp9,svc,151.99584299999998,34.38,0,0,0,1599,1599,153161,29,6,0,0,single_machine
112,55,2021426,14833,2,video_av1,svc,26.59632,14.255,0,0,0,664,664,159053,31,4,3,0,single_machine
113,55,2861483,18373,20,video_vp9,svc,151.453266,34.462,0,0,0,1630,1630,143160,28,6,0,0,single_machine
114,55,2853620,18513,200,video_vp9,svc,146.424522,36.33,0,0,0,1840,1840,155104,19,9,0,0,single_machine
115,55,2862733,18600,201,video_vp9,svc,157.262544,32.462,0,0,0,1504,1504,152978,42,21,6,0,single_machine
116,55,8948873,23516,202,video_vp9,svc,8.36394,49.528,0,0,0,2139,2139,205108,15,9,1,0,single_machine
117,55,2843882,18797,203,video_vp9,svc,153.868626,34.496,0,0,0,1799,1799,151889,25,18,4,0,single_machine
118,55,2819964,19085,204,video_vp9,svc,247.403144,33.274,0,0,0,1720,1720,160850,36,39,17,0,single_machine
119,55,2294488,18546,205,video_vp9,svc,257.9322,27.647,0,0,0,1402,1402,140185,65,58,22,0,single_machine
120,55,2927753,18854,206,video_vp9,svc,292.775696,30.613,0,0,0,1445,1445,165403,65,33,12,0,single_machine
121,Unnamed 61,3586956,19625,207,video_vp9,simulcast,152.524933,8.555,0,0,0,338,338,58918,28,8,0,0,single_machine
122,Unnamed 62,3589981,19577,208,video_vp9,simulcast,46.262107,24.504,0,0,0,1182,1182,311356,29,19,4,0,single_machine
123,Unnamed 63,3585290,19653,209,video_vp9,simulcast,60.135065,29.952,0,0,0,1605,1605,376603,13,7,0,0,single_machine
124,55,2902311,18572,21,video_vp9,svc,156.62940899999998,32.094,0,0,0,1486,1486,173472,42,21,6,0,single_machine
125,Unnamed 64,3585433,19481,210,video_vp9,simulcast,114.141661,14.437,0,0,0,611,611,102569,27,13,8,0,single_machine
126,Unnamed 65,3595009,19744,211,video_vp9,simulcast,64.434138,25.959000000000003,0,0,0,1428,1428,414973,17,15,0,0,single_machine
127,Unnamed 66,3559516,19430,212,video_vp9,simulcast,115.765087,14.155,0,0,0,575,575,86567,34,13,8,0,single_machine
128,Unnamed 67,3554987,19763,213,video_vp9,simulcast,101.365732,12.564000000000002,0,0,0,775,775,200873,20,6,0,0,single_machine
129,Unnamed 68,3581881,19633,214,video_vp9,simulcast,123.660727,10.217,0,0,0,800,800,218431,23,6,0,0,single_machine
130,Unnamed 69,16015444,31116,215,video_vp9,simulcast,30.326213,53.856,0,0,0,2450,2450,305615,7,16,4,0,single_machine
131,55,2036407,14870,216,video_av1,svc,29.833957,14.897,0,0,0,661,661,155150,39,4,3,0,single_machine
132,55,2032917,14876,217,video_av1,svc,57.950917,14.88,0,0,0,675,675,158973,32,4,3,0,single_machine
133,55,2037079,14773,218,video_av1,svc,30.098492,13.615,0,0,0,661,661,152223,34,4,3,0,single_machine
134,55,2036499,14896,219,video_av1,svc,33.799478,14.197,0,0,0,625,625,141945,48,12,9,0,single_machine
135,55,2856137,18825,22,video_vp9,svc,136.00480299999998,34.031,0,0,0,1817,1817,157630,25,18,4,0,single_machine
136,55,2037509,15037,220,video_av1,svc,53.103996,14.116,0,0,0,646,646,142077,49,15,8,0,single_machine
137,55,2036402,14978,221,video_av1,svc,44.227512,14.566,0,0,0,642,642,159924,58,14,8,0,single_machine
138,55,2036642,15130,222,video_av1,svc,47.557209,14.69,0,0,0,647,647,148602,54,15,10,0,single_machine
139,55,2037471,15014,223,video_av1,svc,32.736768,13.545,0,0,0,614,614,158728,51,12,10,0,single_machine
140,55,2036768,15150,224,video_av1,svc,33.479974,14.361,0,0,0,635,635,157489,44,14,10,0,single_machine
141,Unnamed 70,3499073,19562,225,video_av1,simulcast,59.45349,2.097,0,0,0,780,780,114803,712,5,0,0,single_machine
142,Unnamed 71,3481723,19740,226,video_av1,simulcast,24.605049,22.386,0,0,0,1474,1474,507303,50,9,2,0,single_machine
143,Unnamed 72,3477281,19684,227,video_av1,simulcast,28.568007,23.154,0,0,0,1817,1817,536183,380,10,2,0,single_machine
144,Unnamed 73,3502261,19855,228,video_av1,simulcast,73.632505,11.191,0,0,0,741,741,229323,35,7,1,0,single_machine
145,Unnamed 74,3478950,19728,229,video_av1,simulcast,21.829308,22.723,0,0,0,1454,1454,465431,57,11,2,0,single_machine
146,55,2906878,18832,23,video_vp9,svc,207.654823,35.563,0,0,0,1809,1809,162698,28,18,4,0,single_machine
147,Unnamed 75,3479430,19765,230,video_av1,simulcast,19.404211,22.333,0,0,0,1429,1429,469377,53,11,2,0,single_machine
148,Unnamed 76,3481688,19606,231,video_av1,simulcast,47.837326,13.666,0,0,0,1458,1458,339308,684,11,3,0,single_machine
149,Unnamed 77,3499223,19433,232,video_av1,simulcast,47.238591,23.487,0,0,0,1783,1783,472595,357,13,3,0,single_machine
150,Unnamed 78,3506026,19677,233,video_av1,simulcast,31.966717000000003,23.234,0,0,0,1791,1791,512799,383,13,3,0,single_machine
151,55,2839221,18621,234,video_vp9,svc,154.448008,35.91,0,0,0,1834,1834,145394,14,9,0,0,single_machine
152,55,9003513,23738,235,video_vp9,svc,9.284025,49.258,0,0,0,2135,2135,206272,10,4,0,0,single_machine
153,55,2883705,18483,236,video_vp9,svc,160.82808599999998,33.929,0,0,0,1597,1597,149189,32,6,0,0,single_machine
154,55,2470631,18281,237,video_vp9,svc,104.371894,33.827,0,0,0,1628,1628,160343,37,27,7,0,single_machine
155,55,2377266,18327,238,video_vp9,svc,80.913258,31.699,0,0,0,1594,1594,138281,37,24,6,0,single_machine
156,55,2877450,18706,239,video_vp9,svc,228.172678,34.869,0,0,0,1803,1803,157121,25,18,4,0,single_machine
157,55,2782990,18965,24,video_vp9,svc,258.100058,32.469,0,0,0,1694,1694,170603,39,39,16,0,single_machine
158,55,2917925,18917,240,video_vp9,svc,236.379347,34.95,0,0,0,1793,1793,161376,30,24,7,0,single_machine
159,55,2873883,19066,241,video_vp9,svc,322.807196,32.733,0,0,0,1747,1747,163709,34,42,18,0,single_machine
160,55,2791678,19114,242,video_vp9,svc,289.472965,32.797,0,0,0,1683,1683,155726,44,48,19,0,single_machine
161,Unnamed 79,3584587,19722,243,video_vp9,simulcast,34.108524,32.502,0,0,0,1712,1712,439156,20,20,8,0,single_machine
162,Unnamed 80,3558722,19600,244,video_vp9,simulcast,33.407615,33.085,0,0,0,1703,1703,442320,25,20,8,0,single_machine
163,Unnamed 81,3568019,19625,245,video_vp9,simulcast,86.180162,15.649,0,0,0,822,822,204147,25,5,0,0,single_machine
164,Unnamed 82,3566549,19782,246,video_vp9,simulcast,109.160094,14.351,0,0,0,770,770,195884,22,9,0,0,single_machine
165,Unnamed 83,3598467,19733,247,video_vp9,simulcast,119.621925,14.550999999999998,0,0,0,772,772,213372,21,8,0,0,single_machine
166,Unnamed 84,3592226,19488,248,video_vp9,simulcast,64.82735100000001,26.421,0,0,0,1467,1467,364509,20,13,0,0,single_machine
167,Unnamed 85,3537146,19461,249,video_vp9,simulcast,124.716501,8.945,0,0,0,373,373,66337,23,5,1,0,single_machine
168,55,2846095,19107,25,video_vp9,svc,296.423763,32.579,0,0,0,1729,1729,163423,40,42,17,0,single_machine
169,Unnamed 86,3606077,19628,250,video_vp9,simulcast,116.156098,15.436,0,0,0,639,639,96509,29,13,8,0,single_machine
170,Unnamed 87,3585098,19589,251,video_vp9,simulcast,185.406129,8.06,0,0,0,322,322,61714,30,7,3,0,single_machine
171,55,2035939,14784,252,video_av1,svc,51.794278,15.139,0,0,0,673,673,140688,33,4,3,0,single_machine
172,55,2036371,14805,253,video_av1,svc,26.035845,13.814,0,0,0,645,645,158459,33,4,3,0,single_machine
173,55,2033503,14812,254,video_av1,svc,25.613932,13.963,0,0,0,665,665,160745,35,4,3,0,single_machine
174,55,2035237,14974,255,video_av1,svc,42.129719,14.436,0,0,0,642,642,155272,50,15,8,0,single_machine
175,55,2035066,14978,256,video_av1,svc,47.189163,15.25,0,0,0,653,653,133017,48,12,8,0,single_machine
176,55,2036289,14976,257,video_av1,svc,35.793737,14.383,0,0,0,636,636,152291,47,14,8,0,single_machine
177,55,2034610,15110,258,video_av1,svc,49.338306,13.384,0,0,0,618,618,153572,50,15,10,0,single_machine
178,55,2034515,15070,259,video_av1,svc,46.003929,15.001,0,0,0,636,636,155004,49,16,11,0,single_machine
179,55,2619026,18905,26,video_vp9,svc,287.165745,30.926,0,0,0,1560,1560,167212,54,48,21,0,single_machine
180,55,2035701,14912,260,video_av1,svc,61.836071,14.222,0,0,0,636,636,135614,40,12,9,0,single_machine
181,Unnamed 88,3476401,19665,261,video_av1,simulcast,26.446777,22.561,0,0,0,1478,1478,458063,45,7,0,0,single_machine
182,Unnamed 89,3474691,19673,262,video_av1,simulcast,25.714947,22.877,0,0,0,1484,1484,426495,54,9,2,0,single_machine
183,Unnamed 90,3476594,19532,263,video_av1,simulcast,47.537592,11.316999999999998,0,0,0,756,756,250094,44,6,1,0,single_machine
184,Unnamed 91,3481072,19705,264,video_av1,simulcast,45.480561,8.357000000000001,0,0,0,769,769,234223,67,7,1,0,single_machine
185,Unnamed 92,3499954,19521,265,video_av1,simulcast,29.42721,22.088,0,0,0,1825,1825,455056,373,11,1,0,single_machine
186,Unnamed 93,3471653,19549,266,video_av1,simulcast,35.77492,1.232,0,0,0,416,416,70672,382,5,1,0,single_machine
187,Unnamed 94,3482723,19925,267,video_av1,simulcast,26.216197,23.116,0,0,0,1797,1797,557178,364,13,3,0,single_machine
188,Unnamed 95,3494689,19565,268,video_av1,simulcast,40.359916,13.920000000000002,0,0,0,1456,1456,316026,686,11,3,0,single_machine
189,Unnamed 96,3470744,19646,269,video_av1,simulcast,33.654648,12.160000000000002,0,0,0,727,727,241285,53,7,1,0,single_machine
190,Unnamed 97,3585595,19845,27,video_vp9,simulcast,68.00667,26.336,0,0,0,1466,1466,483719,21,15,8,0,single_machine
191,55,2822060,18321,270,video_vp9,svc,150.14594,34.315,0,0,0,1576,1576,148446,30,6,0,0,single_machine
192,55,2853663,18486,271,video_vp9,svc,125.022741,34.143,0,0,0,1598,1598,161264,28,6,0,0,single_machine
193,55,2892432,18349,272,video_vp9,svc,170.398349,34.271,0,0,0,1583,1583,155342,30,6,0,0,single_machine
194,55,2520985,18454,273,video_vp9,svc,87.59177799999999,33.073,0,0,0,1643,1643,153722,34,27,7,0,single_machine
195,55,2893002,18960,274,video_vp9,svc,165.57653499999998,34.695,0,0,0,1810,1810,159690,22,18,4,0,single_machine
196,55,2843699,18673,275,video_vp9,svc,134.571843,35.09,0,0,0,1800,1800,169142,23,18,4,0,single_machine
197,55,2917421,19145,276,video_vp9,svc,317.770332,33.173,0,0,0,1768,1768,173550,40,42,17,0,single_machine
198,55,2784724,19129,277,video_vp9,svc,267.659224,32.719,0,0,0,1698,1698,169628,37,42,18,0,single_machine
199,55,8926110,24398,278,video_vp9,svc,12.288129,45.168,0,0,0,1983,1983,202368,36,55,29,0,single_machine
200,Unnamed 98,3548132,19740,279,video_vp9,simulcast,30.832654,33.385,0,0,0,1704,1704,485241,24,20,8,0,single_machine
201,Unnamed 99,3523129,19473,28,video_vp9,simulcast,53.806521,13.657,0,0,0,732,732,198556,21,9,4,0,single_machine
202,Unnamed 100,3535236,19914,280,video_vp9,simulcast,94.684093,13.964,0,0,0,771,771,220336,19,9,4,0,single_machine
203,Unnamed 101,3545231,19625,281,video_vp9,simulcast,101.858326,8.708,0,0,0,372,372,59544,21,4,0,0,single_machine
204,Unnamed 102,3590228,19599,282,video_vp9,simulcast,170.66331699999998,8.075,0,0,0,329,329,62249,23,8,4,0,single_machine
205,Unnamed 103,3594263,19409,283,video_vp9,simulcast,33.297567,32.032,0,0,0,1711,1711,401808,20,17,3,0,single_machine
206,Unnamed 104,3584967,19705,284,video_vp9,simulcast,96.893334,14.78,0,0,0,640,640,107365,28,7,2,0,single_machine
207,Unnamed 105,3572248,19533,285,video_vp9,simulcast,138.70846,8.388,0,0,0,348,348,66365,27,5,1,0,single_machine
208,Unnamed 106,3586419,19673,286,video_vp9,simulcast,36.167498,34.459,0,0,0,1825,1825,444246,19,11,1,0,single_machine
209,Unnamed 107,15961152,30701,287,video_vp9,simulcast,40.153639,50.789,0,0,0,2440,2440,306289,11,13,1,0,single_machine
210,55,2035994,14814,288,video_av1,svc,26.635165,14.051,0,0,0,666,666,154412,32,4,3,0,single_machine
211,55,2036798,14800,289,video_av1,svc,26.10867,14.243,0,0,0,651,651,154714,34,4,3,0,single_machine
212,Unnamed 108,3589664,19676,29,video_vp9,simulcast,127.679392,15.34,0,0,0,649,649,119597,25,5,0,0,single_machine
213,55,2033508,14877,290,video_av1,svc,28.220627,14.047,0,0,0,663,663,154928,33,5,4,0,single_machine
214,55,2034671,14892,291,video_av1,svc,31.098502,14.304,0,0,0,628,628,144095,54,12,8,0,single_machine
215,55,2037524,15033,292,video_av1,svc,55.97859,14.122,0,0,0,621,621,154748,60,15,8,0,single_machine
216,55,2036677,15013,293,video_av1,svc,41.311028,14.169,0,0,0,633,633,165990,48,15,8,0,single_machine
217,55,2037495,15061,294,video_av1,svc,46.734986,14.334,0,0,0,623,623,141315,56,15,10,0,single_machine
218,55,2034761,15033,295,video_av1,svc,68.086018,14.579,0,0,0,599,599,148393,49,12,9,0,single_machine
219,55,2032611,15076,296,video_av1,svc,33.234388,14.276,0,0,0,627,627,155184,47,13,10,0,single_machine
220,Unnamed 109,3484108,19700,297,video_av1,simulcast,46.163702,1.362,0,0,0,409,409,73886,375,4,0,0,single_machine
221,Unnamed 110,3496799,19742,298,video_av1,simulcast,30.071978,21.911,0,0,0,1470,1470,475893,44,9,2,0,single_machine
222,Unnamed 111,3469492,19841,299,video_av1,simulcast,40.861167,11.721000000000002,0,0,0,759,759,243761,46,6,1,0,single_machine
223,55,2036773,15047,3,video_av1,svc,29.7136,13.584,0,0,0,622,622,152797,51,14,8,0,single_machine
224,Unnamed 112,3608648,19626,30,video_vp9,simulcast,196.090179,13.965000000000002,0,0,0,750,750,196475,26,9,0,0,single_machine
225,Unnamed 113,3493496,19754,300,video_av1,simulcast,31.926272,22.244,0,0,0,1464,1464,458583,46,11,2,0,single_machine
226,Unnamed 114,3515878,19657,301,video_av1,simulcast,53.547896,11.351,0,0,0,757,757,263500,40,6,0,0,single_machine
227,Unnamed 115,3512460,19620,302,video_av1,simulcast,50.77147,13.828,0,0,0,1464,1464,330549,682,11,3,0,single_machine
228,Unnamed 116,3476334,19794,303,video_av1,simulcast,27.177163,23.312,0,0,0,1450,1450,485975,47,11,2,0,single_machine
229,Unnamed 117,3473176,19710,304,video_av1,simulcast,58.017558,13.637,0,0,0,1469,1469,373489,679,11,3,0,single_machine
230,Unnamed 118,3507783,19789,305,video_av1,simulcast,70.55099799999999,14.273,0,0,0,1474,1474,382016,691,10,2,0,single_machine
231,55,2843885,18598,306,video_vp9,svc,174.63159399999998,34.958,0,0,0,1827,1827,152183,18,9,0,0,single_machine
232,55,8972693,23560,307,video_vp9,svc,4.362687,51.62,0,0,0,2209,2209,205776,11,4,0,0,single_machine
233,55,2864584,18534,308,video_vp9,svc,172.375822,36.685,0,0,0,1835,1835,157648,16,9,0,0,single_machine
234,55,8958253,23567,309,video_vp9,svc,5.885208,50.268,0,0,0,2138,2138,205280,13,7,1,0,single_machine
235,Unnamed 119,3622414,19797,31,video_vp9,simulcast,231.688606,8.878000000000002,0,0,0,373,373,59359,32,7,3,0,single_machine
236,55,2866757,18838,310,video_vp9,svc,169.39307399999998,34.602,0,0,0,1787,1787,157182,28,18,4,0,single_machine
237,55,2901799,18847,311,video_vp9,svc,211.242559,34.595,0,0,0,1803,1803,166659,29,18,4,0,single_machine
238,55,2878983,19003,312,video_vp9,svc,287.989625,33.024,0,0,0,1766,1766,158147,34,42,18,0,single_machine
239,55,9027519,24345,313,video_vp9,svc,9.163889,41.156,0,0,0,1993,1993,204120,35,52,26,0,single_machine
240,55,2907813,19246,314,video_vp9,svc,329.895317,18.507,0,0,0,1757,1757,156734,35,42,18,0,single_machine
241,Unnamed 120,3590710,19777,315,video_vp9,simulcast,149.81356,8.026,0,0,0,343,343,60969,32,8,0,0,single_machine
242,Unnamed 121,3599487,19710,316,video_vp9,simulcast,140.091736,8.206,0,0,0,330,330,63867,28,8,0,0,single_machine
243,Unnamed 122,3607056,19732,317,video_vp9,simulcast,159.78377799999998,15.118,0,0,0,835,835,228975,21,5,0,0,single_machine
244,Unnamed 123,3619194,19771,318,video_vp9,simulcast,112.61687,25.529,0,0,0,1401,1401,380885,28,15,0,0,single_machine
245,Unnamed 124,15929362,31166,319,video_vp9,simulcast,5.591511000000001,49.728,0,0,0,2456,2456,131691,8,17,3,0,single_machine
246,Unnamed 125,3598260,19764,32,video_vp9,simulcast,125.449145,14.408,0,0,0,630,630,101207,24,7,2,0,single_machine
247,Unnamed 126,3616902,19704,320,video_vp9,simulcast,29.380554,34.327,0,0,0,1805,1805,430966,14,14,2,0,single_machine
248,Unnamed 127,3551935,19478,321,video_vp9,simulcast,100.89324,14.155,0,0,0,739,739,179333,24,8,0,0,single_machine
249,Unnamed 128,3569569,19666,322,video_vp9,simulcast,124.936422,8.311,0,0,0,355,355,65006,24,7,3,0,single_machine
250,Unnamed 129,3615466,19673,323,video_vp9,simulcast,33.384787,34.118,0,0,0,1790,1790,439340,12,11,1,0,single_machine
251,55,2034500,14957,324,video_av1,svc,28.410102,14.755,0,0,0,663,663,173663,35,3,2,0,single_machine
252,55,2033056,14804,325,video_av1,svc,27.417179,14.796,0,0,0,653,653,143816,36,5,4,0,single_machine
253,55,2036125,14845,326,video_av1,svc,27.075314,13.878,0,0,0,665,665,140017,33,4,3,0,single_machine
254,55,2034732,15060,327,video_av1,svc,79.529634,14.007,0,0,0,623,623,138192,46,13,10,0,single_machine
255,55,2033814,15093,328,video_av1,svc,31.41852,13.736,0,0,0,614,614,154084,46,12,9,0,single_machine
256,55,2034795,15084,329,video_av1,svc,57.110711,14.238,0,0,0,645,645,143794,40,12,9,0,single_machine
257,Unnamed 130,3590059,19582,33,video_vp9,simulcast,133.97808700000002,8.479,0,0,0,364,364,59041,24,5,1,0,single_machine
258,55,2033042,15010,330,video_av1,svc,32.829239,14.183,0,0,0,618,618,150714,46,15,11,0,single_machine
259,55,2036641,15050,331,video_av1,svc,48.057595,14.408,0,0,0,634,634,154759,52,14,10,0,single_machine
260,55,2035683,15110,332,video_av1,svc,34.895423,13.362,0,0,0,618,618,161057,51,14,10,0,single_machine
261,Unnamed 131,3491917,19701,333,video_av1,simulcast,60.104784,11.306,0,0,0,752,752,252493,42,6,1,0,single_machine
262,Unnamed 132,3478098,19628,334,video_av1,simulcast,60.92528900000001,13.682999999999998,0,0,0,1484,1484,362499,716,8,1,0,single_machine
263,Unnamed 133,3477536,19586,335,video_av1,simulcast,38.767698,11.715,0,0,0,760,760,231614,48,6,1,0,single_machine
264,Unnamed 134,3496256,19664,336,video_av1,simulcast,47.186718,11.164,0,0,0,750,750,248895,51,7,1,0,single_machine
265,Unnamed 135,3484333,19593,337,video_av1,simulcast,26.051676,24.07,0,0,0,1812,1812,516573,384,11,1,0,single_machine
266,Unnamed 136,3481238,19614,338,video_av1,simulcast,31.541819,22.197000000000003,0,0,0,1414,1414,495853,53,11,2,0,single_machine
267,Unnamed 137,3479672,19666,339,video_av1,simulcast,35.344055,11.199,0,0,0,735,735,259369,49,7,1,0,single_machine
268,Unnamed 138,3587243,19661,34,video_vp9,simulcast,122.771241,14.144999999999998,0,0,0,761,761,201631,21,8,0,0,single_machine
269,Unnamed 139,3487460,19763,340,video_av1,simulcast,32.149586,22.434,0,0,0,1434,1434,477145,54,11,2,0,single_machine
270,Unnamed 140,3486026,19717,341,video_av1,simulcast,38.453719,11.18,0,0,0,747,747,233806,45,7,1,0,single_machine
271,55,2887721,18453,342,video_vp9,svc,154.371714,34.506,0,0,0,1611,1611,144699,25,6,0,0,single_machine
272,55,8781013,23161,343,video_vp9,svc,7.350426,51.88,0,0,0,2090,2090,200672,10,4,0,0,single_machine
273,55,2862069,18405,344,video_vp9,svc,146.26037499999998,34.648,0,0,0,1595,1595,151643,26,6,0,0,single_machine
274,55,8949858,23423,345,video_vp9,svc,6.720691,49.268,0,0,0,2130,2130,204688,14,9,1,0,single_machine
275,55,2873256,18803,346,video_vp9,svc,177.526322,34.289,0,0,0,1803,1803,153933,27,18,4,0,single_machine
276,55,2924453,18765,347,video_vp9,svc,234.481378,33.713,0,0,0,1801,1801,174468,25,18,4,0,single_machine
277,55,2781629,19053,348,video_vp9,svc,255.408226,32.504,0,0,0,1692,1692,161999,42,39,16,0,single_machine
278,55,9005706,24293,349,video_vp9,svc,12.29746,45.672,0,0,0,2003,2003,204412,39,55,29,0,single_machine
279,Unnamed 141,3595559,19566,35,video_vp9,simulcast,53.458417,27.558,0,0,0,1355,1355,298419,22,13,4,0,single_machine
280,55,2354077,18742,350,video_vp9,svc,330.65415,29.006,0,0,0,1434,1434,160579,69,59,22,0,single_machine
281,Unnamed 142,3586368,19482,351,video_vp9,simulcast,130.784652,14.409,0,0,0,758,758,203132,23,9,4,0,single_machine
282,Unnamed 143,15994841,30887,352,video_vp9,simulcast,6.411959,48.732,0,0,0,2465,2465,129931,6,11,2,0,single_machine
283,Unnamed 144,3581424,19374,353,video_vp9,simulcast,204.641559,8.897,0,0,0,363,363,60212,31,4,0,0,single_machine
284,Unnamed 145,3585721,19704,354,video_vp9,simulcast,30.68588,32.42,0,0,0,1717,1717,420757,22,17,3,0,single_machine
285,Unnamed 146,3589986,19780,355,video_vp9,simulcast,76.398707,26.331000000000003,0,0,0,1434,1434,378449,20,15,0,0,single_machine
286,Unnamed 147,3566288,19905,356,video_vp9,simulcast,35.449615,33.637,0,0,0,1760,1760,443939,23,20,4,0,single_machine
287,Unnamed 148,3589066,19512,357,video_vp9,simulcast,61.951759,26.669,0,0,0,1332,1332,296939,26,16,6,0,single_machine
288,Unnamed 149,3570211,19583,358,video_vp9,simulcast,137.636119,14.894,0,0,0,790,790,239783,18,6,0,0,single_machine
289,Unnamed 150,3559160,19538,359,video_vp9,simulcast,104.793184,15.191,0,0,0,663,663,109933,29,7,2,0,single_machine
290,55,2036579,14820,36,video_av1,svc,30.92093,14.701,0,0,0,657,657,160127,38,4,3,0,single_machine
291,55,2033418,14714,37,video_av1,svc,33.524693,14.438,0,0,0,654,654,147474,39,5,4,0,single_machine
292,55,2033439,14924,38,video_av1,svc,21.796053,13.936,0,0,0,664,664,153477,30,4,3,0,single_machine
293,55,2035402,14899,39,video_av1,svc,29.762229,13.808,0,0,0,620,620,157785,46,11,8,0,single_machine
294,55,2037847,14909,4,video_av1,svc,38.253705,14.681,0,0,0,643,643,141128,50,12,8,0,single_machine
295,55,2037849,14913,40,video_av1,svc,72.38880999999999,15.05,0,0,0,656,656,127005,44,12,9,0,single_machine
296,55,2035487,14968,41,video_av1,svc,40.867424,14.189,0,0,0,623,623,157512,49,12,8,0,single_machine
297,55,2035249,15103,42,video_av1,svc,42.220104,14.047,0,0,0,635,635,141787,55,14,10,0,single_machine
298,55,2036985,15140,43,video_av1,svc,49.829714,14.3,0,0,0,639,639,156624,53,15,10,0,single_machine
299,55,2034311,15210,44,video_av1,svc,39.497585,14.382,0,0,0,638,638,158774,52,14,10,0,single_machine
300,Unnamed 151,3497697,19601,45,video_av1,simulcast,82.10991000000001,2.493,0,0,0,792,792,128113,704,5,0,0,single_machine
301,Unnamed 152,3509902,19784,46,video_av1,simulcast,38.997972,24.04,0,0,0,1840,1840,543915,386,10,2,0,single_machine
302,Unnamed 153,3496663,19705,47,video_av1,simulcast,70.94266,1.432,0,0,0,426,426,68610,382,4,0,0,single_machine
303,Unnamed 154,3490609,19577,48,video_av1,simulcast,39.749848,23.132,0,0,0,1773,1773,484530,368,13,3,0,single_machine
304,Unnamed 155,3478086,19725,49,video_av1,simulcast,53.149547,14.284,0,0,0,1355,1355,347319,617,11,3,0,single_machine
305,55,2033825,14946,5,video_av1,svc,32.674195,14.013,0,0,0,634,634,145820,49,14,8,0,single_machine
306,Unnamed 156,3480527,19743,50,video_av1,simulcast,48.648711,13.409,0,0,0,1445,1445,337359,688,11,3,0,single_machine
307,Unnamed 157,3486601,19639,51,video_av1,simulcast,56.879887,11.461,0,0,0,742,742,235468,50,7,1,0,single_machine
308,Unnamed 158,3483569,19646,52,video_av1,simulcast,60.11224,2.875,0,0,0,772,772,127289,682,7,2,0,single_machine
309,Unnamed 159,3477476,19634,53,video_av1,simulcast,30.860536,11.543,0,0,0,758,758,242174,58,7,1,0,single_machine
310,55,2911741,18545,54,video_vp9,svc,139.747929,34.917,0,0,0,1626,1626,158274,28,6,0,0,single_machine
311,55,2883786,18647,55,video_vp9,svc,190.915178,34.949,0,0,0,1843,1843,158183,19,9,0,0,single_machine
312,55,2851217,18566,56,video_vp9,svc,127.067846,34.803,0,0,0,1817,1817,161966,17,9,0,0,single_machine
313,55,2878327,18852,57,video_vp9,svc,183.247116,33.826,0,0,0,1810,1810,165374,22,18,4,0,single_machine
314,55,2861727,18652,58,video_vp9,svc,155.005104,32.275,0,0,0,1503,1503,173113,42,21,6,0,single_machine
315,55,2766475,18966,59,video_vp9,svc,173.73957199999998,34.761,0,0,0,1780,1780,174165,24,18,4,0,single_machine
316,55,2034483,14989,6,video_av1,svc,49.609515,14.489,0,0,0,629,629,142173,52,15,10,0,single_machine
317,55,2855972,19068,60,video_vp9,svc,280.677147,32.422,0,0,0,1719,1719,160427,38,39,16,0,single_machine
318,55,2514460,18716,61,video_vp9,svc,105.70478,32.241,0,0,0,1575,1575,166677,47,45,18,0,single_machine
319,55,3021485,19255,62,video_vp9,svc,369.06776,32.295,0,0,0,1621,1621,168555,61,42,18,0,single_machine
320,Unnamed 160,3555392,19564,63,video_vp9,simulcast,84.258524,5.847,0,0,0,357,357,67900,27,8,0,0,single_machine
321,Unnamed 161,3551174,19641,64,video_vp9,simulcast,26.110673,17.776,0,0,0,1723,1723,468639,22,20,8,0,single_machine
322,Unnamed 162,3539637,19575,65,video_vp9,simulcast,98.400973,14.264,0,0,0,681,681,101789,21,5,0,0,single_machine
323,Unnamed 163,3590054,19584,66,video_vp9,simulcast,159.313941,14.397,0,0,0,752,752,216007,23,8,0,0,single_machine
324,Unnamed 164,3558700,19713,67,video_vp9,simulcast,124.70918799999998,8.186,0,0,0,338,338,62531,27,8,4,0,single_machine
325,Unnamed 165,3607524,19677,68,video_vp9,simulcast,143.303749,8.398,0,0,0,348,348,65096,21,7,3,0,single_machine
326,Unnamed 166,3582535,19510,69,video_vp9,simulcast,113.471415,14.767,0,0,0,796,796,195494,24,6,0,0,single_machine
327,55,2035709,15053,7,video_av1,svc,30.76039,14.182,0,0,0,640,640,154097,47,14,10,0,single_machine
328,Unnamed 167,3597124,19691,70,video_vp9,simulcast,84.511404,27.038,0,0,0,1492,1492,402931,21,13,0,0,single_machine
329,Unnamed 168,3586968,19865,71,video_vp9,simulcast,85.266566,27.155,0,0,0,1465,1465,415575,22,13,0,0,single_machine
330,55,2036826,14825,72,video_av1,svc,29.586378,14.53,0,0,0,668,668,159586,42,4,3,0,single_machine
331,55,2036861,14876,73,video_av1,svc,55.121841,14.923,0,0,0,687,687,133671,32,4,3,0,single_machine
332,55,2033820,14793,74,video_av1,svc,29.493727,14.039,0,0,0,669,669,149798,39,4,3,0,single_machine
333,55,2036074,14973,75,video_av1,svc,34.397988,14.168,0,0,0,620,620,156664,49,14,8,0,single_machine
334,55,2036241,15060,76,video_av1,svc,35.929372,13.951,0,0,0,627,627,147708,52,14,8,0,single_machine
335,55,2034366,14842,77,video_av1,svc,35.044172,12.974,0,0,0,615,615,148675,49,14,8,0,single_machine
336,55,2034782,15053,78,video_av1,svc,54.794,14.822,0,0,0,648,648,129148,39,12,9,0,single_machine
337,55,2036404,15193,79,video_av1,svc,35.753586,14.117,0,0,0,629,629,156643,48,12,9,0,single_machine
338,55,2038564,14953,8,video_av1,svc,52.217243,14.375,0,0,0,645,645,131504,46,15,10,0,single_machine
339,55,2037229,14932,80,video_av1,svc,68.608778,14.238,0,0,0,620,620,138785,46,13,10,0,single_machine
340,Unnamed 169,3474033,19517,81,video_av1,simulcast,49.300979,11.451,0,0,0,760,760,221549,48,6,1,0,single_machine
341,Unnamed 170,3496649,19528,82,video_av1,simulcast,24.512634,22.394,0,0,0,1462,1462,474731,42,9,2,0,single_machine
342,Unnamed 171,3478316,19813,83,video_av1,simulcast,34.04342,11.217,0,0,0,779,779,233650,52,6,1,0,single_machine
343,Unnamed 172,3509545,19634,84,video_av1,simulcast,69.79861299999999,2.888,0,0,0,786,786,130443,707,7,2,0,single_machine
344,Unnamed 173,3475044,19536,85,video_av1,simulcast,61.842984,3.214,0,0,0,780,780,126673,692,7,2,0,single_machine
345,Unnamed 174,3489715,19472,86,video_av1,simulcast,45.781415,1.635,0,0,0,411,411,77250,371,5,1,0,single_machine
346,Unnamed 175,3473747,19574,87,video_av1,simulcast,44.578614,11.304999999999998,0,0,0,750,750,225004,50,7,1,0,single_machine
347,Unnamed 176,3474268,19638,88,video_av1,simulcast,56.90781,1.6249999999999998,0,0,0,408,408,70106,371,5,1,0,single_machine
348,Unnamed 177,3495632,19758,89,video_av1,simulcast,77.42284000000001,3.161,0,0,0,771,771,122997,672,7,2,0,single_machine
349,Unnamed 178,3479528,19588,9,video_av1,simulcast,47.108356,1.355,0,0,0,420,420,72385,392,4,0,0,single_machine
350,55,2866449,18519,90,video_vp9,svc,146.168137,34.567,0,0,0,1833,1833,147908,18,9,0,0,single_machine
351,55,2872422,18458,91,video_vp9,svc,159.333565,34.619,0,0,0,1603,1603,146069,30,6,0,0,single_machine
352,55,2836358,18549,92,video_vp9,svc,161.122405,35.431,0,0,0,1839,1839,146882,19,9,0,0,single_machine
353,55,2930071,18730,93,video_vp9,svc,153.342535,31.541,0,0,0,1499,1499,155162,44,21,6,0,single_machine
354,55,2876690,18669,94,video_vp9,svc,170.398068,33.837,0,0,0,1806,1806,154874,27,18,4,0,single_machine
355,55,2863652,18604,95,video_vp9,svc,146.66997999999998,31.466,0,0,0,1506,1506,164156,46,21,6,0,single_machine
356,55,2936638,18874,96,video_vp9,svc,245.647875,34.949,0,0,0,1793,1793,156989,31,27,8,0,single_machine
357,55,2807074,19206,97,video_vp9,svc,293.873789,33.255,0,0,0,1647,1647,191072,40,45,19,0,single_machine
358,55,2689305,19158,98,video_vp9,svc,272.744537,30.805,0,0,0,1588,1588,175320,46,48,22,0,single_machine
359,Unnamed 179,3617070,19670,99,video_vp9,simulcast,44.084618000000006,24.4,0,0,0,1208,1208,242666,27,19,4,0,single_machine
0,281,1720708,13758,0,video_av1,svc,29.591407,12.572,0,0,0,665,665,136513,34,4,3,0,two_machine
1,281,2034852,14804,1,video_av1,svc,28.18061,13.471,0,0,0,649,649,156218,38,5,4,0,two_machine
2,Unnamed 0,3497418,19849,10,video_av1,simulcast,60.96297200000001,2.18,0,0,0,787,787,127487,731,5,0,0,two_machine
3,Unnamed 1,3600636,19593,100,video_vp9,simulcast,125.664557,13.608,0,0,0,580,580,90779,37,13,0,0,two_machine
4,Unnamed 2,3613467,19698,101,video_vp9,simulcast,54.036762,28.017,0,0,0,1397,1397,304496,15,7,0,0,two_machine
5,Unnamed 3,16197682,31410,102,video_vp9,simulcast,5.942944000000001,48.739,0,0,0,2469,2469,175241,2,19,7,0,two_machine
6,Unnamed 4,3606771,19639,103,video_vp9,simulcast,117.295981,24.957,0,0,0,1402,1402,377025,24,15,0,0,two_machine
7,Unnamed 5,3636352,19617,104,video_vp9,simulcast,131.720548,13.697,0,0,0,787,787,198836,28,7,0,0,two_machine
8,Unnamed 6,3602406,19488,105,video_vp9,simulcast,113.271862,13.696000000000002,0,0,0,589,589,95831,30,9,4,0,two_machine
9,Unnamed 7,3614142,19718,106,video_vp9,simulcast,150.44001500000002,14.281,0,0,0,774,774,191968,26,8,0,0,two_machine
10,Unnamed 8,16137863,31498,107,video_vp9,simulcast,33.504281000000006,56.226000000000006,0,0,0,2458,2458,308151,2,19,5,0,two_machine
11,281,2033980,14770,108,video_av1,svc,27.027227,13.493,0,0,0,661,661,148694,36,4,3,0,two_machine
12,281,2033644,14853,109,video_av1,svc,28.753982,13.036,0,0,0,663,663,157818,35,7,5,0,two_machine
13,Unnamed 9,3506828,19776,11,video_av1,simulcast,57.687797,2.406,0,0,0,791,791,120919,717,5,0,0,two_machine
14,281,2043518,14932,110,video_av1,svc,28.174699,13.797,0,0,0,667,667,147508,33,3,2,0,two_machine
15,281,2033402,15034,111,video_av1,svc,34.617107,12.196,0,0,0,585,585,154584,52,13,10,0,two_machine
16,281,2033866,14912,112,video_av1,svc,54.168729,12.678,0,0,0,644,644,122512,43,12,8,0,two_machine
17,281,2034035,15060,113,video_av1,svc,34.214569,12.56,0,0,0,617,617,160634,45,12,8,0,two_machine
18,281,629457,5262,114,video_av1,svc,0.697925,0.428,0,0,0,10,10,23141,2,3,4,0,two_machine
19,281,630068,5394,115,video_av1,svc,0.6969029999999999,0.408,0,0,0,9,9,22081,2,4,5,0,two_machine
20,281,2036970,14762,116,video_av1,svc,70.235666,13.374,0,0,0,639,639,125495,46,11,8,0,two_machine
21,Unnamed 10,3511552,19766,117,video_av1,simulcast,58.219039,2.48,0,0,0,797,797,128721,721,5,0,0,two_machine
22,Unnamed 11,3494488,19702,118,video_av1,simulcast,31.438508,10.173000000000002,0,0,0,754,754,237481,46,7,2,0,two_machine
23,Unnamed 12,3497031,19842,119,video_av1,simulcast,50.474553,2.081,0,0,0,796,796,133287,720,5,0,0,two_machine
24,Unnamed 13,3506955,19718,12,video_av1,simulcast,26.606688,19.971,0,0,0,1434,1434,467123,54,13,4,0,two_machine
25,Unnamed 14,3501371,19773,120,video_av1,simulcast,59.680752,1.2359999999999998,0,0,0,409,409,72180,376,5,1,0,two_machine
26,Unnamed 15,15805629,30832,121,video_av1,simulcast,22.156408,9.137,0,0,0,2305,2305,226164,1436,10,2,0,two_machine
27,Unnamed 16,3509861,19890,122,video_av1,simulcast,43.516180000000006,10.196000000000002,0,0,0,760,760,234511,63,8,2,0,two_machine
28,Unnamed 17,3527000,19765,123,video_av1,simulcast,81.312629,1.49,0,0,0,407,407,82552,363,6,2,0,two_machine
29,Unnamed 18,3508478,19642,124,video_av1,simulcast,71.406678,2.209,0,0,0,772,772,125319,706,7,2,0,two_machine
30,Unnamed 19,3520158,19722,125,video_av1,simulcast,27.937049,22.504,0,0,0,1818,1818,469503,393,13,3,0,two_machine
31,281,2870597,18562,126,video_vp9,svc,190.009044,32.811,0,0,0,1834,1834,151243,18,10,1,0,two_machine
32,281,9020202,23568,127,video_vp9,svc,5.593109,48.374,0,0,0,2195,2195,207515,8,4,0,0,two_machine
33,281,2855137,18404,128,video_vp9,svc,203.551986,31.436,0,0,0,1569,1569,154141,35,7,1,0,two_machine
34,281,9006804,23712,129,video_vp9,svc,14.210645,53.421,0,0,0,2193,2193,206903,10,7,1,0,two_machine
35,Unnamed 20,3513196,19714,13,video_av1,simulcast,78.689008,2.708,0,0,0,766,766,127277,680,7,2,0,two_machine
36,281,9031771,23584,130,video_vp9,svc,7.364307999999999,47.374,0,0,0,2180,2180,207435,10,7,1,0,two_machine
37,281,2936139,18847,131,video_vp9,svc,172.93514299999998,21.625,0,0,0,1830,1830,171541,21,18,4,0,two_machine
38,281,2860940,19172,132,video_vp9,svc,270.37924,19.606,0,0,0,1717,1717,164204,42,45,18,0,two_machine
39,281,2859790,19099,133,video_vp9,svc,274.338038,27.185,0,0,0,1719,1719,155708,39,40,18,0,two_machine
40,281,9015871,24379,134,video_vp9,svc,7.973007999999999,43.487,0,0,0,1993,1993,205027,37,55,28,0,two_machine
41,Unnamed 21,3621288,19622,135,video_vp9,simulcast,35.153237,33.267,0,0,0,1675,1675,450105,24,20,8,0,two_machine
42,Unnamed 22,3644559,19427,136,video_vp9,simulcast,210.326281,7.176000000000001,0,0,0,293,293,59238,37,7,0,0,two_machine
43,Unnamed 23,16004621,31123,137,video_vp9,simulcast,7.824524,52.331,0,0,0,2470,2470,174202,1,10,1,0,two_machine
44,Unnamed 24,3605863,19653,138,video_vp9,simulcast,117.054228,25.655,0,0,0,1423,1423,370695,23,15,2,0,two_machine
45,Unnamed 25,3570297,19793,139,video_vp9,simulcast,97.573003,13.869,0,0,0,633,633,97507,30,13,8,0,two_machine
46,Unnamed 26,3506692,19688,14,video_av1,simulcast,70.108867,10.879,0,0,0,743,743,234386,52,7,1,0,two_machine
47,Unnamed 27,3586375,19654,140,video_vp9,simulcast,108.733754,14.412,0,0,0,795,795,171470,13,6,0,0,two_machine
48,Unnamed 28,15961341,31386,141,video_vp9,simulcast,80.118989,57.306,0,0,0,2457,2457,524982,3,17,7,0,two_machine
49,Unnamed 29,3609629,19715,142,video_vp9,simulcast,25.182635000000005,31.898000000000003,0,0,0,1828,1828,435719,19,11,1,0,two_machine
50,Unnamed 30,3589322,19672,143,video_vp9,simulcast,200.117769,7.773,0,0,0,347,347,64291,31,6,2,0,two_machine
51,281,2033670,14914,144,video_av1,svc,31.205288,14.119,0,0,0,672,672,159567,32,4,3,0,two_machine
52,281,2032809,14895,145,video_av1,svc,29.064101,14.491,0,0,0,670,670,158333,34,4,3,0,two_machine
53,281,2032623,14832,146,video_av1,svc,58.368772,14.19,0,0,0,685,685,148474,29,4,3,0,two_machine
54,281,2020694,14870,147,video_av1,svc,59.041023,12.972,0,0,0,641,641,135664,40,11,8,0,two_machine
55,281,2035247,15033,148,video_av1,svc,44.134746,12.41,0,3460,6,615,615,144472,50,15,8,1,two_machine
56,281,2035198,15030,149,video_av1,svc,38.477764,13.089,0,0,0,634,634,161913,40,12,8,0,two_machine
57,Unnamed 31,15480642,29953,15,video_av1,simulcast,104.399173,12.521,0,0,0,2299,2299,393069,787,16,4,0,two_machine
58,281,1704325,13810,150,video_av1,svc,32.567675,13.381,0,0,0,627,627,145098,39,12,9,0,two_machine
59,281,2035494,15015,151,video_av1,svc,34.956017,12.445,0,0,0,632,632,154137,41,12,10,0,two_machine
60,281,2035769,14908,152,video_av1,svc,41.466991,12.502,0,0,0,623,623,137243,50,12,10,0,two_machine
61,Unnamed 32,3524911,19665,153,video_av1,simulcast,103.956124,0.926,0,0,0,407,407,73653,371,4,0,0,two_machine
62,Unnamed 33,3507613,19604,154,video_av1,simulcast,56.510452,2.024,0,0,0,770,770,124563,697,5,0,0,two_machine
63,Unnamed 34,3498262,19522,155,video_av1,simulcast,60.653981,1.166,0,0,0,430,430,72511,394,4,0,0,two_machine
64,Unnamed 35,3498783,19693,156,video_av1,simulcast,42.143794,12.106,0,0,0,1484,1484,344144,727,12,4,0,two_machine
65,Unnamed 36,3518947,19760,157,video_av1,simulcast,63.239143,2.449,0,0,0,770,770,129831,696,7,2,0,two_machine
66,Unnamed 37,3520368,19922,158,video_av1,simulcast,35.852892,10.896,0,0,0,720,720,273240,55,7,1,0,two_machine
67,Unnamed 38,3543508,19953,159,video_av1,simulcast,40.997006,22.137,0,0,0,1827,1827,529688,382,15,5,0,two_machine
68,Unnamed 39,3525229,19905,16,video_av1,simulcast,56.438495,11.797,0,3944,4,1437,1437,337949,697,15,6,4,two_machine
69,Unnamed 40,3500103,19740,160,video_av1,simulcast,30.038377,21.683,0,0,0,1793,1793,503672,372,15,5,0,two_machine
70,Unnamed 41,3525026,19713,161,video_av1,simulcast,94.461255,1.056,0,0,0,397,397,76562,362,5,1,0,two_machine
71,281,2922184,18690,162,video_vp9,svc,124.412143,32.164,0,0,0,1844,1844,165036,16,9,0,0,two_machine
72,281,2961100,18742,163,video_vp9,svc,204.016204,32.566,0,0,0,1833,1833,172537,21,10,1,0,two_machine
73,281,2916736,18576,164,video_vp9,svc,185.297618,32.199,0,0,0,1823,1823,162899,18,10,1,0,two_machine
74,281,9011432,23455,165,video_vp9,svc,3.037386,45.391,0,0,0,2175,2175,206183,10,9,1,0,two_machine
75,281,2947290,18885,166,video_vp9,svc,204.785885,31.809,0,0,0,1822,1822,177544,22,18,4,0,two_machine
76,281,9024662,23653,167,video_vp9,svc,5.077693,49.181,0,639,1,2201,2201,207503,13,9,1,1,two_machine
77,281,9006943,24116,168,video_vp9,svc,6.026504999999999,44.896,0,0,0,2049,2049,205321,33,46,21,0,two_machine
78,281,9010861,24413,169,video_vp9,svc,11.525807,47.721,0,0,0,2038,2038,205107,39,58,31,0,two_machine
79,Unnamed 42,3507948,19470,17,video_av1,simulcast,53.981678,1.2879999999999998,0,0,0,406,406,70210,367,5,1,0,two_machine
80,281,9027598,24803,170,video_vp9,svc,9.428947,46.981,0,3000,4,1989,1989,204499,41,64,37,1,two_machine
81,Unnamed 43,15941214,30964,171,video_vp9,simulcast,47.551296,51.559000000000005,0,0,0,2470,2470,304555,2,13,4,0,two_machine
82,Unnamed 44,3614235,19566,172,video_vp9,simulcast,214.570928,14.276,0,0,0,782,782,192571,32,8,3,0,two_machine
83,Unnamed 45,3613287,19750,173,video_vp9,simulcast,108.061864,16.075,0,0,0,722,722,111813,14,5,0,0,two_machine
84,Unnamed 46,3586389,19718,174,video_vp9,simulcast,78.58941,21.87,0,0,0,1253,1253,410599,29,15,0,0,two_machine
85,Unnamed 47,3631553,19799,175,video_vp9,simulcast,127.063591,14.041,0,0,0,604,604,102253,33,11,6,0,two_machine
86,Unnamed 48,3610900,19573,176,video_vp9,simulcast,71.672064,26.274,0,0,0,1483,1483,422865,19,11,0,0,two_machine
87,Unnamed 49,3612800,19573,177,video_vp9,simulcast,219.966592,7.779,0,0,0,351,351,56629,30,6,2,0,two_machine
88,Unnamed 50,3553191,19470,178,video_vp9,simulcast,83.90490600000001,12.416,0,0,0,586,586,90743,29,13,8,0,two_machine
89,Unnamed 51,16114083,31292,179,video_vp9,simulcast,5.0626,47.207,0,0,0,2436,2436,173796,3,19,4,0,two_machine
90,281,9064218,23614,18,video_vp9,svc,5.631205,49.015,0,0,0,2213,2213,208965,11,4,0,0,two_machine
91,281,2033164,14664,180,video_av1,svc,66.236071,14.811,0,0,0,676,676,143984,29,3,2,0,two_machine
92,281,2033029,14900,181,video_av1,svc,25.352569,13.532,0,0,0,679,679,158457,28,4,3,0,two_machine
93,281,2035992,14804,182,video_av1,svc,29.934632,13.256,0,0,0,663,663,148289,34,7,5,0,two_machine
94,281,2037535,14800,183,video_av1,svc,78.103569,13.543,0,0,0,638,638,132194,43,13,10,0,two_machine
95,281,2037367,14861,184,video_av1,svc,39.225496,12.661,0,0,0,625,625,148175,46,13,9,0,two_machine
96,281,2037702,14997,185,video_av1,svc,33.168332,8.275,0,0,0,613,613,156524,45,13,10,0,two_machine
97,281,1708794,13868,186,video_av1,svc,33.776896,8.424,0,0,0,616,616,134907,51,12,9,0,two_machine
98,281,2036798,15094,187,video_av1,svc,50.02917,12.293,0,0,0,638,638,140103,45,12,9,0,two_machine
99,281,2034491,14973,188,video_av1,svc,36.368553,12.873,0,0,0,629,629,165286,49,14,10,0,two_machine
100,Unnamed 52,3497337,19720,189,video_av1,simulcast,34.669751000000005,10.351,0,0,0,754,754,244675,50,7,2,0,two_machine
101,281,8290583,23102,19,video_vp9,svc,87.246026,44.294,0,0,0,2036,2036,191654,29,4,0,0,two_machine
102,Unnamed 53,15617390,30609,190,video_av1,simulcast,85.11273899999999,16.283,0,0,0,2337,2337,396589,791,9,2,0,two_machine
103,Unnamed 54,3522486,19627,191,video_av1,simulcast,86.22184899999999,1.455,0,0,0,425,425,73711,388,4,0,0,two_machine
104,Unnamed 55,3542468,19765,192,video_av1,simulcast,111.368749,1.389,0,0,0,412,412,80263,371,5,1,0,two_machine
105,Unnamed 56,3498230,19787,193,video_av1,simulcast,31.528448,21.705,0,0,0,1439,1439,449967,47,13,4,0,two_machine
106,Unnamed 57,13657379,28711,194,video_av1,simulcast,12.928247,17.474999999999998,0,0,0,1962,1962,147473,634,17,4,0,two_machine
107,Unnamed 58,3492940,19681,195,video_av1,simulcast,44.115719,21.512,0,0,0,1448,1448,451139,59,13,4,0,two_machine
108,Unnamed 59,3516330,19649,196,video_av1,simulcast,49.057462,12.585,0,0,0,1470,1470,353993,703,12,4,0,two_machine
109,Unnamed 60,3503726,20062,197,video_av1,simulcast,53.348704,10.555,0,0,0,740,740,250052,56,9,3,0,two_machine
110,281,2939855,18806,198,video_vp9,svc,200.34275,34.224,0,0,0,1855,1855,166939,18,9,0,0,two_machine
111,281,2944389,18637,199,video_vp9,svc,172.780905,32.508,0,0,0,1854,1854,165533,15,9,0,0,two_machine
112,281,2032494,14746,2,video_av1,svc,25.84247,14.011,0,0,0,665,665,154050,29,4,3,0,two_machine
113,281,9058678,23487,20,video_vp9,svc,5.742052,48.502,0,0,0,2192,2192,208127,8,4,0,0,two_machine
114,281,9030313,23722,200,video_vp9,svc,7.514202,47.619,0,0,0,2208,2208,207759,11,4,0,0,two_machine
115,281,2319737,18358,201,video_vp9,svc,76.249033,30.537,0,0,0,1537,1537,159005,40,28,8,0,two_machine
116,281,2913700,18609,202,video_vp9,svc,182.099877,30.513,0,0,0,1520,1520,155874,44,22,7,0,two_machine
117,281,8824419,23304,203,video_vp9,svc,8.363973999999999,52.926,0,0,0,2061,2061,226224,9,7,1,0,two_machine
118,281,2392385,18331,204,video_vp9,svc,95.300995,29.388,0,0,0,1512,1512,144531,46,40,12,0,two_machine
119,281,8995664,24567,205,video_vp9,svc,9.62731,44.851,0,0,0,2017,2017,204168,42,60,32,0,two_machine
120,281,2907776,19345,206,video_vp9,svc,272.748947,30.955,0,0,0,1722,1722,156406,44,48,22,0,two_machine
121,Unnamed 61,3614136,19633,207,video_vp9,simulcast,54.635127,23.777,0,0,0,1262,1262,249453,22,20,5,0,two_machine
122,Unnamed 62,3586314,19636,208,video_vp9,simulcast,29.873981,29.457,0,0,0,1691,1691,379500,18,22,10,0,two_machine
123,Unnamed 63,3640223,19608,209,video_vp9,simulcast,58.28084100000001,25.901,0,0,0,1560,1560,399415,12,7,0,0,two_machine
124,281,8994463,23611,21,video_vp9,svc,4.086873,49.651,0,0,0,2174,2174,206655,7,7,1,0,two_machine
125,Unnamed 64,3595019,19839,210,video_vp9,simulcast,39.247839,31.953,0,0,0,1687,1687,437106,23,22,6,0,two_machine
126,Unnamed 65,16106016,31679,211,video_vp9,simulcast,27.265368,49.401,0,40273,35,2472,2472,306949,6,13,0,4,two_machine
127,Unnamed 66,16019914,31974,212,video_vp9,simulcast,29.907667,54.268,0,26399,25,2463,2463,389881,0,11,4,3,two_machine
128,Unnamed 67,16143355,31132,213,video_vp9,simulcast,7.158092999999999,49.05,0,0,0,2443,2443,174032,3,31,5,0,two_machine
129,Unnamed 68,16150631,31774,214,video_vp9,simulcast,24.667435,51.896,0,42106,37,2476,2476,309341,2,19,3,2,two_machine
130,Unnamed 69,15941119,31420,215,video_vp9,simulcast,43.637859,53.996,0,4386,4,2440,2440,304385,7,16,1,1,two_machine
131,281,2035348,14762,216,video_av1,svc,24.904445,12.653,0,0,0,651,651,162756,32,4,3,0,two_machine
132,281,2034869,14873,217,video_av1,svc,24.897097,12.918,0,0,0,644,644,146919,30,5,4,0,two_machine
133,281,2033161,14784,218,video_av1,svc,24.595478,12.301,0,0,0,642,642,146477,30,5,4,0,two_machine
134,281,2035375,14974,219,video_av1,svc,33.147164,12.984,0,0,0,637,637,149376,40,14,8,0,two_machine
135,281,2917775,18822,22,video_vp9,svc,141.20909899999998,32.447,0,0,0,1820,1820,154134,25,19,5,0,two_machine
136,281,639806,5506,220,video_av1,svc,0.6125419999999999,0.316,0,0,0,8,8,21802,2,4,5,0,two_machine
137,281,2033591,14952,221,video_av1,svc,35.92595,13.453,0,0,0,614,614,145276,51,12,8,0,two_machine
138,281,2036267,15052,222,video_av1,svc,27.027356,11.734,0,0,0,607,607,165134,46,14,9,0,two_machine
139,281,2034059,14908,223,video_av1,svc,78.397166,14.007,0,0,0,650,650,135982,41,12,9,0,two_machine
140,281,2013950,15082,224,video_av1,svc,43.065107,12.154,0,0,0,624,624,147726,48,15,11,0,two_machine
141,Unnamed 70,3495718,19649,225,video_av1,simulcast,35.157808,1.118,0,0,0,413,413,75364,377,4,0,0,two_machine
142,Unnamed 71,3544449,19767,226,video_av1,simulcast,44.678461,13.137,0,0,0,1465,1465,358577,708,8,1,0,two_machine
143,Unnamed 72,3520788,19558,227,video_av1,simulcast,60.225953,2.245,0,0,0,763,763,130155,679,5,0,0,two_machine
144,Unnamed 73,3510950,19725,228,video_av1,simulcast,34.459554,23.582,0,0,0,1799,1799,485721,381,15,5,0,two_machine
145,Unnamed 74,3520725,19651,229,video_av1,simulcast,37.057987,20.435,0,0,0,1831,1831,480778,381,15,5,0,two_machine
146,281,2871696,18589,23,video_vp9,svc,184.638515,24.631,0,0,0,1492,1492,164236,47,22,7,0,two_machine
147,Unnamed 75,3537798,19733,230,video_av1,simulcast,47.08453,13.267,0,0,0,1467,1467,317062,707,12,4,0,two_machine
148,Unnamed 76,3510851,19453,231,video_av1,simulcast,32.071793,19.863,0,0,0,1445,1445,389113,53,15,4,0,two_machine
149,Unnamed 77,3524856,19695,232,video_av1,simulcast,47.990436,20.587,0,0,0,1444,1444,485985,52,13,4,0,two_machine
150,Unnamed 78,3486626,19564,233,video_av1,simulcast,38.148991,20.717,0,0,0,1787,1787,501615,378,17,7,0,two_machine
151,281,8981948,23426,234,video_vp9,svc,13.512206,48.084,0,0,0,2215,2215,206611,11,4,0,0,two_machine
152,281,9043902,23641,235,video_vp9,svc,5.751411999999999,51.312,0,0,0,2215,2215,208287,13,4,0,0,two_machine
153,281,2917935,18599,236,video_vp9,svc,160.422673,34.166,0,0,0,1838,1838,158313,21,10,1,0,two_machine
154,281,2870230,18725,237,video_vp9,svc,165.398302,32.112,0,0,0,1491,1491,158713,48,21,6,0,two_machine
155,281,9007058,23693,238,video_vp9,svc,4.961677,45.532,0,0,0,2193,2193,206659,8,8,2,0,two_machine
156,281,2956799,18733,239,video_vp9,svc,162.34098,20.4,0,0,0,1550,1550,154796,46,21,6,0,two_machine
157,281,2977713,19042,24,video_vp9,svc,301.419325,14.186,0,0,0,1792,1792,177372,33,25,8,0,two_machine
158,281,2867106,19074,240,video_vp9,svc,233.644132,27.167,0,0,0,1739,1739,155918,38,40,18,0,two_machine
159,281,2880084,18738,241,video_vp9,svc,167.217771,27.531,0,0,0,1465,1465,158461,55,27,10,0,two_machine
160,281,2749414,18988,242,video_vp9,svc,253.658684,29.952,0,0,0,1653,1653,154804,45,43,18,0,two_machine
161,Unnamed 79,3625278,19585,243,video_vp9,simulcast,50.658101,24.467,0,0,0,1476,1476,397979,16,15,8,0,two_machine
162,Unnamed 80,16048127,31229,244,video_vp9,simulcast,79.668065,56.58,0,0,0,2442,2442,568189,3,7,0,0,two_machine
163,Unnamed 81,3571879,19589,245,video_vp9,simulcast,169.03052599999998,14.318,0,0,0,809,809,195860,20,6,1,0,two_machine
164,Unnamed 82,6285530,22516,246,video_vp9,simulcast,109.282811,22.918,0,0,0,1026,1026,134651,50,22,1,0,two_machine
165,Unnamed 83,16157179,31251,247,video_vp9,simulcast,33.089192000000004,56.62299999999999,0,0,0,2469,2469,309237,4,19,0,0,two_machine
166,Unnamed 84,15706308,31001,248,video_vp9,simulcast,70.76881499999999,60.821,0,6850,7,2370,2370,511950,1,17,1,3,two_machine
167,Unnamed 85,3594124,19756,249,video_vp9,simulcast,117.595448,13.819,0,0,0,751,751,225522,26,7,0,0,two_machine
168,281,6939005,22859,25,video_vp9,svc,272.134479,41.609,0,0,0,2255,2255,166988,41,68,35,0,two_machine
169,Unnamed 86,3589699,19623,250,video_vp9,simulcast,59.093043,25.223,0,0,0,1455,1455,339863,21,15,0,0,two_machine
170,Unnamed 87,3597698,19633,251,video_vp9,simulcast,108.047339,13.474,0,0,0,617,617,112039,28,7,2,0,two_machine
171,281,2034293,14949,252,video_av1,svc,29.570803,14.153,0,0,0,662,662,162972,35,4,3,0,two_machine
172,281,2035658,14701,253,video_av1,svc,55.477746,14.478,0,0,0,662,662,134682,39,4,3,0,two_machine
173,281,1705626,13664,254,video_av1,svc,24.196097,13.459,0,0,0,659,659,160237,34,4,3,0,two_machine
174,281,2037186,15213,255,video_av1,svc,32.320639,12.135,0,0,0,625,625,148832,43,15,9,0,two_machine
175,281,1705858,13898,256,video_av1,svc,36.51504,12.1,0,0,0,600,600,131652,52,13,10,0,two_machine
176,281,2034393,14911,257,video_av1,svc,37.884662,12.976,0,0,0,615,615,151723,41,12,8,0,two_machine
177,281,632935,5246,258,video_av1,svc,0.529681,0.392,0,0,0,7,7,18948,3,3,4,0,two_machine
178,281,2033267,14997,259,video_av1,svc,76.601193,12.687,0,141,1,622,622,139352,49,13,10,1,two_machine
179,281,8992255,24112,26,video_vp9,svc,11.957774,42.406,0,0,0,2004,2004,203823,39,52,25,0,two_machine
180,281,2033648,15078,260,video_av1,svc,32.507436,12.398,0,0,0,614,614,158279,46,13,10,0,two_machine
181,Unnamed 88,3504271,19525,261,video_av1,simulcast,47.386453,10.429,0,0,0,770,770,215947,50,7,2,0,two_machine
182,Unnamed 89,3544424,19658,262,video_av1,simulcast,81.109305,2.371,0,0,0,804,804,127313,732,5,0,0,two_machine
183,Unnamed 90,3499083,19661,263,video_av1,simulcast,45.632615,22.248,0,0,0,1825,1825,534571,384,12,4,0,two_machine
184,Unnamed 91,3494301,19584,264,video_av1,simulcast,43.144611,13.348,0,0,0,1440,1440,329758,662,12,4,0,two_machine
185,Unnamed 92,3510049,19753,265,video_av1,simulcast,35.963387,9.803,0,0,0,734,734,228137,49,7,1,0,two_machine
186,Unnamed 93,3536213,19836,266,video_av1,simulcast,49.281333,10.882,0,0,0,757,757,232914,51,7,1,0,two_machine
187,Unnamed 94,2825805,19073,267,video_av1,simulcast,33.586152,21.851,0,0,0,1720,1720,531463,292,12,5,0,two_machine
188,Unnamed 95,3506121,19656,268,video_av1,simulcast,67.685784,2.202,0,0,0,776,776,123011,716,7,2,0,two_machine
189,Unnamed 96,3489231,19550,269,video_av1,simulcast,46.02941299999999,13.503000000000002,0,0,0,1463,1463,342974,703,12,4,0,two_machine
190,Unnamed 97,3623604,19787,27,video_vp9,simulcast,96.054079,13.03,0,0,0,578,578,90239,39,13,0,0,two_machine
191,281,2885739,18593,270,video_vp9,svc,141.972298,31.892,0,0,0,1582,1582,164374,28,6,0,0,two_machine
192,281,8852404,23275,271,video_vp9,svc,5.721890999999999,44.979,0,17248,15,2123,2123,203495,11,4,0,1,two_machine
193,281,9004492,23466,272,video_vp9,svc,5.808068,44.612,0,0,0,2196,2196,207358,9,6,0,0,two_machine
194,281,2503457,18568,273,video_vp9,svc,78.008363,32.251,0,0,0,1653,1653,172705,33,24,6,0,two_machine
195,281,2481381,18446,274,video_vp9,svc,80.049652,31.321,0,0,0,1647,1647,161617,37,25,7,0,two_machine
196,281,2903459,18782,275,video_vp9,svc,187.92699,34.376,0,235,1,1817,1817,157067,27,18,4,1,two_machine
197,281,2475513,18761,276,video_vp9,svc,88.67560999999999,29.865,0,0,0,1593,1593,159534,42,40,18,0,two_machine
198,281,9081717,24435,277,video_vp9,svc,12.254345,44.071,0,0,0,1982,1982,205827,38,58,31,0,two_machine
199,281,2817894,19001,278,video_vp9,svc,294.348869,32.193,0,0,0,1701,1701,156083,37,42,18,0,two_machine
200,Unnamed 98,16114682,31285,279,video_vp9,simulcast,4.335794,47.372,0,0,0,2483,2483,132433,4,11,2,0,two_machine
201,Unnamed 99,3606951,19614,28,video_vp9,simulcast,176.606508,7.772,0,0,0,337,337,58320,25,8,0,0,two_machine
202,Unnamed 100,3598969,19840,280,video_vp9,simulcast,32.047,31.591,0,0,0,1716,1716,396553,21,20,8,0,two_machine
203,Unnamed 101,3592763,19669,281,video_vp9,simulcast,31.097725,32.357,0,0,0,1902,1902,447710,5,8,0,0,two_machine
204,Unnamed 102,3608159,19683,282,video_vp9,simulcast,167.80210599999998,13.123,0,0,0,750,750,209057,30,9,0,0,two_machine
205,Unnamed 103,3546708,19606,283,video_vp9,simulcast,103.567911,12.62,0,0,0,735,735,184751,18,9,0,0,two_machine
206,Unnamed 104,3603788,19484,284,video_vp9,simulcast,264.651463,7.632,0,0,0,338,338,59417,42,7,3,0,two_machine
207,Unnamed 105,16147990,31468,285,video_vp9,simulcast,48.098261,54.793000000000006,0,0,0,2444,2444,394353,1,23,7,0,two_machine
208,Unnamed 106,3594634,19859,286,video_vp9,simulcast,122.799489,8.358,0,0,0,358,358,61883,21,6,2,0,two_machine
209,Unnamed 107,15953089,31139,287,video_vp9,simulcast,5.64707,48.059,0,0,0,2425,2425,130092,4,17,1,0,two_machine
210,281,2035761,14966,288,video_av1,svc,25.357877,13.95,0,0,0,669,669,162743,34,4,3,0,two_machine
211,281,2032353,14710,289,video_av1,svc,30.065697,13.228,0,0,0,675,675,160032,25,4,3,0,two_machine
212,Unnamed 108,16102087,31146,29,video_vp9,simulcast,5.49389,51.459,0,0,0,2483,2483,174343,3,10,1,0,two_machine
213,281,2034674,14997,290,video_av1,svc,25.95718,13.129,0,0,0,665,665,158012,34,5,4,0,two_machine
214,281,2038090,15069,291,video_av1,svc,75.633541,12.711,0,0,0,628,628,128216,45,13,10,0,two_machine
215,281,2037540,15049,292,video_av1,svc,54.826584,12.66,0,0,0,640,640,142925,51,16,9,0,two_machine
216,281,1707430,13933,293,video_av1,svc,35.793579,6.842,0,0,0,607,607,141994,49,13,9,0,two_machine
217,283,1721231,13939,294,video_av1,svc,31.311396,12.243,0,0,0,582,582,193721,35,12,9,0,two_machine
218,281,2033140,15073,295,video_av1,svc,35.303475,12.555,0,0,0,617,617,150263,51,15,11,0,two_machine
219,281,2034935,14953,296,video_av1,svc,45.302565,12.292,0,0,0,627,627,143537,49,15,11,0,two_machine
220,Unnamed 109,3514023,19624,297,video_av1,simulcast,25.801913,22.245,0,0,0,1863,1863,515034,389,12,4,0,two_machine
221,Unnamed 110,3530627,19817,298,video_av1,simulcast,49.453804,23.21,0,0,0,1809,1809,520702,367,12,4,0,two_machine
222,Unnamed 111,3530702,19791,299,video_av1,simulcast,51.16262999999999,12.949,0,0,0,1539,1539,339103,746,9,2,0,two_machine
223,281,2008061,14977,3,video_av1,svc,37.390413,12.615,0,0,0,626,626,157396,42,14,8,0,two_machine
224,Unnamed 112,3620528,19999,30,video_vp9,simulcast,35.744678,31.56,0,0,0,1745,1745,443705,25,22,6,0,two_machine
225,Unnamed 113,3521174,19740,300,video_av1,simulcast,28.375632000000003,22.472,0,0,0,1826,1826,494236,385,13,3,0,two_machine
226,Unnamed 114,3502660,19862,301,video_av1,simulcast,76.590968,1.405,0,0,0,402,402,72411,357,6,2,0,two_machine
227,Unnamed 115,3515800,19835,302,video_av1,simulcast,36.70719,20.722,0,0,0,1806,1806,528198,382,15,5,0,two_machine
228,Unnamed 116,3505890,19652,303,video_av1,simulcast,29.295977,20.615,0,0,0,1429,1429,489159,62,13,4,0,two_machine
229,Unnamed 117,3506827,19578,304,video_av1,simulcast,49.35903400000001,1.279,0,0,0,415,415,73046,376,5,1,0,two_machine
230,Unnamed 118,3520967,19674,305,video_av1,simulcast,73.838948,1.132,0,0,0,412,412,72262,379,5,1,0,two_machine
231,281,2925629,18585,306,video_vp9,svc,196.571329,31.678,0,0,0,1860,1860,151862,16,9,0,0,two_machine
232,281,2906314,18545,307,video_vp9,svc,141.867202,32.812,0,0,0,1627,1627,150412,27,7,1,0,two_machine
233,281,2838515,18322,308,video_vp9,svc,137.329072,32.215,0,0,0,1582,1582,143806,35,7,1,0,two_machine
234,281,9020604,23613,309,video_vp9,svc,4.689139,49.174,0,0,0,2202,2202,207515,9,7,1,0,two_machine
235,Unnamed 119,3604980,19789,31,video_vp9,simulcast,116.885302,13.979,0,0,0,636,636,109519,27,13,8,0,two_machine
236,281,2959816,18887,310,video_vp9,svc,377.604176,34.209,0,0,0,1814,1814,182207,34,22,5,0,two_machine
237,281,9013354,23565,311,video_vp9,svc,5.61457,49.387,0,0,0,2169,2169,206379,12,9,1,0,two_machine
238,281,2420772,18422,312,video_vp9,svc,97.934695,30.281,0,0,0,1553,1553,158856,46,33,12,0,two_machine
239,281,2434581,18809,313,video_vp9,svc,136.549678,29.419,0,0,0,1523,1523,150859,51,45,18,0,two_machine
240,281,8771691,24688,314,video_vp9,svc,270.689763,41.467,0,0,0,1969,1969,200611,77,85,43,0,two_machine
241,Unnamed 120,3609129,19525,315,video_vp9,simulcast,123.398788,23.778,0,0,0,1404,1404,345303,28,15,8,0,two_machine
242,Unnamed 121,3607919,19624,316,video_vp9,simulcast,51.414856,25.11,0,0,0,1482,1482,325929,20,15,8,0,two_machine
243,Unnamed 122,3642718,19726,317,video_vp9,simulcast,145.638272,15.858,0,0,0,674,674,110193,22,5,0,0,two_machine
244,Unnamed 123,3643949,19667,318,video_vp9,simulcast,117.968005,12.711,0,0,0,611,611,106745,26,13,8,0,two_machine
245,Unnamed 124,3590190,19699,319,video_vp9,simulcast,30.209750000000003,30.469,0,0,0,1717,1717,426831,26,20,4,0,two_machine
246,Unnamed 125,3567989,19819,32,video_vp9,simulcast,99.343492,13.778,0,0,0,625,625,100955,32,9,4,0,two_machine
247,Unnamed 126,16079739,31247,320,video_vp9,simulcast,78.512295,59.363,0,0,0,2451,2451,526211,3,11,0,0,two_machine
248,Unnamed 127,3576533,19638,321,video_vp9,simulcast,108.66023,14.451,0,0,0,765,765,188585,13,8,0,0,two_machine
249,Unnamed 128,3552745,19533,322,video_vp9,simulcast,31.275237,31.167,0,0,0,1730,1730,460634,21,17,3,0,two_machine
250,Unnamed 129,16130494,31524,323,video_vp9,simulcast,47.829551,58.851,0,0,0,2474,2474,528432,3,17,6,0,two_machine
251,281,2034991,14894,324,video_av1,svc,35.509397,13.035,0,0,0,646,646,151464,40,6,4,0,two_machine
252,281,2036099,14766,325,video_av1,svc,28.216335,13.387,0,0,0,654,654,155244,33,5,4,0,two_machine
253,281,2022308,14757,326,video_av1,svc,54.621724,12.731,0,0,0,660,660,144735,30,4,3,0,two_machine
254,281,2036019,14859,327,video_av1,svc,37.636789,12.703,0,0,0,614,614,147947,48,13,9,0,two_machine
255,281,2035304,14998,328,video_av1,svc,71.383617,13.524,0,0,0,630,630,131610,45,12,9,0,two_machine
256,281,1719407,13914,329,video_av1,svc,33.700728999999995,12.543,0,0,0,604,604,136330,42,11,8,0,two_machine
257,Unnamed 130,3614936,19629,33,video_vp9,simulcast,151.403976,12.171,0,0,0,559,559,116637,42,11,6,0,two_machine
258,281,2036718,14969,330,video_av1,svc,65.28713499999999,12.484,0,0,0,622,622,131542,43,11,8,0,two_machine
259,281,2037634,14994,331,video_av1,svc,37.083777,12.921,0,0,0,625,625,146796,48,15,11,0,two_machine
260,281,2032142,15181,332,video_av1,svc,36.684588,13.345,0,0,0,622,622,151971,49,14,10,0,two_machine
261,Unnamed 131,3492993,19590,333,video_av1,simulcast,39.996116,1.12,0,0,0,426,426,77768,387,4,0,0,two_machine
262,Unnamed 132,3499640,19777,334,video_av1,simulcast,44.084588,1.178,0,0,0,433,433,68161,399,4,0,0,two_machine
263,Unnamed 133,3517866,19703,335,video_av1,simulcast,53.626197,12.387,0,0,0,1510,1510,329342,731,9,2,0,two_machine
264,Unnamed 134,3493504,19770,336,video_av1,simulcast,40.942913,10.875000000000002,0,0,0,735,735,236688,55,8,2,0,two_machine
265,Unnamed 135,3503526,19775,337,video_av1,simulcast,45.20161,10.923000000000002,0,0,0,733,733,224649,50,7,1,0,two_machine
266,Unnamed 136,3505822,19757,338,video_av1,simulcast,60.036573,2.548,0,0,0,751,751,118589,667,7,2,0,two_machine
267,Unnamed 137,3521798,19948,339,video_av1,simulcast,31.54341,21.314,0,0,0,1389,1389,470991,51,13,4,0,two_machine
268,Unnamed 138,2765299,18554,34,video_vp9,simulcast,21.057638,4.365,0,0,0,185,185,29915,14,3,2,0,two_machine
269,Unnamed 139,3506938,19816,340,video_av1,simulcast,47.176492,10.861999999999998,0,0,0,745,745,235033,56,7,1,0,two_machine
270,Unnamed 140,3518523,19760,341,video_av1,simulcast,44.73173799999999,12.159999999999998,0,0,0,1468,1468,367200,713,13,5,0,two_machine
271,281,2884165,18515,342,video_vp9,svc,175.854275,33.714,0,0,0,1846,1846,154352,16,9,0,0,two_machine
272,281,2846906,18252,343,video_vp9,svc,130.569736,32.566,0,0,0,1596,1596,145245,32,7,1,0,two_machine
273,281,2922440,18741,344,video_vp9,svc,204.568504,33.795,0,0,0,1853,1853,165483,20,9,0,0,two_machine
274,281,2909736,18647,345,video_vp9,svc,167.376317,31.947,0,0,0,1530,1530,152421,46,18,5,0,two_machine
275,281,2424483,18360,346,video_vp9,svc,75.809462,23.012,0,0,0,1609,1609,150095,34,25,7,0,two_machine
276,281,2933979,18789,347,video_vp9,svc,197.650756,16.277,0,0,0,1822,1822,156791,22,18,4,0,two_machine
277,281,2804221,18981,348,video_vp9,svc,229.499125,28.902,0,0,0,1711,1711,171275,42,42,17,0,two_machine
278,281,8998018,24205,349,video_vp9,svc,7.01146,42.524,0,0,0,1991,1991,204227,38,54,27,0,two_machine
279,Unnamed 141,16102494,31173,35,video_vp9,simulcast,5.202201,45.834,0,0,0,2459,2459,173464,2,19,3,0,two_machine
280,281,2015715,18169,350,video_vp9,svc,87.69672399999999,27.724,0,0,0,1499,1499,154771,42,27,8,0,two_machine
281,Unnamed 142,3586410,19570,351,video_vp9,simulcast,29.89308,31.107,0,0,0,1735,1735,445357,21,20,8,0,two_machine
282,Unnamed 143,15924560,31352,352,video_vp9,simulcast,9.924832,46.082,0,0,0,2458,2458,171456,5,13,2,0,two_machine
283,Unnamed 144,3644483,19555,353,video_vp9,simulcast,159.284678,14.755999999999998,0,0,0,826,826,216405,25,5,0,0,two_machine
284,Unnamed 145,16136363,31781,354,video_vp9,simulcast,45.486007,59.663,0,9288,8,2456,2456,393101,1,17,8,2,two_machine
285,Unnamed 146,16017497,31265,355,video_vp9,simulcast,63.419459,61.48100000000001,0,0,0,2458,2458,524030,5,26,1,0,two_machine
286,Unnamed 147,3618295,19487,356,video_vp9,simulcast,53.229037000000005,26.189,0,0,0,1307,1307,278273,27,10,2,0,two_machine
287,Unnamed 148,3604241,19633,357,video_vp9,simulcast,193.966698,7.491,0,0,0,347,347,63696,34,6,2,0,two_machine
288,Unnamed 149,3604458,19637,358,video_vp9,simulcast,89.64214899999999,23.81,0,0,0,1431,1431,345123,24,11,0,0,two_machine
289,Unnamed 150,2827312,18816,359,video_vp9,simulcast,3.824711,11.41,0,0,0,706,706,183514,5,5,1,0,two_machine
290,281,2033695,14716,36,video_av1,svc,25.460686,13.878,0,0,0,652,652,147028,34,4,3,0,two_machine
291,281,2004421,14912,37,video_av1,svc,27.806198,13.397,0,0,0,658,658,176392,35,4,3,0,two_machine
292,281,2032840,14806,38,video_av1,svc,30.354049,13.569,0,0,0,654,654,162612,34,4,3,0,two_machine
293,281,2035557,15048,39,video_av1,svc,31.962816,12.677,0,0,0,621,621,150401,42,12,9,0,two_machine
294,281,2034333,15042,4,video_av1,svc,78.00316699999999,12.626,0,0,0,617,617,140700,49,13,10,0,two_machine
295,281,2035943,14973,40,video_av1,svc,34.518401,13.13,0,0,0,614,614,141500,49,13,10,0,two_machine
296,281,2005064,14877,41,video_av1,svc,40.658507,12.378,0,0,0,619,619,140392,48,14,8,0,two_machine
297,281,2033815,14951,42,video_av1,svc,39.408257,12.59,0,0,0,615,615,155956,48,16,11,0,two_machine
298,281,642513,5343,43,video_av1,svc,1.267437,0.268,0,0,0,7,7,19152,2,3,4,0,two_machine
299,281,2035960,14933,44,video_av1,svc,36.79843,12.367,0,0,0,635,635,140985,38,12,8,0,two_machine
300,Unnamed 151,3518342,19748,45,video_av1,simulcast,40.901786,20.691000000000003,0,0,0,1446,1446,484809,58,13,6,0,two_machine
301,Unnamed 152,3539225,19851,46,video_av1,simulcast,54.086643,20.819000000000003,0,0,0,1466,1466,447227,44,11,4,0,two_machine
302,Unnamed 153,3498324,19530,47,video_av1,simulcast,43.66458300000001,10.166,0,0,0,757,757,252704,50,7,2,0,two_machine
303,Unnamed 154,3524448,19768,48,video_av1,simulcast,45.883038,12.624,0,0,0,1485,1485,340074,708,12,4,0,two_machine
304,Unnamed 155,3495182,19615,49,video_av1,simulcast,49.189741000000005,1.4640000000000002,0,0,0,409,409,71426,369,5,1,0,two_machine
305,281,2033837,15000,5,video_av1,svc,35.133208,12.831,0,0,0,624,624,157535,44,15,9,0,two_machine
306,Unnamed 156,3502777,19851,50,video_av1,simulcast,51.79232,9.673,0,0,0,736,736,250336,50,8,2,0,two_machine
307,Unnamed 157,3504356,19837,51,video_av1,simulcast,27.731946,22.374,0,0,0,1778,1778,502184,377,17,7,0,two_machine
308,Unnamed 158,3510301,19548,52,video_av1,simulcast,53.230941,13.785,0,0,0,1470,1470,322200,685,11,3,0,two_machine
309,Unnamed 159,3501482,19869,53,video_av1,simulcast,42.213406,10.089999999999998,0,0,0,738,738,231597,52,8,2,0,two_machine
310,281,2852122,18389,54,video_vp9,svc,128.418972,32.314,0,0,0,1606,1606,152145,31,7,1,0,two_machine
311,281,2844128,18496,55,video_vp9,svc,113.652122,32.628,0,0,0,1596,1596,143245,28,7,1,0,two_machine
312,281,2954015,18754,56,video_vp9,svc,184.783634,31.997,0,0,0,1834,1834,163999,20,9,0,0,two_machine
313,281,9023391,23714,57,video_vp9,svc,3.832514,47.77,0,21301,19,2166,2166,206699,7,7,1,1,two_machine
314,281,2858169,18773,58,video_vp9,svc,201.892991,31.628,0,0,0,1795,1795,168808,22,18,4,0,two_machine
315,281,9025773,23631,59,video_vp9,svc,6.440752,47.169,0,0,0,2188,2188,207855,12,9,1,0,two_machine
316,281,2032748,14977,6,video_av1,svc,36.242841,13.557,0,0,0,629,629,161427,44,14,10,0,two_machine
317,281,8949043,24120,60,video_vp9,svc,8.40957,45.184,0,0,0,2045,2045,203911,34,48,20,0,two_machine
318,281,9069779,24472,61,video_vp9,svc,10.243357,43.274,0,0,0,1986,1986,205311,40,61,34,0,two_machine
319,281,9104830,24417,62,video_vp9,svc,13.224028,46.514,0,0,0,1987,1987,206351,37,58,31,0,two_machine
320,Unnamed 160,3558872,19455,63,video_vp9,simulcast,28.189498,31.46,0,0,0,1748,1748,386588,22,20,8,0,two_machine
321,Unnamed 161,3577397,19507,64,video_vp9,simulcast,169.92501,6.906999999999999,0,0,0,306,306,59021,31,8,0,0,two_machine
322,Unnamed 162,16184336,31189,65,video_vp9,simulcast,70.60686,59.752,0,0,0,2449,2449,531091,1,8,1,0,two_machine
323,Unnamed 163,3611681,19778,66,video_vp9,simulcast,248.561634,12.588,0,0,0,700,700,199613,41,9,0,0,two_machine
324,Unnamed 164,15639520,31101,67,video_vp9,simulcast,7.182059,47.667,0,0,0,2350,2350,167985,3,25,12,0,two_machine
325,Unnamed 165,3608312,19778,68,video_vp9,simulcast,145.178528,12.816,0,0,0,583,583,97437,28,11,6,0,two_machine
326,Unnamed 166,3606833,19905,69,video_vp9,simulcast,63.758662,12.891,0,0,0,762,762,206268,23,7,0,0,two_machine
327,281,2034326,14849,7,video_av1,svc,33.378512,12.375,0,0,0,610,610,138890,43,12,9,0,two_machine
328,Unnamed 167,3585361,19762,70,video_vp9,simulcast,42.050537,24.954,0,0,0,1289,1289,279417,18,16,6,0,two_machine
329,Unnamed 168,16133756,31205,71,video_vp9,simulcast,29.486687,55.080000000000005,0,0,0,2472,2472,394861,0,14,5,0,two_machine
330,281,2033774,14643,72,video_av1,svc,58.126643,14.571,0,0,0,682,682,136470,37,4,3,0,two_machine
331,281,630121,5272,73,video_av1,svc,1.026413,0.415,0,0,0,7,7,19135,2,3,2,0,two_machine
332,281,2034361,14812,74,video_av1,svc,65.95832,13.992,0,0,0,664,664,142822,40,5,4,0,two_machine
333,281,2036604,15009,75,video_av1,svc,37.541682,12.469,0,0,0,611,611,162178,48,13,9,0,two_machine
334,281,2037115,15119,76,video_av1,svc,78.731026,12.561,0,0,0,628,628,140016,49,13,10,0,two_machine
335,281,1705732,13818,77,video_av1,svc,36.594364,8.675,0,0,0,604,604,135192,52,13,9,0,two_machine
336,281,2033148,15005,78,video_av1,svc,31.050284,6.512,0,0,0,623,623,157786,47,14,10,0,two_machine
337,281,2037993,14945,79,video_av1,svc,47.432185,11.303,0,0,0,618,618,137125,46,12,9,0,two_machine
338,281,2033654,14854,8,video_av1,svc,68.333458,13.065,0,0,0,625,625,132359,40,11,8,0,two_machine
339,281,2031946,15004,80,video_av1,svc,40.326516,12.954,0,0,0,632,632,144754,48,15,11,0,two_machine
340,Unnamed 169,3505903,19597,81,video_av1,simulcast,32.96848,19.878,0,0,0,1484,1484,434091,53,11,4,0,two_machine
341,Unnamed 170,3537988,19670,82,video_av1,simulcast,81.426582,2.3389999999999995,0,0,0,814,814,130501,746,5,0,0,two_machine
342,Unnamed 171,3492318,19654,83,video_av1,simulcast,25.057781,21.493,0,0,0,1831,1831,524359,381,12,4,0,two_machine
343,Unnamed 172,3511880,19726,84,video_av1,simulcast,58.00229,2.0,0,0,0,765,765,138683,701,7,2,0,two_machine
344,Unnamed 173,3521070,19717,85,video_av1,simulcast,60.347554,12.932,0,0,0,1492,1492,320180,714,12,4,0,two_machine
345,Unnamed 174,3506847,19694,86,video_av1,simulcast,55.872238,1.118,0,0,0,405,405,73801,377,5,1,0,two_machine
346,Unnamed 175,3498900,19665,87,video_av1,simulcast,51.40584,1.24,0,0,0,409,409,70869,376,5,1,0,two_machine
347,Unnamed 176,3494827,19592,88,video_av1,simulcast,59.403677,1.354,0,0,0,426,426,72881,379,5,1,0,two_machine
348,Unnamed 177,3545370,19934,89,video_av1,simulcast,112.959289,1.229,0,0,0,396,396,72982,365,5,1,0,two_machine
349,Unnamed 178,3483010,19714,9,video_av1,simulcast,32.169656,12.014,0,0,0,764,764,221125,45,6,1,0,two_machine
350,281,2877523,18468,90,video_vp9,svc,134.276976,32.178,0,0,0,1542,1542,181097,27,6,0,0,two_machine
351,281,2912263,18606,91,video_vp9,svc,203.337495,31.496,0,0,0,1581,1581,160087,32,6,0,0,two_machine
352,281,2911473,18598,92,video_vp9,svc,187.489711,33.866,0,0,0,1840,1840,158444,17,9,0,0,two_machine
353,281,2511562,18597,93,video_vp9,svc,84.90398599999999,31.524,0,0,0,1643,1643,158506,34,28,8,0,two_machine
354,281,9028536,23613,94,video_vp9,svc,5.182716,47.235,0,0,0,2157,2157,206999,11,7,1,0,two_machine
355,281,9038521,23768,95,video_vp9,svc,5.697044,48.76,0,692,1,2192,2192,207759,9,7,1,1,two_machine
356,281,2918151,19192,96,video_vp9,svc,251.296246,31.007,0,0,0,1562,1562,150795,61,52,21,0,two_machine
357,281,2946008,19014,97,video_vp9,svc,267.293557,34.282,0,0,0,1789,1789,153163,32,28,9,0,two_machine
358,281,2343326,18692,98,video_vp9,svc,303.128847,27.53,0,0,0,1424,1424,150747,74,63,24,0,two_machine
359,Unnamed 179,3593309,19705,99,video_vp9,simulcast,33.31657,30.99,0,0,0,1755,1755,477708,21,20,8,0,two_machine
0,91,2037487,14783,0,video_av1,svc,25.07428,7.381,0,0,0,660,660,151365,34,4,3,0,single_no_enc
1,55,2037118,14898,1,video_av1,svc,62.398812,7.39,0,0,0,675,675,157136,35,5,4,0,single_no_enc
2,Unnamed 0,3490286,19609,10,video_av1,simulcast,33.927171,7.795,0,0,0,1461,1461,451655,49,9,2,0,single_no_enc
3,Unnamed 1,3598075,19526,100,video_vp9,simulcast,31.645893,13.271,0,0,0,1729,1729,439930,21,20,8,0,single_no_enc
4,Unnamed 2,3569965,19556,101,video_vp9,simulcast,102.672441,6.152000000000001,0,0,0,372,372,60851,22,4,0,0,single_no_enc
5,Unnamed 3,3573469,19648,102,video_vp9,simulcast,34.219127,13.265,0,0,0,1690,1690,425574,30,20,4,0,single_no_enc
6,Unnamed 4,3594433,19667,103,video_vp9,simulcast,48.694704,12.010000000000002,0,0,0,1180,1180,294818,32,19,8,0,single_no_enc
7,Unnamed 5,3568365,19556,104,video_vp9,simulcast,69.819722,9.184,0,0,0,1520,1520,391801,14,11,0,0,single_no_enc
8,Unnamed 6,3546111,19644,105,video_vp9,simulcast,105.317333,9.297,0,0,0,625,625,102443,29,9,4,0,single_no_enc
9,Unnamed 7,3581770,19735,106,video_vp9,simulcast,162.121132,2.978,0,0,0,356,356,60243,27,7,3,0,single_no_enc
10,Unnamed 8,3537117,19718,107,video_vp9,simulcast,75.69820299999999,3.072,0,0,0,590,590,101509,31,13,8,0,single_no_enc
11,55,2033912,14797,108,video_av1,svc,32.350221,6.71,0,0,0,663,663,156556,38,4,3,0,single_no_enc
12,55,2036784,14858,109,video_av1,svc,34.71247,8.047,0,0,0,674,674,155795,38,5,4,0,single_no_enc
13,Unnamed 9,3483646,19764,11,video_av1,simulcast,73.89536,0.969,0,0,0,814,814,136955,732,5,0,0,single_no_enc
14,55,2034646,14921,110,video_av1,svc,30.513469,7.321,0,0,0,654,654,157165,36,5,4,0,single_no_enc
15,55,2035316,15013,111,video_av1,svc,40.30067,6.967,0,0,0,618,618,152642,58,16,9,0,single_no_enc
16,55,2035991,15058,112,video_av1,svc,35.613951,7.041,0,0,0,627,627,145121,49,15,9,0,single_no_enc
17,55,2037580,14986,113,video_av1,svc,46.566777,7.475,0,0,0,644,644,147783,44,13,9,0,single_no_enc
18,55,2035017,15093,114,video_av1,svc,34.002432,7.387,0,0,0,638,638,155532,45,15,11,0,single_no_enc
19,55,2035569,15076,115,video_av1,svc,62.645398,6.838,0,0,0,628,628,135867,46,13,10,0,single_no_enc
20,55,2034287,15099,116,video_av1,svc,37.772192,7.184,0,0,0,627,627,156797,49,15,10,0,single_no_enc
21,Unnamed 10,3488073,19437,117,video_av1,simulcast,20.78922,7.756,0,0,0,1463,1463,458435,51,9,2,0,single_no_enc
22,Unnamed 11,3506698,19662,118,video_av1,simulcast,92.695174,0.615,0,0,0,429,429,77094,395,4,0,0,single_no_enc
23,Unnamed 12,3511903,19570,119,video_av1,simulcast,68.641628,4.905999999999999,0,0,0,1493,1493,339288,708,8,1,0,single_no_enc
24,Unnamed 13,3501739,19736,12,video_av1,simulcast,26.237981,8.064,0,0,0,1463,1463,429399,56,11,2,0,single_no_enc
25,Unnamed 14,3496760,19773,120,video_av1,simulcast,75.85433,0.5870000000000001,0,0,0,406,406,72564,371,5,1,0,single_no_enc
26,Unnamed 15,3507258,19637,121,video_av1,simulcast,50.194028,5.343999999999999,0,0,0,1503,1503,353207,722,11,3,0,single_no_enc
27,Unnamed 16,3482093,19570,122,video_av1,simulcast,30.564251,7.57,0,0,0,1453,1453,454121,57,11,2,0,single_no_enc
28,Unnamed 17,3520934,19568,123,video_av1,simulcast,94.154575,3.83,0,0,0,749,749,233083,50,7,1,0,single_no_enc
29,Unnamed 18,3485513,19579,124,video_av1,simulcast,50.817607,5.4,0,0,0,1443,1443,341276,684,11,3,0,single_no_enc
30,Unnamed 19,3473820,19612,125,video_av1,simulcast,40.409548,0.7000000000000001,0,0,0,414,414,74195,373,6,2,0,single_no_enc
31,55,2877256,18461,126,video_vp9,svc,150.479662,21.453,0,0,0,1582,1582,157931,31,6,0,0,single_no_enc
32,55,2898113,18642,127,video_vp9,svc,155.360292,18.377,0,0,0,1837,1837,155945,15,9,0,0,single_no_enc
33,55,2905781,18541,128,video_vp9,svc,142.767137,17.933,0,0,0,1824,1824,161819,16,9,0,0,single_no_enc
34,55,2899430,18710,129,video_vp9,svc,199.085064,18.052,0,0,0,1812,1812,163058,22,18,4,0,single_no_enc
35,Unnamed 20,3510334,19582,13,video_av1,simulcast,59.491216,5.035,0,0,0,1452,1452,319007,687,11,3,0,single_no_enc
36,55,2445069,18449,130,video_vp9,svc,83.824158,18.755,0,0,0,1624,1624,173971,34,27,7,0,single_no_enc
37,55,2874017,18523,131,video_vp9,svc,125.773621,20.636,0,0,0,1530,1530,160181,43,21,6,0,single_no_enc
38,55,2786269,18942,132,video_vp9,svc,265.260763,17.11,0,0,0,1707,1707,165578,40,42,17,0,single_no_enc
39,55,2046934,18070,133,video_vp9,svc,90.47333,14.908,0,0,0,1491,1491,151078,57,39,11,0,single_no_enc
40,55,2871723,19222,134,video_vp9,svc,261.949129,17.447,0,0,0,1745,1745,176531,38,42,18,0,single_no_enc
41,Unnamed 21,3547410,19757,135,video_vp9,simulcast,107.371038,5.799,0,0,0,350,350,57100,22,8,0,0,single_no_enc
42,Unnamed 22,3557285,19573,136,video_vp9,simulcast,26.38446,13.634999999999998,0,0,0,1775,1775,444171,20,20,8,0,single_no_enc
43,Unnamed 23,3591394,19553,137,video_vp9,simulcast,42.344104,14.944,0,0,0,1423,1423,310220,16,7,0,0,single_no_enc
44,Unnamed 24,3574452,19629,138,video_vp9,simulcast,31.854283,12.548,0,0,0,1659,1659,466850,21,20,4,0,single_no_enc
45,Unnamed 25,3577060,19525,139,video_vp9,simulcast,105.795811,5.507,0,0,0,782,782,195132,25,8,0,0,single_no_enc
46,Unnamed 26,3478562,19593,14,video_av1,simulcast,30.192398,8.191,0,0,0,1803,1803,490450,371,16,4,0,single_no_enc
47,Unnamed 27,3550592,19552,140,video_vp9,simulcast,97.465138,9.673,0,0,0,647,647,94459,25,7,2,0,single_no_enc
48,Unnamed 28,3564768,19617,141,video_vp9,simulcast,32.329625,12.713,0,0,0,1665,1665,428261,23,17,3,0,single_no_enc
49,Unnamed 29,3572162,19599,142,video_vp9,simulcast,99.621552,5.497000000000001,0,0,0,784,784,225761,23,7,0,0,single_no_enc
50,Unnamed 30,3552580,19625,143,video_vp9,simulcast,56.87440599999999,8.49,0,0,0,1417,1417,368145,18,13,0,0,single_no_enc
51,55,2033939,14946,144,video_av1,svc,30.070484,7.6,0,0,0,658,658,152931,36,4,3,0,single_no_enc
52,55,2036483,14776,145,video_av1,svc,27.755986,7.537,0,0,0,663,663,163893,32,5,4,0,single_no_enc
53,55,2033855,14861,146,video_av1,svc,31.052055,7.502,0,0,0,649,649,145854,40,5,4,0,single_no_enc
54,55,2033621,15092,147,video_av1,svc,38.692201,7.035,0,0,0,623,623,149963,52,13,9,0,single_no_enc
55,55,2035332,14958,148,video_av1,svc,34.794571,6.968,0,0,0,622,622,157558,51,13,9,0,single_no_enc
56,55,2034708,15108,149,video_av1,svc,43.81512,7.181,0,0,0,621,621,160513,48,15,9,0,single_no_enc
57,Unnamed 31,3495383,19688,15,video_av1,simulcast,24.388192,8.041,0,0,0,1780,1780,500788,370,16,4,0,single_no_enc
58,55,2034841,15053,150,video_av1,svc,37.521339,6.621,0,0,0,611,611,148185,48,15,11,0,single_no_enc
59,55,2037567,15029,151,video_av1,svc,33.839147,7.138,0,0,0,622,622,154088,41,13,10,0,single_no_enc
60,55,2034136,15060,152,video_av1,svc,33.690054,7.114,0,0,0,628,628,152858,48,15,11,0,single_no_enc
61,Unnamed 32,3495934,19561,153,video_av1,simulcast,31.628031,8.079,0,0,0,1849,1849,497557,371,10,2,0,single_no_enc
62,Unnamed 33,3524138,19573,154,video_av1,simulcast,40.404161,7.955,0,0,0,1483,1483,423701,36,9,2,0,single_no_enc
63,Unnamed 34,3505981,19395,155,video_av1,simulcast,46.17448999999999,7.686,0,0,0,1486,1486,397361,48,9,2,0,single_no_enc
64,Unnamed 35,3496241,19744,156,video_av1,simulcast,81.43871,0.856,0,0,0,775,775,152821,683,7,2,0,single_no_enc
65,Unnamed 36,3513048,19767,157,video_av1,simulcast,95.896252,0.4599999999999999,0,0,0,781,781,149991,694,7,2,0,single_no_enc
66,Unnamed 37,3489128,19557,158,video_av1,simulcast,55.658871000000005,4.34,0,0,0,1482,1482,334512,716,11,3,0,single_no_enc
67,Unnamed 38,3526993,19691,159,video_av1,simulcast,106.95979,1.233,0,0,0,783,783,130635,714,7,2,0,single_no_enc
68,Unnamed 39,3475581,19712,16,video_av1,simulcast,33.109181,7.532,0,0,0,1444,1444,457567,56,11,2,0,single_no_enc
69,Unnamed 40,3487045,19616,160,video_av1,simulcast,50.06360000000001,4.833,0,0,0,1453,1453,350715,676,11,3,0,single_no_enc
70,Unnamed 41,3487926,19796,161,video_av1,simulcast,67.922223,0.606,0,0,0,414,414,74958,384,5,1,0,single_no_enc
71,55,2854073,18436,162,video_vp9,svc,183.93079,21.834,0,0,0,1579,1579,148406,30,6,0,0,single_no_enc
72,55,2903073,18629,163,video_vp9,svc,181.642381,17.797,0,0,0,1847,1847,150932,17,9,0,0,single_no_enc
73,55,2927313,18727,164,video_vp9,svc,162.127474,18.791,0,0,0,1862,1862,159291,16,9,0,0,single_no_enc
74,55,2824265,18585,165,video_vp9,svc,162.551332,19.572,0,0,0,1480,1480,169493,50,21,6,0,single_no_enc
75,55,2838916,18730,166,video_vp9,svc,142.099234,20.931,0,0,0,1535,1535,151723,39,21,6,0,single_no_enc
76,55,2923815,18611,167,video_vp9,svc,158.203134,20.789,0,0,0,1512,1512,169336,49,21,6,0,single_no_enc
77,55,2928828,19046,168,video_vp9,svc,252.797953,17.643,0,0,0,1810,1810,178709,30,27,8,0,single_no_enc
78,55,2729464,19028,169,video_vp9,svc,282.897671,16.329,0,0,0,1626,1626,158385,47,48,19,0,single_no_enc
79,Unnamed 42,3487714,19809,17,video_av1,simulcast,51.74439,1.568,0,0,0,734,734,130599,644,9,4,0,single_no_enc
80,55,1999543,18044,170,video_vp9,svc,90.112474,14.836,0,0,0,1496,1496,153215,43,27,8,0,single_no_enc
81,Unnamed 43,3525558,19646,171,video_vp9,simulcast,83.7474,5.091000000000001,0,0,0,717,717,225773,20,9,4,0,single_no_enc
82,Unnamed 44,3551862,19690,172,video_vp9,simulcast,48.201492,13.581,0,0,0,1293,1293,273125,26,19,4,0,single_no_enc
83,Unnamed 45,3600911,19469,173,video_vp9,simulcast,116.83676599999998,9.851,0,0,0,644,644,99363,23,5,0,0,single_no_enc
84,Unnamed 46,3567749,19619,174,video_vp9,simulcast,127.393166,5.691,0,0,0,336,336,57152,28,8,4,0,single_no_enc
85,Unnamed 47,3582834,19673,175,video_vp9,simulcast,49.569008,13.54,0,0,0,1337,1337,276628,20,16,6,0,single_no_enc
86,Unnamed 48,3576579,19650,176,video_vp9,simulcast,45.027462,13.166,0,0,0,1297,1297,304862,27,16,6,0,single_no_enc
87,Unnamed 49,3597670,19638,177,video_vp9,simulcast,50.282965,13.366,0,0,0,1307,1307,311922,26,17,7,0,single_no_enc
88,Unnamed 50,3577058,19524,178,video_vp9,simulcast,24.188306,12.653000000000002,0,0,0,1717,1717,469703,22,11,1,0,single_no_enc
89,Unnamed 51,3565230,19629,179,video_vp9,simulcast,79.444008,5.376999999999999,0,0,0,783,783,210322,24,7,0,0,single_no_enc
90,55,2900786,18581,18,video_vp9,svc,169.07102899999998,17.835,0,0,0,1840,1840,164023,19,9,0,0,single_no_enc
91,55,2033063,14927,180,video_av1,svc,34.250440999999995,7.536,0,0,0,666,666,167062,35,4,3,0,single_no_enc
92,55,1708838,13782,181,video_av1,svc,27.453685,7.599,0,0,0,654,654,144060,33,5,4,0,single_no_enc
93,55,2035898,14785,182,video_av1,svc,28.359303,7.653,0,0,0,667,667,159941,33,5,4,0,single_no_enc
94,55,2034484,15016,183,video_av1,svc,34.385575,6.903,0,0,0,613,613,153741,53,13,9,0,single_no_enc
95,55,2039470,14907,184,video_av1,svc,74.130667,7.021,0,0,0,624,624,130764,46,13,10,0,single_no_enc
96,55,2034124,15214,185,video_av1,svc,35.220044,7.067,0,0,0,628,628,156667,49,15,9,0,single_no_enc
97,55,2037880,15030,186,video_av1,svc,59.46967,6.857,0,0,0,619,619,146842,56,16,11,0,single_no_enc
98,55,2034899,15158,187,video_av1,svc,47.007711,7.051,0,0,0,622,622,159054,52,16,11,0,single_no_enc
99,55,2038552,15089,188,video_av1,svc,40.390732,7.138,0,0,0,626,626,135126,44,15,11,0,single_no_enc
100,Unnamed 52,3504418,19427,189,video_av1,simulcast,86.32847899999999,0.7689999999999999,0,0,0,413,413,75154,382,4,0,0,single_no_enc
101,55,2879310,18565,19,video_vp9,svc,151.63485799999998,18.197,0,0,0,1835,1835,158693,15,9,0,0,single_no_enc
102,Unnamed 53,3481217,19681,190,video_av1,simulcast,29.686495,8.149000000000001,0,0,0,1846,1846,537294,381,10,2,0,single_no_enc
103,Unnamed 54,3520576,19717,191,video_av1,simulcast,27.275401,8.393,0,0,0,1851,1851,538643,363,10,2,0,single_no_enc
104,Unnamed 55,3495934,19517,192,video_av1,simulcast,80.959892,0.71,0,0,0,398,398,80151,367,5,1,0,single_no_enc
105,Unnamed 56,3477879,19594,193,video_av1,simulcast,59.391972,1.256,0,0,0,760,760,126229,662,7,2,0,single_no_enc
106,Unnamed 57,3503599,19590,194,video_av1,simulcast,73.96615399999999,4.892,0,0,0,1476,1476,355885,696,11,3,0,single_no_enc
107,Unnamed 58,3505009,19816,195,video_av1,simulcast,83.95677900000001,0.605,0,0,0,405,405,79255,357,5,1,0,single_no_enc
108,Unnamed 59,3501592,19522,196,video_av1,simulcast,82.523558,1.071,0,0,0,770,770,133137,700,7,2,0,single_no_enc
109,Unnamed 60,3477746,19567,197,video_av1,simulcast,33.426916,3.743,0,0,0,733,733,224013,59,8,1,0,single_no_enc
110,55,2900984,18477,198,video_vp9,svc,178.608072,17.892,0,0,0,1845,1845,151889,17,9,0,0,single_no_enc
111,55,2889785,18556,199,video_vp9,svc,119.988374,21.77,0,0,0,1607,1607,165419,26,6,0,0,single_no_enc
112,55,2033392,14958,2,video_av1,svc,31.216725,7.444,0,0,0,649,649,168554,36,5,4,0,single_no_enc
113,55,2857076,18360,20,video_vp9,svc,117.159478,21.441,0,0,0,1603,1603,149363,27,6,0,0,single_no_enc
114,55,2854523,18398,200,video_vp9,svc,152.846978,21.237,0,0,0,1586,1586,155507,28,6,0,0,single_no_enc
115,55,2869876,18812,201,video_vp9,svc,156.469044,17.903,0,0,0,1803,1803,178733,23,18,4,0,single_no_enc
116,55,2861485,18552,202,video_vp9,svc,179.304254,20.13,0,0,0,1511,1511,158794,44,21,6,0,single_no_enc
117,55,2925999,18617,203,video_vp9,svc,147.879032,20.665,0,0,0,1533,1533,169713,42,21,6,0,single_no_enc
118,55,2881452,19042,204,video_vp9,svc,309.483117,17.476,0,0,0,1757,1757,155187,40,45,18,0,single_no_enc
119,55,2864021,19142,205,video_vp9,svc,278.598766,17.249,0,0,0,1744,1744,182444,33,42,18,0,single_no_enc
120,55,2924041,19231,206,video_vp9,svc,363.38767,12.018,0,0,0,1770,1770,160200,37,42,18,0,single_no_enc
121,Unnamed 61,3575041,19702,207,video_vp9,simulcast,48.717926,4.343999999999999,0,0,0,1294,1294,286107,33,19,4,0,single_no_enc
122,Unnamed 62,3585285,19807,208,video_vp9,simulcast,112.376956,6.0,0,0,0,392,392,60224,23,8,0,0,single_no_enc
123,Unnamed 63,3567383,19486,209,video_vp9,simulcast,32.58568,14.717,0,0,0,1913,1913,483463,9,8,0,0,single_no_enc
124,55,2914795,18641,21,video_vp9,svc,137.795933,19.852,0,0,0,1485,1485,173062,47,21,6,0,single_no_enc
125,Unnamed 64,3541589,19638,210,video_vp9,simulcast,54.325011,9.011,0,0,0,1421,1421,410313,18,15,0,0,single_no_enc
126,Unnamed 65,3584963,19765,211,video_vp9,simulcast,33.091163,13.165,0,0,0,1722,1722,425154,23,17,3,0,single_no_enc
127,Unnamed 66,3589413,19773,212,video_vp9,simulcast,43.48807599999999,13.673000000000002,0,0,0,1393,1393,321738,21,10,2,0,single_no_enc
128,Unnamed 67,3585528,19605,213,video_vp9,simulcast,50.015568,12.259,0,0,0,1281,1281,316572,21,13,4,0,single_no_enc
129,Unnamed 68,3541348,19760,214,video_vp9,simulcast,28.906771,13.634,0,0,0,1780,1780,468760,17,11,1,0,single_no_enc
130,Unnamed 69,3553481,19602,215,video_vp9,simulcast,116.596178,5.16,0,0,0,737,737,207591,24,9,0,0,single_no_enc
131,55,2035112,14809,216,video_av1,svc,33.743378,7.983,0,0,0,679,679,148997,43,4,3,0,single_no_enc
132,55,2037552,14820,217,video_av1,svc,29.994671,7.208,0,0,0,648,648,153006,39,5,4,0,single_no_enc
133,55,2034724,14853,218,video_av1,svc,32.027497,8.235,0,0,0,688,688,159838,33,5,4,0,single_no_enc
134,55,2037234,15081,219,video_av1,svc,31.678617,7.113,0,0,0,627,627,161273,44,13,9,0,single_no_enc
135,55,2940916,18714,22,video_vp9,svc,142.93259999999998,20.392,0,0,0,1489,1489,170978,44,21,6,0,single_no_enc
136,55,2037340,14956,220,video_av1,svc,36.323654,6.866,0,0,0,618,618,153993,49,13,10,0,single_no_enc
137,55,2037018,14973,221,video_av1,svc,69.573796,7.398,0,0,0,646,646,123444,44,12,9,0,single_no_enc
138,55,2036904,15149,222,video_av1,svc,44.676055,7.072,0,0,0,630,630,152465,49,16,11,0,single_no_enc
139,55,2034688,15130,223,video_av1,svc,30.359346,6.83,0,0,0,618,618,148783,45,14,10,0,single_no_enc
140,55,2034349,15144,224,video_av1,svc,41.818628,6.969,0,0,0,621,621,161252,49,15,11,0,single_no_enc
141,Unnamed 70,3477855,19708,225,video_av1,simulcast,34.171588,3.808,0,0,0,755,755,231133,45,6,1,0,single_no_enc
142,Unnamed 71,3507241,19586,226,video_av1,simulcast,37.214491,5.079,0,0,0,1479,1479,352302,679,8,1,0,single_no_enc
143,Unnamed 72,3525600,19558,227,video_av1,simulcast,40.280719,3.887000000000001,0,0,0,769,769,215843,60,6,1,0,single_no_enc
144,Unnamed 73,3506944,19693,228,video_av1,simulcast,36.267126,8.599,0,0,0,1810,1810,491347,374,13,3,0,single_no_enc
145,Unnamed 74,3496235,19658,229,video_av1,simulcast,76.571547,3.913,0,0,0,741,741,245607,54,7,1,0,single_no_enc
146,55,2837091,18641,23,video_vp9,svc,139.229138,19.996,0,0,0,1522,1522,163674,41,21,6,0,single_no_enc
147,Unnamed 75,3501534,19637,230,video_av1,simulcast,29.059365000000003,8.030000000000001,0,0,0,1812,1812,497343,379,13,3,0,single_no_enc
148,Unnamed 76,3491286,19674,231,video_av1,simulcast,69.501537,1.29,0,0,0,782,782,131933,710,7,2,0,single_no_enc
149,Unnamed 77,3473691,19729,232,video_av1,simulcast,31.447497,7.374,0,0,0,1464,1464,474441,52,11,2,0,single_no_enc
150,Unnamed 78,3513984,19723,233,video_av1,simulcast,98.655079,0.545,0,0,0,398,398,74374,360,5,1,0,single_no_enc
151,55,2926967,18773,234,video_vp9,svc,211.04188,18.331,0,0,0,1845,1845,158405,16,9,0,0,single_no_enc
152,55,2868224,18556,235,video_vp9,svc,156.913605,18.313,0,0,0,1840,1840,162494,19,9,0,0,single_no_enc
153,55,2908746,18513,236,video_vp9,svc,231.068358,18.317,0,0,0,1841,1841,165446,19,9,0,0,single_no_enc
154,55,2877268,18622,237,video_vp9,svc,138.874592,19.276,0,0,0,1483,1483,177929,47,21,6,0,single_no_enc
155,55,2902265,18824,238,video_vp9,svc,194.636368,18.075,0,0,0,1805,1805,176320,26,18,4,0,single_no_enc
156,55,2865047,18851,239,video_vp9,svc,195.599676,17.829,0,0,0,1785,1785,171916,26,18,4,0,single_no_enc
157,55,2950731,18870,24,video_vp9,svc,204.795212,19.413,0,0,0,1461,1461,158942,55,27,10,0,single_no_enc
158,55,2356300,18516,240,video_vp9,svc,106.772158,17.01,0,0,0,1501,1501,169370,45,42,12,0,single_no_enc
159,55,2856409,19054,241,video_vp9,svc,359.397197,17.252,0,0,0,1728,1728,159472,38,42,17,0,single_no_enc
160,55,2823192,18946,242,video_vp9,svc,323.499079,16.497,0,0,0,1687,1687,171367,41,45,18,0,single_no_enc
161,Unnamed 79,3578732,19685,243,video_vp9,simulcast,125.864007,5.48,0,0,0,331,331,55720,28,8,0,0,single_no_enc
162,Unnamed 80,3578148,19705,244,video_vp9,simulcast,147.39209599999998,5.772,0,0,0,350,350,61741,24,7,0,0,single_no_enc
163,Unnamed 81,3586466,19488,245,video_vp9,simulcast,103.128046,5.6370000000000005,0,0,0,817,817,217533,26,5,0,0,single_no_enc
164,Unnamed 82,3554897,19396,246,video_vp9,simulcast,62.54306100000001,9.169,0,0,0,1469,1469,420565,17,15,0,0,single_no_enc
165,Unnamed 83,3589541,19645,247,video_vp9,simulcast,184.716379,5.588000000000001,0,0,0,331,331,53828,28,7,3,0,single_no_enc
166,Unnamed 84,3574612,19668,248,video_vp9,simulcast,70.500085,9.187,0,0,0,1501,1501,413453,14,9,0,0,single_no_enc
167,Unnamed 85,3553137,19365,249,video_vp9,simulcast,69.560741,9.435,0,0,0,1513,1513,395879,16,9,0,0,single_no_enc
168,55,2664305,18906,25,video_vp9,svc,255.065295,15.497,0,0,0,1594,1594,178055,45,42,15,0,single_no_enc
169,Unnamed 86,3595467,19557,250,video_vp9,simulcast,62.198837,9.516000000000002,0,0,0,1557,1557,401057,18,9,0,0,single_no_enc
170,Unnamed 87,3586952,19685,251,video_vp9,simulcast,162.49513000000002,5.788,0,0,0,355,355,61328,22,7,3,0,single_no_enc
171,55,2034684,14781,252,video_av1,svc,27.711867,7.577,0,0,0,673,673,149203,31,4,3,0,single_no_enc
172,55,1704898,13685,253,video_av1,svc,26.275143,7.193,0,0,0,640,640,142541,37,5,4,0,single_no_enc
173,55,2034938,14905,254,video_av1,svc,30.229893,7.589,0,0,0,660,660,150659,44,5,4,0,single_no_enc
174,55,2034995,15017,255,video_av1,svc,38.202327,6.881,0,0,0,616,616,154582,52,13,10,0,single_no_enc
175,55,2037401,14955,256,video_av1,svc,31.957788,6.795,0,0,0,625,625,164381,51,13,10,0,single_no_enc
176,55,2034908,14910,257,video_av1,svc,37.188003,2.162,0,0,0,624,624,137543,57,15,9,0,single_no_enc
177,55,2035096,15064,258,video_av1,svc,43.943074,6.266,0,0,0,617,617,147008,50,16,11,0,single_no_enc
178,55,2036762,14981,259,video_av1,svc,41.948504,7.231,0,0,0,636,636,155809,48,15,11,0,single_no_enc
179,55,2345050,18655,26,video_vp9,svc,325.903087,14.271,0,0,0,1412,1412,148094,62,63,25,0,single_no_enc
180,55,2035192,15077,260,video_av1,svc,61.427709,6.792,0,0,0,609,609,142190,51,13,10,0,single_no_enc
181,Unnamed 88,3498788,19701,261,video_av1,simulcast,24.890707,7.782,0,0,0,1468,1468,429495,52,9,2,0,single_no_enc
182,Unnamed 89,3484737,19743,262,video_av1,simulcast,22.741196,8.218,0,0,0,1855,1855,534479,375,10,2,0,single_no_enc
183,Unnamed 90,3498292,19724,263,video_av1,simulcast,30.877036,8.613,0,0,0,1844,1844,495344,373,10,2,0,single_no_enc
184,Unnamed 91,3517115,19592,264,video_av1,simulcast,48.734006,7.667,0,0,0,1423,1423,473681,54,11,2,0,single_no_enc
185,Unnamed 92,3515826,19701,265,video_av1,simulcast,61.419279,4.973,0,0,0,1485,1485,352170,700,11,3,0,single_no_enc
186,Unnamed 93,3506117,19783,266,video_av1,simulcast,51.190767,5.226,0,0,0,1480,1480,354139,708,11,3,0,single_no_enc
187,Unnamed 94,3521045,19693,267,video_av1,simulcast,105.224275,1.285,0,0,0,751,751,136207,685,7,2,0,single_no_enc
188,Unnamed 95,3504025,19544,268,video_av1,simulcast,40.304898,8.227,0,0,0,1810,1810,499979,370,13,3,0,single_no_enc
189,Unnamed 96,3520973,19630,269,video_av1,simulcast,67.67751799999999,5.04,0,0,0,1475,1475,342509,693,11,3,0,single_no_enc
190,Unnamed 97,3529384,19650,27,video_vp9,simulcast,98.539638,5.658,0,0,0,334,334,58818,24,8,0,0,single_no_enc
191,55,2869279,18450,270,video_vp9,svc,135.11964799999998,21.451,0,0,0,1620,1620,148746,30,6,0,0,single_no_enc
192,55,2833826,18404,271,video_vp9,svc,130.385898,21.784,0,0,0,1596,1596,152501,30,6,0,0,single_no_enc
193,55,2832564,18416,272,video_vp9,svc,153.416461,21.252,0,0,0,1577,1577,152481,30,6,0,0,single_no_enc
194,55,2844741,18588,273,video_vp9,svc,124.380038,19.649,0,0,0,1481,1481,156742,50,21,6,0,single_no_enc
195,55,2893479,18733,274,video_vp9,svc,185.502735,17.934,0,0,0,1807,1807,176974,25,18,4,0,single_no_enc
196,55,2902594,18615,275,video_vp9,svc,165.59260799999998,17.797,0,0,0,1819,1819,162698,23,18,4,0,single_no_enc
197,55,2515634,18666,276,video_vp9,svc,98.395343,18.604,0,0,0,1606,1606,170157,38,36,13,0,single_no_enc
198,55,2763105,19212,277,video_vp9,svc,324.22145,15.938,0,0,0,1640,1640,159919,46,51,20,0,single_no_enc
199,55,2761923,19085,278,video_vp9,svc,291.713239,16.508,0,0,0,1658,1658,152248,51,48,19,0,single_no_enc
200,Unnamed 98,3577114,19514,279,video_vp9,simulcast,30.46911,13.579,0,0,0,1753,1753,485935,19,20,8,0,single_no_enc
201,Unnamed 99,3580166,19539,28,video_vp9,simulcast,59.034033,9.123,0,0,0,1435,1435,380335,22,15,8,0,single_no_enc
202,Unnamed 100,3561123,19588,280,video_vp9,simulcast,90.90784,8.473,0,0,0,534,534,95881,26,13,0,0,single_no_enc
203,Unnamed 101,3556901,19559,281,video_vp9,simulcast,49.793519,15.486,0,0,0,1468,1468,306399,12,7,0,0,single_no_enc
204,Unnamed 102,3588497,19647,282,video_vp9,simulcast,124.299193,9.803,0,0,0,596,596,89795,36,13,8,0,single_no_enc
205,Unnamed 103,3561382,19758,283,video_vp9,simulcast,127.256703,5.575,0,0,0,339,339,57932,23,8,4,0,single_no_enc
206,Unnamed 104,3583463,19539,284,video_vp9,simulcast,107.081856,5.912999999999999,0,0,0,361,361,59155,30,6,2,0,single_no_enc
207,Unnamed 105,3582248,19825,285,video_vp9,simulcast,26.511621,12.928999999999998,0,0,0,1775,1775,434065,20,17,3,0,single_no_enc
208,Unnamed 106,3579637,19717,286,video_vp9,simulcast,77.475833,9.274,0,0,0,1484,1484,417715,18,13,0,0,single_no_enc
209,Unnamed 107,3588416,19600,287,video_vp9,simulcast,123.232586,5.939,0,0,0,359,359,61965,24,7,3,0,single_no_enc
210,55,2034254,14962,288,video_av1,svc,23.530714,7.731,0,0,0,670,670,169877,37,4,3,0,single_no_enc
211,55,2036022,14756,289,video_av1,svc,54.511789,7.641,0,0,0,659,659,137093,41,5,4,0,single_no_enc
212,Unnamed 108,3570905,19536,29,video_vp9,simulcast,81.38739100000001,5.7490000000000006,0,0,0,823,823,217110,25,5,0,0,single_no_enc
213,55,2034252,14729,290,video_av1,svc,29.777436,7.542,0,0,0,658,658,158904,39,5,4,0,single_no_enc
214,55,2035355,15010,291,video_av1,svc,41.396589,7.268,0,0,0,648,648,138260,44,12,8,0,single_no_enc
215,55,2038250,15007,292,video_av1,svc,33.128297,7.128,0,0,0,634,634,150714,42,15,9,0,single_no_enc
216,55,2033471,15083,293,video_av1,svc,38.659046,6.993,0,0,0,621,621,155495,53,15,9,0,single_no_enc
217,55,2037116,15160,294,video_av1,svc,33.190185,7.364,0,0,0,631,631,153294,44,15,11,0,single_no_enc
218,55,2037764,14964,295,video_av1,svc,65.223261,7.358,0,0,0,636,636,135998,47,13,10,0,single_no_enc
219,55,2038078,15037,296,video_av1,svc,46.737991,7.172,0,0,0,625,625,155076,51,16,11,0,single_no_enc
220,Unnamed 109,3495895,19743,297,video_av1,simulcast,44.929787000000005,3.972,0,0,0,773,773,246639,46,6,1,0,single_no_enc
221,Unnamed 110,3482477,19586,298,video_av1,simulcast,23.514087000000004,8.003,0,0,0,1504,1504,442287,50,9,2,0,single_no_enc
222,Unnamed 111,3478985,19551,299,video_av1,simulcast,41.510662,5.14,0,0,0,1477,1477,372223,692,8,1,0,single_no_enc
223,55,2035142,14999,3,video_av1,svc,32.526014,6.92,0,0,0,621,621,154490,45,12,9,0,single_no_enc
224,Unnamed 112,3568142,19721,30,video_vp9,simulcast,53.700076,13.19,0,0,0,1270,1270,285724,27,19,8,0,single_no_enc
225,Unnamed 113,3474926,19609,300,video_av1,simulcast,19.306398,7.697999999999999,0,0,0,1474,1474,421587,51,11,2,0,single_no_enc
226,Unnamed 114,3495078,19610,301,video_av1,simulcast,28.690256,7.744999999999999,0,0,0,1454,1454,489201,55,11,2,0,single_no_enc
227,Unnamed 115,3501152,19789,302,video_av1,simulcast,105.489749,0.7440000000000001,0,0,0,418,418,73772,379,5,1,0,single_no_enc
228,Unnamed 116,3487169,19843,303,video_av1,simulcast,29.262097999999995,8.148,0,0,0,1823,1823,490279,378,13,3,0,single_no_enc
229,Unnamed 117,3481774,19605,304,video_av1,simulcast,56.100836,3.887,0,0,0,752,752,235886,53,7,1,0,single_no_enc
230,Unnamed 118,3505494,19602,305,video_av1,simulcast,85.31971399999999,0.55,0,0,0,391,391,77603,349,5,1,0,single_no_enc
231,55,2932685,18584,306,video_vp9,svc,263.18264,12.677,0,0,0,1847,1847,154644,22,9,0,0,single_no_enc
232,55,2848743,18437,307,video_vp9,svc,152.39076799999998,7.137,0,0,0,1596,1596,161246,29,6,0,0,single_no_enc
233,55,2901275,18525,308,video_vp9,svc,181.012475,20.168,0,0,0,1616,1616,151120,33,6,0,0,single_no_enc
234,55,2884296,18674,309,video_vp9,svc,150.413767,20.127,0,0,0,1499,1499,160935,46,21,6,0,single_no_enc
235,Unnamed 119,3589537,19697,31,video_vp9,simulcast,107.620719,5.466,0,0,0,747,747,222342,28,9,0,0,single_no_enc
236,55,2908713,18730,310,video_vp9,svc,197.147482,17.347,0,0,0,1795,1795,177620,29,18,4,0,single_no_enc
237,55,2883069,18665,311,video_vp9,svc,166.94195399999998,18.151,0,0,0,1815,1815,158776,25,18,4,0,single_no_enc
238,55,2869460,19178,312,video_vp9,svc,288.077453,17.118,0,0,0,1758,1758,167954,39,42,17,0,single_no_enc
239,55,2697726,19042,313,video_vp9,svc,266.215761,15.976,0,0,0,1620,1620,162925,48,51,20,0,single_no_enc
240,55,2937281,18772,314,video_vp9,svc,304.929644,19.212,0,0,0,1433,1433,155911,64,33,12,0,single_no_enc
241,Unnamed 120,3561954,19673,315,video_vp9,simulcast,59.405992000000005,8.648,0,0,0,1402,1402,374981,22,15,8,0,single_no_enc
242,Unnamed 121,3573218,19524,316,video_vp9,simulcast,102.910216,5.597,0,0,0,765,765,214973,18,8,3,0,single_no_enc
243,Unnamed 122,3572508,19629,317,video_vp9,simulcast,29.499567,14.59,0,0,0,1906,1906,455377,11,8,0,0,single_no_enc
244,Unnamed 123,3578730,19747,318,video_vp9,simulcast,97.188819,9.353000000000002,0,0,0,569,569,89973,28,13,8,0,single_no_enc
245,Unnamed 124,3584256,19915,319,video_vp9,simulcast,158.71124899999998,5.236000000000001,0,0,0,776,776,217612,23,9,0,0,single_no_enc
246,Unnamed 125,3547589,19690,32,video_vp9,simulcast,53.823755000000006,9.936,0,0,0,1580,1580,437261,14,9,0,0,single_no_enc
247,Unnamed 126,3601417,19542,320,video_vp9,simulcast,127.810169,5.61,0,0,0,354,354,66259,34,6,2,0,single_no_enc
248,Unnamed 127,3581841,19396,321,video_vp9,simulcast,57.73126799999999,9.248,0,0,0,1475,1475,364405,19,13,0,0,single_no_enc
249,Unnamed 128,3549150,19436,322,video_vp9,simulcast,88.208705,5.071,0,0,0,754,754,201324,20,7,0,0,single_no_enc
250,Unnamed 129,3533304,19378,323,video_vp9,simulcast,30.696948,12.827,0,0,0,1660,1660,458718,24,17,3,0,single_no_enc
251,55,2037576,14766,324,video_av1,svc,62.63195,7.792,0,0,0,669,669,142320,35,4,3,0,single_no_enc
252,55,2037423,14821,325,video_av1,svc,33.837171,7.845,0,0,0,676,676,142215,34,5,4,0,single_no_enc
253,55,1710006,13661,326,video_av1,svc,45.737962,7.316,0,0,0,636,636,125440,36,5,4,0,single_no_enc
254,55,2037191,15066,327,video_av1,svc,31.33764,6.357,0,0,0,608,608,158227,45,15,9,0,single_no_enc
255,55,2034753,15034,328,video_av1,svc,46.428942,7.099,0,0,0,621,621,163389,49,15,9,0,single_no_enc
256,55,2036816,15066,329,video_av1,svc,35.557986,6.633,0,0,0,620,620,154976,48,15,9,0,single_no_enc
257,Unnamed 130,3576246,19546,33,video_vp9,simulcast,161.853869,4.856,0,0,0,299,299,61692,38,7,3,0,single_no_enc
258,55,2036917,15158,330,video_av1,svc,44.611862,7.162,0,0,0,630,630,125532,49,15,11,0,single_no_enc
259,55,1706634,13889,331,video_av1,svc,37.88577,6.418,0,0,0,617,617,151117,44,15,11,0,single_no_enc
260,55,2035441,14983,332,video_av1,svc,37.695996,6.576,0,0,0,598,598,139765,52,15,10,0,single_no_enc
261,Unnamed 131,3490948,19585,333,video_av1,simulcast,51.869815,4.776000000000001,0,0,0,1507,1507,358595,707,8,1,0,single_no_enc
262,Unnamed 132,3523264,19580,334,video_av1,simulcast,46.301776,8.524999999999999,0,0,0,1859,1859,478497,368,10,2,0,single_no_enc
263,Unnamed 133,3510622,19722,335,video_av1,simulcast,67.62446700000001,1.117,0,0,0,797,797,133345,729,5,0,0,single_no_enc
264,Unnamed 134,3514120,19765,336,video_av1,simulcast,34.661985,8.231,0,0,0,1833,1833,474025,381,13,3,0,single_no_enc
265,Unnamed 135,3477483,19419,337,video_av1,simulcast,69.10780600000001,0.705,0,0,0,425,425,75326,380,5,1,0,single_no_enc
266,Unnamed 136,3487923,19781,338,video_av1,simulcast,39.333043,3.835,0,0,0,761,761,258246,50,7,1,0,single_no_enc
267,Unnamed 137,3513091,19669,339,video_av1,simulcast,47.21786899999999,3.815,0,0,0,753,753,235378,61,7,1,0,single_no_enc
268,Unnamed 138,3573133,19821,34,video_vp9,simulcast,54.26548100000001,13.216,0,0,0,1354,1354,320460,23,16,6,0,single_no_enc
269,Unnamed 139,3499108,19513,340,video_av1,simulcast,43.416753,5.042,0,0,0,1476,1476,365988,688,11,3,0,single_no_enc
270,Unnamed 140,3504775,19716,341,video_av1,simulcast,36.008308,7.856999999999999,0,0,0,1824,1824,508566,386,13,3,0,single_no_enc
271,55,2902920,18685,342,video_vp9,svc,209.147754,18.383,0,0,0,1840,1840,162113,19,9,0,0,single_no_enc
272,55,2889796,18573,343,video_vp9,svc,160.688545,18.427,0,0,0,1860,1860,149401,14,9,0,0,single_no_enc
273,55,2907177,18501,344,video_vp9,svc,162.36011499999998,21.525,0,0,0,1600,1600,155214,29,6,0,0,single_no_enc
274,55,2861335,18843,345,video_vp9,svc,146.545436,17.79,0,0,0,1811,1811,162872,25,18,4,0,single_no_enc
275,55,2876222,18685,346,video_vp9,svc,194.442645,18.067,0,0,0,1807,1807,164585,24,18,4,0,single_no_enc
276,55,2917558,18614,347,video_vp9,svc,150.425989,20.224,0,0,0,1494,1494,169175,40,21,6,0,single_no_enc
277,55,2947343,19007,348,video_vp9,svc,261.563581,17.442,0,0,0,1786,1786,167738,31,30,9,0,single_no_enc
278,55,2783697,19174,349,video_vp9,svc,265.077847,16.274,0,0,0,1649,1649,175766,39,45,20,0,single_no_enc
279,Unnamed 141,3561010,19713,35,video_vp9,simulcast,97.011018,9.439,0,0,0,616,616,109605,22,7,2,0,single_no_enc
280,55,2755675,18998,350,video_vp9,svc,301.42968,15.751,0,0,0,1616,1616,169856,50,51,20,0,single_no_enc
281,Unnamed 142,3593250,19655,351,video_vp9,simulcast,107.91597000000002,5.2090000000000005,0,0,0,744,744,243107,25,9,4,0,single_no_enc
282,Unnamed 143,3499242,19687,352,video_vp9,simulcast,79.75855200000001,5.695000000000001,0,0,0,331,331,58504,21,7,0,0,single_no_enc
283,Unnamed 144,3560896,19490,353,video_vp9,simulcast,86.131062,5.639000000000001,0,0,0,815,815,210640,22,5,0,0,single_no_enc
284,Unnamed 145,3544241,19596,354,video_vp9,simulcast,88.482597,5.539,0,0,0,786,786,229093,17,8,0,0,single_no_enc
285,Unnamed 146,3586604,19524,355,video_vp9,simulcast,87.01800999999999,8.755,0,0,0,1431,1431,358995,24,15,0,0,single_no_enc
286,Unnamed 147,3568874,19569,356,video_vp9,simulcast,98.054052,4.923,0,0,0,626,626,95609,38,11,6,0,single_no_enc
287,Unnamed 148,3561614,19538,357,video_vp9,simulcast,53.25694,4.692,0,0,0,1359,1359,280344,17,10,2,0,single_no_enc
288,Unnamed 149,3599451,19631,358,video_vp9,simulcast,33.597339,12.004,0,0,0,1808,1808,482187,18,14,2,0,single_no_enc
289,Unnamed 150,3570002,19617,359,video_vp9,simulcast,53.589773,13.078,0,0,0,1285,1285,290527,30,13,4,0,single_no_enc
290,55,2036076,14843,36,video_av1,svc,57.456075,7.856,0,0,0,676,676,142978,32,4,3,0,single_no_enc
291,55,2034382,14988,37,video_av1,svc,25.44105,7.574,0,0,0,652,652,166882,32,5,4,0,single_no_enc
292,55,2037216,14895,38,video_av1,svc,31.183743,7.165,0,0,0,657,657,155605,38,5,4,0,single_no_enc
293,55,2037796,15012,39,video_av1,svc,36.544584,6.879,0,0,0,611,611,151661,50,13,10,0,single_no_enc
294,55,1706758,13870,4,video_av1,svc,35.880179,7.159,0,0,0,621,621,141356,43,13,10,0,single_no_enc
295,55,1708348,13683,40,video_av1,svc,39.018937,6.896,0,0,0,631,631,123837,48,12,9,0,single_no_enc
296,55,1709123,13801,41,video_av1,svc,38.289519,6.898,0,0,0,620,620,137077,42,15,9,0,single_no_enc
297,55,2035172,15166,42,video_av1,svc,49.733838,7.127,0,0,0,624,624,164151,52,16,11,0,single_no_enc
298,55,2036218,14957,43,video_av1,svc,52.762011,6.532,0,0,0,614,614,146014,55,16,11,0,single_no_enc
299,55,2034850,15057,44,video_av1,svc,33.73741,6.724,0,0,0,609,609,161050,50,13,11,0,single_no_enc
300,Unnamed 151,3487183,19671,45,video_av1,simulcast,33.868441,8.008000000000001,0,0,0,1829,1829,506786,369,10,2,0,single_no_enc
301,Unnamed 152,3482778,19726,46,video_av1,simulcast,50.414631,5.152,0,0,0,1455,1455,364686,663,8,1,0,single_no_enc
302,Unnamed 153,3507085,19725,47,video_av1,simulcast,45.727038,5.246,0,0,0,1508,1508,345858,713,8,1,0,single_no_enc
303,Unnamed 154,3509519,19600,48,video_av1,simulcast,96.465387,0.576,0,0,0,406,406,73959,368,5,1,0,single_no_enc
304,Unnamed 155,3505824,19769,49,video_av1,simulcast,34.323136,8.463,0,0,0,1790,1790,528867,366,13,3,0,single_no_enc
305,55,2036085,14989,5,video_av1,svc,71.69193299999999,7.328,0,0,0,643,643,140192,41,13,10,0,single_no_enc
306,Unnamed 156,3494091,19734,50,video_av1,simulcast,45.686319,5.082,0,0,0,1447,1447,334334,670,11,3,0,single_no_enc
307,Unnamed 157,3487040,19497,51,video_av1,simulcast,42.633929,4.006,0,0,0,762,762,234169,53,7,1,0,single_no_enc
308,Unnamed 158,3490016,19654,52,video_av1,simulcast,38.061741,4.703,0,0,0,1504,1504,362288,703,11,3,0,single_no_enc
309,Unnamed 159,3481851,19766,53,video_av1,simulcast,35.020802,8.071,0,0,0,1817,1817,507117,383,13,3,0,single_no_enc
310,55,2891137,18581,54,video_vp9,svc,148.097627,18.448,0,0,0,1839,1839,151942,16,9,0,0,single_no_enc
311,55,2847402,18546,55,video_vp9,svc,146.875145,21.184,0,0,0,1601,1601,158983,27,6,0,0,single_no_enc
312,55,2883711,18374,56,video_vp9,svc,138.883333,14.309,0,0,0,1618,1618,153344,29,6,0,0,single_no_enc
313,55,2395929,18446,57,video_vp9,svc,84.351136,6.329,0,0,0,1588,1588,168626,39,27,7,0,single_no_enc
314,55,2940183,18673,58,video_vp9,svc,141.27384999999998,18.366,0,0,0,1525,1525,152597,45,21,6,0,single_no_enc
315,55,2931482,18666,59,video_vp9,svc,172.786765,20.233,0,0,0,1505,1505,154127,44,21,6,0,single_no_enc
316,55,2034645,14901,6,video_av1,svc,35.016967,6.43,0,0,0,624,624,142987,49,15,11,0,single_no_enc
317,55,2405973,18806,60,video_vp9,svc,108.386452,16.776,0,0,0,1499,1499,160259,63,51,23,0,single_no_enc
318,55,2466282,18813,61,video_vp9,svc,130.590946,16.917,0,0,0,1454,1454,155782,63,60,24,0,single_no_enc
319,55,2736287,18900,62,video_vp9,svc,281.656219,16.348,0,0,0,1657,1657,155793,44,45,18,0,single_no_enc
320,Unnamed 160,3564470,19760,63,video_vp9,simulcast,56.23273499999999,9.028,0,0,0,1474,1474,427215,19,15,8,0,single_no_enc
321,Unnamed 161,3590480,19662,64,video_vp9,simulcast,117.179502,9.082,0,0,0,1437,1437,414233,26,13,6,0,single_no_enc
322,Unnamed 162,3586046,19404,65,video_vp9,simulcast,205.683865,6.308,0,0,0,377,377,60210,36,4,0,0,single_no_enc
323,Unnamed 163,3566128,19575,66,video_vp9,simulcast,53.829389000000006,13.569,0,0,0,1284,1284,277075,36,19,8,0,single_no_enc
324,Unnamed 164,3564913,19957,67,video_vp9,simulcast,145.421174,5.5280000000000005,0,0,0,334,334,62377,32,7,3,0,single_no_enc
325,Unnamed 165,3583013,19722,68,video_vp9,simulcast,166.788798,5.316000000000001,0,0,0,356,356,54736,29,7,3,0,single_no_enc
326,Unnamed 166,3578977,19744,69,video_vp9,simulcast,84.31857,9.116,0,0,0,1489,1489,453757,19,13,0,0,single_no_enc
327,55,2035278,14941,7,video_av1,svc,83.623176,2.188,0,0,0,625,625,137579,46,13,10,0,single_no_enc
328,Unnamed 167,3572639,19693,70,video_vp9,simulcast,49.92795100000001,12.905,0,0,0,1324,1324,306262,29,13,4,0,single_no_enc
329,Unnamed 168,3578652,19588,71,video_vp9,simulcast,32.14617,12.991,0,0,0,1747,1747,442628,21,17,3,0,single_no_enc
330,55,2034286,14797,72,video_av1,svc,31.380529,7.563,0,0,0,667,667,156737,35,4,3,0,single_no_enc
331,55,2034322,14854,73,video_av1,svc,28.541498,7.457,0,0,0,650,650,164884,35,5,4,0,single_no_enc
332,55,1706361,13882,74,video_av1,svc,32.780702999999995,7.738,0,0,0,661,661,147352,33,5,4,0,single_no_enc
333,55,2035772,15229,75,video_av1,svc,34.912374,6.588,0,0,0,607,607,156690,51,13,10,0,single_no_enc
334,55,2036889,15076,76,video_av1,svc,33.097955,6.904,0,0,0,619,619,155991,49,13,9,0,single_no_enc
335,55,2036791,14967,77,video_av1,svc,39.361839,6.757,0,0,0,618,618,150876,52,15,9,0,single_no_enc
336,55,2039657,14962,78,video_av1,svc,77.605863,7.159,0,0,0,631,631,138303,43,13,10,0,single_no_enc
337,55,2033895,15157,79,video_av1,svc,35.621011,6.673,0,0,0,609,609,162899,50,15,11,0,single_no_enc
338,55,2036226,15162,8,video_av1,svc,38.902347,6.194,0,0,0,627,627,151925,46,15,11,0,single_no_enc
339,55,2034922,14998,80,video_av1,svc,35.871704,6.452,0,0,0,605,605,146670,53,13,10,0,single_no_enc
340,Unnamed 169,3498281,19542,81,video_av1,simulcast,50.048701,0.548,0,0,0,430,430,72387,389,4,0,0,single_no_enc
341,Unnamed 170,3500991,19566,82,video_av1,simulcast,34.176895,8.205,0,0,0,1836,1836,486540,380,10,2,0,single_no_enc
342,Unnamed 171,3480582,19891,83,video_av1,simulcast,73.55610300000001,0.553,0,0,0,405,405,76584,371,4,0,0,single_no_enc
343,Unnamed 172,3496319,19757,84,video_av1,simulcast,50.04504,5.091,0,0,0,1457,1457,342942,688,11,3,0,single_no_enc
344,Unnamed 173,3506915,19699,85,video_av1,simulcast,26.108798,7.524,0,0,0,1471,1471,403301,52,11,2,0,single_no_enc
345,Unnamed 174,3503819,19640,86,video_av1,simulcast,75.62978700000001,0.6380000000000001,0,0,0,405,405,70054,361,5,1,0,single_no_enc
346,Unnamed 175,3515076,19752,87,video_av1,simulcast,89.438827,3.811,0,0,0,740,740,233286,45,7,1,0,single_no_enc
347,Unnamed 176,3476967,19693,88,video_av1,simulcast,62.396539,1.192,0,0,0,746,746,127525,684,7,2,0,single_no_enc
348,Unnamed 177,3495405,19860,89,video_av1,simulcast,28.276395,7.599,0,0,0,1454,1454,450243,60,11,2,0,single_no_enc
349,Unnamed 178,3489372,19682,9,video_av1,simulcast,35.010036,4.853000000000001,0,0,0,1508,1508,327216,714,8,1,0,single_no_enc
350,55,2894311,18594,90,video_vp9,svc,150.598389,18.178,0,0,0,1842,1842,165557,17,9,0,0,single_no_enc
351,55,2884312,18713,91,video_vp9,svc,168.444849,18.431,0,0,0,1841,1841,159308,15,9,0,0,single_no_enc
352,55,2890098,18494,92,video_vp9,svc,165.650101,21.609,0,0,0,1607,1607,150427,31,7,1,0,single_no_enc
353,55,2920097,18573,93,video_vp9,svc,126.108866,19.25,0,0,0,1502,1502,159872,41,21,6,0,single_no_enc
354,55,2909259,18694,94,video_vp9,svc,205.040377,17.999,0,0,0,1810,1810,172085,24,15,3,0,single_no_enc
355,55,2932500,18665,95,video_vp9,svc,141.800295,19.97,0,0,0,1514,1514,159587,43,21,6,0,single_no_enc
356,55,2859339,19184,96,video_vp9,svc,275.330176,17.133,0,0,0,1731,1731,177457,35,39,17,0,single_no_enc
357,55,2836833,18968,97,video_vp9,svc,242.578729,17.434,0,0,0,1730,1730,174052,36,40,18,0,single_no_enc
358,55,2821259,19023,98,video_vp9,svc,308.137391,16.427,0,0,0,1699,1699,170004,42,45,18,0,single_no_enc
359,Unnamed 179,3570076,19803,99,video_vp9,simulcast,91.638743,9.741,0,0,0,602,602,104015,28,13,0,0,single_no_enc
0,281,2022529,14776,0,video_av1,svc,63.028051,14.111,0,0,0,688,688,149266,28,4,3,0,phone
1,281,630012,5231,1,video_av1,svc,0.515417,0.428,0,0,0,9,9,21519,2,4,3,0,phone
2,Unnamed 0,3514320,19669,10,video_av1,simulcast,44.750822,14.079999999999998,0,0,0,1496,1496,352947,715,8,1,0,phone
3,Unnamed 1,16116895,31071,100,video_vp9,simulcast,86.265254,62.617,0,0,0,2459,2459,527965,1,8,2,0,phone
4,Unnamed 2,3586931,19506,101,video_vp9,simulcast,106.294593,15.583000000000002,0,0,0,673,673,104557,24,5,0,0,phone
5,Unnamed 3,3578715,19690,102,video_vp9,simulcast,75.297523,24.659,0,1244,2,1433,1433,418005,22,17,2,2,phone
6,Unnamed 4,3586318,19616,103,video_vp9,simulcast,49.708225,25.666,0,0,0,1377,1377,302409,32,17,7,0,phone
7,Unnamed 5,3621435,19765,104,video_vp9,simulcast,113.29777400000002,24.631,0,0,0,1478,1478,386095,23,13,2,0,phone
8,Unnamed 6,3608633,19628,105,video_vp9,simulcast,59.073618,22.370000000000005,0,0,0,1152,1152,288755,31,20,9,0,phone
9,Unnamed 7,3640756,19763,106,video_vp9,simulcast,165.448184,13.778999999999998,0,0,0,792,792,201104,28,8,1,0,phone
10,Unnamed 8,3618551,19525,107,video_vp9,simulcast,114.334297,13.372000000000002,0,0,0,793,793,213870,23,8,1,0,phone
11,281,2032423,14796,108,video_av1,svc,25.954603,14.182,0,0,0,653,653,167900,32,4,3,0,phone
12,281,2033534,14931,109,video_av1,svc,25.000665,13.479,0,0,0,655,655,157552,33,4,3,0,phone
13,Unnamed 9,3494672,19570,11,video_av1,simulcast,61.577290000000005,2.208,0,0,0,803,803,127503,732,5,0,0,phone
14,281,2035448,14794,110,video_av1,svc,25.849151,13.811,0,0,0,652,652,162001,36,4,3,0,phone
15,281,2033114,14859,111,video_av1,svc,111.305136,13.483,0,0,0,658,658,125412,42,12,9,0,phone
16,281,2037115,15027,112,video_av1,svc,36.721825,13.492,0,0,0,630,630,139697,48,12,8,0,phone
17,281,2035534,15074,113,video_av1,svc,38.872232,12.954,0,0,0,618,618,149505,49,12,8,0,phone
18,281,2036105,14988,114,video_av1,svc,40.994526,12.362,0,0,0,636,636,131902,42,12,10,0,phone
19,281,2037018,15049,115,video_av1,svc,35.633117,13.383,0,0,0,632,632,146354,46,12,9,0,phone
20,281,2037940,14992,116,video_av1,svc,66.777441,12.361,0,0,0,623,623,128632,46,13,10,0,phone
21,Unnamed 10,3497348,19609,117,video_av1,simulcast,42.772167,1.211,0,0,0,420,420,73103,388,4,0,0,phone
22,Unnamed 11,3537090,19761,118,video_av1,simulcast,84.51377,2.606,0,0,0,798,798,131477,712,5,0,0,phone
23,Unnamed 12,3504300,19582,119,video_av1,simulcast,27.58941,21.252,0,0,0,1858,1858,477343,397,10,2,0,phone
24,Unnamed 13,3506341,19760,12,video_av1,simulcast,29.829524,10.115000000000002,0,0,0,764,764,238001,61,7,1,0,phone
25,Unnamed 14,3522359,19777,120,video_av1,simulcast,55.476824,10.198,0,0,0,747,747,234873,39,7,1,0,phone
26,Unnamed 15,3496627,19667,121,video_av1,simulcast,50.133388,3.099,0,0,0,770,770,124927,684,7,2,0,phone
27,Unnamed 16,3514276,19696,122,video_av1,simulcast,48.167779,13.760000000000002,0,0,0,1484,1484,362464,696,11,3,0,phone
28,Unnamed 17,3515295,19891,123,video_av1,simulcast,24.084419000000004,23.803,0,0,0,1834,1834,477975,375,13,3,0,phone
29,Unnamed 18,3508027,19957,124,video_av1,simulcast,40.973563,13.864,0,0,0,1492,1492,354061,720,11,3,0,phone
30,Unnamed 19,3516497,19793,125,video_av1,simulcast,66.978452,10.334,0,0,0,750,750,239579,48,8,1,0,phone
31,281,8805233,23185,126,video_vp9,svc,7.155288,48.169,0,0,0,2063,2063,202635,10,7,1,0,phone
32,281,8967440,23666,127,video_vp9,svc,6.679075999999999,47.062,0,1376,2,2145,2145,205522,10,7,1,1,phone
33,281,2872446,18518,128,video_vp9,svc,154.23283,31.805,0,0,0,1828,1828,152074,19,10,1,0,phone
34,281,9035180,23617,129,video_vp9,svc,7.860500999999999,46.247,0,0,0,2154,2154,206979,13,8,2,0,phone
35,Unnamed 20,14026769,29558,13,video_av1,simulcast,97.47949299999998,2.25,0,0,0,2028,2028,452581,1945,8,2,0,phone
36,281,2899700,18697,130,video_vp9,svc,185.152972,29.809,0,0,0,1507,1507,158161,48,22,7,0,phone
37,281,9023111,23708,131,video_vp9,svc,10.400124,49.61,0,0,0,2174,2174,207239,11,7,1,0,phone
38,281,2906615,19117,132,video_vp9,svc,240.529184,29.442,0,0,0,1585,1585,167442,58,43,17,0,phone
39,281,2812911,19290,133,video_vp9,svc,259.617378,30.424,0,0,0,1672,1672,169162,41,46,20,0,phone
40,281,9061745,24738,134,video_vp9,svc,6.584568,41.918,0,0,0,1981,1981,205139,46,68,40,0,phone
41,Unnamed 21,16070453,31432,135,video_vp9,simulcast,44.888993,50.849,0,0,0,2455,2455,393839,3,8,0,0,phone
42,Unnamed 22,3620062,19981,136,video_vp9,simulcast,113.159714,14.051,0,0,0,613,613,118001,36,13,0,0,phone
43,Unnamed 23,3612315,19874,137,video_vp9,simulcast,206.710398,12.593999999999998,0,0,0,748,748,196924,35,9,4,0,phone
44,Unnamed 24,3605957,19649,138,video_vp9,simulcast,36.093050000000005,32.409,0,0,0,1792,1792,464400,17,19,5,0,phone
45,Unnamed 25,16098455,31387,139,video_vp9,simulcast,40.056517,52.204,0,0,0,2466,2466,393577,0,20,8,0,phone
46,Unnamed 26,3522770,19848,14,video_av1,simulcast,30.530922,23.351,0,0,0,1815,1815,505634,385,13,3,0,phone
47,Unnamed 27,16063695,31085,140,video_vp9,simulcast,62.341731,54.33,0,0,0,2458,2458,526431,5,15,2,0,phone
48,Unnamed 28,3586012,19488,141,video_vp9,simulcast,97.189112,13.736,0,0,0,792,792,197550,26,7,1,0,phone
49,Unnamed 29,16114364,31112,142,video_vp9,simulcast,49.454165,56.88000000000001,0,0,0,2482,2482,527660,1,11,3,0,phone
50,Unnamed 30,3537228,19642,143,video_vp9,simulcast,40.926725,23.542,0,0,0,1294,1294,429995,28,17,2,0,phone
51,281,630666,5209,144,video_av1,svc,0.247528,0.494,0,0,0,9,9,21259,2,4,3,0,phone
52,281,2033227,14784,145,video_av1,svc,66.05691,8.38,0,0,0,689,689,147614,32,4,3,0,phone
53,281,2035621,14593,146,video_av1,svc,26.775233,6.868,0,0,0,663,663,140846,38,4,3,0,phone
54,281,2036236,15118,147,video_av1,svc,34.725894,12.234,0,0,0,631,631,152447,45,12,9,0,phone
55,281,2034832,14970,148,video_av1,svc,38.477522,12.363,0,0,0,618,618,136721,49,12,9,0,phone
56,281,2033871,15214,149,video_av1,svc,37.571711,12.704,0,0,0,579,579,195806,43,12,9,0,phone
57,Unnamed 31,3514391,19567,15,video_av1,simulcast,68.79100299999999,1.388,0,0,0,410,410,69712,377,5,1,0,phone
58,281,2036667,14962,150,video_av1,svc,39.64684,13.189,0,0,0,634,634,132430,45,13,11,0,phone
59,281,2025529,15077,151,video_av1,svc,123.127244,14.282,0,0,0,644,644,120571,49,13,10,0,phone
60,281,2037091,14905,152,video_av1,svc,41.791615,13.503,0,0,0,663,663,131421,38,12,9,0,phone
61,Unnamed 32,3493179,19834,153,video_av1,simulcast,20.835476,20.987,0,0,0,1496,1496,489149,38,9,2,0,phone
62,Unnamed 33,3497980,19632,154,video_av1,simulcast,48.038397,11.456,0,0,0,751,751,228789,44,6,1,0,phone
63,Unnamed 34,3502490,19776,155,video_av1,simulcast,29.03736,22.697,0,0,0,1468,1468,465265,47,9,2,0,phone
64,Unnamed 35,3490724,19600,156,video_av1,simulcast,44.638942,2.955,0,0,0,777,777,125061,702,7,2,0,phone
65,Unnamed 36,3493518,19554,157,video_av1,simulcast,55.53437899999999,2.641,0,0,0,792,792,122167,714,7,2,0,phone
66,Unnamed 37,3502602,19725,158,video_av1,simulcast,27.868998,20.794,0,0,0,1810,1810,501460,389,13,3,0,phone
67,Unnamed 38,3518429,19736,159,video_av1,simulcast,81.66969,2.67,0,0,0,760,760,119583,691,7,2,0,phone
68,Unnamed 39,3582388,19785,16,video_av1,simulcast,102.506091,2.26,0,0,0,747,747,129147,669,7,2,0,phone
69,Unnamed 40,3499470,19691,160,video_av1,simulcast,45.731326,11.262,0,0,0,758,758,214903,46,7,1,0,phone
70,Unnamed 41,15610844,30682,161,video_av1,simulcast,211.441632,8.253,0,0,0,2337,2337,676944,1568,15,7,0,phone
71,281,2882841,18397,162,video_vp9,svc,182.072041,33.789,0,0,0,1588,1588,144858,28,7,1,0,phone
72,281,9152015,23846,163,video_vp9,svc,11.022904,48.302,0,0,0,2200,2200,210135,12,7,1,0,phone
73,281,9144286,23541,164,video_vp9,svc,15.757598,47.344,0,0,0,2211,2211,212568,13,7,1,0,phone
74,281,2535274,18649,165,video_vp9,svc,99.493943,33.181,0,0,0,1682,1682,164718,31,25,7,0,phone
75,281,2952350,18695,166,video_vp9,svc,169.316997,30.104,0,0,0,1508,1508,154004,47,22,7,0,phone
76,281,2922489,18825,167,video_vp9,svc,197.665472,31.963,0,0,0,1815,1815,157168,23,19,5,0,phone
77,281,2895600,19072,168,video_vp9,svc,208.003821,29.76,0,0,0,1798,1798,160788,27,34,16,0,phone
78,281,2816678,19170,169,video_vp9,svc,276.680371,29.962,0,0,0,1661,1661,183449,53,49,22,0,phone
79,Unnamed 42,3497231,19901,17,video_av1,simulcast,42.523143000000005,12.842,0,0,0,1475,1475,365236,708,11,3,0,phone
80,281,2444631,18626,170,video_vp9,svc,110.639678,30.076,0,0,0,1523,1523,155646,46,40,18,0,phone
81,Unnamed 43,3599142,19720,171,video_vp9,simulcast,116.363845,7.763000000000001,0,0,0,358,358,61000,23,8,0,0,phone
82,Unnamed 44,3620774,19870,172,video_vp9,simulcast,99.652518,25.425,0,0,0,1499,1499,374639,24,17,10,0,phone
83,Unnamed 45,3616530,19665,173,video_vp9,simulcast,151.45595099999997,14.136,0,0,0,665,665,95735,35,5,0,0,phone
84,Unnamed 46,3600191,19649,174,video_vp9,simulcast,61.237839,26.064,0,0,0,1328,1328,273419,31,20,9,0,phone
85,Unnamed 47,3606540,19998,175,video_vp9,simulcast,221.626751,11.935,0,0,0,655,655,245978,41,10,1,0,phone
86,Unnamed 48,3599144,19605,176,video_vp9,simulcast,169.31275699999998,13.358,0,0,0,736,736,213433,32,9,1,0,phone
87,Unnamed 49,3619356,19706,177,video_vp9,simulcast,178.79128300000002,13.985,0,0,0,648,648,103993,34,9,4,0,phone
88,Unnamed 50,3555863,19642,178,video_vp9,simulcast,33.621169,31.576,0,0,0,1799,1799,416200,20,19,5,0,phone
89,Unnamed 51,3603127,19669,179,video_vp9,simulcast,32.320581,31.76,0,0,0,1822,1822,399755,15,13,3,0,phone
90,281,9011843,23498,18,video_vp9,svc,6.07182,46.602,0,0,0,2200,2200,207083,7,7,1,0,phone
91,281,2035098,14953,180,video_av1,svc,30.154592,13.6,0,0,0,662,662,150592,37,4,3,0,phone
92,281,2034055,14813,181,video_av1,svc,25.21777,13.164,0,0,0,649,649,141771,37,4,3,0,phone
93,281,2047161,14890,182,video_av1,svc,61.181643,12.926,0,0,0,648,648,142808,36,4,3,0,phone
94,281,2037309,14922,183,video_av1,svc,69.050656,12.931,0,0,0,635,635,148583,45,12,9,0,phone
95,281,2035529,14935,184,video_av1,svc,74.444478,12.877,0,0,0,634,634,137763,47,12,9,0,phone
96,281,2035180,15128,185,video_av1,svc,31.623342,13.317,0,0,0,614,614,149793,45,12,9,0,phone
97,281,2033518,14863,186,video_av1,svc,34.329429999999995,12.325,0,0,0,636,636,141137,41,12,9,0,phone
98,281,2035332,15048,187,video_av1,svc,34.669546,12.633,0,0,0,616,616,149258,50,12,9,0,phone
99,281,2036691,14981,188,video_av1,svc,33.934697,12.769,0,0,0,628,628,140052,46,12,10,0,phone
100,Unnamed 52,3516916,19779,189,video_av1,simulcast,40.277603,20.988,0,0,0,1854,1854,507188,383,10,2,0,phone
101,281,8971635,23722,19,video_vp9,svc,8.236279,47.493,0,13738,14,2190,2190,206357,12,7,1,2,phone
102,Unnamed 53,3530949,19462,190,video_av1,simulcast,62.721997,10.025,0,0,0,755,755,241701,42,6,1,0,phone
103,Unnamed 54,3507290,19800,191,video_av1,simulcast,26.598629,19.681,0,0,0,1483,1483,487929,55,11,4,0,phone
104,Unnamed 55,3543938,19902,192,video_av1,simulcast,72.787353,2.596,0,0,0,775,775,120311,705,7,2,0,phone
105,Unnamed 56,3506570,19804,193,video_av1,simulcast,60.899152,1.511,0,0,0,419,419,72061,373,5,1,0,phone
106,Unnamed 57,3507232,19643,194,video_av1,simulcast,29.978137,22.932,0,0,0,1708,1708,527793,333,13,3,0,phone
107,Unnamed 58,3497635,19488,195,video_av1,simulcast,38.929257,10.007,0,0,0,756,756,222622,47,7,1,0,phone
108,Unnamed 59,3494090,19689,196,video_av1,simulcast,41.598293,12.246,0,0,0,1487,1487,348133,707,11,3,0,phone
109,Unnamed 60,3495764,19633,197,video_av1,simulcast,16.104602999999997,10.547999999999998,0,0,0,736,736,225956,48,8,1,0,phone
110,281,9044610,23545,198,video_vp9,svc,4.773832,49.058,0,0,0,2186,2186,207726,10,5,1,0,phone
111,281,9011108,23521,199,video_vp9,svc,4.763239,35.879,0,0,0,2193,2193,207431,12,5,1,0,phone
112,281,2036244,14881,2,video_av1,svc,26.510936,14.069,0,0,0,669,669,160300,34,4,3,0,phone
113,281,2871811,18725,20,video_vp9,svc,164.011136,32.01,0,0,0,1852,1852,144599,17,10,1,0,phone
114,281,2887974,18650,200,video_vp9,svc,126.398692,23.368,0,0,0,1615,1615,153391,29,7,1,0,phone
115,281,2894796,18617,201,video_vp9,svc,162.945987,26.816,0,0,0,1476,1476,145024,49,22,7,0,phone
116,281,2883449,18489,202,video_vp9,svc,137.196462,28.967,0,0,0,1480,1480,161894,50,22,7,0,phone
117,281,9025582,23637,203,video_vp9,svc,6.665838,47.359,0,0,0,2194,2194,207115,11,9,2,0,phone
118,281,9027571,24033,204,video_vp9,svc,6.000185,44.071,0,0,0,2055,2055,205846,31,44,20,0,phone
119,281,2948666,19190,205,video_vp9,svc,297.347531,27.859,0,0,0,1415,1415,169834,68,40,19,0,phone
120,281,3034293,18997,206,video_vp9,svc,458.30154,32.961,0,0,0,1813,1813,166821,40,28,8,0,phone
121,Unnamed 61,3566603,19486,207,video_vp9,simulcast,83.48208699999999,12.788999999999998,0,0,0,701,701,192966,23,10,5,0,phone
122,Unnamed 62,16141325,31084,208,video_vp9,simulcast,48.443124,55.415000000000006,0,0,0,2490,2490,394181,0,8,0,0,phone
123,Unnamed 63,3576217,19520,209,video_vp9,simulcast,126.807508,14.406,0,0,0,822,822,203658,22,6,1,0,phone
124,281,9017156,23614,21,video_vp9,svc,8.101863,48.993,0,0,0,2177,2177,206827,13,10,3,0,phone
125,Unnamed 64,16181810,31478,210,video_vp9,simulcast,33.150219,52.624,0,0,0,2464,2464,395241,0,17,8,0,phone
126,Unnamed 65,3609589,19759,211,video_vp9,simulcast,169.555491,13.423,0,0,0,632,632,89945,33,13,8,0,phone
127,Unnamed 66,3598107,19677,212,video_vp9,simulcast,56.971395,27.393,0,0,0,1362,1362,287679,27,11,3,0,phone
128,Unnamed 67,3607613,19617,213,video_vp9,simulcast,145.671086,13.317,0,0,0,597,597,107457,34,7,2,0,phone
129,Unnamed 68,3594229,19749,214,video_vp9,simulcast,29.098232000000003,32.469,0,0,0,1843,1843,429940,17,13,3,0,phone
130,Unnamed 69,3570329,19656,215,video_vp9,simulcast,77.220681,25.432,0,0,0,1460,1460,400705,19,13,2,0,phone
131,281,2032738,14845,216,video_av1,svc,52.777839,13.604,0,0,0,651,651,158982,32,4,3,0,phone
132,281,2031154,14969,217,video_av1,svc,29.252371,13.681,0,0,0,618,618,204755,26,4,3,0,phone
133,281,2031961,14809,218,video_av1,svc,26.904416,13.31,0,0,0,650,650,151747,41,4,3,0,phone
134,281,2037268,14922,219,video_av1,svc,63.665005,13.006,0,0,0,637,637,129888,46,12,9,0,phone
135,281,9003049,23704,22,video_vp9,svc,3.068276,50.48,0,0,0,2197,2197,207071,10,7,1,0,phone
136,281,2033400,14943,220,video_av1,svc,33.364691,12.923,0,0,0,635,635,153224,43,12,8,0,phone
137,281,2033890,14985,221,video_av1,svc,32.265184,12.544,0,0,0,614,614,147555,45,12,8,0,phone
138,281,2035773,15071,222,video_av1,svc,34.929516,13.048,0,0,0,612,612,140346,52,12,9,0,phone
139,281,1707510,13908,223,video_av1,svc,35.574001,13.382,0,0,0,625,625,144760,42,12,9,0,phone
140,281,2032337,15073,224,video_av1,svc,36.502525,13.185,0,0,0,624,624,152488,44,12,10,0,phone
141,Unnamed 70,3514840,19884,225,video_av1,simulcast,33.081322,23.758,0,0,0,1836,1836,495432,373,10,2,0,phone
142,Unnamed 71,3522748,19583,226,video_av1,simulcast,22.817172,24.769,0,0,0,1863,1863,492668,381,10,2,0,phone
143,Unnamed 72,3492594,19404,227,video_av1,simulcast,34.686247,12.176999999999998,0,0,0,1530,1530,328282,737,8,1,0,phone
144,Unnamed 73,3530363,19572,228,video_av1,simulcast,58.371142,1.471,0,0,0,431,431,75233,384,5,1,0,phone
145,Unnamed 74,3489887,19704,229,video_av1,simulcast,22.78208,20.51,0,0,0,1429,1429,478491,51,11,2,0,phone
146,281,2835000,18535,23,video_vp9,svc,152.061238,30.904,0,0,0,1472,1472,155473,47,22,7,0,phone
147,Unnamed 75,3496161,19547,230,video_av1,simulcast,39.81029,12.782999999999998,0,0,0,1506,1506,332793,708,11,3,0,phone
148,Unnamed 76,3488659,19729,231,video_av1,simulcast,33.356389,12.315,0,0,0,1451,1451,331501,692,11,3,0,phone
149,Unnamed 77,3511923,19609,232,video_av1,simulcast,69.839652,1.207,0,0,0,419,419,77863,388,5,1,0,phone
150,Unnamed 78,15347206,30662,233,video_av1,simulcast,21.132583,8.336,0,0,0,2293,2293,224644,1458,17,2,0,phone
151,281,2893569,18587,234,video_vp9,svc,177.105688,33.118,0,0,0,1565,1565,160113,34,7,1,0,phone
152,281,2903313,18569,235,video_vp9,svc,136.894487,32.336,0,0,0,1601,1601,154165,28,7,1,0,phone
153,281,9016643,23560,236,video_vp9,svc,3.99608,48.221,0,0,0,2203,2203,207792,13,5,1,0,phone
154,281,2909079,18720,237,video_vp9,svc,168.995812,29.635,0,0,0,1519,1519,159769,52,22,7,0,phone
155,281,9009320,23653,238,video_vp9,svc,7.401602,48.356,0,0,0,2177,2177,206719,12,10,3,0,phone
156,281,8799764,23196,239,video_vp9,svc,10.080114,53.216,0,0,0,2092,2092,201303,11,8,2,0,phone
157,281,2415641,18558,24,video_vp9,svc,116.533886,30.326,0,0,0,1549,1549,155578,45,37,11,0,phone
158,281,2342815,18529,240,video_vp9,svc,104.050537,30.232,0,0,0,1499,1499,152864,48,37,11,0,phone
159,281,2939800,19397,241,video_vp9,svc,323.957442,30.064,0,0,0,1745,1745,162326,43,40,17,0,phone
160,281,2815701,19102,242,video_vp9,svc,231.874783,30.543,0,0,0,1717,1717,164869,34,40,18,0,phone
161,Unnamed 79,3622532,19856,243,video_vp9,simulcast,121.584392,24.241,0,0,0,1486,1486,395065,26,17,10,0,phone
162,Unnamed 80,3607768,19565,244,video_vp9,simulcast,95.779881,24.739000000000004,0,0,0,1448,1448,306755,22,17,10,0,phone
163,Unnamed 81,3639275,19793,245,video_vp9,simulcast,148.27366,14.84,0,0,0,643,643,100657,25,7,0,0,phone
164,Unnamed 82,3579317,19797,246,video_vp9,simulcast,37.014413,29.992,0,0,0,1711,1711,459705,25,22,6,0,phone
165,Unnamed 83,16027140,31404,247,video_vp9,simulcast,4.835668,48.085,0,0,0,2463,2463,130059,4,23,8,0,phone
166,Unnamed 84,3589218,19704,248,video_vp9,simulcast,75.020294,25.58,0,0,0,1477,1477,390987,18,13,2,0,phone
167,Unnamed 85,16042418,31433,249,video_vp9,simulcast,84.054062,56.621,0,0,0,2452,2452,525130,7,24,9,0,phone
168,281,2383455,18629,25,video_vp9,svc,101.315176,30.116,0,0,0,1504,1504,144820,50,40,16,0,phone
169,Unnamed 86,3589078,19597,250,video_vp9,simulcast,165.421157,7.79,0,0,0,336,336,61575,33,7,3,0,phone
170,Unnamed 87,3560809,19617,251,video_vp9,simulcast,71.01732899999999,13.416,0,0,0,572,572,95055,20,11,6,0,phone
171,281,2044759,14918,252,video_av1,svc,30.208168,13.326,0,0,0,673,673,162744,36,4,3,0,phone
172,281,2033522,14895,253,video_av1,svc,27.360489,8.519,0,0,0,656,656,157947,42,4,3,0,phone
173,281,2034950,14801,254,video_av1,svc,27.904771,10.312,0,0,0,673,673,155482,33,4,3,0,phone
174,281,1720154,13856,255,video_av1,svc,31.857167,11.622,0,0,0,616,616,145439,42,12,9,0,phone
175,281,2036901,14922,256,video_av1,svc,34.448697,13.783,0,0,0,633,633,139227,47,12,9,0,phone
176,281,634889,5277,257,video_av1,svc,1.198202,0.376,0,0,0,8,8,21467,3,4,5,0,phone
177,281,626384,5385,258,video_av1,svc,0.2736,0.457,0,0,0,9,9,21407,2,4,5,0,phone
178,281,2035990,15090,259,video_av1,svc,39.505547,13.598,0,0,0,630,630,141289,45,12,10,0,phone
179,281,9004219,24265,26,video_vp9,svc,6.622766,44.514,0,0,0,1965,1965,203824,37,47,24,0,phone
180,281,2035374,15114,260,video_av1,svc,30.104925,12.544,0,0,0,618,618,161479,43,12,9,0,phone
181,Unnamed 88,3500564,19562,261,video_av1,simulcast,53.1009,14.623,0,0,0,1522,1522,369056,724,8,1,0,phone
182,Unnamed 89,3509990,19672,262,video_av1,simulcast,40.10278,11.839,0,0,0,739,739,233604,44,6,1,0,phone
183,Unnamed 90,3529482,19636,263,video_av1,simulcast,44.318415,20.533,0,0,0,1482,1482,462133,50,9,2,0,phone
184,Unnamed 91,3513778,19597,264,video_av1,simulcast,39.21343399999999,12.964,0,0,0,1472,1472,346642,704,14,4,0,phone
185,Unnamed 92,3515814,19754,265,video_av1,simulcast,53.275753,12.399,0,0,0,1488,1488,356366,718,11,3,0,phone
186,Unnamed 93,3519238,19643,266,video_av1,simulcast,44.191935,13.036,0,0,0,1476,1476,336335,703,11,3,0,phone
187,Unnamed 94,3505273,19888,267,video_av1,simulcast,35.037329,22.149,0,0,0,1832,1832,520501,365,13,3,0,phone
188,Unnamed 95,3516338,19582,268,video_av1,simulcast,31.784136,21.108,0,0,0,1438,1438,414885,50,11,2,0,phone
189,Unnamed 96,3501943,19672,269,video_av1,simulcast,51.778373,2.3280000000000003,0,0,0,762,762,124889,687,7,2,0,phone
190,Unnamed 97,3612098,19764,27,video_vp9,simulcast,252.343149,7.728,0,0,0,339,339,60084,42,8,0,0,phone
191,281,8813281,23243,270,video_vp9,svc,9.869211,47.888,0,0,0,2088,2088,202903,11,5,1,0,phone
192,281,2878993,18494,271,video_vp9,svc,122.701454,29.918,0,0,0,1618,1618,164498,28,7,1,0,phone
193,281,2903061,18693,272,video_vp9,svc,200.277405,31.523,0,0,0,1843,1843,165959,17,10,1,0,phone
194,281,8987933,23702,273,video_vp9,svc,4.415696,45.273,0,0,0,2131,2131,205651,11,10,2,0,phone
195,281,9020551,23749,274,video_vp9,svc,5.90831,45.207,0,0,0,2164,2164,207115,13,13,3,0,phone
196,281,8985216,23639,275,video_vp9,svc,7.206219,45.85,0,0,0,2147,2147,206047,16,10,2,0,phone
197,281,9022417,24239,276,video_vp9,svc,14.446518,42.829,0,0,0,1997,1997,204655,37,52,24,0,phone
198,281,9051890,24251,277,video_vp9,svc,8.267517999999999,46.221,0,0,0,2034,2034,206672,35,47,24,0,phone
199,281,9063108,24668,278,video_vp9,svc,10.683181,44.936,0,0,0,1949,1949,206000,43,59,34,0,phone
200,Unnamed 98,16113387,31257,279,video_vp9,simulcast,106.49443,57.653000000000006,0,0,0,2445,2445,570617,3,7,0,0,phone
201,Unnamed 99,3601490,19609,28,video_vp9,simulcast,44.357518,25.707,0,0,0,1351,1351,276295,28,20,5,0,phone
202,Unnamed 100,16103649,31299,280,video_vp9,simulcast,53.713613,59.05499999999999,0,0,0,2487,2487,309237,3,12,4,0,phone
203,Unnamed 101,3614824,19701,281,video_vp9,simulcast,31.956621,33.35,0,0,0,1884,1884,490823,12,10,2,0,phone
204,Unnamed 102,3565914,19606,282,video_vp9,simulcast,99.84685,12.947,0,0,0,734,734,188627,23,9,1,0,phone
205,Unnamed 103,3593648,19586,283,video_vp9,simulcast,50.137048,24.823,0,0,0,1321,1321,314961,22,17,7,0,phone
206,Unnamed 104,3602291,19609,284,video_vp9,simulcast,126.903667,23.712000000000003,0,0,0,1470,1470,402231,26,15,2,0,phone
207,Unnamed 105,3579561,19806,285,video_vp9,simulcast,120.234682,7.254,0,0,0,320,320,61167,22,8,4,0,phone
208,Unnamed 106,3601077,19905,286,video_vp9,simulcast,159.613482,8.222,0,999,1,368,368,63569,36,5,1,1,phone
209,Unnamed 107,16081578,31220,287,video_vp9,simulcast,7.914650999999999,51.438,0,0,0,2445,2445,175351,2,19,4,0,phone
210,281,2031501,14789,288,video_av1,svc,31.296815,14.547,0,0,0,671,671,153451,33,4,3,0,phone
211,281,2037018,14874,289,video_av1,svc,61.761176,12.92,0,0,0,660,660,148005,30,4,3,0,phone
212,Unnamed 108,3602135,19534,29,video_vp9,simulcast,163.362951,13.922999999999998,0,13095,12,789,789,190181,29,9,1,3,phone
213,281,2033814,14837,290,video_av1,svc,26.175003,13.705,0,0,0,679,679,154032,32,4,3,0,phone
214,281,2035751,14978,291,video_av1,svc,33.025879,12.546,0,0,0,631,631,143012,44,12,8,0,phone
215,281,2034333,14953,292,video_av1,svc,38.59865,12.361,0,0,0,618,618,148069,48,12,9,0,phone
216,281,2035930,14873,293,video_av1,svc,34.023553,12.184,0,0,0,619,619,135696,47,12,9,0,phone
217,281,2024539,15038,294,video_av1,svc,32.02604,12.793,0,0,0,633,633,147083,41,12,9,0,phone
218,281,2034670,14908,295,video_av1,svc,49.033937,13.925,0,2789,4,634,634,131469,46,14,10,1,phone
219,281,2033851,14989,296,video_av1,svc,65.366381,12.943,0,0,0,641,641,138040,40,12,9,0,phone
220,Unnamed 109,3498815,19543,297,video_av1,simulcast,39.931966,22.15,0,0,0,1848,1848,507743,380,10,2,0,phone
221,Unnamed 110,3539018,19632,298,video_av1,simulcast,33.539473,23.985,0,0,0,1855,1855,509418,387,10,2,0,phone
222,Unnamed 111,3502830,19653,299,video_av1,simulcast,57.2947,2.162,0,0,0,786,786,120825,710,5,0,0,phone
223,281,2034543,14959,3,video_av1,svc,35.348323,12.666,0,0,0,625,625,143162,48,12,9,0,phone
224,Unnamed 112,3644842,19844,30,video_vp9,simulcast,98.74033,23.656,0,0,0,1370,1370,376789,27,17,2,0,phone
225,Unnamed 113,3499866,19733,300,video_av1,simulcast,38.198828,14.135000000000002,0,0,0,1501,1501,349994,732,11,3,0,phone
226,Unnamed 114,3517301,19840,301,video_av1,simulcast,44.538183,1.132,0,0,0,410,410,75721,379,5,1,0,phone
227,Unnamed 115,3497917,19800,302,video_av1,simulcast,43.031212,12.704,0,408,1,1475,1475,319408,701,14,3,1,phone
228,Unnamed 116,3538295,19638,303,video_av1,simulcast,51.588903,12.494,0,0,0,1487,1487,332996,710,11,3,0,phone
229,Unnamed 117,3499773,19782,304,video_av1,simulcast,72.22077000000002,1.304,0,0,0,413,413,72564,373,5,1,0,phone
230,Unnamed 118,3510509,19650,305,video_av1,simulcast,31.732238,23.028,0,0,0,1828,1828,510138,370,13,3,0,phone
231,281,2894409,18801,306,video_vp9,svc,211.853393,28.19,0,0,0,1842,1842,152378,16,10,1,0,phone
232,281,9047914,23647,307,video_vp9,svc,8.415144999999999,41.196,0,5500,5,2167,2167,207759,9,5,1,2,phone
233,281,9024163,23534,308,video_vp9,svc,14.104544,43.811,0,0,0,2150,2150,207594,9,7,1,0,phone
234,281,9004539,23610,309,video_vp9,svc,3.978404,50.519,0,0,0,2170,2170,207704,10,11,3,0,phone
235,Unnamed 119,3587765,19670,31,video_vp9,simulcast,132.943997,8.432,0,0,0,358,358,62308,25,7,3,0,phone
236,281,9005936,23521,310,video_vp9,svc,9.704793,51.152,0,0,0,2152,2152,206799,12,8,2,0,phone
237,281,9023820,23633,311,video_vp9,svc,6.292267,49.573,0,0,0,2184,2184,206659,10,8,2,0,phone
238,281,2983057,18724,312,video_vp9,svc,317.336876,30.676,0,0,0,1468,1468,173430,60,28,9,0,phone
239,281,2694171,19148,313,video_vp9,svc,217.429188,29.614,0,0,0,1634,1634,167883,45,46,19,0,phone
240,281,2888944,19284,314,video_vp9,svc,307.71809,31.464,0,0,0,1725,1725,167624,44,46,20,0,phone
241,Unnamed 120,3603205,19884,315,video_vp9,simulcast,31.850023,29.499,0,0,0,1759,1759,456653,18,22,10,0,phone
242,Unnamed 121,3616005,19796,316,video_vp9,simulcast,84.65177000000001,12.598,0,0,0,590,590,102871,41,13,0,0,phone
243,Unnamed 122,3599263,19793,317,video_vp9,simulcast,125.125409,27.264,0,0,0,1593,1593,396451,18,9,2,0,phone
244,Unnamed 123,3594546,19553,318,video_vp9,simulcast,165.66882499999997,7.726,0,0,0,328,328,63521,23,9,3,0,phone
245,Unnamed 124,16097479,31434,319,video_vp9,simulcast,53.89255299999999,57.272000000000006,0,0,0,2486,2486,569704,0,10,2,0,phone
246,Unnamed 125,3584594,19591,32,video_vp9,simulcast,126.596878,14.228,0,0,0,768,768,215505,15,8,1,0,phone
247,Unnamed 126,3607242,19837,320,video_vp9,simulcast,176.276272,14.283,0,0,0,793,793,213980,28,8,1,0,phone
248,Unnamed 127,16107017,31949,321,video_vp9,simulcast,34.408544000000006,59.335,0,18330,16,2438,2438,392297,0,20,4,2,phone
249,Unnamed 128,16033922,31141,322,video_vp9,simulcast,37.27588000000001,57.016000000000005,0,0,0,2460,2460,306589,6,22,6,0,phone
250,Unnamed 129,3647917,19757,323,video_vp9,simulcast,161.173074,8.020999999999999,0,0,0,358,358,64609,28,5,1,0,phone
251,281,2034971,14952,324,video_av1,svc,25.604677,12.801,0,0,0,646,646,162206,30,4,3,0,phone
252,281,2034204,14837,325,video_av1,svc,28.370167,13.68,0,0,0,661,661,165420,32,4,3,0,phone
253,281,2033106,14822,326,video_av1,svc,24.166477,12.831,0,0,0,647,647,140930,37,4,3,0,phone
254,281,2036015,15034,327,video_av1,svc,61.073829,13.478,0,0,0,626,626,137899,49,12,9,0,phone
255,281,1706273,13808,328,video_av1,svc,39.095247,12.624,0,0,0,618,618,141356,46,13,10,0,phone
256,281,2034413,15006,329,video_av1,svc,34.704618,13.798,0,0,0,636,636,148223,43,12,8,0,phone
257,Unnamed 130,16015103,31065,33,video_vp9,simulcast,36.170112,55.133,0,0,0,2459,2459,391349,0,11,3,0,phone
258,281,2038091,15010,330,video_av1,svc,76.663941,13.26,0,0,0,598,598,134571,43,13,10,0,phone
259,281,2036358,15005,331,video_av1,svc,31.869945,13.051,0,0,0,622,622,164209,37,12,10,0,phone
260,281,2035485,15006,332,video_av1,svc,31.727013,11.718,0,0,0,602,602,152617,48,13,10,0,phone
261,Unnamed 131,3509717,19574,333,video_av1,simulcast,40.705248,10.842,0,0,0,769,769,230953,40,6,1,0,phone
262,Unnamed 132,3502829,19637,334,video_av1,simulcast,45.167184000000006,11.984000000000002,0,0,0,764,764,217339,44,6,1,0,phone
263,Unnamed 133,3507506,19615,335,video_av1,simulcast,34.977077,21.137,0,0,0,1869,1869,494022,385,10,2,0,phone
264,Unnamed 134,3505966,19593,336,video_av1,simulcast,56.718893,10.867,0,0,0,748,748,250781,56,7,1,0,phone
265,Unnamed 135,3506766,19721,337,video_av1,simulcast,47.26215499999999,12.563999999999998,0,0,0,1492,1492,352392,699,11,3,0,phone
266,Unnamed 136,3501109,19650,338,video_av1,simulcast,45.716173,12.561,0,0,0,1466,1466,331810,695,11,3,0,phone
267,Unnamed 137,3533258,19565,339,video_av1,simulcast,72.022111,10.304,0,0,0,744,744,224148,39,7,1,0,phone
268,Unnamed 138,16119314,31470,34,video_vp9,simulcast,32.821205,54.874,0,0,0,2466,2466,308393,6,25,9,0,phone
269,Unnamed 139,3502031,19614,340,video_av1,simulcast,31.114744,21.082,0,0,0,1803,1803,440928,379,13,3,0,phone
270,Unnamed 140,3488484,19680,341,video_av1,simulcast,64.287014,1.467,0,0,0,401,401,74390,358,5,1,0,phone
271,281,9008834,23690,342,video_vp9,svc,4.912287,49.908,0,0,0,2212,2212,206915,13,5,1,0,phone
272,281,9007856,23485,343,video_vp9,svc,7.621846,50.084,0,0,0,2203,2203,207587,10,4,0,0,phone
273,281,2817380,18537,344,video_vp9,svc,136.819074,33.902,0,0,0,1580,1580,150969,33,7,1,0,phone
274,281,2841275,18536,345,video_vp9,svc,185.296809,30.774,0,0,0,1492,1492,149852,45,22,7,0,phone
275,281,2931836,18821,346,video_vp9,svc,174.853152,32.21,0,0,0,1808,1808,167426,26,19,5,0,phone
276,281,2857779,18796,347,video_vp9,svc,160.43446699999998,33.121,0,421,2,1804,1804,153516,25,19,5,1,phone
277,281,2853799,19265,348,video_vp9,svc,322.728716,30.371,0,0,0,1709,1709,164747,37,46,19,0,phone
278,281,2794890,19397,349,video_vp9,svc,273.121187,30.275,0,0,0,1644,1644,168544,50,52,23,0,phone
279,Unnamed 141,3604625,19627,35,video_vp9,simulcast,31.622208,31.21,0,0,0,1803,1803,431520,15,13,3,0,phone
280,281,9039255,24131,350,video_vp9,svc,15.996117,44.209,0,0,0,2021,2021,205099,33,50,22,0,phone
281,Unnamed 142,16112760,31083,351,video_vp9,simulcast,42.936716,52.457,0,0,0,2462,2462,394289,1,8,0,0,phone
282,Unnamed 143,3592836,19709,352,video_vp9,simulcast,132.140639,12.761,0,0,0,738,738,205332,28,10,5,0,phone
283,Unnamed 144,3612880,19749,353,video_vp9,simulcast,56.562635,28.216,0,0,0,1425,1425,263092,16,8,1,0,phone
284,Unnamed 145,3589716,19722,354,video_vp9,simulcast,97.310325,13.676,0,0,0,627,627,98847,40,13,8,0,phone
285,Unnamed 146,3573043,19631,355,video_vp9,simulcast,106.328416,12.419,0,0,0,543,543,111295,42,13,8,0,phone
286,Unnamed 147,3604539,19523,356,video_vp9,simulcast,169.04156999999998,7.526,0,0,0,350,350,65316,35,5,1,0,phone
287,Unnamed 148,3619108,19903,357,video_vp9,simulcast,129.564677,7.580999999999999,0,0,0,348,348,68498,21,7,3,0,phone
288,Unnamed 149,3644939,19864,358,video_vp9,simulcast,155.45621899999998,8.103,0,0,0,360,360,57665,30,7,3,0,phone
289,Unnamed 150,16122384,31385,359,video_vp9,simulcast,47.84974,54.19200000000001,0,0,0,2473,2473,528300,4,15,6,0,phone
290,281,1707681,13624,36,video_av1,svc,25.570982,12.627,0,0,0,643,643,146435,32,4,3,0,phone
291,281,1706916,13654,37,video_av1,svc,22.811365,12.813,0,0,0,658,658,163110,34,4,3,0,phone
292,281,624678,5333,38,video_av1,svc,3.661141,0.471,0,0,0,9,9,21449,3,4,3,0,phone
293,281,2036316,14951,39,video_av1,svc,33.88246,11.225,0,0,0,633,633,141979,41,12,9,0,phone
294,281,2047151,14956,4,video_av1,svc,29.983773,13.288,0,0,0,619,619,167176,40,12,9,0,phone
295,281,2036713,14930,40,video_av1,svc,56.210731,11.812,0,0,0,618,618,147177,56,15,8,0,phone
296,281,2033852,15144,41,video_av1,svc,32.913868,11.901,0,0,0,614,614,149649,45,13,10,0,phone
297,281,2034395,15069,42,video_av1,svc,40.060291,12.19,0,0,0,623,623,153802,46,12,9,0,phone
298,281,2033602,15026,43,video_av1,svc,40.727641,12.528,0,7057,8,629,629,151565,42,15,10,1,phone
299,281,1710440,13785,44,video_av1,svc,72.52174699999999,12.808,0,0,0,605,605,130583,47,13,10,0,phone
300,Unnamed 151,3488622,19841,45,video_av1,simulcast,46.246624,12.331,0,0,0,1512,1512,341501,740,8,1,0,phone
301,Unnamed 152,13660438,28857,46,video_av1,simulcast,82.746259,2.534,0,0,0,2060,2060,445229,1983,5,0,0,phone
302,Unnamed 153,3516649,19644,47,video_av1,simulcast,47.257569,12.760000000000002,0,0,0,1527,1527,359122,732,8,1,0,phone
303,Unnamed 154,3496063,19804,48,video_av1,simulcast,27.342517,20.542,0,0,0,1791,1791,509614,379,13,3,0,phone
304,Unnamed 155,3501625,19754,49,video_av1,simulcast,48.271971,2.708,0,0,0,794,794,130307,706,7,2,0,phone
305,281,2033712,14919,5,video_av1,svc,34.362412,12.518,0,0,0,618,618,136390,55,12,9,0,phone
306,Unnamed 156,3510932,19713,50,video_av1,simulcast,62.21163,1.3470000000000002,0,0,0,434,434,73942,398,5,1,0,phone
307,Unnamed 157,3518565,19685,51,video_av1,simulcast,91.35082,1.245,0,0,0,405,405,75477,369,5,1,0,phone
308,Unnamed 158,3524696,19844,52,video_av1,simulcast,90.739688,2.303,0,0,0,780,780,121111,706,7,2,0,phone
309,Unnamed 159,3508600,19822,53,video_av1,simulcast,38.345246,23.396,0,0,0,1809,1809,501410,384,13,3,0,phone
310,281,9033712,23710,54,video_vp9,svc,6.914319,48.675,0,327,2,2205,2205,207587,11,4,1,1,phone
311,281,9029809,23620,55,video_vp9,svc,3.135123,48.919,0,0,0,2217,2217,207607,11,4,1,0,phone
312,281,2862102,18609,56,video_vp9,svc,198.127698,33.099,0,3484,4,1832,1832,153143,20,10,1,2,phone
313,281,9044651,23647,57,video_vp9,svc,8.752780999999999,48.09,0,0,0,2175,2175,207755,12,7,1,0,phone
314,281,2555569,18702,58,video_vp9,svc,91.278774,32.864,0,0,0,1681,1681,167561,32,28,8,0,phone
315,281,9107428,23755,59,video_vp9,svc,42.326959,46.792,0,0,0,2165,2165,210562,16,10,3,0,phone
316,281,2034030,14972,6,video_av1,svc,36.464928,12.276,0,0,0,618,618,156272,46,12,9,0,phone
317,281,2571842,18641,60,video_vp9,svc,119.013752,30.773,0,0,0,1623,1623,158561,41,40,14,0,phone
318,281,2981015,19178,61,video_vp9,svc,285.088685,28.544,0,0,0,1618,1618,163500,56,43,21,0,phone
319,281,2451423,18717,62,video_vp9,svc,136.422998,29.431,0,0,0,1538,1538,167272,50,46,19,0,phone
320,Unnamed 160,3600037,19783,63,video_vp9,simulcast,47.024678,23.216,0,0,0,1251,1251,306212,32,20,5,0,phone
321,Unnamed 161,3578144,19921,64,video_vp9,simulcast,74.13009299999999,24.593,0,0,0,1483,1483,416555,20,17,10,0,phone
322,Unnamed 162,3534641,19581,65,video_vp9,simulcast,54.055800000000005,27.601,0,0,0,1448,1448,293958,8,8,1,0,phone
323,Unnamed 163,16112665,31818,66,video_vp9,simulcast,60.543959,54.829,0,75386,67,2480,2480,525404,5,20,1,5,phone
324,Unnamed 164,3652486,19648,67,video_vp9,simulcast,96.384358,23.514000000000003,0,0,0,1335,1335,408867,25,17,2,0,phone
325,Unnamed 165,3602503,19559,68,video_vp9,simulcast,153.117396,14.221,0,0,0,787,787,208264,28,7,1,0,phone
326,Unnamed 166,3613168,19620,69,video_vp9,simulcast,55.996433,26.766,0,0,0,1353,1353,276382,20,14,5,0,phone
327,281,2037443,14879,7,video_av1,svc,37.343098,13.181,0,0,0,632,632,139498,45,12,10,0,phone
328,Unnamed 167,3579016,19580,70,video_vp9,simulcast,138.141409,14.151,0,0,0,663,663,91735,29,7,2,0,phone
329,Unnamed 168,3579387,19714,71,video_vp9,simulcast,43.996893,25.035,0,0,0,1457,1457,414529,17,15,2,0,phone
330,281,2031500,14718,72,video_av1,svc,27.087106,14.131,0,0,0,681,681,159435,28,4,3,0,phone
331,281,2035351,14926,73,video_av1,svc,42.389324,14.977,0,0,0,699,699,140576,31,6,4,0,phone
332,281,2038112,14764,74,video_av1,svc,65.617087,14.593,0,0,0,657,657,140048,39,4,3,0,phone
333,281,2033820,14893,75,video_av1,svc,35.720866,13.051,0,0,0,624,624,144341,47,12,9,0,phone
334,281,2034655,15023,76,video_av1,svc,31.434206,13.115,0,0,0,592,592,147958,55,13,10,0,phone
335,281,2036269,14930,77,video_av1,svc,71.16895199999999,12.337,0,0,0,620,620,128869,47,13,10,0,phone
336,281,2037050,14962,78,video_av1,svc,41.732194,13.014,0,0,0,652,652,135146,44,12,10,0,phone
337,281,2045287,15019,79,video_av1,svc,35.170109,12.035,0,0,0,615,615,148354,52,12,10,0,phone
338,281,2033729,15122,8,video_av1,svc,42.592984,14.06,0,0,0,631,631,143502,45,13,11,0,phone
339,281,629739,5401,80,video_av1,svc,1.413571,0.437,0,0,0,7,7,19745,4,4,5,0,phone
340,Unnamed 169,3498480,19560,81,video_av1,simulcast,45.67556,12.847,0,0,0,1506,1506,349738,728,11,2,0,phone
341,Unnamed 170,3506316,19609,82,video_av1,simulcast,35.474987,20.162,0,0,0,1488,1488,423441,50,9,2,0,phone
342,Unnamed 171,3520209,19807,83,video_av1,simulcast,47.93266800000001,19.499,0,0,0,1464,1464,435365,50,11,4,0,phone
343,Unnamed 172,3553971,19682,84,video_av1,simulcast,94.489694,1.217,0,0,0,413,413,78376,381,5,1,0,phone
344,Unnamed 173,3501008,19757,85,video_av1,simulcast,67.256929,9.8,0,0,0,755,755,229042,48,7,1,0,phone
345,Unnamed 174,3501968,19632,86,video_av1,simulcast,49.789194,12.257,0,0,0,1463,1463,340812,705,11,3,0,phone
346,Unnamed 175,3516349,19642,87,video_av1,simulcast,41.430317,20.743,0,0,0,1444,1444,472855,56,11,2,0,phone
347,Unnamed 176,3509444,19573,88,video_av1,simulcast,54.991953,1.025,0,0,0,397,397,78682,364,5,1,0,phone
348,Unnamed 177,3484472,19668,89,video_av1,simulcast,39.788262,11.927,0,0,0,738,738,204670,47,7,1,0,phone
349,Unnamed 178,3509992,19704,9,video_av1,simulcast,63.980959,2.131,0,0,0,805,805,128197,731,5,0,0,phone
350,281,2903825,18430,90,video_vp9,svc,153.99553799999998,32.201,0,0,0,1624,1624,154715,30,7,1,0,phone
351,281,2853860,18576,91,video_vp9,svc,160.505821,25.551,0,0,0,1581,1581,153394,32,7,1,0,phone
352,281,9078689,23621,92,video_vp9,svc,4.216768,37.965,0,0,0,2203,2203,209651,9,5,1,0,phone
353,281,2597360,18755,93,video_vp9,svc,83.470033,27.586,0,0,0,1693,1693,178767,32,28,8,0,phone
354,281,2923127,18655,94,video_vp9,svc,127.655278,33.287,0,0,0,1820,1820,159851,23,19,5,0,phone
355,281,8982959,23474,95,video_vp9,svc,5.270529,48.248,0,0,0,2143,2143,205523,10,9,2,0,phone
356,281,2897413,19154,96,video_vp9,svc,308.400623,30.699,0,0,0,1738,1738,174185,44,43,18,0,phone
357,281,9039958,24541,97,video_vp9,svc,8.555838,44.217,0,0,0,2010,2010,205043,37,53,27,0,phone
358,281,9009863,24230,98,video_vp9,svc,8.909554,44.474,0,0,0,2011,2011,204307,36,50,25,0,phone
359,Unnamed 179,3644374,19721,99,video_vp9,simulcast,162.70473499999997,13.189,0,0,0,619,619,100907,33,13,0,0,phone
