id,timestamp,type,codecId,kind,mediaType,ssrc,transportId,bytesSent,packetsSent,active,encodingIndex,firCount,framesEncoded,framesSent,headerBytesSent,hugeFramesSent,keyFramesEncoded,mediaSourceId,mid,nackCount,packetsSentWithEct1,pliCount,qualityLimitationDurations,qualityLimitationReason,qualityLimitationResolutionChanges,retransmittedBytesSent,retransmittedPacketsSent,rid,rtxSsrc,totalEncodeTime,totalEncodedBytesTarget,totalPacketSendDelay
OT01V3055899734,1776601518480.48,outbound-rtp,COT01_98_profile-id=0,video,video,3055899734,T01,0,0,true,1,0,0,0,0,0,0,SV210,0,0,0,0,[object Object],none,0,0,0,r1,2057954113,0,0,0
OT01V353992379,1776601518480.48,outbound-rtp,COT01_98_profile-id=0,video,video,353992379,T01,0,0,true,2,0,0,0,0,0,0,SV210,0,0,0,0,[object Object],none,0,0,0,r2,1968214901,0,0,0
OT01V4061097388,1776601518480.48,outbound-rtp,COT01_98_profile-id=0,video,video,4061097388,T01,0,0,true,0,0,0,0,0,0,0,SV210,0,0,0,0,[object Object],none,0,0,0,r0,1794114401,0,0,0
OT01V3055899734,1776601518480.48,outbound-rtp,COT01_98_profile-id=0,video,video,3055899734,T01,0,0,true,1,0,0,0,0,0,0,SV210,0,0,0,0,[object Object],none,0,0,0,r1,2057954113,0,0,0
OT01V353992379,1776601518480.48,outbound-rtp,COT01_98_profile-id=0,video,video,353992379,T01,0,0,true,2,0,0,0,0,0,0,SV210,0,0,0,0,[object Object],none,0,0,0,r2,1968214901,0,0,0
OT01V4061097388,1776601518480.48,outbound-rtp,COT01_98_profile-id=0,video,video,4061097388,T01,0,0,true,0,0,0,0,0,0,0,SV210,0,0,0,0,[object Object],none,0,0,0,r0,1794114401,0,0,0
OT01V3055899734,1776601518680.442,outbound-rtp,COT01_98_profile-id=0,video,video,3055899734,T01,0,0,true,1,0,0,0,0,0,0,SV210,0,0,0,0,[object Object],bandwidth,0,0,0,r1,2057954113,0,0,0
OT01V353992379,1776601518680.442,outbound-rtp,COT01_98_profile-id=0,video,video,353992379,T01,0,1,true,2,0,0,0,283,0,0,SV210,0,0,0,0,[object Object],bandwidth,0,0,0,r2,1968214901,0,0,0
OT01V4061097388,1776601518680.442,outbound-rtp,COT01_98_profile-id=0,video,video,4061097388,T01,8513,10,true,0,0,5,5,547,1,1,SV210,0,0,0,1,[object Object],bandwidth,0,0,0,r0,1794114401,0.18,0,0.11187499999999999
OT01V3055899734,1776601518680.442,outbound-rtp,COT01_98_profile-id=0,video,video,3055899734,T01,0,0,true,1,0,0,0,0,0,0,SV210,0,0,0,0,[object Object],bandwidth,0,0,0,r1,2057954113,0,0,0
OT01V353992379,1776601518680.442,outbound-rtp,COT01_98_profile-id=0,video,video,353992379,T01,0,1,true,2,0,0,0,283,0,0,SV210,0,0,0,0,[object Object],bandwidth,0,0,0,r2,1968214901,0,0,0
OT01V4061097388,1776601518680.442,outbound-rtp,COT01_98_profile-id=0,video,video,4061097388,T01,8513,10,true,0,0,5,5,547,1,1,SV210,0,0,0,1,[object Object],bandwidth,0,0,0,r0,1794114401,0.18,0,0.11187499999999999
OT01V3055899734,1776601518880.568,outbound-rtp,COT01_98_profile-id=0,video,video,3055899734,T01,0,0,true,1,0,0,0,0,0,0,SV210,0,0,0,0,[object Object],bandwidth,0,0,0,r1,2057954113,0,0,0
OT01V353992379,1776601518880.568,outbound-rtp,COT01_98_profile-id=0,video,video,353992379,T01,0,1,true,2,0,0,0,283,0,0,SV210,0,0,0,0,[object Object],bandwidth,0,0,0,r2,1968214901,0,0,0
OT01V4061097388,1776601518880.568,outbound-rtp,COT01_98_profile-id=0,video,video,4061097388,T01,13039,16,true,0,0,10,10,715,1,2,SV210,0,0,0,1,[object Object],bandwidth,0,0,0,r0,1794114401,0.282,0,0.801194
OT01V3055899734,1776601518880.568,outbound-rtp,COT01_98_profile-id=0,video,video,3055899734,T01,0,0,true,1,0,0,0,0,0,0,SV210,0,0,0,0,[object Object],bandwidth,0,0,0,r1,2057954113,0,0,0
OT01V353992379,1776601518880.568,outbound-rtp,COT01_98_profile-id=0,video,video,353992379,T01,0,1,true,2,0,0,0,283,0,0,SV210,0,0,0,0,[object Object],bandwidth,0,0,0,r2,1968214901,0,0,0
OT01V4061097388,1776601518880.568,outbound-rtp,COT01_98_profile-id=0,video,video,4061097388,T01,13039,16,true,0,0,10,10,715,1,2,SV210,0,0,0,1,[object Object],bandwidth,0,0,0,r0,1794114401,0.282,0,0.801194
OT01V3055899734,1776601519080.608,outbound-rtp,COT01_98_profile-id=0,video,video,3055899734,T01,0,0,true,1,0,0,0,0,0,0,SV210,0,0,0,0,[object Object],bandwidth,0,0,0,r1,2057954113,0,0,0
OT01V353992379,1776601519080.608,outbound-rtp,COT01_98_profile-id=0,video,video,353992379,T01,0,1,true,2,0,0,0,283,0,0,SV210,0,0,0,0,[object Object],bandwidth,0,0,0,r2,1968214901,0,0,0
OT01V4061097388,1776601519080.608,outbound-rtp,COT01_98_profile-id=0,video,video,4061097388,T01,21368,26,true,0,0,15,15,999,1,2,SV210,0,0,0,1,[object Object],bandwidth,0,0,0,r0,1794114401,0.372,0,2.194397
OT01V3055899734,1776601519080.608,outbound-rtp,COT01_98_profile-id=0,video,video,3055899734,T01,0,0,true,1,0,0,0,0,0,0,SV210,0,0,0,0,[object Object],bandwidth,0,0,0,r1,2057954113,0,0,0
OT01V353992379,1776601519080.608,outbound-rtp,COT01_98_profile-id=0,video,video,353992379,T01,0,1,true,2,0,0,0,283,0,0,SV210,0,0,0,0,[object Object],bandwidth,0,0,0,r2,1968214901,0,0,0
OT01V4061097388,1776601519080.608,outbound-rtp,COT01_98_profile-id=0,video,video,4061097388,T01,21368,26,true,0,0,15,15,999,1,2,SV210,0,0,0,1,[object Object],bandwidth,0,0,0,r0,1794114401,0.372,0,2.194397
OT01V3055899734,1776601519280.712,outbound-rtp,COT01_98_profile-id=0,video,video,3055899734,T01,0,0,true,1,0,0,0,0,0,0,SV210,0,0,0,0,[object Object],bandwidth,0,0,0,r1,2057954113,0,0,0
OT01V353992379,1776601519280.712,outbound-rtp,COT01_98_profile-id=0,video,video,353992379,T01,0,1,true,2,0,0,0,283,0,0,SV210,0,0,0,0,[object Object],bandwidth,0,0,0,r2,1968214901,0,0,0
OT01V4061097388,1776601519280.712,outbound-rtp,COT01_98_profile-id=0,video,video,4061097388,T01,30246,38,true,0,0,21,21,1299,1,2,SV210,0,0,0,1,[object Object],bandwidth,0,0,0,r0,1794114401,0.471,0,2.7949889999999997
OT01V3055899734,1776601519280.712,outbound-rtp,COT01_98_profile-id=0,video,video,3055899734,T01,0,0,true,1,0,0,0,0,0,0,SV210,0,0,0,0,[object Object],bandwidth,0,0,0,r1,2057954113,0,0,0
OT01V353992379,1776601519280.712,outbound-rtp,COT01_98_profile-id=0,video,video,353992379,T01,0,1,true,2,0,0,0,283,0,0,SV210,0,0,0,0,[object Object],bandwidth,0,0,0,r2,1968214901,0,0,0
OT01V4061097388,1776601519280.712,outbound-rtp,COT01_98_profile-id=0,video,video,4061097388,T01,30246,38,true,0,0,21,21,1299,1,2,SV210,0,0,0,1,[object Object],bandwidth,0,0,0,r0,1794114401,0.471,0,2.7949889999999997
OT01V3055899734,1776601519480.521,outbound-rtp,COT01_98_profile-id=0,video,video,3055899734,T01,0,0,true,1,0,0,0,0,0,0,SV210,0,0,0,0,[object Object],bandwidth,0,0,0,r1,2057954113,0,0,0
OT01V353992379,1776601519480.521,outbound-rtp,COT01_98_profile-id=0,video,video,353992379,T01,0,1,true,2,0,0,0,283,0,0,SV210,0,0,0,0,[object Object],bandwidth,0,0,0,r2,1968214901,0,0,0
OT01V4061097388,1776601519480.521,outbound-rtp,COT01_98_profile-id=0,video,video,4061097388,T01,34173,44,true,0,0,26,26,1443,1,2,SV210,0,0,0,1,[object Object],bandwidth,0,0,0,r0,1794114401,0.551,0,2.7949919999999997
OT01V3055899734,1776601519480.521,outbound-rtp,COT01_98_profile-id=0,video,video,3055899734,T01,0,0,true,1,0,0,0,0,0,0,SV210,0,0,0,0,[object Object],bandwidth,0,0,0,r1,2057954113,0,0,0
OT01V353992379,1776601519480.521,outbound-rtp,COT01_98_profile-id=0,video,video,353992379,T01,0,1,true,2,0,0,0,283,0,0,SV210,0,0,0,0,[object Object],bandwidth,0,0,0,r2,1968214901,0,0,0
OT01V4061097388,1776601519480.521,outbound-rtp,COT01_98_profile-id=0,video,video,4061097388,T01,34173,44,true,0,0,26,26,1443,1,2,SV210,0,0,0,1,[object Object],bandwidth,0,0,0,r0,1794114401,0.551,0,2.7949919999999997
OT01V3055899734,1776601519680.506,outbound-rtp,COT01_98_profile-id=0,video,video,3055899734,T01,0,0,true,1,0,0,0,0,0,0,SV210,0,0,0,0,[object Object],bandwidth,0,0,0,r1,2057954113,0,0,0
OT01V353992379,1776601519680.506,outbound-rtp,COT01_98_profile-id=0,video,video,353992379,T01,0,1,true,2,0,0,0,283,0,0,SV210,0,0,0,0,[object Object],bandwidth,0,0,0,r2,1968214901,0,0,0
OT01V4061097388,1776601519680.506,outbound-rtp,COT01_98_profile-id=0,video,video,4061097388,T01,39725,60,true,0,0,32,32,3867,1,2,SV210,0,0,0,1,[object Object],bandwidth,0,0,0,r0,1794114401,0.66,0,2.794999
OT01V3055899734,1776601519680.506,outbound-rtp,COT01_98_profile-id=0,video,video,3055899734,T01,0,0,true,1,0,0,0,0,0,0,SV210,0,0,0,0,[object Object],bandwidth,0,0,0,r1,2057954113,0,0,0
OT01V353992379,1776601519680.506,outbound-rtp,COT01_98_profile-id=0,video,video,353992379,T01,0,1,true,2,0,0,0,283,0,0,SV210,0,0,0,0,[object Object],bandwidth,0,0,0,r2,1968214901,0,0,0
OT01V4061097388,1776601519680.506,outbound-rtp,COT01_98_profile-id=0,video,video,4061097388,T01,39725,60,true,0,0,32,32,3867,1,2,SV210,0,0,0,1,[object Object],bandwidth,0,0,0,r0,1794114401,0.66,0,2.794999
OT01V3055899734,1776601519880.576,outbound-rtp,COT01_98_profile-id=0,video,video,3055899734,T01,0,0,true,1,0,0,0,0,0,0,SV210,0,0,0,0,[object Object],bandwidth,0,0,0,r1,2057954113,0,0,0
OT01V353992379,1776601519880.576,outbound-rtp,COT01_98_profile-id=0,video,video,353992379,T01,0,1,true,2,0,0,0,283,0,0,SV210,0,0,0,0,[object Object],bandwidth,0,0,0,r2,1968214901,0,0,0
OT01V4061097388,1776601519880.576,outbound-rtp,COT01_98_profile-id=0,video,video,4061097388,T01,44020,74,true,0,0,38,38,5988,1,2,SV210,0,0,0,1,[object Object],bandwidth,0,0,0,r0,1794114401,0.765,0,2.7950049999999997
OT01V3055899734,1776601519880.576,outbound-rtp,COT01_98_profile-id=0,video,video,3055899734,T01,0,0,true,1,0,0,0,0,0,0,SV210,0,0,0,0,[object Object],bandwidth,0,0,0,r1,2057954113,0,0,0
OT01V353992379,1776601519880.576,outbound-rtp,COT01_98_profile-id=0,video,video,353992379,T01,0,1,true,2,0,0,0,283,0,0,SV210,0,0,0,0,[object Object],bandwidth,0,0,0,r2,1968214901,0,0,0
OT01V4061097388,1776601519880.576,outbound-rtp,COT01_98_profile-id=0,video,video,4061097388,T01,44020,74,true,0,0,38,38,5988,1,2,SV210,0,0,0,1,[object Object],bandwidth,0,0,0,r0,1794114401,0.765,0,2.7950049999999997
OT01V3055899734,1776601520080.654,outbound-rtp,COT01_98_profile-id=0,video,video,3055899734,T01,0,0,true,1,0,0,0,0,0,0,SV210,0,0,0,0,[object Object],bandwidth,0,0,0,r1,2057954113,0,0,0
OT01V353992379,1776601520080.654,outbound-rtp,COT01_98_profile-id=0,video,video,353992379,T01,0,1,true,2,0,0,0,283,0,0,SV210,0,0,0,0,[object Object],bandwidth,0,0,0,r2,1968214901,0,0,0
OT01V4061097388,1776601520080.654,outbound-rtp,COT01_98_profile-id=0,video,video,4061097388,T01,48998,93,true,0,0,43,43,9504,1,2,SV210,0,0,0,1,[object Object],bandwidth,0,0,0,r0,1794114401,0.838,0,2.795013
OT01V3055899734,1776601520080.654,outbound-rtp,COT01_98_profile-id=0,video,video,3055899734,T01,0,0,true,1,0,0,0,0,0,0,SV210,0,0,0,0,[object Object],bandwidth,0,0,0,r1,2057954113,0,0,0
OT01V353992379,1776601520080.654,outbound-rtp,COT01_98_profile-id=0,video,video,353992379,T01,0,1,true,2,0,0,0,283,0,0,SV210,0,0,0,0,[object Object],bandwidth,0,0,0,r2,1968214901,0,0,0
OT01V4061097388,1776601520080.654,outbound-rtp,COT01_98_profile-id=0,video,video,4061097388,T01,48998,93,true,0,0,43,43,9504,1,2,SV210,0,0,0,1,[object Object],bandwidth,0,0,0,r0,1794114401,0.838,0,2.795013
OT01V3055899734,1776601520280.73,outbound-rtp,COT01_98_profile-id=0,video,video,3055899734,T01,0,0,true,1,0,0,0,0,0,0,SV210,0,0,0,0,[object Object],bandwidth,0,0,0,r1,2057954113,0,0,0
OT01V353992379,1776601520280.73,outbound-rtp,COT01_98_profile-id=0,video,video,353992379,T01,0,1,true,2,0,0,0,283,0,0,SV210,0,0,0,0,[object Object],bandwidth,0,0,0,r2,1968214901,0,0,0
OT01V4061097388,1776601520280.73,outbound-rtp,COT01_98_profile-id=0,video,video,4061097388,T01,53491,109,true,0,0,49,49,12183,1,2,SV210,0,0,0,1,[object Object],bandwidth,0,0,0,r0,1794114401,0.933,0,2.795015
OT01V3055899734,1776601520280.73,outbound-rtp,COT01_98_profile-id=0,video,video,3055899734,T01,0,0,true,1,0,0,0,0,0,0,SV210,0,0,0,0,[object Object],bandwidth,0,0,0,r1,2057954113,0,0,0
OT01V353992379,1776601520280.73,outbound-rtp,COT01_98_profile-id=0,video,video,353992379,T01,0,1,true,2,0,0,0,283,0,0,SV210,0,0,0,0,[object Object],bandwidth,0,0,0,r2,1968214901,0,0,0
OT01V4061097388,1776601520280.73,outbound-rtp,COT01_98_profile-id=0,video,video,4061097388,T01,53491,109,true,0,0,49,49,12183,1,2,SV210,0,0,0,1,[object Object],bandwidth,0,0,0,r0,1794114401,0.933,0,2.795015
OT01V3055899734,1776601520480.537,outbound-rtp,COT01_98_profile-id=0,video,video,3055899734,T01,0,0,true,1,0,0,0,0,0,0,SV210,0,0,0,0,[object Object],bandwidth,0,0,0,r1,2057954113,0,0,0
OT01V353992379,1776601520480.537,outbound-rtp,COT01_98_profile-id=0,video,video,353992379,T01,0,1,true,2,0,0,0,283,0,0,SV210,0,0,0,0,[object Object],bandwidth,0,0,0,r2,1968214901,0,0,0
OT01V4061097388,1776601520480.537,outbound-rtp,COT01_98_profile-id=0,video,video,4061097388,T01,58021,130,true,0,0,55,55,16257,1,2,SV210,0,0,0,1,[object Object],bandwidth,0,0,0,r0,1794114401,1.034,0,2.795019
OT01V3055899734,1776601520480.537,outbound-rtp,COT01_98_profile-id=0,video,video,3055899734,T01,0,0,true,1,0,0,0,0,0,0,SV210,0,0,0,0,[object Object],bandwidth,0,0,0,r1,2057954113,0,0,0
OT01V353992379,1776601520480.537,outbound-rtp,COT01_98_profile-id=0,video,video,353992379,T01,0,1,true,2,0,0,0,283,0,0,SV210,0,0,0,0,[object Object],bandwidth,0,0,0,r2,1968214901,0,0,0
OT01V4061097388,1776601520480.537,outbound-rtp,COT01_98_profile-id=0,video,video,4061097388,T01,58021,130,true,0,0,55,55,16257,1,2,SV210,0,0,0,1,[object Object],bandwidth,0,0,0,r0,1794114401,1.034,0,2.795019
OT01V3055899734,1776601520680.569,outbound-rtp,COT01_98_profile-id=0,video,video,3055899734,T01,0,0,true,1,0,0,0,0,0,0,SV210,0,0,0,0,[object Object],bandwidth,0,0,0,r1,2057954113,0,0,0
OT01V353992379,1776601520680.569,outbound-rtp,COT01_98_profile-id=0,video,video,353992379,T01,0,1,true,2,0,0,0,283,0,0,SV210,0,0,0,0,[object Object],bandwidth,0,0,0,r2,1968214901,0,0,0
OT01V4061097388,1776601520680.569,outbound-rtp,COT01_98_profile-id=0,video,video,4061097388,T01,63021,147,true,0,0,61,61,19215,1,2,SV210,0,0,0,1,[object Object],bandwidth,0,0,0,r0,1794114401,1.13,0,2.795023
OT01V3055899734,1776601520680.569,outbound-rtp,COT01_98_profile-id=0,video,video,3055899734,T01,0,0,true,1,0,0,0,0,0,0,SV210,0,0,0,0,[object Object],bandwidth,0,0,0,r1,2057954113,0,0,0
OT01V353992379,1776601520680.569,outbound-rtp,COT01_98_profile-id=0,video,video,353992379,T01,0,1,true,2,0,0,0,283,0,0,SV210,0,0,0,0,[object Object],bandwidth,0,0,0,r2,1968214901,0,0,0
OT01V4061097388,1776601520680.569,outbound-rtp,COT01_98_profile-id=0,video,video,4061097388,T01,63021,147,true,0,0,61,61,19215,1,2,SV210,0,0,0,1,[object Object],bandwidth,0,0,0,r0,1794114401,1.13,0,2.795023
OT01V3055899734,1776601520880.506,outbound-rtp,COT01_98_profile-id=0,video,video,3055899734,T01,0,0,true,1,0,0,0,0,0,0,SV210,0,0,0,0,[object Object],bandwidth,0,0,0,r1,2057954113,0,0,0
OT01V353992379,1776601520880.506,outbound-rtp,COT01_98_profile-id=0,video,video,353992379,T01,0,1,true,2,0,0,0,283,0,0,SV210,0,0,0,0,[object Object],bandwidth,0,0,0,r2,1968214901,0,0,0
OT01V4061097388,1776601520880.506,outbound-rtp,COT01_98_profile-id=0,video,video,4061097388,T01,68378,161,true,0,0,66,66,21081,1,2,SV210,0,0,0,1,[object Object],bandwidth,0,0,0,r0,1794114401,1.213,0,2.832277
OT01V3055899734,1776601520880.506,outbound-rtp,COT01_98_profile-id=0,video,video,3055899734,T01,0,0,true,1,0,0,0,0,0,0,SV210,0,0,0,0,[object Object],bandwidth,0,0,0,r1,2057954113,0,0,0
OT01V353992379,1776601520880.506,outbound-rtp,COT01_98_profile-id=0,video,video,353992379,T01,0,1,true,2,0,0,0,283,0,0,SV210,0,0,0,0,[object Object],bandwidth,0,0,0,r2,1968214901,0,0,0
OT01V4061097388,1776601520880.506,outbound-rtp,COT01_98_profile-id=0,video,video,4061097388,T01,68378,161,true,0,0,66,66,21081,1,2,SV210,0,0,0,1,[object Object],bandwidth,0,0,0,r0,1794114401,1.213,0,2.832277
OT01V3055899734,1776601521080.552,outbound-rtp,COT01_98_profile-id=0,video,video,3055899734,T01,0,0,true,1,0,0,0,0,0,0,SV210,0,0,0,0,[object Object],bandwidth,0,0,0,r1,2057954113,0,0,0
OT01V353992379,1776601521080.552,outbound-rtp,COT01_98_profile-id=0,video,video,353992379,T01,0,1,true,2,0,0,0,283,0,0,SV210,0,0,0,0,[object Object],bandwidth,0,0,0,r2,1968214901,0,0,0
OT01V4061097388,1776601521080.552,outbound-rtp,COT01_98_profile-id=0,video,video,4061097388,T01,73907,178,true,0,0,72,72,24039,1,2,SV210,0,0,0,1,[object Object],bandwidth,0,0,0,r0,1794114401,1.316,0,2.83228
OT01V3055899734,1776601521080.552,outbound-rtp,COT01_98_profile-id=0,video,video,3055899734,T01,0,0,true,1,0,0,0,0,0,0,SV210,0,0,0,0,[object Object],bandwidth,0,0,0,r1,2057954113,0,0,0
OT01V353992379,1776601521080.552,outbound-rtp,COT01_98_profile-id=0,video,video,353992379,T01,0,1,true,2,0,0,0,283,0,0,SV210,0,0,0,0,[object Object],bandwidth,0,0,0,r2,1968214901,0,0,0
OT01V4061097388,1776601521080.552,outbound-rtp,COT01_98_profile-id=0,video,video,4061097388,T01,73907,178,true,0,0,72,72,24039,1,2,SV210,0,0,0,1,[object Object],bandwidth,0,0,0,r0,1794114401,1.316,0,2.83228
OT01V3055899734,1776601521280.639,outbound-rtp,COT01_98_profile-id=0,video,video,3055899734,T01,0,0,true,1,0,0,0,0,0,0,SV210,0,0,0,0,[object Object],bandwidth,0,0,0,r1,2057954113,0,0,0
OT01V353992379,1776601521280.639,outbound-rtp,COT01_98_profile-id=0,video,video,353992379,T01,0,1,true,2,0,0,0,283,0,0,SV210,0,0,0,0,[object Object],bandwidth,0,0,0,r2,1968214901,0,0,0
OT01V4061097388,1776601521280.639,outbound-rtp,COT01_98_profile-id=0,video,video,4061097388,T01,79774,199,true,0,0,79,79,27858,1,2,SV210,0,0,0,1,[object Object],bandwidth,0,0,0,r0,1794114401,1.434,0,2.8322849999999997
OT01V3055899734,1776601521280.639,outbound-rtp,COT01_98_profile-id=0,video,video,3055899734,T01,0,0,true,1,0,0,0,0,0,0,SV210,0,0,0,0,[object Object],bandwidth,0,0,0,r1,2057954113,0,0,0
OT01V353992379,1776601521280.639,outbound-rtp,COT01_98_profile-id=0,video,video,353992379,T01,0,1,true,2,0,0,0,283,0,0,SV210,0,0,0,0,[object Object],bandwidth,0,0,0,r2,1968214901,0,0,0
OT01V4061097388,1776601521280.639,outbound-rtp,COT01_98_profile-id=0,video,video,4061097388,T01,79774,199,true,0,0,79,79,27858,1,2,SV210,0,0,0,1,[object Object],bandwidth,0,0,0,r0,1794114401,1.434,0,2.8322849999999997
OT01V3055899734,1776601521480.576,outbound-rtp,COT01_98_profile-id=0,video,video,3055899734,T01,0,0,true,1,0,0,0,0,0,0,SV210,0,0,0,0,[object Object],bandwidth,0,0,0,r1,2057954113,0,0,0
OT01V353992379,1776601521480.576,outbound-rtp,COT01_98_profile-id=0,video,video,353992379,T01,0,1,true,2,0,0,0,283,0,0,SV210,0,0,0,0,[object Object],bandwidth,0,0,0,r2,1968214901,0,0,0
OT01V4061097388,1776601521480.576,outbound-rtp,COT01_98_profile-id=0,video,video,4061097388,T01,84352,215,true,0,0,84,84,30792,1,2,SV210,0,0,0,1,[object Object],bandwidth,0,0,0,r0,1794114401,1.519,0,2.8322879999999997
OT01V3055899734,1776601521480.576,outbound-rtp,COT01_98_profile-id=0,video,video,3055899734,T01,0,0,true,1,0,0,0,0,0,0,SV210,0,0,0,0,[object Object],bandwidth,0,0,0,r1,2057954113,0,0,0
OT01V353992379,1776601521480.576,outbound-rtp,COT01_98_profile-id=0,video,video,353992379,T01,0,1,true,2,0,0,0,283,0,0,SV210,0,0,0,0,[object Object],bandwidth,0,0,0,r2,1968214901,0,0,0
OT01V4061097388,1776601521480.576,outbound-rtp,COT01_98_profile-id=0,video,video,4061097388,T01,84352,215,true,0,0,84,84,30792,1,2,SV210,0,0,0,1,[object Object],bandwidth,0,0,0,r0,1794114401,1.519,0,2.8322879999999997
OT01V3055899734,1776601521680.428,outbound-rtp,COT01_98_profile-id=0,video,video,3055899734,T01,0,0,true,1,0,0,0,0,0,0,SV210,0,0,0,0,[object Object],bandwidth,0,0,0,r1,2057954113,0,0,0
OT01V353992379,1776601521680.428,outbound-rtp,COT01_98_profile-id=0,video,video,353992379,T01,0,1,true,2,0,0,0,283,0,0,SV210,0,0,0,0,[object Object],bandwidth,0,0,0,r2,1968214901,0,0,0
OT01V4061097388,1776601521680.428,outbound-rtp,COT01_98_profile-id=0,video,video,4061097388,T01,91834,230,true,0,0,91,91,32682,1,2,SV210,0,0,0,1,[object Object],bandwidth,0,0,0,r0,1794114401,1.646,0,2.977789
OT01V3055899734,1776601521680.428,outbound-rtp,COT01_98_profile-id=0,video,video,3055899734,T01,0,0,true,1,0,0,0,0,0,0,SV210,0,0,0,0,[object Object],bandwidth,0,0,0,r1,2057954113,0,0,0
OT01V353992379,1776601521680.428,outbound-rtp,COT01_98_profile-id=0,video,video,353992379,T01,0,1,true,2,0,0,0,283,0,0,SV210,0,0,0,0,[object Object],bandwidth,0,0,0,r2,1968214901,0,0,0
OT01V4061097388,1776601521680.428,outbound-rtp,COT01_98_profile-id=0,video,video,4061097388,T01,91834,230,true,0,0,91,91,32682,1,2,SV210,0,0,0,1,[object Object],bandwidth,0,0,0,r0,1794114401,1.646,0,2.977789
OT01V3055899734,1776601521880.534,outbound-rtp,COT01_98_profile-id=0,video,video,3055899734,T01,0,0,true,1,0,0,0,0,0,0,SV210,0,0,0,0,[object Object],bandwidth,0,0,0,r1,2057954113,0,0,0
OT01V353992379,1776601521880.534,outbound-rtp,COT01_98_profile-id=0,video,video,353992379,T01,0,1,true,2,0,0,0,283,0,0,SV210,0,0,0,0,[object Object],bandwidth,0,0,0,r2,1968214901,0,0,0
OT01V4061097388,1776601521880.534,outbound-rtp,COT01_98_profile-id=0,video,video,4061097388,T01,97900,246,true,0,0,97,97,35106,1,2,SV210,0,0,0,1,[object Object],bandwidth,0,0,0,r0,1794114401,1.747,0,2.977794
OT01V3055899734,1776601521880.534,outbound-rtp,COT01_98_profile-id=0,video,video,3055899734,T01,0,0,true,1,0,0,0,0,0,0,SV210,0,0,0,0,[object Object],bandwidth,0,0,0,r1,2057954113,0,0,0
OT01V353992379,1776601521880.534,outbound-rtp,COT01_98_profile-id=0,video,video,353992379,T01,0,1,true,2,0,0,0,283,0,0,SV210,0,0,0,0,[object Object],bandwidth,0,0,0,r2,1968214901,0,0,0
OT01V4061097388,1776601521880.534,outbound-rtp,COT01_98_profile-id=0,video,video,4061097388,T01,97900,246,true,0,0,97,97,35106,1,2,SV210,0,0,0,1,[object Object],bandwidth,0,0,0,r0,1794114401,1.747,0,2.977794
OT01V3055899734,1776601522080.488,outbound-rtp,COT01_98_profile-id=0,video,video,3055899734,T01,0,0,true,1,0,0,0,0,0,0,SV210,0,0,0,0,[object Object],bandwidth,0,0,0,r1,2057954113,0,0,0
OT01V353992379,1776601522080.488,outbound-rtp,COT01_98_profile-id=0,video,video,353992379,T01,0,1,true,2,0,0,0,283,0,0,SV210,0,0,0,0,[object Object],bandwidth,0,0,0,r2,1968214901,0,0,0
OT01V4061097388,1776601522080.488,outbound-rtp,COT01_98_profile-id=0,video,video,4061097388,T01,102309,266,true,0,0,102,102,39156,1,2,SV210,0,0,0,1,[object Object],bandwidth,0,0,0,r0,1794114401,1.826,0,2.977795
OT01V3055899734,1776601522080.488,outbound-rtp,COT01_98_profile-id=0,video,video,3055899734,T01,0,0,true,1,0,0,0,0,0,0,SV210,0,0,0,0,[object Object],bandwidth,0,0,0,r1,2057954113,0,0,0
OT01V353992379,1776601522080.488,outbound-rtp,COT01_98_profile-id=0,video,video,353992379,T01,0,1,true,2,0,0,0,283,0,0,SV210,0,0,0,0,[object Object],bandwidth,0,0,0,r2,1968214901,0,0,0
OT01V4061097388,1776601522080.488,outbound-rtp,COT01_98_profile-id=0,video,video,4061097388,T01,102309,266,true,0,0,102,102,39156,1,2,SV210,0,0,0,1,[object Object],bandwidth,0,0,0,r0,1794114401,1.826,0,2.977795
OT01V3055899734,1776601522280.523,outbound-rtp,COT01_98_profile-id=0,video,video,3055899734,T01,0,0,true,1,0,0,0,0,0,0,SV210,0,0,0,0,[object Object],bandwidth,0,0,0,r1,2057954113,0,0,0
OT01V353992379,1776601522280.523,outbound-rtp,COT01_98_profile-id=0,video,video,353992379,T01,0,1,true,2,0,0,0,283,0,0,SV210,0,0,0,0,[object Object],bandwidth,0,0,0,r2,1968214901,0,0,0
OT01V4061097388,1776601522280.523,outbound-rtp,COT01_98_profile-id=0,video,video,4061097388,T01,112269,279,true,0,0,109,109,39723,1,2,SV210,0,0,0,1,[object Object],bandwidth,0,0,0,r0,1794114401,1.939,0,3.015168
OT01V3055899734,1776601522280.523,outbound-rtp,COT01_98_profile-id=0,video,video,3055899734,T01,0,0,true,1,0,0,0,0,0,0,SV210,0,0,0,0,[object Object],bandwidth,0,0,0,r1,2057954113,0,0,0
OT01V353992379,1776601522280.523,outbound-rtp,COT01_98_profile-id=0,video,video,353992379,T01,0,1,true,2,0,0,0,283,0,0,SV210,0,0,0,0,[object Object],bandwidth,0,0,0,r2,1968214901,0,0,0
OT01V4061097388,1776601522280.523,outbound-rtp,COT01_98_profile-id=0,video,video,4061097388,T01,112269,279,true,0,0,109,109,39723,1,2,SV210,0,0,0,1,[object Object],bandwidth,0,0,0,r0,1794114401,1.939,0,3.015168
OT01V3055899734,1776601522480.464,outbound-rtp,COT01_98_profile-id=0,video,video,3055899734,T01,0,0,true,1,0,0,0,0,0,0,SV210,0,0,0,0,[object Object],bandwidth,0,0,0,r1,2057954113,0,0,0
OT01V353992379,1776601522480.464,outbound-rtp,COT01_98_profile-id=0,video,video,353992379,T01,0,1,true,2,0,0,0,283,0,0,SV210,0,0,0,0,[object Object],bandwidth,0,0,0,r2,1968214901,0,0,0
OT01V4061097388,1776601522480.464,outbound-rtp,COT01_98_profile-id=0,video,video,4061097388,T01,118576,298,true,0,0,115,115,42729,1,2,SV210,0,0,0,1,[object Object],bandwidth,0,0,0,r0,1794114401,2.047,0,3.015174
OT01V3055899734,1776601522480.464,outbound-rtp,COT01_98_profile-id=0,video,video,3055899734,T01,0,0,true,1,0,0,0,0,0,0,SV210,0,0,0,0,[object Object],bandwidth,0,0,0,r1,2057954113,0,0,0
OT01V353992379,1776601522480.464,outbound-rtp,COT01_98_profile-id=0,video,video,353992379,T01,0,1,true,2,0,0,0,283,0,0,SV210,0,0,0,0,[object Object],bandwidth,0,0,0,r2,1968214901,0,0,0
OT01V4061097388,1776601522480.464,outbound-rtp,COT01_98_profile-id=0,video,video,4061097388,T01,118576,298,true,0,0,115,115,42729,1,2,SV210,0,0,0,1,[object Object],bandwidth,0,0,0,r0,1794114401,2.047,0,3.015174
OT01V3055899734,1776601522680.494,outbound-rtp,COT01_98_profile-id=0,video,video,3055899734,T01,0,0,true,1,0,0,0,0,0,0,SV210,0,0,0,0,[object Object],bandwidth,0,0,0,r1,2057954113,0,0,0
OT01V353992379,1776601522680.494,outbound-rtp,COT01_98_profile-id=0,video,video,353992379,T01,0,1,true,2,0,0,0,283,0,0,SV210,0,0,0,0,[object Object],bandwidth,0,0,0,r2,1968214901,0,0,0
OT01V4061097388,1776601522680.494,outbound-rtp,COT01_98_profile-id=0,video,video,4061097388,T01,124638,317,true,0,0,121,121,45990,1,2,SV210,0,0,0,1,[object Object],bandwidth,0,0,0,r0,1794114401,2.141,0,3.015182
OT01V3055899734,1776601522680.494,outbound-rtp,COT01_98_profile-id=0,video,video,3055899734,T01,0,0,true,1,0,0,0,0,0,0,SV210,0,0,0,0,[object Object],bandwidth,0,0,0,r1,2057954113,0,0,0
OT01V353992379,1776601522680.494,outbound-rtp,COT01_98_profile-id=0,video,video,353992379,T01,0,1,true,2,0,0,0,283,0,0,SV210,0,0,0,0,[object Object],bandwidth,0,0,0,r2,1968214901,0,0,0
OT01V4061097388,1776601522680.494,outbound-rtp,COT01_98_profile-id=0,video,video,4061097388,T01,124638,317,true,0,0,121,121,45990,1,2,SV210,0,0,0,1,[object Object],bandwidth,0,0,0,r0,1794114401,2.141,0,3.015182
OT01V3055899734,1776601522880.509,outbound-rtp,COT01_98_profile-id=0,video,video,3055899734,T01,0,0,true,1,0,0,0,0,0,0,SV210,0,0,0,0,[object Object],bandwidth,0,0,0,r1,2057954113,0,0,0
OT01V353992379,1776601522880.509,outbound-rtp,COT01_98_profile-id=0,video,video,353992379,T01,0,1,true,2,0,0,0,283,0,0,SV210,0,0,0,0,[object Object],bandwidth,0,0,0,r2,1968214901,0,0,0
OT01V4061097388,1776601522880.509,outbound-rtp,COT01_98_profile-id=0,video,video,4061097388,T01,129312,340,true,0,0,127,127,50622,1,2,SV210,0,0,0,1,[object Object],bandwidth,0,0,0,r0,1794114401,2.237,0,3.015183
OT01V3055899734,1776601522880.509,outbound-rtp,COT01_98_profile-id=0,video,video,3055899734,T01,0,0,true,1,0,0,0,0,0,0,SV210,0,0,0,0,[object Object],bandwidth,0,0,0,r1,2057954113,0,0,0
OT01V353992379,1776601522880.509,outbound-rtp,COT01_98_profile-id=0,video,video,353992379,T01,0,1,true,2,0,0,0,283,0,0,SV210,0,0,0,0,[object Object],bandwidth,0,0,0,r2,1968214901,0,0,0
OT01V4061097388,1776601522880.509,outbound-rtp,COT01_98_profile-id=0,video,video,4061097388,T01,129312,340,true,0,0,127,127,50622,1,2,SV210,0,0,0,1,[object Object],bandwidth,0,0,0,r0,1794114401,2.237,0,3.015183
OT01V3055899734,1776601523080.682,outbound-rtp,COT01_98_profile-id=0,video,video,3055899734,T01,0,0,true,1,0,0,0,0,0,0,SV210,0,0,0,0,[object Object],bandwidth,0,0,0,r1,2057954113,0,0,0
OT01V353992379,1776601523080.682,outbound-rtp,COT01_98_profile-id=0,video,video,353992379,T01,0,1,true,2,0,0,0,283,0,0,SV210,0,0,0,0,[object Object],bandwidth,0,0,0,r2,1968214901,0,0,0
OT01V4061097388,1776601523080.682,outbound-rtp,COT01_98_profile-id=0,video,video,4061097388,T01,138323,354,true,0,0,133,133,51723,1,2,SV210,0,0,0,1,[object Object],bandwidth,0,0,0,r0,1794114401,2.333,0,3.0447469999999996
OT01V3055899734,1776601523080.682,outbound-rtp,COT01_98_profile-id=0,video,video,3055899734,T01,0,0,true,1,0,0,0,0,0,0,SV210,0,0,0,0,[object Object],bandwidth,0,0,0,r1,2057954113,0,0,0
OT01V353992379,1776601523080.682,outbound-rtp,COT01_98_profile-id=0,video,video,353992379,T01,0,1,true,2,0,0,0,283,0,0,SV210,0,0,0,0,[object Object],bandwidth,0,0,0,r2,1968214901,0,0,0
OT01V4061097388,1776601523080.682,outbound-rtp,COT01_98_profile-id=0,video,video,4061097388,T01,138323,354,true,0,0,133,133,51723,1,2,SV210,0,0,0,1,[object Object],bandwidth,0,0,0,r0,1794114401,2.333,0,3.0447469999999996
OT01V3055899734,1776601523280.509,outbound-rtp,COT01_98_profile-id=0,video,video,3055899734,T01,0,0,true,1,0,0,0,0,0,0,SV210,0,0,0,0,[object Object],bandwidth,0,0,0,r1,2057954113,0,0,0
OT01V353992379,1776601523280.509,outbound-rtp,COT01_98_profile-id=0,video,video,353992379,T01,0,1,true,2,0,0,0,283,0,0,SV210,0,0,0,0,[object Object],bandwidth,0,0,0,r2,1968214901,0,0,0
OT01V4061097388,1776601523280.509,outbound-rtp,COT01_98_profile-id=0,video,video,4061097388,T01,147553,369,true,0,0,139,139,53103,1,2,SV210,0,0,0,1,[object Object],bandwidth,0,0,0,r0,1794114401,2.425,0,3.209348
OT01V3055899734,1776601523280.509,outbound-rtp,COT01_98_profile-id=0,video,video,3055899734,T01,0,0,true,1,0,0,0,0,0,0,SV210,0,0,0,0,[object Object],bandwidth,0,0,0,r1,2057954113,0,0,0
OT01V353992379,1776601523280.509,outbound-rtp,COT01_98_profile-id=0,video,video,353992379,T01,0,1,true,2,0,0,0,283,0,0,SV210,0,0,0,0,[object Object],bandwidth,0,0,0,r2,1968214901,0,0,0
OT01V4061097388,1776601523280.509,outbound-rtp,COT01_98_profile-id=0,video,video,4061097388,T01,147553,369,true,0,0,139,139,53103,1,2,SV210,0,0,0,1,[object Object],bandwidth,0,0,0,r0,1794114401,2.425,0,3.209348
OT01V3055899734,1776601523480.48,outbound-rtp,COT01_98_profile-id=0,video,video,3055899734,T01,0,0,true,1,0,0,0,0,0,0,SV210,0,0,0,0,[object Object],bandwidth,0,0,0,r1,2057954113,0,0,0
OT01V353992379,1776601523480.48,outbound-rtp,COT01_98_profile-id=0,video,video,353992379,T01,0,1,true,2,0,0,0,283,0,0,SV210,0,0,0,0,[object Object],bandwidth,0,0,0,r2,1968214901,0,0,0
OT01V4061097388,1776601523480.48,outbound-rtp,COT01_98_profile-id=0,video,video,4061097388,T01,152326,390,true,0,0,145,145,57177,1,2,SV210,0,0,0,1,[object Object],bandwidth,0,0,0,r0,1794114401,2.533,0,3.209367
OT01V3055899734,1776601523480.48,outbound-rtp,COT01_98_profile-id=0,video,video,3055899734,T01,0,0,true,1,0,0,0,0,0,0,SV210,0,0,0,0,[object Object],bandwidth,0,0,0,r1,2057954113,0,0,0
OT01V353992379,1776601523480.48,outbound-rtp,COT01_98_profile-id=0,video,video,353992379,T01,0,1,true,2,0,0,0,283,0,0,SV210,0,0,0,0,[object Object],bandwidth,0,0,0,r2,1968214901,0,0,0
OT01V4061097388,1776601523480.48,outbound-rtp,COT01_98_profile-id=0,video,video,4061097388,T01,152326,390,true,0,0,145,145,57177,1,2,SV210,0,0,0,1,[object Object],bandwidth,0,0,0,r0,1794114401,2.533,0,3.209367
OT01V3055899734,1776601523680.413,outbound-rtp,COT01_98_profile-id=0,video,video,3055899734,T01,0,0,true,1,0,0,0,0,0,0,SV210,0,0,0,0,[object Object],bandwidth,0,0,0,r1,2057954113,0,0,0
OT01V353992379,1776601523680.413,outbound-rtp,COT01_98_profile-id=0,video,video,353992379,T01,0,1,true,2,0,0,0,283,0,0,SV210,0,0,0,0,[object Object],bandwidth,0,0,0,r2,1968214901,0,0,0
OT01V4061097388,1776601523680.413,outbound-rtp,COT01_98_profile-id=0,video,video,4061097388,T01,160875,411,true,0,0,151,151,60231,1,2,SV210,0,0,0,1,[object Object],bandwidth,0,0,0,r0,1794114401,2.625,0,3.253114
OT01V3055899734,1776601523680.413,outbound-rtp,COT01_98_profile-id=0,video,video,3055899734,T01,0,0,true,1,0,0,0,0,0,0,SV210,0,0,0,0,[object Object],bandwidth,0,0,0,r1,2057954113,0,0,0
OT01V353992379,1776601523680.413,outbound-rtp,COT01_98_profile-id=0,video,video,353992379,T01,0,1,true,2,0,0,0,283,0,0,SV210,0,0,0,0,[object Object],bandwidth,0,0,0,r2,1968214901,0,0,0
OT01V4061097388,1776601523680.413,outbound-rtp,COT01_98_profile-id=0,video,video,4061097388,T01,160875,411,true,0,0,151,151,60231,1,2,SV210,0,0,0,1,[object Object],bandwidth,0,0,0,r0,1794114401,2.625,0,3.253114
OT01V3055899734,1776601523880.483,outbound-rtp,COT01_98_profile-id=0,video,video,3055899734,T01,0,0,true,1,0,0,0,0,0,0,SV210,0,0,0,0,[object Object],bandwidth,0,0,0,r1,2057954113,0,0,0
OT01V353992379,1776601523880.483,outbound-rtp,COT01_98_profile-id=0,video,video,353992379,T01,0,1,true,2,0,0,0,283,0,0,SV210,0,0,0,0,[object Object],bandwidth,0,0,0,r2,1968214901,0,0,0
OT01V4061097388,1776601523880.483,outbound-rtp,COT01_98_profile-id=0,video,video,4061097388,T01,166344,430,true,0,0,157,157,63747,1,2,SV210,0,0,0,1,[object Object],bandwidth,0,0,0,r0,1794114401,2.723,0,3.253141
OT01V3055899734,1776601523880.483,outbound-rtp,COT01_98_profile-id=0,video,video,3055899734,T01,0,0,true,1,0,0,0,0,0,0,SV210,0,0,0,0,[object Object],bandwidth,0,0,0,r1,2057954113,0,0,0
OT01V353992379,1776601523880.483,outbound-rtp,COT01_98_profile-id=0,video,video,353992379,T01,0,1,true,2,0,0,0,283,0,0,SV210,0,0,0,0,[object Object],bandwidth,0,0,0,r2,1968214901,0,0,0
OT01V4061097388,1776601523880.483,outbound-rtp,COT01_98_profile-id=0,video,video,4061097388,T01,166344,430,true,0,0,157,157,63747,1,2,SV210,0,0,0,1,[object Object],bandwidth,0,0,0,r0,1794114401,2.723,0,3.253141
OT01V3055899734,1776601524080.659,outbound-rtp,COT01_98_profile-id=0,video,video,3055899734,T01,0,0,true,1,0,0,0,0,0,0,SV210,0,0,0,0,[object Object],bandwidth,0,0,0,r1,2057954113,0,0,0
OT01V353992379,1776601524080.659,outbound-rtp,COT01_98_profile-id=0,video,video,353992379,T01,0,1,true,2,0,0,0,283,0,0,SV210,0,0,0,0,[object Object],bandwidth,0,0,0,r2,1968214901,0,0,0
OT01V4061097388,1776601524080.659,outbound-rtp,COT01_98_profile-id=0,video,video,4061097388,T01,171586,456,true,0,0,163,163,68961,1,2,SV210,0,0,0,1,[object Object],bandwidth,0,0,0,r0,1794114401,2.82,0,3.253163
OT01V3055899734,1776601524080.659,outbound-rtp,COT01_98_profile-id=0,video,video,3055899734,T01,0,0,true,1,0,0,0,0,0,0,SV210,0,0,0,0,[object Object],bandwidth,0,0,0,r1,2057954113,0,0,0
OT01V353992379,1776601524080.659,outbound-rtp,COT01_98_profile-id=0,video,video,353992379,T01,0,1,true,2,0,0,0,283,0,0,SV210,0,0,0,0,[object Object],bandwidth,0,0,0,r2,1968214901,0,0,0
OT01V4061097388,1776601524080.659,outbound-rtp,COT01_98_profile-id=0,video,video,4061097388,T01,171586,456,true,0,0,163,163,68961,1,2,SV210,0,0,0,1,[object Object],bandwidth,0,0,0,r0,1794114401,2.82,0,3.253163
OT01V3055899734,1776601524280.493,outbound-rtp,COT01_98_profile-id=0,video,video,3055899734,T01,0,0,true,1,0,0,0,0,0,0,SV210,0,0,0,0,[object Object],bandwidth,0,0,0,r1,2057954113,0,0,0
OT01V353992379,1776601524280.493,outbound-rtp,COT01_98_profile-id=0,video,video,353992379,T01,0,1,true,2,0,0,0,283,0,0,SV210,0,0,0,0,[object Object],bandwidth,0,0,0,r2,1968214901,0,0,0
OT01V4061097388,1776601524280.493,outbound-rtp,COT01_98_profile-id=0,video,video,4061097388,T01,180412,475,true,0,0,169,169,71457,1,2,SV210,0,0,0,1,[object Object],bandwidth,0,0,0,r0,1794114401,2.916,0,3.2531909999999997
OT01V3055899734,1776601524280.493,outbound-rtp,COT01_98_profile-id=0,video,video,3055899734,T01,0,0,true,1,0,0,0,0,0,0,SV210,0,0,0,0,[object Object],bandwidth,0,0,0,r1,2057954113,0,0,0
OT01V353992379,1776601524280.493,outbound-rtp,COT01_98_profile-id=0,video,video,353992379,T01,0,1,true,2,0,0,0,283,0,0,SV210,0,0,0,0,[object Object],bandwidth,0,0,0,r2,1968214901,0,0,0
OT01V4061097388,1776601524280.493,outbound-rtp,COT01_98_profile-id=0,video,video,4061097388,T01,180412,475,true,0,0,169,169,71457,1,2,SV210,0,0,0,1,[object Object],bandwidth,0,0,0,r0,1794114401,2.916,0,3.2531909999999997
OT01V3055899734,1776601524480.428,outbound-rtp,COT01_98_profile-id=0,video,video,3055899734,T01,0,0,true,1,0,0,0,0,0,0,SV210,0,0,0,0,[object Object],bandwidth,0,0,0,r1,2057954113,0,0,0
OT01V353992379,1776601524480.428,outbound-rtp,COT01_98_profile-id=0,video,video,353992379,T01,0,1,true,2,0,0,0,283,0,0,SV210,0,0,0,0,[object Object],bandwidth,0,0,0,r2,1968214901,0,0,0
OT01V4061097388,1776601524480.428,outbound-rtp,COT01_98_profile-id=0,video,video,4061097388,T01,187544,496,true,0,0,175,175,75021,1,2,SV210,0,0,0,1,[object Object],bandwidth,0,0,0,r0,1794114401,3.028,0,3.2532159999999997
OT01V3055899734,1776601524480.428,outbound-rtp,COT01_98_profile-id=0,video,video,3055899734,T01,0,0,true,1,0,0,0,0,0,0,SV210,0,0,0,0,[object Object],bandwidth,0,0,0,r1,2057954113,0,0,0
OT01V353992379,1776601524480.428,outbound-rtp,COT01_98_profile-id=0,video,video,353992379,T01,0,1,true,2,0,0,0,283,0,0,SV210,0,0,0,0,[object Object],bandwidth,0,0,0,r2,1968214901,0,0,0
OT01V4061097388,1776601524480.428,outbound-rtp,COT01_98_profile-id=0,video,video,4061097388,T01,187544,496,true,0,0,175,175,75021,1,2,SV210,0,0,0,1,[object Object],bandwidth,0,0,0,r0,1794114401,3.028,0,3.2532159999999997
OT01V3055899734,1776601524680.42,outbound-rtp,COT01_98_profile-id=0,video,video,3055899734,T01,0,0,true,1,0,0,0,0,0,0,SV210,0,0,0,0,[object Object],bandwidth,0,0,0,r1,2057954113,0,0,0
OT01V353992379,1776601524680.42,outbound-rtp,COT01_98_profile-id=0,video,video,353992379,T01,0,1,true,2,0,0,0,283,0,0,SV210,0,0,0,0,[object Object],bandwidth,0,0,0,r2,1968214901,0,0,0
OT01V4061097388,1776601524680.42,outbound-rtp,COT01_98_profile-id=0,video,video,4061097388,T01,192349,523,true,0,0,181,181,80769,1,2,SV210,0,0,0,1,[object Object],bandwidth,0,0,0,r0,1794114401,3.126,0,3.2532539999999996
OT01V3055899734,1776601524680.42,outbound-rtp,COT01_98_profile-id=0,video,video,3055899734,T01,0,0,true,1,0,0,0,0,0,0,SV210,0,0,0,0,[object Object],bandwidth,0,0,0,r1,2057954113,0,0,0
OT01V353992379,1776601524680.42,outbound-rtp,COT01_98_profile-id=0,video,video,353992379,T01,0,1,true,2,0,0,0,283,0,0,SV210,0,0,0,0,[object Object],bandwidth,0,0,0,r2,1968214901,0,0,0
OT01V4061097388,1776601524680.42,outbound-rtp,COT01_98_profile-id=0,video,video,4061097388,T01,192349,523,true,0,0,181,181,80769,1,2,SV210,0,0,0,1,[object Object],bandwidth,0,0,0,r0,1794114401,3.126,0,3.2532539999999996
OT01V3055899734,1776601524880.511,outbound-rtp,COT01_98_profile-id=0,video,video,3055899734,T01,0,0,true,1,0,0,0,0,0,0,SV210,0,0,0,0,[object Object],bandwidth,0,0,0,r1,2057954113,0,0,0
OT01V353992379,1776601524880.511,outbound-rtp,COT01_98_profile-id=0,video,video,353992379,T01,0,1,true,2,0,0,0,283,0,0,SV210,0,0,0,0,[object Object],bandwidth,0,0,0,r2,1968214901,0,0,0
OT01V4061097388,1776601524880.511,outbound-rtp,COT01_98_profile-id=0,video,video,4061097388,T01,198455,545,true,0,0,186,186,84867,1,2,SV210,0,0,0,1,[object Object],bandwidth,0,0,0,r0,1794114401,3.206,0,3.253279
OT01V3055899734,1776601524880.511,outbound-rtp,COT01_98_profile-id=0,video,video,3055899734,T01,0,0,true,1,0,0,0,0,0,0,SV210,0,0,0,0,[object Object],bandwidth,0,0,0,r1,2057954113,0,0,0
OT01V353992379,1776601524880.511,outbound-rtp,COT01_98_profile-id=0,video,video,353992379,T01,0,1,true,2,0,0,0,283,0,0,SV210,0,0,0,0,[object Object],bandwidth,0,0,0,r2,1968214901,0,0,0
OT01V4061097388,1776601524880.511,outbound-rtp,COT01_98_profile-id=0,video,video,4061097388,T01,198455,545,true,0,0,186,186,84867,1,2,SV210,0,0,0,1,[object Object],bandwidth,0,0,0,r0,1794114401,3.206,0,3.253279
OT01V3055899734,1776601525080.553,outbound-rtp,COT01_98_profile-id=0,video,video,3055899734,T01,0,0,true,1,0,0,0,0,0,0,SV210,0,0,0,0,[object Object],bandwidth,0,0,0,r1,2057954113,0,0,0
OT01V353992379,1776601525080.553,outbound-rtp,COT01_98_profile-id=0,video,video,353992379,T01,0,1,true,2,0,0,0,283,0,0,SV210,0,0,0,0,[object Object],bandwidth,0,0,0,r2,1968214901,0,0,0
OT01V4061097388,1776601525080.553,outbound-rtp,COT01_98_profile-id=0,video,video,4061097388,T01,205122,573,true,0,0,193,193,90129,1,2,SV210,0,0,0,1,[object Object],bandwidth,0,0,0,r0,1794114401,3.333,0,3.2533019999999997
OT01V3055899734,1776601525080.553,outbound-rtp,COT01_98_profile-id=0,video,video,3055899734,T01,0,0,true,1,0,0,0,0,0,0,SV210,0,0,0,0,[object Object],bandwidth,0,0,0,r1,2057954113,0,0,0
OT01V353992379,1776601525080.553,outbound-rtp,COT01_98_profile-id=0,video,video,353992379,T01,0,1,true,2,0,0,0,283,0,0,SV210,0,0,0,0,[object Object],bandwidth,0,0,0,r2,1968214901,0,0,0
OT01V4061097388,1776601525080.553,outbound-rtp,COT01_98_profile-id=0,video,video,4061097388,T01,205122,573,true,0,0,193,193,90129,1,2,SV210,0,0,0,1,[object Object],bandwidth,0,0,0,r0,1794114401,3.333,0,3.2533019999999997
OT01V3055899734,1776601525280.557,outbound-rtp,COT01_98_profile-id=0,video,video,3055899734,T01,0,0,true,1,0,0,0,0,0,0,SV210,0,0,0,0,[object Object],bandwidth,0,0,0,r1,2057954113,0,0,0
OT01V353992379,1776601525280.557,outbound-rtp,COT01_98_profile-id=0,video,video,353992379,T01,0,1,true,2,0,0,0,283,0,0,SV210,0,0,0,0,[object Object],bandwidth,0,0,0,r2,1968214901,0,0,0
OT01V4061097388,1776601525280.557,outbound-rtp,COT01_98_profile-id=0,video,video,4061097388,T01,211776,602,true,0,0,199,199,95925,1,2,SV210,0,0,0,1,[object Object],bandwidth,0,0,0,r0,1794114401,3.434,0,3.2533469999999998
OT01V3055899734,1776601525280.557,outbound-rtp,COT01_98_profile-id=0,video,video,3055899734,T01,0,0,true,1,0,0,0,0,0,0,SV210,0,0,0,0,[object Object],bandwidth,0,0,0,r1,2057954113,0,0,0
OT01V353992379,1776601525280.557,outbound-rtp,COT01_98_profile-id=0,video,video,353992379,T01,0,1,true,2,0,0,0,283,0,0,SV210,0,0,0,0,[object Object],bandwidth,0,0,0,r2,1968214901,0,0,0
OT01V4061097388,1776601525280.557,outbound-rtp,COT01_98_profile-id=0,video,video,4061097388,T01,211776,602,true,0,0,199,199,95925,1,2,SV210,0,0,0,1,[object Object],bandwidth,0,0,0,r0,1794114401,3.434,0,3.2533469999999998
OT01V3055899734,1776601525480.472,outbound-rtp,COT01_98_profile-id=0,video,video,3055899734,T01,0,0,true,1,0,0,0,0,0,0,SV210,0,0,0,0,[object Object],bandwidth,0,0,0,r1,2057954113,0,0,0
OT01V353992379,1776601525480.472,outbound-rtp,COT01_98_profile-id=0,video,video,353992379,T01,0,1,true,2,0,0,0,283,0,0,SV210,0,0,0,0,[object Object],bandwidth,0,0,0,r2,1968214901,0,0,0
OT01V4061097388,1776601525480.472,outbound-rtp,COT01_98_profile-id=0,video,video,4061097388,T01,217314,630,true,0,0,205,205,101697,1,2,SV210,0,0,0,1,[object Object],bandwidth,0,0,0,r0,1794114401,3.546,0,3.253374
OT01V3055899734,1776601525480.472,outbound-rtp,COT01_98_profile-id=0,video,video,3055899734,T01,0,0,true,1,0,0,0,0,0,0,SV210,0,0,0,0,[object Object],bandwidth,0,0,0,r1,2057954113,0,0,0
OT01V353992379,1776601525480.472,outbound-rtp,COT01_98_profile-id=0,video,video,353992379,T01,0,1,true,2,0,0,0,283,0,0,SV210,0,0,0,0,[object Object],bandwidth,0,0,0,r2,1968214901,0,0,0
OT01V4061097388,1776601525480.472,outbound-rtp,COT01_98_profile-id=0,video,video,4061097388,T01,217314,630,true,0,0,205,205,101697,1,2,SV210,0,0,0,1,[object Object],bandwidth,0,0,0,r0,1794114401,3.546,0,3.253374
OT01V3055899734,1776601525680.429,outbound-rtp,COT01_98_profile-id=0,video,video,3055899734,T01,0,0,true,1,0,0,0,0,0,0,SV210,0,0,0,0,[object Object],bandwidth,0,0,0,r1,2057954113,0,0,0
OT01V353992379,1776601525680.429,outbound-rtp,COT01_98_profile-id=0,video,video,353992379,T01,0,1,true,2,0,0,0,283,0,0,SV210,0,0,0,0,[object Object],bandwidth,0,0,0,r2,1968214901,0,0,0
OT01V4061097388,1776601525680.429,outbound-rtp,COT01_98_profile-id=0,video,video,4061097388,T01,222116,655,true,0,0,210,210,106887,1,2,SV210,0,0,0,1,[object Object],bandwidth,0,0,0,r0,1794114401,3.623,0,3.253406
OT01V3055899734,1776601525680.429,outbound-rtp,COT01_98_profile-id=0,video,video,3055899734,T01,0,0,true,1,0,0,0,0,0,0,SV210,0,0,0,0,[object Object],bandwidth,0,0,0,r1,2057954113,0,0,0
OT01V353992379,1776601525680.429,outbound-rtp,COT01_98_profile-id=0,video,video,353992379,T01,0,1,true,2,0,0,0,283,0,0,SV210,0,0,0,0,[object Object],bandwidth,0,0,0,r2,1968214901,0,0,0
OT01V4061097388,1776601525680.429,outbound-rtp,COT01_98_profile-id=0,video,video,4061097388,T01,222116,655,true,0,0,210,210,106887,1,2,SV210,0,0,0,1,[object Object],bandwidth,0,0,0,r0,1794114401,3.623,0,3.253406
OT01V3055899734,1776601525880.551,outbound-rtp,COT01_98_profile-id=0,video,video,3055899734,T01,0,0,true,1,0,0,0,0,0,0,SV210,0,0,0,0,[object Object],bandwidth,0,0,0,r1,2057954113,0,0,0
OT01V353992379,1776601525880.551,outbound-rtp,COT01_98_profile-id=0,video,video,353992379,T01,0,1,true,2,0,0,0,283,0,0,SV210,0,0,0,0,[object Object],bandwidth,0,0,0,r2,1968214901,0,0,0
OT01V4061097388,1776601525880.551,outbound-rtp,COT01_98_profile-id=0,video,video,4061097388,T01,228488,684,true,0,0,216,216,112683,1,2,SV210,0,0,0,1,[object Object],bandwidth,0,0,0,r0,1794114401,3.728,0,3.253468
OT01V3055899734,1776601525880.551,outbound-rtp,COT01_98_profile-id=0,video,video,3055899734,T01,0,0,true,1,0,0,0,0,0,0,SV210,0,0,0,0,[object Object],bandwidth,0,0,0,r1,2057954113,0,0,0
OT01V353992379,1776601525880.551,outbound-rtp,COT01_98_profile-id=0,video,video,353992379,T01,0,1,true,2,0,0,0,283,0,0,SV210,0,0,0,0,[object Object],bandwidth,0,0,0,r2,1968214901,0,0,0
OT01V4061097388,1776601525880.551,outbound-rtp,COT01_98_profile-id=0,video,video,4061097388,T01,228488,684,true,0,0,216,216,112683,1,2,SV210,0,0,0,1,[object Object],bandwidth,0,0,0,r0,1794114401,3.728,0,3.253468
OT01V3055899734,1776601526080.658,outbound-rtp,COT01_98_profile-id=0,video,video,3055899734,T01,0,0,true,1,0,0,0,0,0,0,SV210,0,0,0,0,[object Object],bandwidth,0,0,0,r1,2057954113,0,0,0
OT01V353992379,1776601526080.658,outbound-rtp,COT01_98_profile-id=0,video,video,353992379,T01,0,1,true,2,0,0,0,283,0,0,SV210,0,0,0,0,[object Object],bandwidth,0,0,0,r2,1968214901,0,0,0
OT01V4061097388,1776601526080.658,outbound-rtp,COT01_98_profile-id=0,video,video,4061097388,T01,233526,715,true,0,0,222,222,119547,1,2,SV210,0,0,0,1,[object Object],bandwidth,0,0,0,r0,1794114401,3.833,0,3.25351
OT01V3055899734,1776601526080.658,outbound-rtp,COT01_98_profile-id=0,video,video,3055899734,T01,0,0,true,1,0,0,0,0,0,0,SV210,0,0,0,0,[object Object],bandwidth,0,0,0,r1,2057954113,0,0,0
OT01V353992379,1776601526080.658,outbound-rtp,COT01_98_profile-id=0,video,video,353992379,T01,0,1,true,2,0,0,0,283,0,0,SV210,0,0,0,0,[object Object],bandwidth,0,0,0,r2,1968214901,0,0,0
OT01V4061097388,1776601526080.658,outbound-rtp,COT01_98_profile-id=0,video,video,4061097388,T01,233526,715,true,0,0,222,222,119547,1,2,SV210,0,0,0,1,[object Object],bandwidth,0,0,0,r0,1794114401,3.833,0,3.25351
OT01V3055899734,1776601526280.599,outbound-rtp,COT01_98_profile-id=0,video,video,3055899734,T01,0,0,true,1,0,0,0,0,0,0,SV210,0,0,0,0,[object Object],bandwidth,0,0,0,r1,2057954113,0,0,0
OT01V353992379,1776601526280.599,outbound-rtp,COT01_98_profile-id=0,video,video,353992379,T01,0,1,true,2,0,0,0,283,0,0,SV210,0,0,0,0,[object Object],bandwidth,0,0,0,r2,1968214901,0,0,0
OT01V4061097388,1776601526280.599,outbound-rtp,COT01_98_profile-id=0,video,video,4061097388,T01,241567,743,true,0,0,229,229,124809,1,2,SV210,0,0,0,1,[object Object],bandwidth,0,0,0,r0,1794114401,3.959,0,3.253541
OT01V3055899734,1776601526280.599,outbound-rtp,COT01_98_profile-id=0,video,video,3055899734,T01,0,0,true,1,0,0,0,0,0,0,SV210,0,0,0,0,[object Object],bandwidth,0,0,0,r1,2057954113,0,0,0
OT01V353992379,1776601526280.599,outbound-rtp,COT01_98_profile-id=0,video,video,353992379,T01,0,1,true,2,0,0,0,283,0,0,SV210,0,0,0,0,[object Object],bandwidth,0,0,0,r2,1968214901,0,0,0
OT01V4061097388,1776601526280.599,outbound-rtp,COT01_98_profile-id=0,video,video,4061097388,T01,241567,743,true,0,0,229,229,124809,1,2,SV210,0,0,0,1,[object Object],bandwidth,0,0,0,r0,1794114401,3.959,0,3.253541
OT01V3055899734,1776601526480.532,outbound-rtp,COT01_98_profile-id=0,video,video,3055899734,T01,0,0,true,1,0,0,0,0,0,0,SV210,0,0,0,0,[object Object],bandwidth,0,0,0,r1,2057954113,0,0,0
OT01V353992379,1776601526480.532,outbound-rtp,COT01_98_profile-id=0,video,video,353992379,T01,0,1,true,2,0,0,0,283,0,0,SV210,0,0,0,0,[object Object],bandwidth,0,0,0,r2,1968214901,0,0,0
OT01V4061097388,1776601526480.532,outbound-rtp,COT01_98_profile-id=0,video,video,4061097388,T01,248488,768,true,0,0,234,234,129489,1,2,SV210,0,0,0,1,[object Object],bandwidth,0,0,0,r0,1794114401,4.06,0,3.253577
OT01V3055899734,1776601526480.532,outbound-rtp,COT01_98_profile-id=0,video,video,3055899734,T01,0,0,true,1,0,0,0,0,0,0,SV210,0,0,0,0,[object Object],bandwidth,0,0,0,r1,2057954113,0,0,0
OT01V353992379,1776601526480.532,outbound-rtp,COT01_98_profile-id=0,video,video,353992379,T01,0,1,true,2,0,0,0,283,0,0,SV210,0,0,0,0,[object Object],bandwidth,0,0,0,r2,1968214901,0,0,0
OT01V4061097388,1776601526480.532,outbound-rtp,COT01_98_profile-id=0,video,video,4061097388,T01,248488,768,true,0,0,234,234,129489,1,2,SV210,0,0,0,1,[object Object],bandwidth,0,0,0,r0,1794114401,4.06,0,3.253577
OT01V3055899734,1776601526680.406,outbound-rtp,COT01_98_profile-id=0,video,video,3055899734,T01,0,0,true,1,0,0,0,0,0,0,SV210,0,0,0,0,[object Object],bandwidth,0,0,0,r1,2057954113,0,0,0
OT01V353992379,1776601526680.406,outbound-rtp,COT01_98_profile-id=0,video,video,353992379,T01,0,1,true,2,0,0,0,283,0,0,SV210,0,0,0,0,[object Object],bandwidth,0,0,0,r2,1968214901,0,0,0
OT01V4061097388,1776601526680.406,outbound-rtp,COT01_98_profile-id=0,video,video,4061097388,T01,262040,786,true,0,0,241,241,130431,1,2,SV210,0,0,0,1,[object Object],bandwidth,0,0,0,r0,1794114401,4.182,0,3.253584
OT01V3055899734,1776601526680.406,outbound-rtp,COT01_98_profile-id=0,video,video,3055899734,T01,0,0,true,1,0,0,0,0,0,0,SV210,0,0,0,0,[object Object],bandwidth,0,0,0,r1,2057954113,0,0,0
OT01V353992379,1776601526680.406,outbound-rtp,COT01_98_profile-id=0,video,video,353992379,T01,0,1,true,2,0,0,0,283,0,0,SV210,0,0,0,0,[object Object],bandwidth,0,0,0,r2,1968214901,0,0,0
OT01V4061097388,1776601526680.406,outbound-rtp,COT01_98_profile-id=0,video,video,4061097388,T01,262040,786,true,0,0,241,241,130431,1,2,SV210,0,0,0,1,[object Object],bandwidth,0,0,0,r0,1794114401,4.182,0,3.253584
OT01V3055899734,1776601526880.514,outbound-rtp,COT01_98_profile-id=0,video,video,3055899734,T01,0,0,true,1,0,0,0,0,0,0,SV210,0,0,0,0,[object Object],bandwidth,0,0,0,r1,2057954113,0,0,0
OT01V353992379,1776601526880.514,outbound-rtp,COT01_98_profile-id=0,video,video,353992379,T01,0,1,true,2,0,0,0,283,0,0,SV210,0,0,0,0,[object Object],bandwidth,0,0,0,r2,1968214901,0,0,0
OT01V4061097388,1776601526880.514,outbound-rtp,COT01_98_profile-id=0,video,video,4061097388,T01,274310,801,true,0,0,247,247,130791,1,2,SV210,0,0,0,1,[object Object],bandwidth,0,0,0,r0,1794114401,4.276,0,3.2535909999999997
OT01V3055899734,1776601526880.514,outbound-rtp,COT01_98_profile-id=0,video,video,3055899734,T01,0,0,true,1,0,0,0,0,0,0,SV210,0,0,0,0,[object Object],bandwidth,0,0,0,r1,2057954113,0,0,0
OT01V353992379,1776601526880.514,outbound-rtp,COT01_98_profile-id=0,video,video,353992379,T01,0,1,true,2,0,0,0,283,0,0,SV210,0,0,0,0,[object Object],bandwidth,0,0,0,r2,1968214901,0,0,0
OT01V4061097388,1776601526880.514,outbound-rtp,COT01_98_profile-id=0,video,video,4061097388,T01,274310,801,true,0,0,247,247,130791,1,2,SV210,0,0,0,1,[object Object],bandwidth,0,0,0,r0,1794114401,4.276,0,3.2535909999999997
OT01V3055899734,1776601527080.716,outbound-rtp,COT01_98_profile-id=0,video,video,3055899734,T01,0,0,true,1,0,0,0,0,0,0,SV210,0,0,0,0,[object Object],bandwidth,0,0,0,r1,2057954113,0,0,0
OT01V353992379,1776601527080.716,outbound-rtp,COT01_98_profile-id=0,video,video,353992379,T01,0,1,true,2,0,0,0,283,0,0,SV210,0,0,0,0,[object Object],bandwidth,0,0,0,r2,1968214901,0,0,0
OT01V4061097388,1776601527080.716,outbound-rtp,COT01_98_profile-id=0,video,video,4061097388,T01,279859,832,true,0,0,253,253,137655,1,2,SV210,0,0,0,1,[object Object],bandwidth,0,0,0,r0,1794114401,4.376,0,3.253628
OT01V3055899734,1776601527080.716,outbound-rtp,COT01_98_profile-id=0,video,video,3055899734,T01,0,0,true,1,0,0,0,0,0,0,SV210,0,0,0,0,[object Object],bandwidth,0,0,0,r1,2057954113,0,0,0
OT01V353992379,1776601527080.716,outbound-rtp,COT01_98_profile-id=0,video,video,353992379,T01,0,1,true,2,0,0,0,283,0,0,SV210,0,0,0,0,[object Object],bandwidth,0,0,0,r2,1968214901,0,0,0
OT01V4061097388,1776601527080.716,outbound-rtp,COT01_98_profile-id=0,video,video,4061097388,T01,279859,832,true,0,0,253,253,137655,1,2,SV210,0,0,0,1,[object Object],bandwidth,0,0,0,r0,1794114401,4.376,0,3.253628
OT01V3055899734,1776601527280.652,outbound-rtp,COT01_98_profile-id=0,video,video,3055899734,T01,0,0,true,1,0,0,0,0,0,0,SV210,0,0,0,0,[object Object],bandwidth,0,0,0,r1,2057954113,0,0,0
OT01V353992379,1776601527280.652,outbound-rtp,COT01_98_profile-id=0,video,video,353992379,T01,0,1,true,2,0,0,0,283,0,0,SV210,0,0,0,0,[object Object],bandwidth,0,0,0,r2,1968214901,0,0,0
OT01V4061097388,1776601527280.652,outbound-rtp,COT01_98_profile-id=0,video,video,4061097388,T01,287044,866,true,0,0,259,259,145101,1,2,SV210,0,0,0,1,[object Object],bandwidth,0,0,0,r0,1794114401,4.478,0,3.253682
OT01V3055899734,1776601527280.652,outbound-rtp,COT01_98_profile-id=0,video,video,3055899734,T01,0,0,true,1,0,0,0,0,0,0,SV210,0,0,0,0,[object Object],bandwidth,0,0,0,r1,2057954113,0,0,0
OT01V353992379,1776601527280.652,outbound-rtp,COT01_98_profile-id=0,video,video,353992379,T01,0,1,true,2,0,0,0,283,0,0,SV210,0,0,0,0,[object Object],bandwidth,0,0,0,r2,1968214901,0,0,0
OT01V4061097388,1776601527280.652,outbound-rtp,COT01_98_profile-id=0,video,video,4061097388,T01,287044,866,true,0,0,259,259,145101,1,2,SV210,0,0,0,1,[object Object],bandwidth,0,0,0,r0,1794114401,4.478,0,3.253682
OT01V3055899734,1776601527480.485,outbound-rtp,COT01_98_profile-id=0,video,video,3055899734,T01,0,0,true,1,0,0,0,0,0,0,SV210,0,0,0,0,[object Object],bandwidth,0,0,0,r1,2057954113,0,0,0
OT01V353992379,1776601527480.485,outbound-rtp,COT01_98_profile-id=0,video,video,353992379,T01,0,1,true,2,0,0,0,283,0,0,SV210,0,0,0,0,[object Object],bandwidth,0,0,0,r2,1968214901,0,0,0
OT01V4061097388,1776601527480.485,outbound-rtp,COT01_98_profile-id=0,video,video,4061097388,T01,293995,899,true,0,0,265,265,152013,1,2,SV210,0,0,0,1,[object Object],bandwidth,0,0,0,r0,1794114401,4.577,0,3.253761
OT01V3055899734,1776601527480.485,outbound-rtp,COT01_98_profile-id=0,video,video,3055899734,T01,0,0,true,1,0,0,0,0,0,0,SV210,0,0,0,0,[object Object],bandwidth,0,0,0,r1,2057954113,0,0,0
OT01V353992379,1776601527480.485,outbound-rtp,COT01_98_profile-id=0,video,video,353992379,T01,0,1,true,2,0,0,0,283,0,0,SV210,0,0,0,0,[object Object],bandwidth,0,0,0,r2,1968214901,0,0,0
OT01V4061097388,1776601527480.485,outbound-rtp,COT01_98_profile-id=0,video,video,4061097388,T01,293995,899,true,0,0,265,265,152013,1,2,SV210,0,0,0,1,[object Object],bandwidth,0,0,0,r0,1794114401,4.577,0,3.253761
OT01V3055899734,1776601527680.515,outbound-rtp,COT01_98_profile-id=0,video,video,3055899734,T01,0,0,true,1,0,0,0,0,0,0,SV210,0,0,0,0,[object Object],bandwidth,0,0,0,r1,2057954113,0,0,0
OT01V353992379,1776601527680.515,outbound-rtp,COT01_98_profile-id=0,video,video,353992379,T01,0,1,true,2,0,0,0,283,0,0,SV210,0,0,0,0,[object Object],bandwidth,0,0,0,r2,1968214901,0,0,0
OT01V4061097388,1776601527680.515,outbound-rtp,COT01_98_profile-id=0,video,video,4061097388,T01,299222,931,true,0,0,270,270,158901,1,2,SV210,0,0,0,1,[object Object],bandwidth,0,0,0,r0,1794114401,4.654,0,3.253816
OT01V3055899734,1776601527680.515,outbound-rtp,COT01_98_profile-id=0,video,video,3055899734,T01,0,0,true,1,0,0,0,0,0,0,SV210,0,0,0,0,[object Object],bandwidth,0,0,0,r1,2057954113,0,0,0
OT01V353992379,1776601527680.515,outbound-rtp,COT01_98_profile-id=0,video,video,353992379,T01,0,1,true,2,0,0,0,283,0,0,SV210,0,0,0,0,[object Object],bandwidth,0,0,0,r2,1968214901,0,0,0
OT01V4061097388,1776601527680.515,outbound-rtp,COT01_98_profile-id=0,video,video,4061097388,T01,299222,931,true,0,0,270,270,158901,1,2,SV210,0,0,0,1,[object Object],bandwidth,0,0,0,r0,1794114401,4.654,0,3.253816
OT01V3055899734,1776601527880.636,outbound-rtp,COT01_98_profile-id=0,video,video,3055899734,T01,0,0,true,1,0,0,0,0,0,0,SV210,0,0,0,0,[object Object],bandwidth,0,0,0,r1,2057954113,0,0,0
OT01V353992379,1776601527880.636,outbound-rtp,COT01_98_profile-id=0,video,video,353992379,T01,0,1,true,2,0,0,0,283,0,0,SV210,0,0,0,0,[object Object],bandwidth,0,0,0,r2,1968214901,0,0,0
OT01V4061097388,1776601527880.636,outbound-rtp,COT01_98_profile-id=0,video,video,4061097388,T01,309196,957,true,0,0,276,276,163095,1,2,SV210,0,0,0,1,[object Object],bandwidth,0,0,0,r0,1794114401,4.764,0,3.2538579999999997
OT01V3055899734,1776601527880.636,outbound-rtp,COT01_98_profile-id=0,video,video,3055899734,T01,0,0,true,1,0,0,0,0,0,0,SV210,0,0,0,0,[object Object],bandwidth,0,0,0,r1,2057954113,0,0,0
OT01V353992379,1776601527880.636,outbound-rtp,COT01_98_profile-id=0,video,video,353992379,T01,0,1,true,2,0,0,0,283,0,0,SV210,0,0,0,0,[object Object],bandwidth,0,0,0,r2,1968214901,0,0,0
OT01V4061097388,1776601527880.636,outbound-rtp,COT01_98_profile-id=0,video,video,4061097388,T01,309196,957,true,0,0,276,276,163095,1,2,SV210,0,0,0,1,[object Object],bandwidth,0,0,0,r0,1794114401,4.764,0,3.2538579999999997
OT01V3055899734,1776601528080.694,outbound-rtp,COT01_98_profile-id=0,video,video,3055899734,T01,0,0,true,1,0,0,0,0,0,0,SV210,0,0,0,0,[object Object],bandwidth,0,0,0,r1,2057954113,0,0,0
OT01V353992379,1776601528080.694,outbound-rtp,COT01_98_profile-id=0,video,video,353992379,T01,0,1,true,2,0,0,0,283,0,0,SV210,0,0,0,0,[object Object],bandwidth,0,0,0,r2,1968214901,0,0,0
OT01V4061097388,1776601528080.694,outbound-rtp,COT01_98_profile-id=0,video,video,4061097388,T01,324739,974,true,0,0,283,283,163503,1,2,SV210,0,0,0,1,[object Object],bandwidth,0,0,0,r0,1794114401,4.895,0,3.253867
OT01V3055899734,1776601528080.694,outbound-rtp,COT01_98_profile-id=0,video,video,3055899734,T01,0,0,true,1,0,0,0,0,0,0,SV210,0,0,0,0,[object Object],bandwidth,0,0,0,r1,2057954113,0,0,0
OT01V353992379,1776601528080.694,outbound-rtp,COT01_98_profile-id=0,video,video,353992379,T01,0,1,true,2,0,0,0,283,0,0,SV210,0,0,0,0,[object Object],bandwidth,0,0,0,r2,1968214901,0,0,0
OT01V4061097388,1776601528080.694,outbound-rtp,COT01_98_profile-id=0,video,video,4061097388,T01,324739,974,true,0,0,283,283,163503,1,2,SV210,0,0,0,1,[object Object],bandwidth,0,0,0,r0,1794114401,4.895,0,3.253867
OT01V3055899734,1776601528280.601,outbound-rtp,COT01_98_profile-id=0,video,video,3055899734,T01,0,0,true,1,0,0,0,0,0,0,SV210,0,0,0,0,[object Object],bandwidth,0,0,0,r1,2057954113,0,0,0
OT01V353992379,1776601528280.601,outbound-rtp,COT01_98_profile-id=0,video,video,353992379,T01,0,1,true,2,0,0,0,283,0,0,SV210,0,0,0,0,[object Object],bandwidth,0,0,0,r2,1968214901,0,0,0
OT01V4061097388,1776601528280.601,outbound-rtp,COT01_98_profile-id=0,video,video,4061097388,T01,338715,990,true,0,0,289,289,163887,1,2,SV210,0,0,0,1,[object Object],bandwidth,0,0,0,r0,1794114401,4.993,0,3.2538709999999997
OT01V3055899734,1776601528280.601,outbound-rtp,COT01_98_profile-id=0,video,video,3055899734,T01,0,0,true,1,0,0,0,0,0,0,SV210,0,0,0,0,[object Object],bandwidth,0,0,0,r1,2057954113,0,0,0
OT01V353992379,1776601528280.601,outbound-rtp,COT01_98_profile-id=0,video,video,353992379,T01,0,1,true,2,0,0,0,283,0,0,SV210,0,0,0,0,[object Object],bandwidth,0,0,0,r2,1968214901,0,0,0
OT01V4061097388,1776601528280.601,outbound-rtp,COT01_98_profile-id=0,video,video,4061097388,T01,338715,990,true,0,0,289,289,163887,1,2,SV210,0,0,0,1,[object Object],bandwidth,0,0,0,r0,1794114401,4.993,0,3.2538709999999997
OT01V3055899734,1776601528480.501,outbound-rtp,COT01_98_profile-id=0,video,video,3055899734,T01,0,0,true,1,0,0,0,0,0,0,SV210,0,0,0,0,[object Object],bandwidth,0,0,0,r1,2057954113,0,0,0
OT01V353992379,1776601528480.501,outbound-rtp,COT01_98_profile-id=0,video,video,353992379,T01,0,1,true,2,0,0,0,283,0,0,SV210,0,0,0,0,[object Object],bandwidth,0,0,0,r2,1968214901,0,0,0
OT01V4061097388,1776601528480.501,outbound-rtp,COT01_98_profile-id=0,video,video,4061097388,T01,352282,1006,true,0,0,294,294,164271,1,2,SV210,0,0,0,1,[object Object],bandwidth,0,0,0,r0,1794114401,5.11,0,3.253888
OT01V3055899734,1776601528480.501,outbound-rtp,COT01_98_profile-id=0,video,video,3055899734,T01,0,0,true,1,0,0,0,0,0,0,SV210,0,0,0,0,[object Object],bandwidth,0,0,0,r1,2057954113,0,0,0
OT01V353992379,1776601528480.501,outbound-rtp,COT01_98_profile-id=0,video,video,353992379,T01,0,1,true,2,0,0,0,283,0,0,SV210,0,0,0,0,[object Object],bandwidth,0,0,0,r2,1968214901,0,0,0
OT01V4061097388,1776601528480.501,outbound-rtp,COT01_98_profile-id=0,video,video,4061097388,T01,352282,1006,true,0,0,294,294,164271,1,2,SV210,0,0,0,1,[object Object],bandwidth,0,0,0,r0,1794114401,5.11,0,3.253888
OT01V3055899734,1776601528680.638,outbound-rtp,COT01_98_profile-id=0,video,video,3055899734,T01,0,0,true,1,0,0,0,0,0,0,SV210,0,0,0,0,[object Object],bandwidth,0,0,0,r1,2057954113,0,0,0
OT01V353992379,1776601528680.638,outbound-rtp,COT01_98_profile-id=0,video,video,353992379,T01,0,1,true,2,0,0,0,283,0,0,SV210,0,0,0,0,[object Object],bandwidth,0,0,0,r2,1968214901,0,0,0
OT01V4061097388,1776601528680.638,outbound-rtp,COT01_98_profile-id=0,video,video,4061097388,T01,367985,1024,true,0,0,301,301,164703,1,2,SV210,0,0,0,1,[object Object],bandwidth,0,0,0,r0,1794114401,5.224,0,3.253894
OT01V3055899734,1776601528680.638,outbound-rtp,COT01_98_profile-id=0,video,video,3055899734,T01,0,0,true,1,0,0,0,0,0,0,SV210,0,0,0,0,[object Object],bandwidth,0,0,0,r1,2057954113,0,0,0
OT01V353992379,1776601528680.638,outbound-rtp,COT01_98_profile-id=0,video,video,353992379,T01,0,1,true,2,0,0,0,283,0,0,SV210,0,0,0,0,[object Object],bandwidth,0,0,0,r2,1968214901,0,0,0
OT01V4061097388,1776601528680.638,outbound-rtp,COT01_98_profile-id=0,video,video,4061097388,T01,367985,1024,true,0,0,301,301,164703,1,2,SV210,0,0,0,1,[object Object],bandwidth,0,0,0,r0,1794114401,5.224,0,3.253894
OT01V3055899734,1776601528880.494,outbound-rtp,COT01_98_profile-id=0,video,video,3055899734,T01,0,0,true,1,0,0,0,0,0,0,SV210,0,0,0,0,[object Object],bandwidth,0,0,0,r1,2057954113,0,0,0
OT01V353992379,1776601528880.494,outbound-rtp,COT01_98_profile-id=0,video,video,353992379,T01,0,1,true,2,0,0,0,283,0,0,SV210,0,0,0,0,[object Object],bandwidth,0,0,0,r2,1968214901,0,0,0
OT01V4061097388,1776601528880.494,outbound-rtp,COT01_98_profile-id=0,video,video,4061097388,T01,382727,1041,true,0,0,306,306,165111,1,2,SV210,0,0,0,1,[object Object],bandwidth,0,0,0,r0,1794114401,5.305,0,3.2539
OT01V3055899734,1776601528880.494,outbound-rtp,COT01_98_profile-id=0,video,video,3055899734,T01,0,0,true,1,0,0,0,0,0,0,SV210,0,0,0,0,[object Object],bandwidth,0,0,0,r1,2057954113,0,0,0
OT01V353992379,1776601528880.494,outbound-rtp,COT01_98_profile-id=0,video,video,353992379,T01,0,1,true,2,0,0,0,283,0,0,SV210,0,0,0,0,[object Object],bandwidth,0,0,0,r2,1968214901,0,0,0
OT01V4061097388,1776601528880.494,outbound-rtp,COT01_98_profile-id=0,video,video,4061097388,T01,382727,1041,true,0,0,306,306,165111,1,2,SV210,0,0,0,1,[object Object],bandwidth,0,0,0,r0,1794114401,5.305,0,3.2539
OT01V3055899734,1776601529080.575,outbound-rtp,COT01_98_profile-id=0,video,video,3055899734,T01,0,0,true,1,0,0,0,0,0,0,SV210,0,0,0,0,[object Object],bandwidth,0,0,0,r1,2057954113,0,0,0
OT01V353992379,1776601529080.575,outbound-rtp,COT01_98_profile-id=0,video,video,353992379,T01,0,1,true,2,0,0,0,283,0,0,SV210,0,0,0,0,[object Object],bandwidth,0,0,0,r2,1968214901,0,0,0
OT01V4061097388,1776601529080.575,outbound-rtp,COT01_98_profile-id=0,video,video,4061097388,T01,397858,1058,true,0,0,313,313,165519,1,2,SV210,0,0,0,1,[object Object],bandwidth,0,0,0,r0,1794114401,5.44,0,3.2539029999999998
OT01V3055899734,1776601529080.575,outbound-rtp,COT01_98_profile-id=0,video,video,3055899734,T01,0,0,true,1,0,0,0,0,0,0,SV210,0,0,0,0,[object Object],bandwidth,0,0,0,r1,2057954113,0,0,0
OT01V353992379,1776601529080.575,outbound-rtp,COT01_98_profile-id=0,video,video,353992379,T01,0,1,true,2,0,0,0,283,0,0,SV210,0,0,0,0,[object Object],bandwidth,0,0,0,r2,1968214901,0,0,0
OT01V4061097388,1776601529080.575,outbound-rtp,COT01_98_profile-id=0,video,video,4061097388,T01,397858,1058,true,0,0,313,313,165519,1,2,SV210,0,0,0,1,[object Object],bandwidth,0,0,0,r0,1794114401,5.44,0,3.2539029999999998
OT01V3055899734,1776601529280.652,outbound-rtp,COT01_98_profile-id=0,video,video,3055899734,T01,0,0,true,1,0,0,0,0,0,0,SV210,0,0,0,0,[object Object],bandwidth,0,0,0,r1,2057954113,0,0,0
OT01V353992379,1776601529280.652,outbound-rtp,COT01_98_profile-id=0,video,video,353992379,T01,0,1,true,2,0,0,0,283,0,0,SV210,0,0,0,0,[object Object],bandwidth,0,0,0,r2,1968214901,0,0,0
OT01V4061097388,1776601529280.652,outbound-rtp,COT01_98_profile-id=0,video,video,4061097388,T01,415489,1077,true,0,0,319,319,165975,1,2,SV210,0,0,0,1,[object Object],bandwidth,0,0,0,r0,1794114401,5.547,0,3.253911
OT01V3055899734,1776601529280.652,outbound-rtp,COT01_98_profile-id=0,video,video,3055899734,T01,0,0,true,1,0,0,0,0,0,0,SV210,0,0,0,0,[object Object],bandwidth,0,0,0,r1,2057954113,0,0,0
OT01V353992379,1776601529280.652,outbound-rtp,COT01_98_profile-id=0,video,video,353992379,T01,0,1,true,2,0,0,0,283,0,0,SV210,0,0,0,0,[object Object],bandwidth,0,0,0,r2,1968214901,0,0,0
OT01V4061097388,1776601529280.652,outbound-rtp,COT01_98_profile-id=0,video,video,4061097388,T01,415489,1077,true,0,0,319,319,165975,1,2,SV210,0,0,0,1,[object Object],bandwidth,0,0,0,r0,1794114401,5.547,0,3.253911
OT01V3055899734,1776601529480.553,outbound-rtp,COT01_98_profile-id=0,video,video,3055899734,T01,0,0,true,1,0,0,0,0,0,0,SV210,0,0,0,0,[object Object],bandwidth,0,0,0,r1,2057954113,0,0,0
OT01V353992379,1776601529480.553,outbound-rtp,COT01_98_profile-id=0,video,video,353992379,T01,0,1,true,2,0,0,0,283,0,0,SV210,0,0,0,0,[object Object],bandwidth,0,0,0,r2,1968214901,0,0,0
OT01V4061097388,1776601529480.553,outbound-rtp,COT01_98_profile-id=0,video,video,4061097388,T01,431218,1094,true,0,0,325,325,166383,1,2,SV210,0,0,0,1,[object Object],bandwidth,0,0,0,r0,1794114401,5.655,0,3.2926089999999997
OT01V3055899734,1776601529480.553,outbound-rtp,COT01_98_profile-id=0,video,video,3055899734,T01,0,0,true,1,0,0,0,0,0,0,SV210,0,0,0,0,[object Object],bandwidth,0,0,0,r1,2057954113,0,0,0
OT01V353992379,1776601529480.553,outbound-rtp,COT01_98_profile-id=0,video,video,353992379,T01,0,1,true,2,0,0,0,283,0,0,SV210,0,0,0,0,[object Object],bandwidth,0,0,0,r2,1968214901,0,0,0
OT01V4061097388,1776601529480.553,outbound-rtp,COT01_98_profile-id=0,video,video,4061097388,T01,431218,1094,true,0,0,325,325,166383,1,2,SV210,0,0,0,1,[object Object],bandwidth,0,0,0,r0,1794114401,5.655,0,3.2926089999999997
OT01V3055899734,1776601529680.535,outbound-rtp,COT01_98_profile-id=0,video,video,3055899734,T01,0,0,true,1,0,0,0,0,0,0,SV210,0,0,0,0,[object Object],bandwidth,0,0,0,r1,2057954113,0,0,0
OT01V353992379,1776601529680.535,outbound-rtp,COT01_98_profile-id=0,video,video,353992379,T01,0,1,true,2,0,0,0,283,0,0,SV210,0,0,0,0,[object Object],bandwidth,0,0,0,r2,1968214901,0,0,0
OT01V4061097388,1776601529680.535,outbound-rtp,COT01_98_profile-id=0,video,video,4061097388,T01,447250,1112,true,0,0,331,331,166815,1,2,SV210,0,0,0,1,[object Object],bandwidth,0,0,0,r0,1794114401,5.751,0,3.292617
OT01V3055899734,1776601529680.535,outbound-rtp,COT01_98_profile-id=0,video,video,3055899734,T01,0,0,true,1,0,0,0,0,0,0,SV210,0,0,0,0,[object Object],bandwidth,0,0,0,r1,2057954113,0,0,0
OT01V353992379,1776601529680.535,outbound-rtp,COT01_98_profile-id=0,video,video,353992379,T01,0,1,true,2,0,0,0,283,0,0,SV210,0,0,0,0,[object Object],bandwidth,0,0,0,r2,1968214901,0,0,0
OT01V4061097388,1776601529680.535,outbound-rtp,COT01_98_profile-id=0,video,video,4061097388,T01,447250,1112,true,0,0,331,331,166815,1,2,SV210,0,0,0,1,[object Object],bandwidth,0,0,0,r0,1794114401,5.751,0,3.292617
OT01V3055899734,1776601529880.597,outbound-rtp,COT01_98_profile-id=0,video,video,3055899734,T01,0,0,true,1,0,0,0,0,0,0,SV210,0,0,0,0,[object Object],bandwidth,0,0,0,r1,2057954113,0,0,0
OT01V353992379,1776601529880.597,outbound-rtp,COT01_98_profile-id=0,video,video,353992379,T01,0,1,true,2,0,0,0,283,0,0,SV210,0,0,0,0,[object Object],bandwidth,0,0,0,r2,1968214901,0,0,0
OT01V4061097388,1776601529880.597,outbound-rtp,COT01_98_profile-id=0,video,video,4061097388,T01,462728,1128,true,0,0,336,336,167199,1,2,SV210,0,0,0,1,[object Object],bandwidth,0,0,0,r0,1794114401,5.831,0,3.292626
OT01V3055899734,1776601529880.597,outbound-rtp,COT01_98_profile-id=0,video,video,3055899734,T01,0,0,true,1,0,0,0,0,0,0,SV210,0,0,0,0,[object Object],bandwidth,0,0,0,r1,2057954113,0,0,0
OT01V353992379,1776601529880.597,outbound-rtp,COT01_98_profile-id=0,video,video,353992379,T01,0,1,true,2,0,0,0,283,0,0,SV210,0,0,0,0,[object Object],bandwidth,0,0,0,r2,1968214901,0,0,0
OT01V4061097388,1776601529880.597,outbound-rtp,COT01_98_profile-id=0,video,video,4061097388,T01,462728,1128,true,0,0,336,336,167199,1,2,SV210,0,0,0,1,[object Object],bandwidth,0,0,0,r0,1794114401,5.831,0,3.292626
OT01V3055899734,1776601530080.461,outbound-rtp,COT01_98_profile-id=0,video,video,3055899734,T01,4568,4,true,1,0,4,4,112,1,1,SV210,0,0,0,0,[object Object],bandwidth,1,0,0,r1,2057954113,0.064,0,0.205622
OT01V353992379,1776601530080.461,outbound-rtp,COT01_98_profile-id=0,video,video,353992379,T01,0,1,true,2,0,0,0,283,0,0,SV210,0,0,0,0,[object Object],bandwidth,1,0,0,r2,1968214901,0,0,0
OT01V4061097388,1776601530080.461,outbound-rtp,COT01_98_profile-id=0,video,video,4061097388,T01,478433,1145,true,0,0,343,343,167611,2,3,SV210,0,0,0,1,[object Object],bandwidth,1,0,0,r0,1794114401,5.943,0,3.439695
OT01V3055899734,1776601530080.461,outbound-rtp,COT01_98_profile-id=0,video,video,3055899734,T01,4568,4,true,1,0,4,4,112,1,1,SV210,0,0,0,0,[object Object],bandwidth,1,0,0,r1,2057954113,0.064,0,0.205622
OT01V353992379,1776601530080.461,outbound-rtp,COT01_98_profile-id=0,video,video,353992379,T01,0,1,true,2,0,0,0,283,0,0,SV210,0,0,0,0,[object Object],bandwidth,1,0,0,r2,1968214901,0,0,0
OT01V4061097388,1776601530080.461,outbound-rtp,COT01_98_profile-id=0,video,video,4061097388,T01,478433,1145,true,0,0,343,343,167611,2,3,SV210,0,0,0,1,[object Object],bandwidth,1,0,0,r0,1794114401,5.943,0,3.439695
OT01V3055899734,1776601530280.489,outbound-rtp,COT01_98_profile-id=0,video,video,3055899734,T01,15744,14,true,1,0,9,9,396,1,1,SV210,0,0,0,0,[object Object],bandwidth,1,0,0,r1,2057954113,0.16,0,2.012633
OT01V353992379,1776601530280.489,outbound-rtp,COT01_98_profile-id=0,video,video,353992379,T01,0,1,true,2,0,0,0,283,0,0,SV210,0,0,0,0,[object Object],bandwidth,1,0,0,r2,1968214901,0,0,0
OT01V4061097388,1776601530280.489,outbound-rtp,COT01_98_profile-id=0,video,video,4061097388,T01,484134,1152,true,0,0,348,348,167779,2,3,SV210,0,0,0,1,[object Object],bandwidth,1,0,0,r0,1794114401,6.002,0,3.5550319999999997
OT01V3055899734,1776601530280.489,outbound-rtp,COT01_98_profile-id=0,video,video,3055899734,T01,15744,14,true,1,0,9,9,396,1,1,SV210,0,0,0,0,[object Object],bandwidth,1,0,0,r1,2057954113,0.16,0,2.012633
OT01V353992379,1776601530280.489,outbound-rtp,COT01_98_profile-id=0,video,video,353992379,T01,0,1,true,2,0,0,0,283,0,0,SV210,0,0,0,0,[object Object],bandwidth,1,0,0,r2,1968214901,0,0,0
OT01V4061097388,1776601530280.489,outbound-rtp,COT01_98_profile-id=0,video,video,4061097388,T01,484134,1152,true,0,0,348,348,167779,2,3,SV210,0,0,0,1,[object Object],bandwidth,1,0,0,r0,1794114401,6.002,0,3.5550319999999997
OT01V3055899734,1776601530480.464,outbound-rtp,COT01_98_profile-id=0,video,video,3055899734,T01,27340,26,true,1,0,13,13,732,1,1,SV210,0,0,0,0,[object Object],bandwidth,1,0,0,r1,2057954113,0.196,0,4.775091
OT01V353992379,1776601530480.464,outbound-rtp,COT01_98_profile-id=0,video,video,353992379,T01,0,1,true,2,0,0,0,283,0,0,SV210,0,0,0,0,[object Object],bandwidth,1,0,0,r2,1968214901,0,0,0
OT01V4061097388,1776601530480.464,outbound-rtp,COT01_98_profile-id=0,video,video,4061097388,T01,490290,1160,true,0,0,352,352,167971,2,3,SV210,0,0,0,1,[object Object],bandwidth,1,0,0,r0,1794114401,6.028,0,3.7774739999999998
OT01V3055899734,1776601530480.464,outbound-rtp,COT01_98_profile-id=0,video,video,3055899734,T01,27340,26,true,1,0,13,13,732,1,1,SV210,0,0,0,0,[object Object],bandwidth,1,0,0,r1,2057954113,0.196,0,4.775091
OT01V353992379,1776601530480.464,outbound-rtp,COT01_98_profile-id=0,video,video,353992379,T01,0,1,true,2,0,0,0,283,0,0,SV210,0,0,0,0,[object Object],bandwidth,1,0,0,r2,1968214901,0,0,0
OT01V4061097388,1776601530480.464,outbound-rtp,COT01_98_profile-id=0,video,video,4061097388,T01,490290,1160,true,0,0,352,352,167971,2,3,SV210,0,0,0,1,[object Object],bandwidth,1,0,0,r0,1794114401,6.028,0,3.7774739999999998
OT01V3055899734,1776601530680.472,outbound-rtp,COT01_98_profile-id=0,video,video,3055899734,T01,45293,44,true,1,0,15,15,1176,1,1,SV210,0,0,0,0,[object Object],bandwidth,1,0,0,r1,2057954113,0.214,0,8.139686
OT01V353992379,1776601530680.472,outbound-rtp,COT01_98_profile-id=0,video,video,353992379,T01,0,1,true,2,0,0,0,283,0,0,SV210,0,0,0,0,[object Object],bandwidth,1,0,0,r2,1968214901,0,0,0
OT01V4061097388,1776601530680.472,outbound-rtp,COT01_98_profile-id=0,video,video,4061097388,T01,494121,1166,true,0,0,357,357,168115,2,3,SV210,0,0,0,1,[object Object],bandwidth,1,0,0,r0,1794114401,6.057,0,3.787165
OT01V3055899734,1776601530680.472,outbound-rtp,COT01_98_profile-id=0,video,video,3055899734,T01,45293,44,true,1,0,15,15,1176,1,1,SV210,0,0,0,0,[object Object],bandwidth,1,0,0,r1,2057954113,0.214,0,8.139686
OT01V353992379,1776601530680.472,outbound-rtp,COT01_98_profile-id=0,video,video,353992379,T01,0,1,true,2,0,0,0,283,0,0,SV210,0,0,0,0,[object Object],bandwidth,1,0,0,r2,1968214901,0,0,0
OT01V4061097388,1776601530680.472,outbound-rtp,COT01_98_profile-id=0,video,video,4061097388,T01,494121,1166,true,0,0,357,357,168115,2,3,SV210,0,0,0,1,[object Object],bandwidth,1,0,0,r0,1794114401,6.057,0,3.787165
OT01V3055899734,1776601530880.445,outbound-rtp,COT01_98_profile-id=0,video,video,3055899734,T01,56023,54,true,1,0,18,18,1416,1,1,SV210,0,0,0,0,[object Object],bandwidth,1,0,0,r1,2057954113,0.239,0,10.639538
OT01V353992379,1776601530880.445,outbound-rtp,COT01_98_profile-id=0,video,video,353992379,T01,0,1,true,2,0,0,0,283,0,0,SV210,0,0,0,0,[object Object],bandwidth,1,0,0,r2,1968214901,0,0,0
OT01V4061097388,1776601530880.445,outbound-rtp,COT01_98_profile-id=0,video,video,4061097388,T01,501761,1176,true,0,0,362,362,168355,2,3,SV210,0,0,0,1,[object Object],bandwidth,1,0,0,r0,1794114401,6.087,0,4.109184
OT01V3055899734,1776601530880.445,outbound-rtp,COT01_98_profile-id=0,video,video,3055899734,T01,56023,54,true,1,0,18,18,1416,1,1,SV210,0,0,0,0,[object Object],bandwidth,1,0,0,r1,2057954113,0.239,0,10.639538
OT01V353992379,1776601530880.445,outbound-rtp,COT01_98_profile-id=0,video,video,353992379,T01,0,1,true,2,0,0,0,283,0,0,SV210,0,0,0,0,[object Object],bandwidth,1,0,0,r2,1968214901,0,0,0
OT01V4061097388,1776601530880.445,outbound-rtp,COT01_98_profile-id=0,video,video,4061097388,T01,501761,1176,true,0,0,362,362,168355,2,3,SV210,0,0,0,1,[object Object],bandwidth,1,0,0,r0,1794114401,6.087,0,4.109184
OT01V3055899734,1776601531080.427,outbound-rtp,COT01_98_profile-id=0,video,video,3055899734,T01,71754,69,true,1,0,20,20,1776,2,1,SV210,0,0,0,0,[object Object],bandwidth,1,0,0,r1,2057954113,0.257,0,13.2609
OT01V353992379,1776601531080.427,outbound-rtp,COT01_98_profile-id=0,video,video,353992379,T01,0,1,true,2,0,0,0,283,0,0,SV210,0,0,0,0,[object Object],bandwidth,1,0,0,r2,1968214901,0,0,0
OT01V4061097388,1776601531080.427,outbound-rtp,COT01_98_profile-id=0,video,video,4061097388,T01,504848,1180,true,0,0,366,366,168451,2,3,SV210,0,0,0,1,[object Object],bandwidth,1,0,0,r0,1794114401,6.111,0,4.118582
OT01V3055899734,1776601531080.427,outbound-rtp,COT01_98_profile-id=0,video,video,3055899734,T01,71754,69,true,1,0,20,20,1776,2,1,SV210,0,0,0,0,[object Object],bandwidth,1,0,0,r1,2057954113,0.257,0,13.2609
OT01V353992379,1776601531080.427,outbound-rtp,COT01_98_profile-id=0,video,video,353992379,T01,0,1,true,2,0,0,0,283,0,0,SV210,0,0,0,0,[object Object],bandwidth,1,0,0,r2,1968214901,0,0,0
OT01V4061097388,1776601531080.427,outbound-rtp,COT01_98_profile-id=0,video,video,4061097388,T01,504848,1180,true,0,0,366,366,168451,2,3,SV210,0,0,0,1,[object Object],bandwidth,1,0,0,r0,1794114401,6.111,0,4.118582
OT01V3055899734,1776601531280.591,outbound-rtp,COT01_98_profile-id=0,video,video,3055899734,T01,89583,86,true,1,0,22,22,2184,2,1,SV210,0,0,0,0,[object Object],bandwidth,1,0,0,r1,2057954113,0.279,0,14.126455
OT01V353992379,1776601531280.591,outbound-rtp,COT01_98_profile-id=0,video,video,353992379,T01,0,1,true,2,0,0,0,283,0,0,SV210,0,0,0,0,[object Object],bandwidth,1,0,0,r2,1968214901,0,0,0
OT01V4061097388,1776601531280.591,outbound-rtp,COT01_98_profile-id=0,video,video,4061097388,T01,509770,1187,true,0,0,370,370,168619,2,3,SV210,0,0,0,1,[object Object],bandwidth,1,0,0,r0,1794114401,6.137,0,4.16358
OT01V3055899734,1776601531280.591,outbound-rtp,COT01_98_profile-id=0,video,video,3055899734,T01,89583,86,true,1,0,22,22,2184,2,1,SV210,0,0,0,0,[object Object],bandwidth,1,0,0,r1,2057954113,0.279,0,14.126455
OT01V353992379,1776601531280.591,outbound-rtp,COT01_98_profile-id=0,video,video,353992379,T01,0,1,true,2,0,0,0,283,0,0,SV210,0,0,0,0,[object Object],bandwidth,1,0,0,r2,1968214901,0,0,0
OT01V4061097388,1776601531280.591,outbound-rtp,COT01_98_profile-id=0,video,video,4061097388,T01,509770,1187,true,0,0,370,370,168619,2,3,SV210,0,0,0,1,[object Object],bandwidth,1,0,0,r0,1794114401,6.137,0,4.16358
OT01V3055899734,1776601531480.482,outbound-rtp,COT01_98_profile-id=0,video,video,3055899734,T01,93964,90,true,1,0,23,23,2280,2,1,SV210,0,0,0,0,[object Object],bandwidth,1,0,0,r1,2057954113,0.307,0,14.126456
OT01V353992379,1776601531480.482,outbound-rtp,COT01_98_profile-id=0,video,video,353992379,T01,0,1,true,2,0,0,0,283,0,0,SV210,0,0,0,0,[object Object],bandwidth,1,0,0,r2,1968214901,0,0,0
OT01V4061097388,1776601531480.482,outbound-rtp,COT01_98_profile-id=0,video,video,4061097388,T01,514894,1194,true,0,0,375,375,168787,2,3,SV210,0,0,0,1,[object Object],bandwidth,1,0,0,r0,1794114401,6.248,0,4.163594
OT01V3055899734,1776601531480.482,outbound-rtp,COT01_98_profile-id=0,video,video,3055899734,T01,93964,90,true,1,0,23,23,2280,2,1,SV210,0,0,0,0,[object Object],bandwidth,1,0,0,r1,2057954113,0.307,0,14.126456
OT01V353992379,1776601531480.482,outbound-rtp,COT01_98_profile-id=0,video,video,353992379,T01,0,1,true,2,0,0,0,283,0,0,SV210,0,0,0,0,[object Object],bandwidth,1,0,0,r2,1968214901,0,0,0
OT01V4061097388,1776601531480.482,outbound-rtp,COT01_98_profile-id=0,video,video,4061097388,T01,514894,1194,true,0,0,375,375,168787,2,3,SV210,0,0,0,1,[object Object],bandwidth,1,0,0,r0,1794114401,6.248,0,4.163594
OT01V3055899734,1776601531680.576,outbound-rtp,COT01_98_profile-id=0,video,video,3055899734,T01,102478,98,true,1,0,25,25,2472,2,1,SV210,0,0,0,0,[object Object],bandwidth,1,0,0,r1,2057954113,0.341,0,14.156359
OT01V353992379,1776601531680.576,outbound-rtp,COT01_98_profile-id=0,video,video,353992379,T01,0,1,true,2,0,0,0,283,0,0,SV210,0,0,0,0,[object Object],bandwidth,1,0,0,r2,1968214901,0,0,0
OT01V4061097388,1776601531680.576,outbound-rtp,COT01_98_profile-id=0,video,video,4061097388,T01,521845,1201,true,0,0,381,381,168955,2,3,SV210,0,0,0,1,[object Object],bandwidth,1,0,0,r0,1794114401,6.354,0,4.163599
OT01V3055899734,1776601531680.576,outbound-rtp,COT01_98_profile-id=0,video,video,3055899734,T01,102478,98,true,1,0,25,25,2472,2,1,SV210,0,0,0,0,[object Object],bandwidth,1,0,0,r1,2057954113,0.341,0,14.156359
OT01V353992379,1776601531680.576,outbound-rtp,COT01_98_profile-id=0,video,video,353992379,T01,0,1,true,2,0,0,0,283,0,0,SV210,0,0,0,0,[object Object],bandwidth,1,0,0,r2,1968214901,0,0,0
OT01V4061097388,1776601531680.576,outbound-rtp,COT01_98_profile-id=0,video,video,4061097388,T01,521845,1201,true,0,0,381,381,168955,2,3,SV210,0,0,0,1,[object Object],bandwidth,1,0,0,r0,1794114401,6.354,0,4.163599
OT01V3055899734,1776601531880.646,outbound-rtp,COT01_98_profile-id=0,video,video,3055899734,T01,115485,111,true,1,0,27,27,2792,2,1,SV210,0,0,0,0,[object Object],bandwidth,1,0,0,r1,2057954113,0.38,0,14.277524999999999
OT01V353992379,1776601531880.646,outbound-rtp,COT01_98_profile-id=0,video,video,353992379,T01,0,1,true,2,0,0,0,283,0,0,SV210,0,0,0,0,[object Object],bandwidth,1,0,0,r2,1968214901,0,0,0
OT01V4061097388,1776601531880.646,outbound-rtp,COT01_98_profile-id=0,video,video,4061097388,T01,526396,1206,true,0,0,384,384,169075,2,3,SV210,0,0,0,1,[object Object],bandwidth,1,0,0,r0,1794114401,6.408,0,4.163602
OT01V3055899734,1776601531880.646,outbound-rtp,COT01_98_profile-id=0,video,video,3055899734,T01,115485,111,true,1,0,27,27,2792,2,1,SV210,0,0,0,0,[object Object],bandwidth,1,0,0,r1,2057954113,0.38,0,14.277524999999999
OT01V353992379,1776601531880.646,outbound-rtp,COT01_98_profile-id=0,video,video,353992379,T01,0,1,true,2,0,0,0,283,0,0,SV210,0,0,0,0,[object Object],bandwidth,1,0,0,r2,1968214901,0,0,0
OT01V4061097388,1776601531880.646,outbound-rtp,COT01_98_profile-id=0,video,video,4061097388,T01,526396,1206,true,0,0,384,384,169075,2,3,SV210,0,0,0,1,[object Object],bandwidth,1,0,0,r0,1794114401,6.408,0,4.163602
OT01V3055899734,1776601532080.545,outbound-rtp,COT01_98_profile-id=0,video,video,3055899734,T01,128280,124,true,1,0,30,30,3112,2,1,SV210,0,0,0,0,[object Object],bandwidth,1,0,0,r1,2057954113,0.454,0,14.277536
OT01V353992379,1776601532080.545,outbound-rtp,COT01_98_profile-id=0,video,video,353992379,T01,0,1,true,2,0,0,0,283,0,0,SV210,0,0,0,0,[object Object],bandwidth,1,0,0,r2,1968214901,0,0,0
OT01V4061097388,1776601532080.545,outbound-rtp,COT01_98_profile-id=0,video,video,4061097388,T01,536824,1218,true,0,0,389,389,169363,2,3,SV210,0,0,0,1,[object Object],bandwidth,1,0,0,r0,1794114401,6.512,0,4.163607
OT01V3055899734,1776601532080.545,outbound-rtp,COT01_98_profile-id=0,video,video,3055899734,T01,128280,124,true,1,0,30,30,3112,2,1,SV210,0,0,0,0,[object Object],bandwidth,1,0,0,r1,2057954113,0.454,0,14.277536
OT01V353992379,1776601532080.545,outbound-rtp,COT01_98_profile-id=0,video,video,353992379,T01,0,1,true,2,0,0,0,283,0,0,SV210,0,0,0,0,[object Object],bandwidth,1,0,0,r2,1968214901,0,0,0
OT01V4061097388,1776601532080.545,outbound-rtp,COT01_98_profile-id=0,video,video,4061097388,T01,536824,1218,true,0,0,389,389,169363,2,3,SV210,0,0,0,1,[object Object],bandwidth,1,0,0,r0,1794114401,6.512,0,4.163607
OT01V3055899734,1776601532280.596,outbound-rtp,COT01_98_profile-id=0,video,video,3055899734,T01,133734,129,true,1,0,31,31,3232,2,1,SV210,0,0,0,0,[object Object],bandwidth,1,0,0,r1,2057954113,0.476,0,14.317058999999999
OT01V353992379,1776601532280.596,outbound-rtp,COT01_98_profile-id=0,video,video,353992379,T01,0,1,true,2,0,0,0,283,0,0,SV210,0,0,0,0,[object Object],bandwidth,1,0,0,r2,1968214901,0,0,0
OT01V4061097388,1776601532280.596,outbound-rtp,COT01_98_profile-id=0,video,video,4061097388,T01,547706,1230,true,0,0,394,394,169651,2,3,SV210,0,0,0,1,[object Object],bandwidth,1,0,0,r0,1794114401,6.607,0,4.16361
OT01V3055899734,1776601532280.596,outbound-rtp,COT01_98_profile-id=0,video,video,3055899734,T01,133734,129,true,1,0,31,31,3232,2,1,SV210,0,0,0,0,[object Object],bandwidth,1,0,0,r1,2057954113,0.476,0,14.317058999999999
OT01V353992379,1776601532280.596,outbound-rtp,COT01_98_profile-id=0,video,video,353992379,T01,0,1,true,2,0,0,0,283,0,0,SV210,0,0,0,0,[object Object],bandwidth,1,0,0,r2,1968214901,0,0,0
OT01V4061097388,1776601532280.596,outbound-rtp,COT01_98_profile-id=0,video,video,4061097388,T01,547706,1230,true,0,0,394,394,169651,2,3,SV210,0,0,0,1,[object Object],bandwidth,1,0,0,r0,1794114401,6.607,0,4.16361
OT01V3055899734,1776601532480.658,outbound-rtp,COT01_98_profile-id=0,video,video,3055899734,T01,141888,137,true,1,0,33,33,3424,2,1,SV210,0,0,0,0,[object Object],bandwidth,1,0,0,r1,2057954113,0.544,0,14.332263999999999
OT01V353992379,1776601532480.658,outbound-rtp,COT01_98_profile-id=0,video,video,353992379,T01,0,1,true,2,0,0,0,283,0,0,SV210,0,0,0,0,[object Object],bandwidth,1,0,0,r2,1968214901,0,0,0
OT01V4061097388,1776601532480.658,outbound-rtp,COT01_98_profile-id=0,video,video,4061097388,T01,559341,1242,true,0,0,399,399,169939,2,3,SV210,0,0,0,1,[object Object],bandwidth,1,0,0,r0,1794114401,6.697,0,4.163612
OT01V3055899734,1776601532480.658,outbound-rtp,COT01_98_profile-id=0,video,video,3055899734,T01,141888,137,true,1,0,33,33,3424,2,1,SV210,0,0,0,0,[object Object],bandwidth,1,0,0,r1,2057954113,0.544,0,14.332263999999999
OT01V353992379,1776601532480.658,outbound-rtp,COT01_98_profile-id=0,video,video,353992379,T01,0,1,true,2,0,0,0,283,0,0,SV210,0,0,0,0,[object Object],bandwidth,1,0,0,r2,1968214901,0,0,0
OT01V4061097388,1776601532480.658,outbound-rtp,COT01_98_profile-id=0,video,video,4061097388,T01,559341,1242,true,0,0,399,399,169939,2,3,SV210,0,0,0,1,[object Object],bandwidth,1,0,0,r0,1794114401,6.697,0,4.163612
OT01V3055899734,1776601532680.678,outbound-rtp,COT01_98_profile-id=0,video,video,3055899734,T01,153618,149,true,1,0,35,35,3712,2,1,SV210,0,0,0,0,[object Object],bandwidth,1,0,0,r1,2057954113,0.599,0,14.430627999999999
OT01V353992379,1776601532680.678,outbound-rtp,COT01_98_profile-id=0,video,video,353992379,T01,0,1,true,2,0,0,0,283,0,0,SV210,0,0,0,0,[object Object],bandwidth,1,0,0,r2,1968214901,0,0,0
OT01V4061097388,1776601532680.678,outbound-rtp,COT01_98_profile-id=0,video,video,4061097388,T01,568985,1254,true,0,0,406,406,170227,2,3,SV210,0,0,0,1,[object Object],bandwidth,1,0,0,r0,1794114401,6.834,0,4.163632
OT01V3055899734,1776601532680.678,outbound-rtp,COT01_98_profile-id=0,video,video,3055899734,T01,153618,149,true,1,0,35,35,3712,2,1,SV210,0,0,0,0,[object Object],bandwidth,1,0,0,r1,2057954113,0.599,0,14.430627999999999
OT01V353992379,1776601532680.678,outbound-rtp,COT01_98_profile-id=0,video,video,353992379,T01,0,1,true,2,0,0,0,283,0,0,SV210,0,0,0,0,[object Object],bandwidth,1,0,0,r2,1968214901,0,0,0
OT01V4061097388,1776601532680.678,outbound-rtp,COT01_98_profile-id=0,video,video,4061097388,T01,568985,1254,true,0,0,406,406,170227,2,3,SV210,0,0,0,1,[object Object],bandwidth,1,0,0,r0,1794114401,6.834,0,4.163632
OT01V3055899734,1776601532880.561,outbound-rtp,COT01_98_profile-id=0,video,video,3055899734,T01,165254,160,true,1,0,37,37,3980,3,1,SV210,0,0,0,0,[object Object],bandwidth,1,0,0,r1,2057954113,0.639,0,14.446216999999999
OT01V353992379,1776601532880.561,outbound-rtp,COT01_98_profile-id=0,video,video,353992379,T01,0,1,true,2,0,0,0,283,0,0,SV210,0,0,0,0,[object Object],bandwidth,1,0,0,r2,1968214901,0,0,0
OT01V4061097388,1776601532880.561,outbound-rtp,COT01_98_profile-id=0,video,video,4061097388,T01,577501,1264,true,0,0,409,409,170467,2,3,SV210,0,0,0,1,[object Object],bandwidth,1,0,0,r0,1794114401,6.867,0,4.163632
OT01V3055899734,1776601532880.561,outbound-rtp,COT01_98_profile-id=0,video,video,3055899734,T01,165254,160,true,1,0,37,37,3980,3,1,SV210,0,0,0,0,[object Object],bandwidth,1,0,0,r1,2057954113,0.639,0,14.446216999999999
OT01V353992379,1776601532880.561,outbound-rtp,COT01_98_profile-id=0,video,video,353992379,T01,0,1,true,2,0,0,0,283,0,0,SV210,0,0,0,0,[object Object],bandwidth,1,0,0,r2,1968214901,0,0,0
OT01V4061097388,1776601532880.561,outbound-rtp,COT01_98_profile-id=0,video,video,4061097388,T01,577501,1264,true,0,0,409,409,170467,2,3,SV210,0,0,0,1,[object Object],bandwidth,1,0,0,r0,1794114401,6.867,0,4.163632
OT01V3055899734,1776601533080.591,outbound-rtp,COT01_98_profile-id=0,video,video,3055899734,T01,177240,171,true,1,0,40,40,4244,3,1,SV210,0,0,0,0,[object Object],bandwidth,1,0,0,r1,2057954113,0.704,0,14.477347
OT01V353992379,1776601533080.591,outbound-rtp,COT01_98_profile-id=0,video,video,353992379,T01,0,1,true,2,0,0,0,283,0,0,SV210,0,0,0,0,[object Object],bandwidth,1,0,0,r2,1968214901,0,0,0
OT01V4061097388,1776601533080.591,outbound-rtp,COT01_98_profile-id=0,video,video,4061097388,T01,590299,1278,true,0,0,415,415,170803,2,3,SV210,0,0,0,1,[object Object],bandwidth,1,0,0,r0,1794114401,6.995,0,4.163638
OT01V3055899734,1776601533080.591,outbound-rtp,COT01_98_profile-id=0,video,video,3055899734,T01,177240,171,true,1,0,40,40,4244,3,1,SV210,0,0,0,0,[object Object],bandwidth,1,0,0,r1,2057954113,0.704,0,14.477347
OT01V353992379,1776601533080.591,outbound-rtp,COT01_98_profile-id=0,video,video,353992379,T01,0,1,true,2,0,0,0,283,0,0,SV210,0,0,0,0,[object Object],bandwidth,1,0,0,r2,1968214901,0,0,0
OT01V4061097388,1776601533080.591,outbound-rtp,COT01_98_profile-id=0,video,video,4061097388,T01,590299,1278,true,0,0,415,415,170803,2,3,SV210,0,0,0,1,[object Object],bandwidth,1,0,0,r0,1794114401,6.995,0,4.163638
OT01V3055899734,1776601533280.676,outbound-rtp,COT01_98_profile-id=0,video,video,3055899734,T01,185757,179,true,1,0,41,41,4436,3,1,SV210,0,0,0,0,[object Object],bandwidth,1,0,0,r1,2057954113,0.739,0,14.569462
OT01V353992379,1776601533280.676,outbound-rtp,COT01_98_profile-id=0,video,video,353992379,T01,0,1,true,2,0,0,0,283,0,0,SV210,0,0,0,0,[object Object],bandwidth,1,0,0,r2,1968214901,0,0,0
OT01V4061097388,1776601533280.676,outbound-rtp,COT01_98_profile-id=0,video,video,4061097388,T01,599744,1288,true,0,0,420,420,171043,2,3,SV210,0,0,0,1,[object Object],bandwidth,1,0,0,r0,1794114401,7.092,0,4.163645
OT01V3055899734,1776601533280.676,outbound-rtp,COT01_98_profile-id=0,video,video,3055899734,T01,185757,179,true,1,0,41,41,4436,3,1,SV210,0,0,0,0,[object Object],bandwidth,1,0,0,r1,2057954113,0.739,0,14.569462
OT01V353992379,1776601533280.676,outbound-rtp,COT01_98_profile-id=0,video,video,353992379,T01,0,1,true,2,0,0,0,283,0,0,SV210,0,0,0,0,[object Object],bandwidth,1,0,0,r2,1968214901,0,0,0
OT01V4061097388,1776601533280.676,outbound-rtp,COT01_98_profile-id=0,video,video,4061097388,T01,599744,1288,true,0,0,420,420,171043,2,3,SV210,0,0,0,1,[object Object],bandwidth,1,0,0,r0,1794114401,7.092,0,4.163645
OT01V3055899734,1776601533480.631,outbound-rtp,COT01_98_profile-id=0,video,video,3055899734,T01,195186,188,true,1,0,43,43,4652,3,1,SV210,0,0,0,0,[object Object],bandwidth,1,0,0,r1,2057954113,0.799,0,14.689385
OT01V353992379,1776601533480.631,outbound-rtp,COT01_98_profile-id=0,video,video,353992379,T01,0,1,true,2,0,0,0,283,0,0,SV210,0,0,0,0,[object Object],bandwidth,1,0,0,r2,1968214901,0,0,0
OT01V4061097388,1776601533480.631,outbound-rtp,COT01_98_profile-id=0,video,video,4061097388,T01,612082,1301,true,0,0,424,424,171355,2,3,SV210,0,0,0,1,[object Object],bandwidth,1,0,0,r0,1794114401,7.172,0,4.175616
OT01V3055899734,1776601533480.631,outbound-rtp,COT01_98_profile-id=0,video,video,3055899734,T01,195186,188,true,1,0,43,43,4652,3,1,SV210,0,0,0,0,[object Object],bandwidth,1,0,0,r1,2057954113,0.799,0,14.689385
OT01V353992379,1776601533480.631,outbound-rtp,COT01_98_profile-id=0,video,video,353992379,T01,0,1,true,2,0,0,0,283,0,0,SV210,0,0,0,0,[object Object],bandwidth,1,0,0,r2,1968214901,0,0,0
OT01V4061097388,1776601533480.631,outbound-rtp,COT01_98_profile-id=0,video,video,4061097388,T01,612082,1301,true,0,0,424,424,171355,2,3,SV210,0,0,0,1,[object Object],bandwidth,1,0,0,r0,1794114401,7.172,0,4.175616
OT01V3055899734,1776601533680.508,outbound-rtp,COT01_98_profile-id=0,video,video,3055899734,T01,203102,196,true,1,0,45,45,4844,3,1,SV210,0,0,0,0,[object Object],bandwidth,1,0,0,r1,2057954113,0.831,0,14.689392
OT01V353992379,1776601533680.508,outbound-rtp,COT01_98_profile-id=0,video,video,353992379,T01,0,1,true,2,0,0,0,283,0,0,SV210,0,0,0,0,[object Object],bandwidth,1,0,0,r2,1968214901,0,0,0
OT01V4061097388,1776601533680.508,outbound-rtp,COT01_98_profile-id=0,video,video,4061097388,T01,625830,1316,true,0,0,429,429,171715,2,3,SV210,0,0,0,1,[object Object],bandwidth,1,0,0,r0,1794114401,7.277,0,4.175622
OT01V3055899734,1776601533680.508,outbound-rtp,COT01_98_profile-id=0,video,video,3055899734,T01,203102,196,true,1,0,45,45,4844,3,1,SV210,0,0,0,0,[object Object],bandwidth,1,0,0,r1,2057954113,0.831,0,14.689392
OT01V353992379,1776601533680.508,outbound-rtp,COT01_98_profile-id=0,video,video,353992379,T01,0,1,true,2,0,0,0,283,0,0,SV210,0,0,0,0,[object Object],bandwidth,1,0,0,r2,1968214901,0,0,0
OT01V4061097388,1776601533680.508,outbound-rtp,COT01_98_profile-id=0,video,video,4061097388,T01,625830,1316,true,0,0,429,429,171715,2,3,SV210,0,0,0,1,[object Object],bandwidth,1,0,0,r0,1794114401,7.277,0,4.175622
OT01V3055899734,1776601533880.519,outbound-rtp,COT01_98_profile-id=0,video,video,3055899734,T01,215018,207,true,1,0,47,47,5108,4,1,SV210,0,0,0,0,[object Object],bandwidth,1,0,0,r1,2057954113,0.866,0,14.771968
OT01V353992379,1776601533880.519,outbound-rtp,COT01_98_profile-id=0,video,video,353992379,T01,0,1,true,2,0,0,0,283,0,0,SV210,0,0,0,0,[object Object],bandwidth,1,0,0,r2,1968214901,0,0,0
OT01V4061097388,1776601533880.519,outbound-rtp,COT01_98_profile-id=0,video,video,4061097388,T01,635912,1327,true,0,0,433,433,171979,2,3,SV210,0,0,0,1,[object Object],bandwidth,1,0,0,r0,1794114401,7.35,0,4.175628
OT01V3055899734,1776601533880.519,outbound-rtp,COT01_98_profile-id=0,video,video,3055899734,T01,215018,207,true,1,0,47,47,5108,4,1,SV210,0,0,0,0,[object Object],bandwidth,1,0,0,r1,2057954113,0.866,0,14.771968
OT01V353992379,1776601533880.519,outbound-rtp,COT01_98_profile-id=0,video,video,353992379,T01,0,1,true,2,0,0,0,283,0,0,SV210,0,0,0,0,[object Object],bandwidth,1,0,0,r2,1968214901,0,0,0
OT01V4061097388,1776601533880.519,outbound-rtp,COT01_98_profile-id=0,video,video,4061097388,T01,635912,1327,true,0,0,433,433,171979,2,3,SV210,0,0,0,1,[object Object],bandwidth,1,0,0,r0,1794114401,7.35,0,4.175628
OT01V3055899734,1776601534080.658,outbound-rtp,COT01_98_profile-id=0,video,video,3055899734,T01,225422,217,true,1,0,50,50,5348,4,1,SV210,0,0,0,0,[object Object],bandwidth,1,0,0,r1,2057954113,0.925,0,14.771977
OT01V353992379,1776601534080.658,outbound-rtp,COT01_98_profile-id=0,video,video,353992379,T01,0,1,true,2,0,0,0,283,0,0,SV210,0,0,0,0,[object Object],bandwidth,1,0,0,r2,1968214901,0,0,0
OT01V4061097388,1776601534080.658,outbound-rtp,COT01_98_profile-id=0,video,video,4061097388,T01,651610,1344,true,0,0,440,440,172387,2,3,SV210,0,0,0,1,[object Object],bandwidth,1,0,0,r0,1794114401,7.479,0,4.1756329999999995
OT01V3055899734,1776601534080.658,outbound-rtp,COT01_98_profile-id=0,video,video,3055899734,T01,225422,217,true,1,0,50,50,5348,4,1,SV210,0,0,0,0,[object Object],bandwidth,1,0,0,r1,2057954113,0.925,0,14.771977
OT01V353992379,1776601534080.658,outbound-rtp,COT01_98_profile-id=0,video,video,353992379,T01,0,1,true,2,0,0,0,283,0,0,SV210,0,0,0,0,[object Object],bandwidth,1,0,0,r2,1968214901,0,0,0
OT01V4061097388,1776601534080.658,outbound-rtp,COT01_98_profile-id=0,video,video,4061097388,T01,651610,1344,true,0,0,440,440,172387,2,3,SV210,0,0,0,1,[object Object],bandwidth,1,0,0,r0,1794114401,7.479,0,4.1756329999999995
OT01V3055899734,1776601534280.627,outbound-rtp,COT01_98_profile-id=0,video,video,3055899734,T01,236278,227,true,1,0,51,51,5588,4,1,SV210,0,0,0,0,[object Object],bandwidth,1,0,0,r1,2057954113,0.952,0,14.772183
OT01V353992379,1776601534280.627,outbound-rtp,COT01_98_profile-id=0,video,video,353992379,T01,0,1,true,2,0,0,0,283,0,0,SV210,0,0,0,0,[object Object],bandwidth,1,0,0,r2,1968214901,0,0,0
OT01V4061097388,1776601534280.627,outbound-rtp,COT01_98_profile-id=0,video,video,4061097388,T01,659909,1353,true,0,0,444,444,172603,2,3,SV210,0,0,0,1,[object Object],bandwidth,1,0,0,r0,1794114401,7.549,0,4.175642
OT01V3055899734,1776601534280.627,outbound-rtp,COT01_98_profile-id=0,video,video,3055899734,T01,236278,227,true,1,0,51,51,5588,4,1,SV210,0,0,0,0,[object Object],bandwidth,1,0,0,r1,2057954113,0.952,0,14.772183
OT01V353992379,1776601534280.627,outbound-rtp,COT01_98_profile-id=0,video,video,353992379,T01,0,1,true,2,0,0,0,283,0,0,SV210,0,0,0,0,[object Object],bandwidth,1,0,0,r2,1968214901,0,0,0
OT01V4061097388,1776601534280.627,outbound-rtp,COT01_98_profile-id=0,video,video,4061097388,T01,659909,1353,true,0,0,444,444,172603,2,3,SV210,0,0,0,1,[object Object],bandwidth,1,0,0,r0,1794114401,7.549,0,4.175642
OT01V3055899734,1776601534480.562,outbound-rtp,COT01_98_profile-id=0,video,video,3055899734,T01,254814,244,true,1,0,54,54,5996,4,1,SV210,0,0,0,0,[object Object],bandwidth,1,0,0,r1,2057954113,1.031,0,14.900991
OT01V353992379,1776601534480.562,outbound-rtp,COT01_98_profile-id=0,video,video,353992379,T01,0,1,true,2,0,0,0,283,0,0,SV210,0,0,0,0,[object Object],bandwidth,1,0,0,r2,1968214901,0,0,0
OT01V4061097388,1776601534480.562,outbound-rtp,COT01_98_profile-id=0,video,video,4061097388,T01,671550,1365,true,0,0,450,450,172891,2,3,SV210,0,0,0,1,[object Object],bandwidth,1,0,0,r0,1794114401,7.667,0,4.183301
OT01V3055899734,1776601534480.562,outbound-rtp,COT01_98_profile-id=0,video,video,3055899734,T01,254814,244,true,1,0,54,54,5996,4,1,SV210,0,0,0,0,[object Object],bandwidth,1,0,0,r1,2057954113,1.031,0,14.900991
OT01V353992379,1776601534480.562,outbound-rtp,COT01_98_profile-id=0,video,video,353992379,T01,0,1,true,2,0,0,0,283,0,0,SV210,0,0,0,0,[object Object],bandwidth,1,0,0,r2,1968214901,0,0,0
OT01V4061097388,1776601534480.562,outbound-rtp,COT01_98_profile-id=0,video,video,4061097388,T01,671550,1365,true,0,0,450,450,172891,2,3,SV210,0,0,0,1,[object Object],bandwidth,1,0,0,r0,1794114401,7.667,0,4.183301
OT01V3055899734,1776601534680.661,outbound-rtp,COT01_98_profile-id=0,video,video,3055899734,T01,263975,252,true,1,0,55,55,6188,4,1,SV210,0,0,0,0,[object Object],bandwidth,1,0,0,r1,2057954113,1.051,0,14.937182
OT01V353992379,1776601534680.661,outbound-rtp,COT01_98_profile-id=0,video,video,353992379,T01,0,1,true,2,0,0,0,283,0,0,SV210,0,0,0,0,[object Object],bandwidth,1,0,0,r2,1968214901,0,0,0
OT01V4061097388,1776601534680.661,outbound-rtp,COT01_98_profile-id=0,video,video,4061097388,T01,679509,1374,true,0,0,454,454,173107,2,3,SV210,0,0,0,1,[object Object],bandwidth,1,0,0,r0,1794114401,7.742,0,4.183306
OT01V3055899734,1776601534680.661,outbound-rtp,COT01_98_profile-id=0,video,video,3055899734,T01,263975,252,true,1,0,55,55,6188,4,1,SV210,0,0,0,0,[object Object],bandwidth,1,0,0,r1,2057954113,1.051,0,14.937182
OT01V353992379,1776601534680.661,outbound-rtp,COT01_98_profile-id=0,video,video,353992379,T01,0,1,true,2,0,0,0,283,0,0,SV210,0,0,0,0,[object Object],bandwidth,1,0,0,r2,1968214901,0,0,0
OT01V4061097388,1776601534680.661,outbound-rtp,COT01_98_profile-id=0,video,video,4061097388,T01,679509,1374,true,0,0,454,454,173107,2,3,SV210,0,0,0,1,[object Object],bandwidth,1,0,0,r0,1794114401,7.742,0,4.183306
OT01V3055899734,1776601534880.602,outbound-rtp,COT01_98_profile-id=0,video,video,3055899734,T01,275509,263,true,1,0,57,57,6452,4,1,SV210,0,0,0,0,[object Object],bandwidth,1,0,0,r1,2057954113,1.096,0,14.963375999999998
OT01V353992379,1776601534880.602,outbound-rtp,COT01_98_profile-id=0,video,video,353992379,T01,0,1,true,2,0,0,0,283,0,0,SV210,0,0,0,0,[object Object],bandwidth,1,0,0,r2,1968214901,0,0,0
OT01V4061097388,1776601534880.602,outbound-rtp,COT01_98_profile-id=0,video,video,4061097388,T01,692382,1388,true,0,0,458,458,173443,2,3,SV210,0,0,0,1,[object Object],bandwidth,1,0,0,r0,1794114401,7.801,0,4.183317
OT01V3055899734,1776601534880.602,outbound-rtp,COT01_98_profile-id=0,video,video,3055899734,T01,275509,263,true,1,0,57,57,6452,4,1,SV210,0,0,0,0,[object Object],bandwidth,1,0,0,r1,2057954113,1.096,0,14.963375999999998
OT01V353992379,1776601534880.602,outbound-rtp,COT01_98_profile-id=0,video,video,353992379,T01,0,1,true,2,0,0,0,283,0,0,SV210,0,0,0,0,[object Object],bandwidth,1,0,0,r2,1968214901,0,0,0
OT01V4061097388,1776601534880.602,outbound-rtp,COT01_98_profile-id=0,video,video,4061097388,T01,692382,1388,true,0,0,458,458,173443,2,3,SV210,0,0,0,1,[object Object],bandwidth,1,0,0,r0,1794114401,7.801,0,4.183317
OT01V3055899734,1776601535080.686,outbound-rtp,COT01_98_profile-id=0,video,video,3055899734,T01,290337,277,true,1,0,60,60,6788,4,1,SV210,0,0,0,0,[object Object],bandwidth,1,0,0,r1,2057954113,1.151,0,14.963384999999999
OT01V353992379,1776601535080.686,outbound-rtp,COT01_98_profile-id=0,video,video,353992379,T01,0,1,true,2,0,0,0,283,0,0,SV210,0,0,0,0,[object Object],bandwidth,1,0,0,r2,1968214901,0,0,0
OT01V4061097388,1776601535080.686,outbound-rtp,COT01_98_profile-id=0,video,video,4061097388,T01,706134,1403,true,0,0,464,464,173803,2,3,SV210,0,0,0,1,[object Object],bandwidth,1,0,0,r0,1794114401,7.898,0,4.1833279999999995
OT01V3055899734,1776601535080.686,outbound-rtp,COT01_98_profile-id=0,video,video,3055899734,T01,290337,277,true,1,0,60,60,6788,4,1,SV210,0,0,0,0,[object Object],bandwidth,1,0,0,r1,2057954113,1.151,0,14.963384999999999
OT01V353992379,1776601535080.686,outbound-rtp,COT01_98_profile-id=0,video,video,353992379,T01,0,1,true,2,0,0,0,283,0,0,SV210,0,0,0,0,[object Object],bandwidth,1,0,0,r2,1968214901,0,0,0
OT01V4061097388,1776601535080.686,outbound-rtp,COT01_98_profile-id=0,video,video,4061097388,T01,706134,1403,true,0,0,464,464,173803,2,3,SV210,0,0,0,1,[object Object],bandwidth,1,0,0,r0,1794114401,7.898,0,4.1833279999999995
OT01V3055899734,1776601535280.583,outbound-rtp,COT01_98_profile-id=0,video,video,3055899734,T01,297183,283,true,1,0,61,61,6932,4,1,SV210,0,0,0,0,[object Object],bandwidth,1,0,0,r1,2057954113,1.173,0,14.963389999999999
OT01V353992379,1776601535280.583,outbound-rtp,COT01_98_profile-id=0,video,video,353992379,T01,0,1,true,2,0,0,0,283,0,0,SV210,0,0,0,0,[object Object],bandwidth,1,0,0,r2,1968214901,0,0,0
OT01V4061097388,1776601535280.583,outbound-rtp,COT01_98_profile-id=0,video,video,4061097388,T01,721099,1418,true,0,0,469,469,174163,2,3,SV210,0,0,0,1,[object Object],bandwidth,1,0,0,r0,1794114401,7.97,0,4.183329
OT01V3055899734,1776601535280.583,outbound-rtp,COT01_98_profile-id=0,video,video,3055899734,T01,297183,283,true,1,0,61,61,6932,4,1,SV210,0,0,0,0,[object Object],bandwidth,1,0,0,r1,2057954113,1.173,0,14.963389999999999
OT01V353992379,1776601535280.583,outbound-rtp,COT01_98_profile-id=0,video,video,353992379,T01,0,1,true,2,0,0,0,283,0,0,SV210,0,0,0,0,[object Object],bandwidth,1,0,0,r2,1968214901,0,0,0
OT01V4061097388,1776601535280.583,outbound-rtp,COT01_98_profile-id=0,video,video,4061097388,T01,721099,1418,true,0,0,469,469,174163,2,3,SV210,0,0,0,1,[object Object],bandwidth,1,0,0,r0,1794114401,7.97,0,4.183329
OT01V3055899734,1776601535480.543,outbound-rtp,COT01_98_profile-id=0,video,video,3055899734,T01,312822,298,true,1,0,63,63,7292,4,1,SV210,0,0,0,0,[object Object],bandwidth,1,0,0,r1,2057954113,1.222,0,15.006005
OT01V353992379,1776601535480.543,outbound-rtp,COT01_98_profile-id=0,video,video,353992379,T01,0,1,true,2,0,0,0,283,0,0,SV210,0,0,0,0,[object Object],bandwidth,1,0,0,r2,1968214901,0,0,0
OT01V4061097388,1776601535480.543,outbound-rtp,COT01_98_profile-id=0,video,video,4061097388,T01,731565,1429,true,0,0,474,474,174427,2,3,SV210,0,0,0,1,[object Object],bandwidth,1,0,0,r0,1794114401,8.069,0,4.1925859999999995
OT01V3055899734,1776601535480.543,outbound-rtp,COT01_98_profile-id=0,video,video,3055899734,T01,312822,298,true,1,0,63,63,7292,4,1,SV210,0,0,0,0,[object Object],bandwidth,1,0,0,r1,2057954113,1.222,0,15.006005
OT01V353992379,1776601535480.543,outbound-rtp,COT01_98_profile-id=0,video,video,353992379,T01,0,1,true,2,0,0,0,283,0,0,SV210,0,0,0,0,[object Object],bandwidth,1,0,0,r2,1968214901,0,0,0
OT01V4061097388,1776601535480.543,outbound-rtp,COT01_98_profile-id=0,video,video,4061097388,T01,731565,1429,true,0,0,474,474,174427,2,3,SV210,0,0,0,1,[object Object],bandwidth,1,0,0,r0,1794114401,8.069,0,4.1925859999999995
OT01V3055899734,1776601535680.602,outbound-rtp,COT01_98_profile-id=0,video,video,3055899734,T01,326744,311,true,1,0,65,65,7604,4,1,SV210,0,0,0,0,[object Object],bandwidth,1,0,0,r1,2057954113,1.263,0,15.061406999999999
OT01V353992379,1776601535680.602,outbound-rtp,COT01_98_profile-id=0,video,video,353992379,T01,0,1,true,2,0,0,0,283,0,0,SV210,0,0,0,0,[object Object],bandwidth,1,0,0,r2,1968214901,0,0,0
OT01V4061097388,1776601535680.602,outbound-rtp,COT01_98_profile-id=0,video,video,4061097388,T01,742272,1441,true,0,0,479,479,174715,2,3,SV210,0,0,0,1,[object Object],bandwidth,1,0,0,r0,1794114401,8.158,0,4.192589
OT01V3055899734,1776601535680.602,outbound-rtp,COT01_98_profile-id=0,video,video,3055899734,T01,326744,311,true,1,0,65,65,7604,4,1,SV210,0,0,0,0,[object Object],bandwidth,1,0,0,r1,2057954113,1.263,0,15.061406999999999
OT01V353992379,1776601535680.602,outbound-rtp,COT01_98_profile-id=0,video,video,353992379,T01,0,1,true,2,0,0,0,283,0,0,SV210,0,0,0,0,[object Object],bandwidth,1,0,0,r2,1968214901,0,0,0
OT01V4061097388,1776601535680.602,outbound-rtp,COT01_98_profile-id=0,video,video,4061097388,T01,742272,1441,true,0,0,479,479,174715,2,3,SV210,0,0,0,1,[object Object],bandwidth,1,0,0,r0,1794114401,8.158,0,4.192589
OT01V3055899734,1776601535880.667,outbound-rtp,COT01_98_profile-id=0,video,video,3055899734,T01,340805,324,true,1,0,68,68,7916,4,1,SV210,0,0,0,0,[object Object],bandwidth,1,0,0,r1,2057954113,1.345,0,15.138406
OT01V353992379,1776601535880.667,outbound-rtp,COT01_98_profile-id=0,video,video,353992379,T01,0,1,true,2,0,0,0,283,0,0,SV210,0,0,0,0,[object Object],bandwidth,1,0,0,r2,1968214901,0,0,0
OT01V4061097388,1776601535880.667,outbound-rtp,COT01_98_profile-id=0,video,video,4061097388,T01,753726,1454,true,0,0,485,485,175027,2,3,SV210,0,0,0,1,[object Object],bandwidth,1,0,0,r0,1794114401,8.271,0,4.192597
OT01V3055899734,1776601535880.667,outbound-rtp,COT01_98_profile-id=0,video,video,3055899734,T01,340805,324,true,1,0,68,68,7916,4,1,SV210,0,0,0,0,[object Object],bandwidth,1,0,0,r1,2057954113,1.345,0,15.138406
OT01V353992379,1776601535880.667,outbound-rtp,COT01_98_profile-id=0,video,video,353992379,T01,0,1,true,2,0,0,0,283,0,0,SV210,0,0,0,0,[object Object],bandwidth,1,0,0,r2,1968214901,0,0,0
OT01V4061097388,1776601535880.667,outbound-rtp,COT01_98_profile-id=0,video,video,4061097388,T01,753726,1454,true,0,0,485,485,175027,2,3,SV210,0,0,0,1,[object Object],bandwidth,1,0,0,r0,1794114401,8.271,0,4.192597
OT01V3055899734,1776601536080.583,outbound-rtp,COT01_98_profile-id=0,video,video,3055899734,T01,353674,336,true,1,0,70,70,8204,4,1,SV210,0,0,0,0,[object Object],bandwidth,1,0,0,r1,2057954113,1.397,0,15.138413
OT01V353992379,1776601536080.583,outbound-rtp,COT01_98_profile-id=0,video,video,353992379,T01,0,1,true,2,0,0,0,283,0,0,SV210,0,0,0,0,[object Object],bandwidth,1,0,0,r2,1968214901,0,0,0
OT01V4061097388,1776601536080.583,outbound-rtp,COT01_98_profile-id=0,video,video,4061097388,T01,768481,1469,true,0,0,489,489,175387,2,3,SV210,0,0,0,1,[object Object],bandwidth,1,0,0,r0,1794114401,8.341,0,4.192601
OT01V3055899734,1776601536080.583,outbound-rtp,COT01_98_profile-id=0,video,video,3055899734,T01,353674,336,true,1,0,70,70,8204,4,1,SV210,0,0,0,0,[object Object],bandwidth,1,0,0,r1,2057954113,1.397,0,15.138413
OT01V353992379,1776601536080.583,outbound-rtp,COT01_98_profile-id=0,video,video,353992379,T01,0,1,true,2,0,0,0,283,0,0,SV210,0,0,0,0,[object Object],bandwidth,1,0,0,r2,1968214901,0,0,0
OT01V4061097388,1776601536080.583,outbound-rtp,COT01_98_profile-id=0,video,video,4061097388,T01,768481,1469,true,0,0,489,489,175387,2,3,SV210,0,0,0,1,[object Object],bandwidth,1,0,0,r0,1794114401,8.341,0,4.192601
OT01V3055899734,1776601536280.635,outbound-rtp,COT01_98_profile-id=0,video,video,3055899734,T01,365850,347,true,1,0,72,72,8468,4,1,SV210,0,0,0,0,[object Object],bandwidth,1,0,0,r1,2057954113,1.459,0,15.238544
OT01V353992379,1776601536280.635,outbound-rtp,COT01_98_profile-id=0,video,video,353992379,T01,0,1,true,2,0,0,0,283,0,0,SV210,0,0,0,0,[object Object],bandwidth,1,0,0,r2,1968214901,0,0,0
OT01V4061097388,1776601536280.635,outbound-rtp,COT01_98_profile-id=0,video,video,4061097388,T01,785230,1486,true,0,0,494,494,175795,2,3,SV210,0,0,0,1,[object Object],bandwidth,1,0,0,r0,1794114401,8.445,0,4.21516
OT01V3055899734,1776601536280.635,outbound-rtp,COT01_98_profile-id=0,video,video,3055899734,T01,365850,347,true,1,0,72,72,8468,4,1,SV210,0,0,0,0,[object Object],bandwidth,1,0,0,r1,2057954113,1.459,0,15.238544
OT01V353992379,1776601536280.635,outbound-rtp,COT01_98_profile-id=0,video,video,353992379,T01,0,1,true,2,0,0,0,283,0,0,SV210,0,0,0,0,[object Object],bandwidth,1,0,0,r2,1968214901,0,0,0
OT01V4061097388,1776601536280.635,outbound-rtp,COT01_98_profile-id=0,video,video,4061097388,T01,785230,1486,true,0,0,494,494,175795,2,3,SV210,0,0,0,1,[object Object],bandwidth,1,0,0,r0,1794114401,8.445,0,4.21516
OT01V3055899734,1776601536480.641,outbound-rtp,COT01_98_profile-id=0,video,video,3055899734,T01,379588,361,true,1,0,75,75,8804,4,1,SV210,0,0,0,0,[object Object],bandwidth,1,0,0,r1,2057954113,1.528,0,15.238553
OT01V353992379,1776601536480.641,outbound-rtp,COT01_98_profile-id=0,video,video,353992379,T01,0,1,true,2,0,0,0,283,0,0,SV210,0,0,0,0,[object Object],bandwidth,1,0,0,r2,1968214901,0,0,0
OT01V4061097388,1776601536480.641,outbound-rtp,COT01_98_profile-id=0,video,video,4061097388,T01,796182,1499,true,0,0,499,499,176107,2,3,SV210,0,0,0,1,[object Object],bandwidth,1,0,0,r0,1794114401,8.525,0,4.215167
OT01V3055899734,1776601536480.641,outbound-rtp,COT01_98_profile-id=0,video,video,3055899734,T01,379588,361,true,1,0,75,75,8804,4,1,SV210,0,0,0,0,[object Object],bandwidth,1,0,0,r1,2057954113,1.528,0,15.238553
OT01V353992379,1776601536480.641,outbound-rtp,COT01_98_profile-id=0,video,video,353992379,T01,0,1,true,2,0,0,0,283,0,0,SV210,0,0,0,0,[object Object],bandwidth,1,0,0,r2,1968214901,0,0,0
OT01V4061097388,1776601536480.641,outbound-rtp,COT01_98_profile-id=0,video,video,4061097388,T01,796182,1499,true,0,0,499,499,176107,2,3,SV210,0,0,0,1,[object Object],bandwidth,1,0,0,r0,1794114401,8.525,0,4.215167
OT01V3055899734,1776601536680.538,outbound-rtp,COT01_98_profile-id=0,video,video,3055899734,T01,388907,370,true,1,0,77,77,9020,4,1,SV210,0,0,0,0,[object Object],bandwidth,1,0,0,r1,2057954113,1.585,0,15.238560999999999
OT01V353992379,1776601536680.538,outbound-rtp,COT01_98_profile-id=0,video,video,353992379,T01,0,1,true,2,0,0,0,283,0,0,SV210,0,0,0,0,[object Object],bandwidth,1,0,0,r2,1968214901,0,0,0
OT01V4061097388,1776601536680.538,outbound-rtp,COT01_98_profile-id=0,video,video,4061097388,T01,816813,1519,true,0,0,504,504,176587,2,3,SV210,0,0,0,1,[object Object],bandwidth,1,0,0,r0,1794114401,8.619,0,4.2151689999999995
OT01V3055899734,1776601536680.538,outbound-rtp,COT01_98_profile-id=0,video,video,3055899734,T01,388907,370,true,1,0,77,77,9020,4,1,SV210,0,0,0,0,[object Object],bandwidth,1,0,0,r1,2057954113,1.585,0,15.238560999999999
OT01V353992379,1776601536680.538,outbound-rtp,COT01_98_profile-id=0,video,video,353992379,T01,0,1,true,2,0,0,0,283,0,0,SV210,0,0,0,0,[object Object],bandwidth,1,0,0,r2,1968214901,0,0,0
OT01V4061097388,1776601536680.538,outbound-rtp,COT01_98_profile-id=0,video,video,4061097388,T01,816813,1519,true,0,0,504,504,176587,2,3,SV210,0,0,0,1,[object Object],bandwidth,1,0,0,r0,1794114401,8.619,0,4.2151689999999995
OT01V3055899734,1776601536880.561,outbound-rtp,COT01_98_profile-id=0,video,video,3055899734,T01,399668,381,true,1,0,79,79,9284,4,1,SV210,0,0,0,0,[object Object],bandwidth,1,0,0,r1,2057954113,1.614,0,15.263822999999999
OT01V353992379,1776601536880.561,outbound-rtp,COT01_98_profile-id=0,video,video,353992379,T01,0,1,true,2,0,0,0,283,0,0,SV210,0,0,0,0,[object Object],bandwidth,1,0,0,r2,1968214901,0,0,0
OT01V4061097388,1776601536880.561,outbound-rtp,COT01_98_profile-id=0,video,video,4061097388,T01,832049,1535,true,0,0,508,508,176971,2,3,SV210,0,0,0,1,[object Object],bandwidth,1,0,0,r0,1794114401,8.676,0,4.215178
OT01V3055899734,1776601536880.561,outbound-rtp,COT01_98_profile-id=0,video,video,3055899734,T01,399668,381,true,1,0,79,79,9284,4,1,SV210,0,0,0,0,[object Object],bandwidth,1,0,0,r1,2057954113,1.614,0,15.263822999999999
OT01V353992379,1776601536880.561,outbound-rtp,COT01_98_profile-id=0,video,video,353992379,T01,0,1,true,2,0,0,0,283,0,0,SV210,0,0,0,0,[object Object],bandwidth,1,0,0,r2,1968214901,0,0,0
OT01V4061097388,1776601536880.561,outbound-rtp,COT01_98_profile-id=0,video,video,4061097388,T01,832049,1535,true,0,0,508,508,176971,2,3,SV210,0,0,0,1,[object Object],bandwidth,1,0,0,r0,1794114401,8.676,0,4.215178
OT01V3055899734,1776601537080.738,outbound-rtp,COT01_98_profile-id=0,video,video,3055899734,T01,409407,391,true,1,0,81,81,9524,4,1,SV210,0,0,0,0,[object Object],bandwidth,1,0,0,r1,2057954113,1.653,0,15.263828
OT01V353992379,1776601537080.738,outbound-rtp,COT01_98_profile-id=0,video,video,353992379,T01,0,1,true,2,0,0,0,283,0,0,SV210,0,0,0,0,[object Object],bandwidth,1,0,0,r2,1968214901,0,0,0
OT01V4061097388,1776601537080.738,outbound-rtp,COT01_98_profile-id=0,video,video,4061097388,T01,852466,1555,true,0,0,514,514,177451,2,3,SV210,0,0,0,1,[object Object],bandwidth,1,0,0,r0,1794114401,8.781,0,4.21518
OT01V3055899734,1776601537080.738,outbound-rtp,COT01_98_profile-id=0,video,video,3055899734,T01,409407,391,true,1,0,81,81,9524,4,1,SV210,0,0,0,0,[object Object],bandwidth,1,0,0,r1,2057954113,1.653,0,15.263828
OT01V353992379,1776601537080.738,outbound-rtp,COT01_98_profile-id=0,video,video,353992379,T01,0,1,true,2,0,0,0,283,0,0,SV210,0,0,0,0,[object Object],bandwidth,1,0,0,r2,1968214901,0,0,0
OT01V4061097388,1776601537080.738,outbound-rtp,COT01_98_profile-id=0,video,video,4061097388,T01,852466,1555,true,0,0,514,514,177451,2,3,SV210,0,0,0,1,[object Object],bandwidth,1,0,0,r0,1794114401,8.781,0,4.21518
OT01V3055899734,1776601537280.573,outbound-rtp,COT01_98_profile-id=0,video,video,3055899734,T01,420666,402,true,1,0,83,83,9788,4,1,SV210,0,0,0,0,[object Object],bandwidth,1,0,0,r1,2057954113,1.683,0,15.263834
OT01V353992379,1776601537280.573,outbound-rtp,COT01_98_profile-id=0,video,video,353992379,T01,0,1,true,2,0,0,0,283,0,0,SV210,0,0,0,0,[object Object],bandwidth,1,0,0,r2,1968214901,0,0,0
OT01V4061097388,1776601537280.573,outbound-rtp,COT01_98_profile-id=0,video,video,4061097388,T01,870320,1573,true,0,0,519,519,177883,2,3,SV210,0,0,0,1,[object Object],bandwidth,1,0,0,r0,1794114401,8.859,0,4.215184
OT01V3055899734,1776601537280.573,outbound-rtp,COT01_98_profile-id=0,video,video,3055899734,T01,420666,402,true,1,0,83,83,9788,4,1,SV210,0,0,0,0,[object Object],bandwidth,1,0,0,r1,2057954113,1.683,0,15.263834
OT01V353992379,1776601537280.573,outbound-rtp,COT01_98_profile-id=0,video,video,353992379,T01,0,1,true,2,0,0,0,283,0,0,SV210,0,0,0,0,[object Object],bandwidth,1,0,0,r2,1968214901,0,0,0
OT01V4061097388,1776601537280.573,outbound-rtp,COT01_98_profile-id=0,video,video,4061097388,T01,870320,1573,true,0,0,519,519,177883,2,3,SV210,0,0,0,1,[object Object],bandwidth,1,0,0,r0,1794114401,8.859,0,4.215184
OT01V3055899734,1776601537480.566,outbound-rtp,COT01_98_profile-id=0,video,video,3055899734,T01,434348,415,true,1,0,86,86,10100,4,1,SV210,0,0,0,0,[object Object],bandwidth,1,0,0,r1,2057954113,1.753,0,15.263843999999999
OT01V353992379,1776601537480.566,outbound-rtp,COT01_98_profile-id=0,video,video,353992379,T01,0,1,true,2,0,0,0,283,0,0,SV210,0,0,0,0,[object Object],bandwidth,1,0,0,r2,1968214901,0,0,0
OT01V4061097388,1776601537480.566,outbound-rtp,COT01_98_profile-id=0,video,video,4061097388,T01,888687,1592,true,0,0,525,525,178339,2,3,SV210,0,0,0,1,[object Object],bandwidth,1,0,0,r0,1794114401,8.962,0,4.21519
OT01V3055899734,1776601537480.566,outbound-rtp,COT01_98_profile-id=0,video,video,3055899734,T01,434348,415,true,1,0,86,86,10100,4,1,SV210,0,0,0,0,[object Object],bandwidth,1,0,0,r1,2057954113,1.753,0,15.263843999999999
OT01V353992379,1776601537480.566,outbound-rtp,COT01_98_profile-id=0,video,video,353992379,T01,0,1,true,2,0,0,0,283,0,0,SV210,0,0,0,0,[object Object],bandwidth,1,0,0,r2,1968214901,0,0,0
OT01V4061097388,1776601537480.566,outbound-rtp,COT01_98_profile-id=0,video,video,4061097388,T01,888687,1592,true,0,0,525,525,178339,2,3,SV210,0,0,0,1,[object Object],bandwidth,1,0,0,r0,1794114401,8.962,0,4.21519
OT01V3055899734,1776601537680.549,outbound-rtp,COT01_98_profile-id=0,video,video,3055899734,T01,452237,432,true,1,0,89,89,10508,4,1,SV210,0,0,0,0,[object Object],bandwidth,1,0,0,r1,2057954113,1.823,0,15.26386
OT01V353992379,1776601537680.549,outbound-rtp,COT01_98_profile-id=0,video,video,353992379,T01,0,1,true,2,0,0,0,283,0,0,SV210,0,0,0,0,[object Object],bandwidth,1,0,0,r2,1968214901,0,0,0
OT01V4061097388,1776601537680.549,outbound-rtp,COT01_98_profile-id=0,video,video,4061097388,T01,896316,1601,true,0,0,530,530,178555,2,3,SV210,0,0,0,1,[object Object],bandwidth,1,0,0,r0,1794114401,9.049,0,4.215193
OT01V3055899734,1776601537680.549,outbound-rtp,COT01_98_profile-id=0,video,video,3055899734,T01,452237,432,true,1,0,89,89,10508,4,1,SV210,0,0,0,0,[object Object],bandwidth,1,0,0,r1,2057954113,1.823,0,15.26386
OT01V353992379,1776601537680.549,outbound-rtp,COT01_98_profile-id=0,video,video,353992379,T01,0,1,true,2,0,0,0,283,0,0,SV210,0,0,0,0,[object Object],bandwidth,1,0,0,r2,1968214901,0,0,0
OT01V4061097388,1776601537680.549,outbound-rtp,COT01_98_profile-id=0,video,video,4061097388,T01,896316,1601,true,0,0,530,530,178555,2,3,SV210,0,0,0,1,[object Object],bandwidth,1,0,0,r0,1794114401,9.049,0,4.215193
OT01V3055899734,1776601537880.524,outbound-rtp,COT01_98_profile-id=0,video,video,3055899734,T01,468147,448,true,1,0,93,93,10892,4,1,SV210,0,0,0,0,[object Object],bandwidth,1,0,0,r1,2057954113,1.915,0,15.31346
OT01V353992379,1776601537880.524,outbound-rtp,COT01_98_profile-id=0,video,video,353992379,T01,0,1,true,2,0,0,0,283,0,0,SV210,0,0,0,0,[object Object],bandwidth,1,0,0,r2,1968214901,0,0,0
OT01V4061097388,1776601537880.524,outbound-rtp,COT01_98_profile-id=0,video,video,4061097388,T01,914174,1619,true,0,0,535,535,178987,2,3,SV210,0,0,0,1,[object Object],bandwidth,1,0,0,r0,1794114401,9.128,0,4.2177359999999995
OT01V3055899734,1776601537880.524,outbound-rtp,COT01_98_profile-id=0,video,video,3055899734,T01,468147,448,true,1,0,93,93,10892,4,1,SV210,0,0,0,0,[object Object],bandwidth,1,0,0,r1,2057954113,1.915,0,15.31346
OT01V353992379,1776601537880.524,outbound-rtp,COT01_98_profile-id=0,video,video,353992379,T01,0,1,true,2,0,0,0,283,0,0,SV210,0,0,0,0,[object Object],bandwidth,1,0,0,r2,1968214901,0,0,0
OT01V4061097388,1776601537880.524,outbound-rtp,COT01_98_profile-id=0,video,video,4061097388,T01,914174,1619,true,0,0,535,535,178987,2,3,SV210,0,0,0,1,[object Object],bandwidth,1,0,0,r0,1794114401,9.128,0,4.2177359999999995
OT01V3055899734,1776601538080.642,outbound-rtp,COT01_98_profile-id=0,video,video,3055899734,T01,484204,463,true,1,0,96,96,11252,4,1,SV210,0,0,0,0,[object Object],bandwidth,1,0,0,r1,2057954113,1.955,0,15.313466
OT01V353992379,1776601538080.642,outbound-rtp,COT01_98_profile-id=0,video,video,353992379,T01,0,1,true,2,0,0,0,283,0,0,SV210,0,0,0,0,[object Object],bandwidth,1,0,0,r2,1968214901,0,0,0
OT01V4061097388,1776601538080.642,outbound-rtp,COT01_98_profile-id=0,video,video,4061097388,T01,925636,1632,true,0,0,540,540,179299,2,3,SV210,0,0,0,1,[object Object],bandwidth,1,0,0,r0,1794114401,9.227,0,4.217737
OT01V3055899734,1776601538080.642,outbound-rtp,COT01_98_profile-id=0,video,video,3055899734,T01,484204,463,true,1,0,96,96,11252,4,1,SV210,0,0,0,0,[object Object],bandwidth,1,0,0,r1,2057954113,1.955,0,15.313466
OT01V353992379,1776601538080.642,outbound-rtp,COT01_98_profile-id=0,video,video,353992379,T01,0,1,true,2,0,0,0,283,0,0,SV210,0,0,0,0,[object Object],bandwidth,1,0,0,r2,1968214901,0,0,0
OT01V4061097388,1776601538080.642,outbound-rtp,COT01_98_profile-id=0,video,video,4061097388,T01,925636,1632,true,0,0,540,540,179299,2,3,SV210,0,0,0,1,[object Object],bandwidth,1,0,0,r0,1794114401,9.227,0,4.217737
OT01V3055899734,1776601538280.432,outbound-rtp,COT01_98_profile-id=0,video,video,3055899734,T01,499379,478,true,1,0,101,101,11612,4,1,SV210,0,0,0,0,[object Object],bandwidth,1,0,0,r1,2057954113,2.061,0,15.313479999999998
OT01V353992379,1776601538280.432,outbound-rtp,COT01_98_profile-id=0,video,video,353992379,T01,0,1,true,2,0,0,0,283,0,0,SV210,0,0,0,0,[object Object],bandwidth,1,0,0,r2,1968214901,0,0,0
OT01V4061097388,1776601538280.432,outbound-rtp,COT01_98_profile-id=0,video,video,4061097388,T01,946357,1654,true,0,0,546,546,179827,2,3,SV210,0,0,0,1,[object Object],bandwidth,1,0,0,r0,1794114401,9.323,0,4.217745
OT01V3055899734,1776601538280.432,outbound-rtp,COT01_98_profile-id=0,video,video,3055899734,T01,499379,478,true,1,0,101,101,11612,4,1,SV210,0,0,0,0,[object Object],bandwidth,1,0,0,r1,2057954113,2.061,0,15.313479999999998
OT01V353992379,1776601538280.432,outbound-rtp,COT01_98_profile-id=0,video,video,353992379,T01,0,1,true,2,0,0,0,283,0,0,SV210,0,0,0,0,[object Object],bandwidth,1,0,0,r2,1968214901,0,0,0
OT01V4061097388,1776601538280.432,outbound-rtp,COT01_98_profile-id=0,video,video,4061097388,T01,946357,1654,true,0,0,546,546,179827,2,3,SV210,0,0,0,1,[object Object],bandwidth,1,0,0,r0,1794114401,9.323,0,4.217745
OT01V3055899734,1776601538480.49,outbound-rtp,COT01_98_profile-id=0,video,video,3055899734,T01,521331,500,true,1,0,107,107,12140,4,1,SV210,0,0,0,0,[object Object],bandwidth,1,0,0,r1,2057954113,2.194,0,15.313492
OT01V353992379,1776601538480.49,outbound-rtp,COT01_98_profile-id=0,video,video,353992379,T01,0,1,true,2,0,0,0,283,0,0,SV210,0,0,0,0,[object Object],bandwidth,1,0,0,r2,1968214901,0,0,0
OT01V4061097388,1776601538480.49,outbound-rtp,COT01_98_profile-id=0,video,video,4061097388,T01,952063,1662,true,0,0,552,552,180019,2,3,SV210,0,0,0,1,[object Object],bandwidth,1,0,0,r0,1794114401,9.436,0,4.217747999999999
OT01V3055899734,1776601538480.49,outbound-rtp,COT01_98_profile-id=0,video,video,3055899734,T01,521331,500,true,1,0,107,107,12140,4,1,SV210,0,0,0,0,[object Object],bandwidth,1,0,0,r1,2057954113,2.194,0,15.313492
OT01V353992379,1776601538480.49,outbound-rtp,COT01_98_profile-id=0,video,video,353992379,T01,0,1,true,2,0,0,0,283,0,0,SV210,0,0,0,0,[object Object],bandwidth,1,0,0,r2,1968214901,0,0,0
OT01V4061097388,1776601538480.49,outbound-rtp,COT01_98_profile-id=0,video,video,4061097388,T01,952063,1662,true,0,0,552,552,180019,2,3,SV210,0,0,0,1,[object Object],bandwidth,1,0,0,r0,1794114401,9.436,0,4.217747999999999
OT01V3055899734,1776601538680.447,outbound-rtp,COT01_98_profile-id=0,video,video,3055899734,T01,553543,531,true,1,0,113,113,12884,4,1,SV210,0,0,0,0,[object Object],bandwidth,1,0,0,r1,2057954113,2.329,0,15.324338
OT01V353992379,1776601538680.447,outbound-rtp,COT01_98_profile-id=0,video,video,353992379,T01,0,1,true,2,0,0,0,283,0,0,SV210,0,0,0,0,[object Object],bandwidth,1,0,0,r2,1968214901,0,0,0
OT01V4061097388,1776601538680.447,outbound-rtp,COT01_98_profile-id=0,video,video,4061097388,T01,959051,1672,true,0,0,558,558,180259,2,3,SV210,0,0,0,1,[object Object],bandwidth,1,0,0,r0,1794114401,9.543,0,4.2177549999999995
OT01V3055899734,1776601538680.447,outbound-rtp,COT01_98_profile-id=0,video,video,3055899734,T01,553543,531,true,1,0,113,113,12884,4,1,SV210,0,0,0,0,[object Object],bandwidth,1,0,0,r1,2057954113,2.329,0,15.324338
OT01V353992379,1776601538680.447,outbound-rtp,COT01_98_profile-id=0,video,video,353992379,T01,0,1,true,2,0,0,0,283,0,0,SV210,0,0,0,0,[object Object],bandwidth,1,0,0,r2,1968214901,0,0,0
OT01V4061097388,1776601538680.447,outbound-rtp,COT01_98_profile-id=0,video,video,4061097388,T01,959051,1672,true,0,0,558,558,180259,2,3,SV210,0,0,0,1,[object Object],bandwidth,1,0,0,r0,1794114401,9.543,0,4.2177549999999995
OT01V3055899734,1776601538880.474,outbound-rtp,COT01_98_profile-id=0,video,video,3055899734,T01,575155,553,true,1,0,118,118,13412,4,1,SV210,0,0,0,0,[object Object],bandwidth,1,0,0,r1,2057954113,2.431,0,15.324347
OT01V353992379,1776601538880.474,outbound-rtp,COT01_98_profile-id=0,video,video,353992379,T01,0,1,true,2,0,0,0,283,0,0,SV210,0,0,0,0,[object Object],bandwidth,1,0,0,r2,1968214901,0,0,0
OT01V4061097388,1776601538880.474,outbound-rtp,COT01_98_profile-id=0,video,video,4061097388,T01,963069,1678,true,0,0,563,563,180403,2,3,SV210,0,0,0,1,[object Object],bandwidth,1,0,0,r0,1794114401,9.623,0,4.217760999999999
OT01V3055899734,1776601538880.474,outbound-rtp,COT01_98_profile-id=0,video,video,3055899734,T01,575155,553,true,1,0,118,118,13412,4,1,SV210,0,0,0,0,[object Object],bandwidth,1,0,0,r1,2057954113,2.431,0,15.324347
OT01V353992379,1776601538880.474,outbound-rtp,COT01_98_profile-id=0,video,video,353992379,T01,0,1,true,2,0,0,0,283,0,0,SV210,0,0,0,0,[object Object],bandwidth,1,0,0,r2,1968214901,0,0,0
OT01V4061097388,1776601538880.474,outbound-rtp,COT01_98_profile-id=0,video,video,4061097388,T01,963069,1678,true,0,0,563,563,180403,2,3,SV210,0,0,0,1,[object Object],bandwidth,1,0,0,r0,1794114401,9.623,0,4.217760999999999
OT01V3055899734,1776601539080.791,outbound-rtp,COT01_98_profile-id=0,video,video,3055899734,T01,605813,584,true,1,0,125,125,14156,4,1,SV210,0,0,0,0,[object Object],bandwidth,1,0,0,r1,2057954113,2.571,0,15.532782999999998
OT01V353992379,1776601539080.791,outbound-rtp,COT01_98_profile-id=0,video,video,353992379,T01,0,1,true,2,0,0,0,283,0,0,SV210,0,0,0,0,[object Object],bandwidth,1,0,0,r2,1968214901,0,0,0
OT01V4061097388,1776601539080.791,outbound-rtp,COT01_98_profile-id=0,video,video,4061097388,T01,972255,1689,true,0,0,569,569,180667,2,3,SV210,0,0,0,1,[object Object],bandwidth,1,0,0,r0,1794114401,9.715,0,4.217766999999999
OT01V3055899734,1776601539080.791,outbound-rtp,COT01_98_profile-id=0,video,video,3055899734,T01,605813,584,true,1,0,125,125,14156,4,1,SV210,0,0,0,0,[object Object],bandwidth,1,0,0,r1,2057954113,2.571,0,15.532782999999998
OT01V353992379,1776601539080.791,outbound-rtp,COT01_98_profile-id=0,video,video,353992379,T01,0,1,true,2,0,0,0,283,0,0,SV210,0,0,0,0,[object Object],bandwidth,1,0,0,r2,1968214901,0,0,0
OT01V4061097388,1776601539080.791,outbound-rtp,COT01_98_profile-id=0,video,video,4061097388,T01,972255,1689,true,0,0,569,569,180667,2,3,SV210,0,0,0,1,[object Object],bandwidth,1,0,0,r0,1794114401,9.715,0,4.217766999999999
OT01V3055899734,1776601539280.488,outbound-rtp,COT01_98_profile-id=0,video,video,3055899734,T01,632732,610,true,1,0,131,131,14780,4,1,SV210,0,0,0,0,[object Object],bandwidth,1,0,0,r1,2057954113,2.719,0,15.665206999999999
OT01V353992379,1776601539280.488,outbound-rtp,COT01_98_profile-id=0,video,video,353992379,T01,0,1,true,2,0,0,0,283,0,0,SV210,0,0,0,0,[object Object],bandwidth,1,0,0,r2,1968214901,0,0,0
OT01V4061097388,1776601539280.488,outbound-rtp,COT01_98_profile-id=0,video,video,4061097388,T01,977866,1697,true,0,0,575,575,180859,2,3,SV210,0,0,0,1,[object Object],bandwidth,1,0,0,r0,1794114401,9.823,0,4.217777
OT01V3055899734,1776601539280.488,outbound-rtp,COT01_98_profile-id=0,video,video,3055899734,T01,632732,610,true,1,0,131,131,14780,4,1,SV210,0,0,0,0,[object Object],bandwidth,1,0,0,r1,2057954113,2.719,0,15.665206999999999
OT01V353992379,1776601539280.488,outbound-rtp,COT01_98_profile-id=0,video,video,353992379,T01,0,1,true,2,0,0,0,283,0,0,SV210,0,0,0,0,[object Object],bandwidth,1,0,0,r2,1968214901,0,0,0
OT01V4061097388,1776601539280.488,outbound-rtp,COT01_98_profile-id=0,video,video,4061097388,T01,977866,1697,true,0,0,575,575,180859,2,3,SV210,0,0,0,1,[object Object],bandwidth,1,0,0,r0,1794114401,9.823,0,4.217777
OT01V3055899734,1776601539480.644,outbound-rtp,COT01_98_profile-id=0,video,video,3055899734,T01,661900,639,true,1,0,137,137,15476,4,1,SV210,0,0,0,0,[object Object],bandwidth,1,0,0,r1,2057954113,2.852,0,15.665223
OT01V353992379,1776601539480.644,outbound-rtp,COT01_98_profile-id=0,video,video,353992379,T01,0,1,true,2,0,0,0,283,0,0,SV210,0,0,0,0,[object Object],bandwidth,1,0,0,r2,1968214901,0,0,0
OT01V4061097388,1776601539480.644,outbound-rtp,COT01_98_profile-id=0,video,video,4061097388,T01,984842,1707,true,0,0,581,581,181099,2,3,SV210,0,0,0,1,[object Object],bandwidth,1,0,0,r0,1794114401,9.933,0,4.217797
OT01V3055899734,1776601539480.644,outbound-rtp,COT01_98_profile-id=0,video,video,3055899734,T01,661900,639,true,1,0,137,137,15476,4,1,SV210,0,0,0,0,[object Object],bandwidth,1,0,0,r1,2057954113,2.852,0,15.665223
OT01V353992379,1776601539480.644,outbound-rtp,COT01_98_profile-id=0,video,video,353992379,T01,0,1,true,2,0,0,0,283,0,0,SV210,0,0,0,0,[object Object],bandwidth,1,0,0,r2,1968214901,0,0,0
OT01V4061097388,1776601539480.644,outbound-rtp,COT01_98_profile-id=0,video,video,4061097388,T01,984842,1707,true,0,0,581,581,181099,2,3,SV210,0,0,0,1,[object Object],bandwidth,1,0,0,r0,1794114401,9.933,0,4.217797
OT01V3055899734,1776601539680.469,outbound-rtp,COT01_98_profile-id=0,video,video,3055899734,T01,684816,662,true,1,0,143,143,16028,4,1,SV210,0,0,0,0,[object Object],bandwidth,1,0,0,r1,2057954113,2.982,0,15.665244
OT01V353992379,1776601539680.469,outbound-rtp,COT01_98_profile-id=0,video,video,353992379,T01,0,1,true,2,0,0,0,283,0,0,SV210,0,0,0,0,[object Object],bandwidth,1,0,0,r2,1968214901,0,0,0
OT01V4061097388,1776601539680.469,outbound-rtp,COT01_98_profile-id=0,video,video,4061097388,T01,991473,1715,true,0,0,587,587,181291,2,3,SV210,0,0,0,1,[object Object],bandwidth,1,0,0,r0,1794114401,10.038,0,4.217798999999999
OT01V3055899734,1776601539680.469,outbound-rtp,COT01_98_profile-id=0,video,video,3055899734,T01,684816,662,true,1,0,143,143,16028,4,1,SV210,0,0,0,0,[object Object],bandwidth,1,0,0,r1,2057954113,2.982,0,15.665244
OT01V353992379,1776601539680.469,outbound-rtp,COT01_98_profile-id=0,video,video,353992379,T01,0,1,true,2,0,0,0,283,0,0,SV210,0,0,0,0,[object Object],bandwidth,1,0,0,r2,1968214901,0,0,0
OT01V4061097388,1776601539680.469,outbound-rtp,COT01_98_profile-id=0,video,video,4061097388,T01,991473,1715,true,0,0,587,587,181291,2,3,SV210,0,0,0,1,[object Object],bandwidth,1,0,0,r0,1794114401,10.038,0,4.217798999999999
OT01V3055899734,1776601539880.621,outbound-rtp,COT01_98_profile-id=0,video,video,3055899734,T01,718034,696,true,1,0,149,149,16844,4,1,SV210,0,0,0,0,[object Object],bandwidth,1,0,0,r1,2057954113,3.099,0,15.665275
OT01V353992379,1776601539880.621,outbound-rtp,COT01_98_profile-id=0,video,video,353992379,T01,0,1,true,2,0,0,0,283,0,0,SV210,0,0,0,0,[object Object],bandwidth,1,0,0,r2,1968214901,0,0,0
OT01V4061097388,1776601539880.621,outbound-rtp,COT01_98_profile-id=0,video,video,4061097388,T01,998370,1724,true,0,0,593,593,181507,2,3,SV210,0,0,0,1,[object Object],bandwidth,1,0,0,r0,1794114401,10.13,0,4.217813
OT01V3055899734,1776601539880.621,outbound-rtp,COT01_98_profile-id=0,video,video,3055899734,T01,718034,696,true,1,0,149,149,16844,4,1,SV210,0,0,0,0,[object Object],bandwidth,1,0,0,r1,2057954113,3.099,0,15.665275
OT01V353992379,1776601539880.621,outbound-rtp,COT01_98_profile-id=0,video,video,353992379,T01,0,1,true,2,0,0,0,283,0,0,SV210,0,0,0,0,[object Object],bandwidth,1,0,0,r2,1968214901,0,0,0
OT01V4061097388,1776601539880.621,outbound-rtp,COT01_98_profile-id=0,video,video,4061097388,T01,998370,1724,true,0,0,593,593,181507,2,3,SV210,0,0,0,1,[object Object],bandwidth,1,0,0,r0,1794114401,10.13,0,4.217813
OT01V3055899734,1776601540080.464,outbound-rtp,COT01_98_profile-id=0,video,video,3055899734,T01,746150,724,true,1,0,155,155,17516,4,1,SV210,0,0,0,0,[object Object],bandwidth,1,0,0,r1,2057954113,3.228,0,15.665294
OT01V353992379,1776601540080.464,outbound-rtp,COT01_98_profile-id=0,video,video,353992379,T01,0,1,true,2,0,0,0,283,0,0,SV210,0,0,0,0,[object Object],bandwidth,1,0,0,r2,1968214901,0,0,0
OT01V4061097388,1776601540080.464,outbound-rtp,COT01_98_profile-id=0,video,video,4061097388,T01,1003173,1731,true,0,0,599,599,181675,2,3,SV210,0,0,0,1,[object Object],bandwidth,1,0,0,r0,1794114401,10.242,0,4.217816
OT01V3055899734,1776601540080.464,outbound-rtp,COT01_98_profile-id=0,video,video,3055899734,T01,746150,724,true,1,0,155,155,17516,4,1,SV210,0,0,0,0,[object Object],bandwidth,1,0,0,r1,2057954113,3.228,0,15.665294
OT01V353992379,1776601540080.464,outbound-rtp,COT01_98_profile-id=0,video,video,353992379,T01,0,1,true,2,0,0,0,283,0,0,SV210,0,0,0,0,[object Object],bandwidth,1,0,0,r2,1968214901,0,0,0
OT01V4061097388,1776601540080.464,outbound-rtp,COT01_98_profile-id=0,video,video,4061097388,T01,1003173,1731,true,0,0,599,599,181675,2,3,SV210,0,0,0,1,[object Object],bandwidth,1,0,0,r0,1794114401,10.242,0,4.217816
OT01V3055899734,1776601540280.568,outbound-rtp,COT01_98_profile-id=0,video,video,3055899734,T01,775019,753,true,1,0,161,161,18212,4,1,SV210,0,0,0,0,[object Object],bandwidth,1,0,0,r1,2057954113,3.353,0,15.665313
OT01V353992379,1776601540280.568,outbound-rtp,COT01_98_profile-id=0,video,video,353992379,T01,0,1,true,2,0,0,0,283,0,0,SV210,0,0,0,0,[object Object],bandwidth,1,0,0,r2,1968214901,0,0,0
OT01V4061097388,1776601540280.568,outbound-rtp,COT01_98_profile-id=0,video,video,4061097388,T01,1009276,1739,true,0,0,605,605,181867,2,3,SV210,0,0,0,1,[object Object],bandwidth,1,0,0,r0,1794114401,10.337,0,4.217823
OT01V3055899734,1776601540280.568,outbound-rtp,COT01_98_profile-id=0,video,video,3055899734,T01,775019,753,true,1,0,161,161,18212,4,1,SV210,0,0,0,0,[object Object],bandwidth,1,0,0,r1,2057954113,3.353,0,15.665313
OT01V353992379,1776601540280.568,outbound-rtp,COT01_98_profile-id=0,video,video,353992379,T01,0,1,true,2,0,0,0,283,0,0,SV210,0,0,0,0,[object Object],bandwidth,1,0,0,r2,1968214901,0,0,0
OT01V4061097388,1776601540280.568,outbound-rtp,COT01_98_profile-id=0,video,video,4061097388,T01,1009276,1739,true,0,0,605,605,181867,2,3,SV210,0,0,0,1,[object Object],bandwidth,1,0,0,r0,1794114401,10.337,0,4.217823
OT01V3055899734,1776601540480.467,outbound-rtp,COT01_98_profile-id=0,video,video,3055899734,T01,804599,782,true,1,0,167,167,18908,4,1,SV210,0,0,0,0,[object Object],bandwidth,1,0,0,r1,2057954113,3.453,0,15.993984999999999
OT01V353992379,1776601540480.467,outbound-rtp,COT01_98_profile-id=0,video,video,353992379,T01,0,1,true,2,0,0,0,283,0,0,SV210,0,0,0,0,[object Object],bandwidth,1,0,0,r2,1968214901,0,0,0
OT01V4061097388,1776601540480.467,outbound-rtp,COT01_98_profile-id=0,video,video,4061097388,T01,1016490,1748,true,0,0,611,611,182083,2,3,SV210,0,0,0,1,[object Object],bandwidth,1,0,0,r0,1794114401,10.418,0,4.2336789999999995
OT01V3055899734,1776601540480.467,outbound-rtp,COT01_98_profile-id=0,video,video,3055899734,T01,804599,782,true,1,0,167,167,18908,4,1,SV210,0,0,0,0,[object Object],bandwidth,1,0,0,r1,2057954113,3.453,0,15.993984999999999
OT01V353992379,1776601540480.467,outbound-rtp,COT01_98_profile-id=0,video,video,353992379,T01,0,1,true,2,0,0,0,283,0,0,SV210,0,0,0,0,[object Object],bandwidth,1,0,0,r2,1968214901,0,0,0
OT01V4061097388,1776601540480.467,outbound-rtp,COT01_98_profile-id=0,video,video,4061097388,T01,1016490,1748,true,0,0,611,611,182083,2,3,SV210,0,0,0,1,[object Object],bandwidth,1,0,0,r0,1794114401,10.418,0,4.2336789999999995
OT01V3055899734,1776601540680.409,outbound-rtp,COT01_98_profile-id=0,video,video,3055899734,T01,844094,819,true,1,0,173,173,19796,4,1,SV210,0,0,0,0,[object Object],bandwidth,1,0,0,r1,2057954113,3.584,0,15.993998
OT01V353992379,1776601540680.409,outbound-rtp,COT01_98_profile-id=0,video,video,353992379,T01,0,1,true,2,0,0,0,283,0,0,SV210,0,0,0,0,[object Object],bandwidth,1,0,0,r2,1968214901,0,0,0
OT01V4061097388,1776601540680.409,outbound-rtp,COT01_98_profile-id=0,video,video,4061097388,T01,1022487,1755,true,0,0,616,616,182251,2,3,SV210,0,0,0,1,[object Object],bandwidth,1,0,0,r0,1794114401,10.505,0,4.2336849999999995
OT01V3055899734,1776601540680.409,outbound-rtp,COT01_98_profile-id=0,video,video,3055899734,T01,844094,819,true,1,0,173,173,19796,4,1,SV210,0,0,0,0,[object Object],bandwidth,1,0,0,r1,2057954113,3.584,0,15.993998
OT01V353992379,1776601540680.409,outbound-rtp,COT01_98_profile-id=0,video,video,353992379,T01,0,1,true,2,0,0,0,283,0,0,SV210,0,0,0,0,[object Object],bandwidth,1,0,0,r2,1968214901,0,0,0
OT01V4061097388,1776601540680.409,outbound-rtp,COT01_98_profile-id=0,video,video,4061097388,T01,1022487,1755,true,0,0,616,616,182251,2,3,SV210,0,0,0,1,[object Object],bandwidth,1,0,0,r0,1794114401,10.505,0,4.2336849999999995
OT01V3055899734,1776601540880.469,outbound-rtp,COT01_98_profile-id=0,video,video,3055899734,T01,868495,843,true,1,0,178,178,20372,4,1,SV210,0,0,0,0,[object Object],bandwidth,1,0,0,r1,2057954113,3.671,0,15.994007
OT01V353992379,1776601540880.469,outbound-rtp,COT01_98_profile-id=0,video,video,353992379,T01,0,1,true,2,0,0,0,283,0,0,SV210,0,0,0,0,[object Object],bandwidth,1,0,0,r2,1968214901,0,0,0
OT01V4061097388,1776601540880.469,outbound-rtp,COT01_98_profile-id=0,video,video,4061097388,T01,1027765,1762,true,0,0,621,621,182419,2,3,SV210,0,0,0,1,[object Object],bandwidth,1,0,0,r0,1794114401,10.573,0,4.233690999999999
OT01V3055899734,1776601540880.469,outbound-rtp,COT01_98_profile-id=0,video,video,3055899734,T01,868495,843,true,1,0,178,178,20372,4,1,SV210,0,0,0,0,[object Object],bandwidth,1,0,0,r1,2057954113,3.671,0,15.994007
OT01V353992379,1776601540880.469,outbound-rtp,COT01_98_profile-id=0,video,video,353992379,T01,0,1,true,2,0,0,0,283,0,0,SV210,0,0,0,0,[object Object],bandwidth,1,0,0,r2,1968214901,0,0,0
OT01V4061097388,1776601540880.469,outbound-rtp,COT01_98_profile-id=0,video,video,4061097388,T01,1027765,1762,true,0,0,621,621,182419,2,3,SV210,0,0,0,1,[object Object],bandwidth,1,0,0,r0,1794114401,10.573,0,4.233690999999999
OT01V3055899734,1776601541080.525,outbound-rtp,COT01_98_profile-id=0,video,video,3055899734,T01,906846,879,true,1,0,185,185,21236,4,1,SV210,0,0,0,0,[object Object],bandwidth,1,0,0,r1,2057954113,3.785,0,16.162719
OT01V353992379,1776601541080.525,outbound-rtp,COT01_98_profile-id=0,video,video,353992379,T01,0,1,true,2,0,0,0,283,0,0,SV210,0,0,0,0,[object Object],bandwidth,1,0,0,r2,1968214901,0,0,0
OT01V4061097388,1776601541080.525,outbound-rtp,COT01_98_profile-id=0,video,video,4061097388,T01,1035632,1771,true,0,0,627,627,182635,2,3,SV210,0,0,0,1,[object Object],bandwidth,1,0,0,r0,1794114401,10.643,0,4.238769
OT01V3055899734,1776601541080.525,outbound-rtp,COT01_98_profile-id=0,video,video,3055899734,T01,906846,879,true,1,0,185,185,21236,4,1,SV210,0,0,0,0,[object Object],bandwidth,1,0,0,r1,2057954113,3.785,0,16.162719
OT01V353992379,1776601541080.525,outbound-rtp,COT01_98_profile-id=0,video,video,353992379,T01,0,1,true,2,0,0,0,283,0,0,SV210,0,0,0,0,[object Object],bandwidth,1,0,0,r2,1968214901,0,0,0
OT01V4061097388,1776601541080.525,outbound-rtp,COT01_98_profile-id=0,video,video,4061097388,T01,1035632,1771,true,0,0,627,627,182635,2,3,SV210,0,0,0,1,[object Object],bandwidth,1,0,0,r0,1794114401,10.643,0,4.238769
OT01V3055899734,1776601541280.546,outbound-rtp,COT01_98_profile-id=0,video,video,3055899734,T01,934171,905,true,1,0,191,191,21860,4,1,SV210,0,0,0,0,[object Object],bandwidth,1,0,0,r1,2057954113,3.863,0,16.162734
OT01V353992379,1776601541280.546,outbound-rtp,COT01_98_profile-id=0,video,video,353992379,T01,0,1,true,2,0,0,0,283,0,0,SV210,0,0,0,0,[object Object],bandwidth,1,0,0,r2,1968214901,0,0,0
OT01V4061097388,1776601541280.546,outbound-rtp,COT01_98_profile-id=0,video,video,4061097388,T01,1041193,1779,true,0,0,633,633,182827,2,3,SV210,0,0,0,1,[object Object],bandwidth,1,0,0,r0,1794114401,10.708,0,4.238776
OT01V3055899734,1776601541280.546,outbound-rtp,COT01_98_profile-id=0,video,video,3055899734,T01,934171,905,true,1,0,191,191,21860,4,1,SV210,0,0,0,0,[object Object],bandwidth,1,0,0,r1,2057954113,3.863,0,16.162734
OT01V353992379,1776601541280.546,outbound-rtp,COT01_98_profile-id=0,video,video,353992379,T01,0,1,true,2,0,0,0,283,0,0,SV210,0,0,0,0,[object Object],bandwidth,1,0,0,r2,1968214901,0,0,0
OT01V4061097388,1776601541280.546,outbound-rtp,COT01_98_profile-id=0,video,video,4061097388,T01,1041193,1779,true,0,0,633,633,182827,2,3,SV210,0,0,0,1,[object Object],bandwidth,1,0,0,r0,1794114401,10.708,0,4.238776
OT01V3055899734,1776601541480.579,outbound-rtp,COT01_98_profile-id=0,video,video,3055899734,T01,966284,941,true,1,0,196,196,23999,4,1,SV210,0,0,0,0,[object Object],bandwidth,1,0,0,r1,2057954113,3.969,0,16.162762
OT01V353992379,1776601541480.579,outbound-rtp,COT01_98_profile-id=0,video,video,353992379,T01,0,1,true,2,0,0,0,283,0,0,SV210,0,0,0,0,[object Object],bandwidth,1,0,0,r2,1968214901,0,0,0
OT01V4061097388,1776601541480.579,outbound-rtp,COT01_98_profile-id=0,video,video,4061097388,T01,1048241,1789,true,0,0,639,639,183067,2,3,SV210,0,0,0,1,[object Object],bandwidth,1,0,0,r0,1794114401,10.808,0,4.238788
OT01V3055899734,1776601541480.579,outbound-rtp,COT01_98_profile-id=0,video,video,3055899734,T01,966284,941,true,1,0,196,196,23999,4,1,SV210,0,0,0,0,[object Object],bandwidth,1,0,0,r1,2057954113,3.969,0,16.162762
OT01V353992379,1776601541480.579,outbound-rtp,COT01_98_profile-id=0,video,video,353992379,T01,0,1,true,2,0,0,0,283,0,0,SV210,0,0,0,0,[object Object],bandwidth,1,0,0,r2,1968214901,0,0,0
OT01V4061097388,1776601541480.579,outbound-rtp,COT01_98_profile-id=0,video,video,4061097388,T01,1048241,1789,true,0,0,639,639,183067,2,3,SV210,0,0,0,1,[object Object],bandwidth,1,0,0,r0,1794114401,10.808,0,4.238788
OT01V3055899734,1776601541680.466,outbound-rtp,COT01_98_profile-id=0,video,video,3055899734,T01,999352,974,true,1,0,202,202,25301,4,1,SV210,0,0,0,0,[object Object],bandwidth,1,0,0,r1,2057954113,4.095,0,16.182126
OT01V353992379,1776601541680.466,outbound-rtp,COT01_98_profile-id=0,video,video,353992379,T01,0,1,true,2,0,0,0,283,0,0,SV210,0,0,0,0,[object Object],bandwidth,1,0,0,r2,1968214901,0,0,0
OT01V4061097388,1776601541680.466,outbound-rtp,COT01_98_profile-id=0,video,video,4061097388,T01,1053874,1796,true,0,0,644,644,183235,2,3,SV210,0,0,0,1,[object Object],bandwidth,1,0,0,r0,1794114401,10.89,0,4.241689
OT01V3055899734,1776601541680.466,outbound-rtp,COT01_98_profile-id=0,video,video,3055899734,T01,999352,974,true,1,0,202,202,25301,4,1,SV210,0,0,0,0,[object Object],bandwidth,1,0,0,r1,2057954113,4.095,0,16.182126
OT01V353992379,1776601541680.466,outbound-rtp,COT01_98_profile-id=0,video,video,353992379,T01,0,1,true,2,0,0,0,283,0,0,SV210,0,0,0,0,[object Object],bandwidth,1,0,0,r2,1968214901,0,0,0
OT01V4061097388,1776601541680.466,outbound-rtp,COT01_98_profile-id=0,video,video,4061097388,T01,1053874,1796,true,0,0,644,644,183235,2,3,SV210,0,0,0,1,[object Object],bandwidth,1,0,0,r0,1794114401,10.89,0,4.241689
OT01V3055899734,1776601541880.471,outbound-rtp,COT01_98_profile-id=0,video,video,3055899734,T01,1033428,1007,true,1,0,209,209,26093,4,1,SV210,0,0,0,0,[object Object],bandwidth,1,0,0,r1,2057954113,4.201,0,16.18215
OT01V353992379,1776601541880.471,outbound-rtp,COT01_98_profile-id=0,video,video,353992379,T01,0,1,true,2,0,0,0,283,0,0,SV210,0,0,0,0,[object Object],bandwidth,1,0,0,r2,1968214901,0,0,0
OT01V4061097388,1776601541880.471,outbound-rtp,COT01_98_profile-id=0,video,video,4061097388,T01,1061919,1806,true,0,0,651,651,183475,2,3,SV210,0,0,0,1,[object Object],bandwidth,1,0,0,r0,1794114401,10.978,0,4.241695
OT01V3055899734,1776601541880.471,outbound-rtp,COT01_98_profile-id=0,video,video,3055899734,T01,1033428,1007,true,1,0,209,209,26093,4,1,SV210,0,0,0,0,[object Object],bandwidth,1,0,0,r1,2057954113,4.201,0,16.18215
OT01V353992379,1776601541880.471,outbound-rtp,COT01_98_profile-id=0,video,video,353992379,T01,0,1,true,2,0,0,0,283,0,0,SV210,0,0,0,0,[object Object],bandwidth,1,0,0,r2,1968214901,0,0,0
OT01V4061097388,1776601541880.471,outbound-rtp,COT01_98_profile-id=0,video,video,4061097388,T01,1061919,1806,true,0,0,651,651,183475,2,3,SV210,0,0,0,1,[object Object],bandwidth,1,0,0,r0,1794114401,10.978,0,4.241695
OT01V3055899734,1776601542080.486,outbound-rtp,COT01_98_profile-id=0,video,video,3055899734,T01,1075812,1046,true,1,0,215,215,27029,4,1,SV210,0,0,0,0,[object Object],bandwidth,1,0,0,r1,2057954113,4.279,0,16.182166
OT01V353992379,1776601542080.486,outbound-rtp,COT01_98_profile-id=0,video,video,353992379,T01,0,1,true,2,0,0,0,283,0,0,SV210,0,0,0,0,[object Object],bandwidth,1,0,0,r2,1968214901,0,0,0
OT01V4061097388,1776601542080.486,outbound-rtp,COT01_98_profile-id=0,video,video,4061097388,T01,1067899,1814,true,0,0,657,657,183667,2,3,SV210,0,0,0,1,[object Object],bandwidth,1,0,0,r0,1794114401,11.041,0,4.2416979999999995
OT01V3055899734,1776601542080.486,outbound-rtp,COT01_98_profile-id=0,video,video,3055899734,T01,1075812,1046,true,1,0,215,215,27029,4,1,SV210,0,0,0,0,[object Object],bandwidth,1,0,0,r1,2057954113,4.279,0,16.182166
OT01V353992379,1776601542080.486,outbound-rtp,COT01_98_profile-id=0,video,video,353992379,T01,0,1,true,2,0,0,0,283,0,0,SV210,0,0,0,0,[object Object],bandwidth,1,0,0,r2,1968214901,0,0,0
OT01V4061097388,1776601542080.486,outbound-rtp,COT01_98_profile-id=0,video,video,4061097388,T01,1067899,1814,true,0,0,657,657,183667,2,3,SV210,0,0,0,1,[object Object],bandwidth,1,0,0,r0,1794114401,11.041,0,4.2416979999999995
OT01V3055899734,1776601542280.554,outbound-rtp,COT01_98_profile-id=0,video,video,3055899734,T01,1104681,1084,true,1,0,221,221,30491,4,1,SV210,0,0,0,0,[object Object],bandwidth,1,0,0,r1,2057954113,4.407,0,16.182211
OT01V353992379,1776601542280.554,outbound-rtp,COT01_98_profile-id=0,video,video,353992379,T01,0,1,true,2,0,0,0,283,0,0,SV210,0,0,0,0,[object Object],bandwidth,1,0,0,r2,1968214901,0,0,0
OT01V4061097388,1776601542280.554,outbound-rtp,COT01_98_profile-id=0,video,video,4061097388,T01,1073780,1821,true,0,0,662,662,183835,2,3,SV210,0,0,0,1,[object Object],bandwidth,1,0,0,r0,1794114401,11.127,0,4.2417039999999995
OT01V3055899734,1776601542280.554,outbound-rtp,COT01_98_profile-id=0,video,video,3055899734,T01,1104681,1084,true,1,0,221,221,30491,4,1,SV210,0,0,0,0,[object Object],bandwidth,1,0,0,r1,2057954113,4.407,0,16.182211
OT01V353992379,1776601542280.554,outbound-rtp,COT01_98_profile-id=0,video,video,353992379,T01,0,1,true,2,0,0,0,283,0,0,SV210,0,0,0,0,[object Object],bandwidth,1,0,0,r2,1968214901,0,0,0
OT01V4061097388,1776601542280.554,outbound-rtp,COT01_98_profile-id=0,video,video,4061097388,T01,1073780,1821,true,0,0,662,662,183835,2,3,SV210,0,0,0,1,[object Object],bandwidth,1,0,0,r0,1794114401,11.127,0,4.2417039999999995
OT01V3055899734,1776601542480.548,outbound-rtp,COT01_98_profile-id=0,video,video,3055899734,T01,1140046,1118,true,1,0,226,226,31307,4,1,SV210,0,0,0,0,[object Object],bandwidth,1,0,0,r1,2057954113,4.515,0,16.18226
OT01V353992379,1776601542480.548,outbound-rtp,COT01_98_profile-id=0,video,video,353992379,T01,0,1,true,2,0,0,0,283,0,0,SV210,0,0,0,0,[object Object],bandwidth,1,0,0,r2,1968214901,0,0,0
OT01V4061097388,1776601542480.548,outbound-rtp,COT01_98_profile-id=0,video,video,4061097388,T01,1080829,1831,true,0,0,668,668,184330,2,3,SV210,0,0,0,1,[object Object],bandwidth,1,0,0,r0,1794114401,11.221,0,4.241715999999999
OT01V3055899734,1776601542480.548,outbound-rtp,COT01_98_profile-id=0,video,video,3055899734,T01,1140046,1118,true,1,0,226,226,31307,4,1,SV210,0,0,0,0,[object Object],bandwidth,1,0,0,r1,2057954113,4.515,0,16.18226
OT01V353992379,1776601542480.548,outbound-rtp,COT01_98_profile-id=0,video,video,353992379,T01,0,1,true,2,0,0,0,283,0,0,SV210,0,0,0,0,[object Object],bandwidth,1,0,0,r2,1968214901,0,0,0
OT01V4061097388,1776601542480.548,outbound-rtp,COT01_98_profile-id=0,video,video,4061097388,T01,1080829,1831,true,0,0,668,668,184330,2,3,SV210,0,0,0,1,[object Object],bandwidth,1,0,0,r0,1794114401,11.221,0,4.241715999999999
OT01V3055899734,1776601542680.453,outbound-rtp,COT01_98_profile-id=0,video,video,3055899734,T01,1178108,1157,true,1,0,233,233,32243,4,1,SV210,0,0,0,0,[object Object],bandwidth,1,0,0,r1,2057954113,4.669,0,16.18232
OT01V353992379,1776601542680.453,outbound-rtp,COT01_98_profile-id=0,video,video,353992379,T01,0,1,true,2,0,0,0,283,0,0,SV210,0,0,0,0,[object Object],bandwidth,1,0,0,r2,1968214901,0,0,0
OT01V4061097388,1776601542680.453,outbound-rtp,COT01_98_profile-id=0,video,video,4061097388,T01,1087785,1841,true,0,0,674,674,184825,2,3,SV210,0,0,0,1,[object Object],bandwidth,1,0,0,r0,1794114401,11.325,0,4.241725
OT01V3055899734,1776601542680.453,outbound-rtp,COT01_98_profile-id=0,video,video,3055899734,T01,1178108,1157,true,1,0,233,233,32243,4,1,SV210,0,0,0,0,[object Object],bandwidth,1,0,0,r1,2057954113,4.669,0,16.18232
OT01V353992379,1776601542680.453,outbound-rtp,COT01_98_profile-id=0,video,video,353992379,T01,0,1,true,2,0,0,0,283,0,0,SV210,0,0,0,0,[object Object],bandwidth,1,0,0,r2,1968214901,0,0,0
OT01V4061097388,1776601542680.453,outbound-rtp,COT01_98_profile-id=0,video,video,4061097388,T01,1087785,1841,true,0,0,674,674,184825,2,3,SV210,0,0,0,1,[object Object],bandwidth,1,0,0,r0,1794114401,11.325,0,4.241725
OT01V3055899734,1776601542880.571,outbound-rtp,COT01_98_profile-id=0,video,video,3055899734,T01,1215899,1192,true,1,0,238,238,33083,4,1,SV210,0,0,0,0,[object Object],bandwidth,1,0,0,r1,2057954113,4.799,0,16.787169
OT01V353992379,1776601542880.571,outbound-rtp,COT01_98_profile-id=0,video,video,353992379,T01,0,1,true,2,0,0,0,283,0,0,SV210,0,0,0,0,[object Object],bandwidth,1,0,0,r2,1968214901,0,0,0
OT01V4061097388,1776601542880.571,outbound-rtp,COT01_98_profile-id=0,video,video,4061097388,T01,1096008,1851,true,0,0,679,679,185320,2,3,SV210,0,0,0,1,[object Object],bandwidth,1,0,0,r0,1794114401,11.419,0,4.304644
OT01V3055899734,1776601542880.571,outbound-rtp,COT01_98_profile-id=0,video,video,3055899734,T01,1215899,1192,true,1,0,238,238,33083,4,1,SV210,0,0,0,0,[object Object],bandwidth,1,0,0,r1,2057954113,4.799,0,16.787169
OT01V353992379,1776601542880.571,outbound-rtp,COT01_98_profile-id=0,video,video,353992379,T01,0,1,true,2,0,0,0,283,0,0,SV210,0,0,0,0,[object Object],bandwidth,1,0,0,r2,1968214901,0,0,0
OT01V4061097388,1776601542880.571,outbound-rtp,COT01_98_profile-id=0,video,video,4061097388,T01,1096008,1851,true,0,0,679,679,185320,2,3,SV210,0,0,0,1,[object Object],bandwidth,1,0,0,r0,1794114401,11.419,0,4.304644
OT01V3055899734,1776601543080.506,outbound-rtp,COT01_98_profile-id=0,video,video,3055899734,T01,1249600,1226,true,1,0,245,245,33899,4,1,SV210,0,0,0,0,[object Object],bandwidth,1,0,0,r1,2057954113,4.935,0,16.825326
OT01V353992379,1776601543080.506,outbound-rtp,COT01_98_profile-id=0,video,video,353992379,T01,0,1,true,2,0,0,0,283,0,0,SV210,0,0,0,0,[object Object],bandwidth,1,0,0,r2,1968214901,0,0,0
OT01V4061097388,1776601543080.506,outbound-rtp,COT01_98_profile-id=0,video,video,4061097388,T01,1103639,1861,true,0,0,686,686,185560,2,3,SV210,0,0,0,1,[object Object],bandwidth,1,0,0,r0,1794114401,11.538,0,4.304651
OT01V3055899734,1776601543080.506,outbound-rtp,COT01_98_profile-id=0,video,video,3055899734,T01,1249600,1226,true,1,0,245,245,33899,4,1,SV210,0,0,0,0,[object Object],bandwidth,1,0,0,r1,2057954113,4.935,0,16.825326
OT01V353992379,1776601543080.506,outbound-rtp,COT01_98_profile-id=0,video,video,353992379,T01,0,1,true,2,0,0,0,283,0,0,SV210,0,0,0,0,[object Object],bandwidth,1,0,0,r2,1968214901,0,0,0
OT01V4061097388,1776601543080.506,outbound-rtp,COT01_98_profile-id=0,video,video,4061097388,T01,1103639,1861,true,0,0,686,686,185560,2,3,SV210,0,0,0,1,[object Object],bandwidth,1,0,0,r0,1794114401,11.538,0,4.304651
OT01V3055899734,1776601543280.541,outbound-rtp,COT01_98_profile-id=0,video,video,3055899734,T01,1290093,1264,true,1,0,251,251,34811,4,1,SV210,0,0,0,0,[object Object],bandwidth,1,0,0,r1,2057954113,5.061,0,16.832898999999998
OT01V353992379,1776601543280.541,outbound-rtp,COT01_98_profile-id=0,video,video,353992379,T01,0,1,true,2,0,0,0,283,0,0,SV210,0,0,0,0,[object Object],bandwidth,1,0,0,r2,1968214901,0,0,0
OT01V4061097388,1776601543280.541,outbound-rtp,COT01_98_profile-id=0,video,video,4061097388,T01,1110288,1870,true,0,0,692,692,185776,2,3,SV210,0,0,0,1,[object Object],bandwidth,1,0,0,r0,1794114401,11.637,0,4.305645
OT01V3055899734,1776601543280.541,outbound-rtp,COT01_98_profile-id=0,video,video,3055899734,T01,1290093,1264,true,1,0,251,251,34811,4,1,SV210,0,0,0,0,[object Object],bandwidth,1,0,0,r1,2057954113,5.061,0,16.832898999999998
OT01V353992379,1776601543280.541,outbound-rtp,COT01_98_profile-id=0,video,video,353992379,T01,0,1,true,2,0,0,0,283,0,0,SV210,0,0,0,0,[object Object],bandwidth,1,0,0,r2,1968214901,0,0,0
OT01V4061097388,1776601543280.541,outbound-rtp,COT01_98_profile-id=0,video,video,4061097388,T01,1110288,1870,true,0,0,692,692,185776,2,3,SV210,0,0,0,1,[object Object],bandwidth,1,0,0,r0,1794114401,11.637,0,4.305645
OT01V3055899734,1776601543480.518,outbound-rtp,COT01_98_profile-id=0,video,video,3055899734,T01,1329906,1301,true,1,0,256,256,35699,4,1,SV210,0,0,0,0,[object Object],bandwidth,1,0,0,r1,2057954113,5.171,0,16.832943
OT01V353992379,1776601543480.518,outbound-rtp,COT01_98_profile-id=0,video,video,353992379,T01,0,1,true,2,0,0,0,283,0,0,SV210,0,0,0,0,[object Object],bandwidth,1,0,0,r2,1968214901,0,0,0
OT01V4061097388,1776601543480.518,outbound-rtp,COT01_98_profile-id=0,video,video,4061097388,T01,1117898,1880,true,0,0,697,697,186016,2,3,SV210,0,0,0,1,[object Object],bandwidth,1,0,0,r0,1794114401,11.725,0,4.3056589999999995
OT01V3055899734,1776601543480.518,outbound-rtp,COT01_98_profile-id=0,video,video,3055899734,T01,1329906,1301,true,1,0,256,256,35699,4,1,SV210,0,0,0,0,[object Object],bandwidth,1,0,0,r1,2057954113,5.171,0,16.832943
OT01V353992379,1776601543480.518,outbound-rtp,COT01_98_profile-id=0,video,video,353992379,T01,0,1,true,2,0,0,0,283,0,0,SV210,0,0,0,0,[object Object],bandwidth,1,0,0,r2,1968214901,0,0,0
OT01V4061097388,1776601543480.518,outbound-rtp,COT01_98_profile-id=0,video,video,4061097388,T01,1117898,1880,true,0,0,697,697,186016,2,3,SV210,0,0,0,1,[object Object],bandwidth,1,0,0,r0,1794114401,11.725,0,4.3056589999999995
OT01V3055899734,1776601543680.529,outbound-rtp,COT01_98_profile-id=0,video,video,3055899734,T01,1367510,1337,true,1,0,263,263,36563,4,1,SV210,0,0,0,0,[object Object],bandwidth,1,0,0,r1,2057954113,5.315,0,16.832998
OT01V353992379,1776601543680.529,outbound-rtp,COT01_98_profile-id=0,video,video,353992379,T01,0,1,true,2,0,0,0,283,0,0,SV210,0,0,0,0,[object Object],bandwidth,1,0,0,r2,1968214901,0,0,0
OT01V4061097388,1776601543680.529,outbound-rtp,COT01_98_profile-id=0,video,video,4061097388,T01,1126152,1890,true,0,0,703,703,186256,2,3,SV210,0,0,0,1,[object Object],bandwidth,1,0,0,r0,1794114401,11.821,0,4.305668
OT01V3055899734,1776601543680.529,outbound-rtp,COT01_98_profile-id=0,video,video,3055899734,T01,1367510,1337,true,1,0,263,263,36563,4,1,SV210,0,0,0,0,[object Object],bandwidth,1,0,0,r1,2057954113,5.315,0,16.832998
OT01V353992379,1776601543680.529,outbound-rtp,COT01_98_profile-id=0,video,video,353992379,T01,0,1,true,2,0,0,0,283,0,0,SV210,0,0,0,0,[object Object],bandwidth,1,0,0,r2,1968214901,0,0,0
OT01V4061097388,1776601543680.529,outbound-rtp,COT01_98_profile-id=0,video,video,4061097388,T01,1126152,1890,true,0,0,703,703,186256,2,3,SV210,0,0,0,1,[object Object],bandwidth,1,0,0,r0,1794114401,11.821,0,4.305668
OT01V3055899734,1776601543880.686,outbound-rtp,COT01_98_profile-id=0,video,video,3055899734,T01,1413479,1380,true,1,0,269,269,37595,4,1,SV210,0,0,0,0,[object Object],bandwidth,1,0,0,r1,2057954113,5.427,0,16.833054999999998
OT01V353992379,1776601543880.686,outbound-rtp,COT01_98_profile-id=0,video,video,353992379,T01,0,1,true,2,0,0,0,283,0,0,SV210,0,0,0,0,[object Object],bandwidth,1,0,0,r2,1968214901,0,0,0
OT01V4061097388,1776601543880.686,outbound-rtp,COT01_98_profile-id=0,video,video,4061097388,T01,1133810,1899,true,0,0,709,709,186472,2,3,SV210,0,0,0,1,[object Object],bandwidth,1,0,0,r0,1794114401,11.917,0,4.305674
OT01V3055899734,1776601543880.686,outbound-rtp,COT01_98_profile-id=0,video,video,3055899734,T01,1413479,1380,true,1,0,269,269,37595,4,1,SV210,0,0,0,0,[object Object],bandwidth,1,0,0,r1,2057954113,5.427,0,16.833054999999998
OT01V353992379,1776601543880.686,outbound-rtp,COT01_98_profile-id=0,video,video,353992379,T01,0,1,true,2,0,0,0,283,0,0,SV210,0,0,0,0,[object Object],bandwidth,1,0,0,r2,1968214901,0,0,0
OT01V4061097388,1776601543880.686,outbound-rtp,COT01_98_profile-id=0,video,video,4061097388,T01,1133810,1899,true,0,0,709,709,186472,2,3,SV210,0,0,0,1,[object Object],bandwidth,1,0,0,r0,1794114401,11.917,0,4.305674
OT01V3055899734,1776601544080.613,outbound-rtp,COT01_98_profile-id=0,video,video,3055899734,T01,1456041,1419,true,1,0,275,275,38531,4,1,SV210,0,0,0,0,[object Object],bandwidth,1,0,0,r1,2057954113,5.565,0,16.833107
OT01V353992379,1776601544080.613,outbound-rtp,COT01_98_profile-id=0,video,video,353992379,T01,0,1,true,2,0,0,0,283,0,0,SV210,0,0,0,0,[object Object],bandwidth,1,0,0,r2,1968214901,0,0,0
OT01V4061097388,1776601544080.613,outbound-rtp,COT01_98_profile-id=0,video,video,4061097388,T01,1143985,1910,true,0,0,715,715,186736,2,3,SV210,0,0,0,1,[object Object],bandwidth,1,0,0,r0,1794114401,12.025,0,4.305688
OT01V3055899734,1776601544080.613,outbound-rtp,COT01_98_profile-id=0,video,video,3055899734,T01,1456041,1419,true,1,0,275,275,38531,4,1,SV210,0,0,0,0,[object Object],bandwidth,1,0,0,r1,2057954113,5.565,0,16.833107
OT01V353992379,1776601544080.613,outbound-rtp,COT01_98_profile-id=0,video,video,353992379,T01,0,1,true,2,0,0,0,283,0,0,SV210,0,0,0,0,[object Object],bandwidth,1,0,0,r2,1968214901,0,0,0
OT01V4061097388,1776601544080.613,outbound-rtp,COT01_98_profile-id=0,video,video,4061097388,T01,1143985,1910,true,0,0,715,715,186736,2,3,SV210,0,0,0,1,[object Object],bandwidth,1,0,0,r0,1794114401,12.025,0,4.305688
OT01V3055899734,1776601544280.474,outbound-rtp,COT01_98_profile-id=0,video,video,3055899734,T01,1491176,1453,true,1,0,281,281,39347,4,1,SV210,0,0,0,0,[object Object],bandwidth,1,0,0,r1,2057954113,5.696,0,16.833147999999998
OT01V353992379,1776601544280.474,outbound-rtp,COT01_98_profile-id=0,video,video,353992379,T01,0,1,true,2,0,0,0,283,0,0,SV210,0,0,0,0,[object Object],bandwidth,1,0,0,r2,1968214901,0,0,0
OT01V4061097388,1776601544280.474,outbound-rtp,COT01_98_profile-id=0,video,video,4061097388,T01,1152418,1920,true,0,0,721,721,186976,2,3,SV210,0,0,0,1,[object Object],bandwidth,1,0,0,r0,1794114401,12.126,0,4.3057099999999995
OT01V3055899734,1776601544280.474,outbound-rtp,COT01_98_profile-id=0,video,video,3055899734,T01,1491176,1453,true,1,0,281,281,39347,4,1,SV210,0,0,0,0,[object Object],bandwidth,1,0,0,r1,2057954113,5.696,0,16.833147999999998
OT01V353992379,1776601544280.474,outbound-rtp,COT01_98_profile-id=0,video,video,353992379,T01,0,1,true,2,0,0,0,283,0,0,SV210,0,0,0,0,[object Object],bandwidth,1,0,0,r2,1968214901,0,0,0
OT01V4061097388,1776601544280.474,outbound-rtp,COT01_98_profile-id=0,video,video,4061097388,T01,1152418,1920,true,0,0,721,721,186976,2,3,SV210,0,0,0,1,[object Object],bandwidth,1,0,0,r0,1794114401,12.126,0,4.3057099999999995
OT01V3055899734,1776601544480.621,outbound-rtp,COT01_98_profile-id=0,video,video,3055899734,T01,1540807,1501,true,1,0,286,286,40499,4,1,SV210,0,0,0,0,[object Object],bandwidth,1,0,0,r1,2057954113,5.812,0,16.986138999999998
OT01V353992379,1776601544480.621,outbound-rtp,COT01_98_profile-id=0,video,video,353992379,T01,0,1,true,2,0,0,0,283,0,0,SV210,0,0,0,0,[object Object],bandwidth,1,0,0,r2,1968214901,0,0,0
OT01V4061097388,1776601544480.621,outbound-rtp,COT01_98_profile-id=0,video,video,4061097388,T01,1158482,1927,true,0,0,726,726,187144,2,3,SV210,0,0,0,1,[object Object],bandwidth,1,0,0,r0,1794114401,12.219,0,4.321918999999999
OT01V3055899734,1776601544480.621,outbound-rtp,COT01_98_profile-id=0,video,video,3055899734,T01,1540807,1501,true,1,0,286,286,40499,4,1,SV210,0,0,0,0,[object Object],bandwidth,1,0,0,r1,2057954113,5.812,0,16.986138999999998
OT01V353992379,1776601544480.621,outbound-rtp,COT01_98_profile-id=0,video,video,353992379,T01,0,1,true,2,0,0,0,283,0,0,SV210,0,0,0,0,[object Object],bandwidth,1,0,0,r2,1968214901,0,0,0
OT01V4061097388,1776601544480.621,outbound-rtp,COT01_98_profile-id=0,video,video,4061097388,T01,1158482,1927,true,0,0,726,726,187144,2,3,SV210,0,0,0,1,[object Object],bandwidth,1,0,0,r0,1794114401,12.219,0,4.321918999999999
OT01V3055899734,1776601544680.579,outbound-rtp,COT01_98_profile-id=0,video,video,3055899734,T01,1572459,1534,true,1,0,293,293,41291,4,1,SV210,0,0,0,0,[object Object],bandwidth,1,0,0,r1,2057954113,5.953,0,17.050597
OT01V353992379,1776601544680.579,outbound-rtp,COT01_98_profile-id=0,video,video,353992379,T01,0,1,true,2,0,0,0,283,0,0,SV210,0,0,0,0,[object Object],bandwidth,1,0,0,r2,1968214901,0,0,0
OT01V4061097388,1776601544680.579,outbound-rtp,COT01_98_profile-id=0,video,video,4061097388,T01,1166295,1937,true,0,0,732,732,187384,2,3,SV210,0,0,0,1,[object Object],bandwidth,1,0,0,r0,1794114401,12.314,0,4.3288459999999995
OT01V3055899734,1776601544680.579,outbound-rtp,COT01_98_profile-id=0,video,video,3055899734,T01,1572459,1534,true,1,0,293,293,41291,4,1,SV210,0,0,0,0,[object Object],bandwidth,1,0,0,r1,2057954113,5.953,0,17.050597
OT01V353992379,1776601544680.579,outbound-rtp,COT01_98_profile-id=0,video,video,353992379,T01,0,1,true,2,0,0,0,283,0,0,SV210,0,0,0,0,[object Object],bandwidth,1,0,0,r2,1968214901,0,0,0
OT01V4061097388,1776601544680.579,outbound-rtp,COT01_98_profile-id=0,video,video,4061097388,T01,1166295,1937,true,0,0,732,732,187384,2,3,SV210,0,0,0,1,[object Object],bandwidth,1,0,0,r0,1794114401,12.314,0,4.3288459999999995
OT01V3055899734,1776601544880.51,outbound-rtp,COT01_98_profile-id=0,video,video,3055899734,T01,1610128,1570,true,1,0,298,298,42159,5,2,SV210,0,0,0,0,[object Object],none,2,0,0,r1,2057954113,6.052,0,17.56694
OT01V353992379,1776601544880.51,outbound-rtp,COT01_98_profile-id=0,video,video,353992379,T01,11670,11,true,2,0,4,4,563,2,1,SV210,0,0,0,0,[object Object],none,2,0,0,r2,1968214901,0.109,0,0.46754199999999996
OT01V4061097388,1776601544880.51,outbound-rtp,COT01_98_profile-id=0,video,video,4061097388,T01,1172833,1945,true,0,0,737,737,187580,2,4,SV210,0,0,0,1,[object Object],none,2,0,0,r0,1794114401,12.4,0,4.377664
OT01V3055899734,1776601544880.51,outbound-rtp,COT01_98_profile-id=0,video,video,3055899734,T01,1610128,1570,true,1,0,298,298,42159,5,2,SV210,0,0,0,0,[object Object],none,2,0,0,r1,2057954113,6.052,0,17.56694
OT01V353992379,1776601544880.51,outbound-rtp,COT01_98_profile-id=0,video,video,353992379,T01,11670,11,true,2,0,4,4,563,2,1,SV210,0,0,0,0,[object Object],none,2,0,0,r2,1968214901,0.109,0,0.46754199999999996
OT01V4061097388,1776601544880.51,outbound-rtp,COT01_98_profile-id=0,video,video,4061097388,T01,1172833,1945,true,0,0,737,737,187580,2,4,SV210,0,0,0,1,[object Object],none,2,0,0,r0,1794114401,12.4,0,4.377664
OT01V3055899734,1776601545080.54,outbound-rtp,COT01_98_profile-id=0,video,video,3055899734,T01,1636837,1594,true,1,0,302,302,42735,5,2,SV210,0,0,0,0,[object Object],none,2,0,0,r1,2057954113,6.14,0,20.186774
OT01V353992379,1776601545080.54,outbound-rtp,COT01_98_profile-id=0,video,video,353992379,T01,39371,35,true,2,0,7,7,1239,5,1,SV210,0,0,0,0,[object Object],none,2,0,0,r2,1968214901,0.204,0,4.793625
OT01V4061097388,1776601545080.54,outbound-rtp,COT01_98_profile-id=0,video,video,4061097388,T01,1179504,1953,true,0,0,742,742,187772,2,4,SV210,0,0,0,1,[object Object],none,2,0,0,r0,1794114401,12.5,0,4.48708
OT01V3055899734,1776601545080.54,outbound-rtp,COT01_98_profile-id=0,video,video,3055899734,T01,1636837,1594,true,1,0,302,302,42735,5,2,SV210,0,0,0,0,[object Object],none,2,0,0,r1,2057954113,6.14,0,20.186774
OT01V353992379,1776601545080.54,outbound-rtp,COT01_98_profile-id=0,video,video,353992379,T01,39371,35,true,2,0,7,7,1239,5,1,SV210,0,0,0,0,[object Object],none,2,0,0,r2,1968214901,0.204,0,4.793625
OT01V4061097388,1776601545080.54,outbound-rtp,COT01_98_profile-id=0,video,video,4061097388,T01,1179504,1953,true,0,0,742,742,187772,2,4,SV210,0,0,0,1,[object Object],none,2,0,0,r0,1794114401,12.5,0,4.48708
OT01V3055899734,1776601545280.481,outbound-rtp,COT01_98_profile-id=0,video,video,3055899734,T01,1660918,1619,true,1,0,305,305,43335,5,2,SV210,0,0,0,0,[object Object],none,2,0,0,r1,2057954113,6.212,0,21.780979
OT01V353992379,1776601545280.481,outbound-rtp,COT01_98_profile-id=0,video,video,353992379,T01,73532,66,true,2,0,9,9,2107,6,1,SV210,0,0,0,0,[object Object],none,2,0,0,r2,1968214901,0.243,0,13.787234999999999
OT01V4061097388,1776601545280.481,outbound-rtp,COT01_98_profile-id=0,video,video,4061097388,T01,1184217,1960,true,0,0,747,747,187940,2,4,SV210,0,0,0,1,[object Object],none,2,0,0,r0,1794114401,12.598,0,4.576134
OT01V3055899734,1776601545280.481,outbound-rtp,COT01_98_profile-id=0,video,video,3055899734,T01,1660918,1619,true,1,0,305,305,43335,5,2,SV210,0,0,0,0,[object Object],none,2,0,0,r1,2057954113,6.212,0,21.780979
OT01V353992379,1776601545280.481,outbound-rtp,COT01_98_profile-id=0,video,video,353992379,T01,73532,66,true,2,0,9,9,2107,6,1,SV210,0,0,0,0,[object Object],none,2,0,0,r2,1968214901,0.243,0,13.787234999999999
OT01V4061097388,1776601545280.481,outbound-rtp,COT01_98_profile-id=0,video,video,4061097388,T01,1184217,1960,true,0,0,747,747,187940,2,4,SV210,0,0,0,1,[object Object],none,2,0,0,r0,1794114401,12.598,0,4.576134
OT01V3055899734,1776601545480.61,outbound-rtp,COT01_98_profile-id=0,video,video,3055899734,T01,1674132,1632,true,1,0,309,309,43647,5,2,SV210,0,0,0,0,[object Object],none,2,0,0,r1,2057954113,6.299,0,22.201739999999997
OT01V353992379,1776601545480.61,outbound-rtp,COT01_98_profile-id=0,video,video,353992379,T01,118899,106,true,2,0,11,11,3227,7,1,SV210,0,0,0,0,[object Object],none,2,0,0,r2,1968214901,0.296,0,28.954385
OT01V4061097388,1776601545480.61,outbound-rtp,COT01_98_profile-id=0,video,video,4061097388,T01,1188360,1966,true,0,0,752,752,188084,2,4,SV210,0,0,0,1,[object Object],none,2,0,0,r0,1794114401,12.696,0,4.665817
OT01V3055899734,1776601545480.61,outbound-rtp,COT01_98_profile-id=0,video,video,3055899734,T01,1674132,1632,true,1,0,309,309,43647,5,2,SV210,0,0,0,0,[object Object],none,2,0,0,r1,2057954113,6.299,0,22.201739999999997
OT01V353992379,1776601545480.61,outbound-rtp,COT01_98_profile-id=0,video,video,353992379,T01,118899,106,true,2,0,11,11,3227,7,1,SV210,0,0,0,0,[object Object],none,2,0,0,r2,1968214901,0.296,0,28.954385
OT01V4061097388,1776601545480.61,outbound-rtp,COT01_98_profile-id=0,video,video,4061097388,T01,1188360,1966,true,0,0,752,752,188084,2,4,SV210,0,0,0,1,[object Object],none,2,0,0,r0,1794114401,12.696,0,4.665817
OT01V3055899734,1776601545680.535,outbound-rtp,COT01_98_profile-id=0,video,video,3055899734,T01,1689609,1646,true,1,0,313,313,43983,5,2,SV210,0,0,0,0,[object Object],none,2,0,0,r1,2057954113,6.391,0,22.423403999999998
OT01V353992379,1776601545680.535,outbound-rtp,COT01_98_profile-id=0,video,video,353992379,T01,150667,134,true,2,0,13,13,4011,8,1,SV210,0,0,0,0,[object Object],none,2,0,0,r2,1968214901,0.335,0,38.709516
OT01V4061097388,1776601545680.535,outbound-rtp,COT01_98_profile-id=0,video,video,4061097388,T01,1193535,1971,true,0,0,757,757,188204,2,4,SV210,0,0,0,1,[object Object],none,2,0,0,r0,1794114401,12.784,0,4.684708
OT01V3055899734,1776601545680.535,outbound-rtp,COT01_98_profile-id=0,video,video,3055899734,T01,1689609,1646,true,1,0,313,313,43983,5,2,SV210,0,0,0,0,[object Object],none,2,0,0,r1,2057954113,6.391,0,22.423403999999998
OT01V353992379,1776601545680.535,outbound-rtp,COT01_98_profile-id=0,video,video,353992379,T01,150667,134,true,2,0,13,13,4011,8,1,SV210,0,0,0,0,[object Object],none,2,0,0,r2,1968214901,0.335,0,38.709516
OT01V4061097388,1776601545680.535,outbound-rtp,COT01_98_profile-id=0,video,video,4061097388,T01,1193535,1971,true,0,0,757,757,188204,2,4,SV210,0,0,0,1,[object Object],none,2,0,0,r0,1794114401,12.784,0,4.684708
OT01V3055899734,1776601545880.53,outbound-rtp,COT01_98_profile-id=0,video,video,3055899734,T01,1712006,1669,true,1,0,318,318,44535,5,2,SV210,0,0,0,0,[object Object],none,2,0,0,r1,2057954113,6.512,0,22.725621
OT01V353992379,1776601545880.53,outbound-rtp,COT01_98_profile-id=0,video,video,353992379,T01,189093,168,true,2,0,15,15,4963,8,1,SV210,0,0,0,0,[object Object],none,2,0,0,r2,1968214901,0.387,0,50.89132
OT01V4061097388,1776601545880.53,outbound-rtp,COT01_98_profile-id=0,video,video,4061097388,T01,1198178,1979,true,0,0,763,763,188396,2,4,SV210,0,0,0,1,[object Object],none,2,0,0,r0,1794114401,12.906,0,4.743806999999999
OT01V3055899734,1776601545880.53,outbound-rtp,COT01_98_profile-id=0,video,video,3055899734,T01,1712006,1669,true,1,0,318,318,44535,5,2,SV210,0,0,0,0,[object Object],none,2,0,0,r1,2057954113,6.512,0,22.725621
OT01V353992379,1776601545880.53,outbound-rtp,COT01_98_profile-id=0,video,video,353992379,T01,189093,168,true,2,0,15,15,4963,8,1,SV210,0,0,0,0,[object Object],none,2,0,0,r2,1968214901,0.387,0,50.89132
OT01V4061097388,1776601545880.53,outbound-rtp,COT01_98_profile-id=0,video,video,4061097388,T01,1198178,1979,true,0,0,763,763,188396,2,4,SV210,0,0,0,1,[object Object],none,2,0,0,r0,1794114401,12.906,0,4.743806999999999
OT01V3055899734,1776601546080.475,outbound-rtp,COT01_98_profile-id=0,video,video,3055899734,T01,1726143,1682,true,1,0,321,321,44847,5,2,SV210,0,0,0,0,[object Object],none,2,0,0,r1,2057954113,6.586,0,22.859337999999997
OT01V353992379,1776601546080.475,outbound-rtp,COT01_98_profile-id=0,video,video,353992379,T01,236314,210,true,2,0,17,17,6059,9,1,SV210,0,0,0,0,[object Object],none,2,0,0,r2,1968214901,0.445,0,59.506572
OT01V4061097388,1776601546080.475,outbound-rtp,COT01_98_profile-id=0,video,video,4061097388,T01,1203848,1986,true,0,0,769,769,188564,2,4,SV210,0,0,0,1,[object Object],none,2,0,0,r0,1794114401,13.025,0,4.812664
OT01V3055899734,1776601546080.475,outbound-rtp,COT01_98_profile-id=0,video,video,3055899734,T01,1726143,1682,true,1,0,321,321,44847,5,2,SV210,0,0,0,0,[object Object],none,2,0,0,r1,2057954113,6.586,0,22.859337999999997
OT01V353992379,1776601546080.475,outbound-rtp,COT01_98_profile-id=0,video,video,353992379,T01,236314,210,true,2,0,17,17,6059,9,1,SV210,0,0,0,0,[object Object],none,2,0,0,r2,1968214901,0.445,0,59.506572
OT01V4061097388,1776601546080.475,outbound-rtp,COT01_98_profile-id=0,video,video,4061097388,T01,1203848,1986,true,0,0,769,769,188564,2,4,SV210,0,0,0,1,[object Object],none,2,0,0,r0,1794114401,13.025,0,4.812664
OT01V3055899734,1776601546280.475,outbound-rtp,COT01_98_profile-id=0,video,video,3055899734,T01,1742211,1698,true,1,0,325,325,45231,5,2,SV210,0,0,0,0,[object Object],none,2,0,0,r1,2057954113,6.673,0,22.967679
OT01V353992379,1776601546280.475,outbound-rtp,COT01_98_profile-id=0,video,video,353992379,T01,266349,238,true,2,0,19,19,6731,9,1,SV210,0,0,0,0,[object Object],none,2,0,0,r2,1968214901,0.507,0,60.889705
OT01V4061097388,1776601546280.475,outbound-rtp,COT01_98_profile-id=0,video,video,4061097388,T01,1207661,1992,true,0,0,774,774,188708,2,4,SV210,0,0,0,1,[object Object],none,2,0,0,r0,1794114401,13.132,0,4.842947
OT01V3055899734,1776601546280.475,outbound-rtp,COT01_98_profile-id=0,video,video,3055899734,T01,1742211,1698,true,1,0,325,325,45231,5,2,SV210,0,0,0,0,[object Object],none,2,0,0,r1,2057954113,6.673,0,22.967679
OT01V353992379,1776601546280.475,outbound-rtp,COT01_98_profile-id=0,video,video,353992379,T01,266349,238,true,2,0,19,19,6731,9,1,SV210,0,0,0,0,[object Object],none,2,0,0,r2,1968214901,0.507,0,60.889705
OT01V4061097388,1776601546280.475,outbound-rtp,COT01_98_profile-id=0,video,video,4061097388,T01,1207661,1992,true,0,0,774,774,188708,2,4,SV210,0,0,0,1,[object Object],none,2,0,0,r0,1794114401,13.132,0,4.842947
OT01V3055899734,1776601546480.463,outbound-rtp,COT01_98_profile-id=0,video,video,3055899734,T01,1754409,1711,true,1,0,329,329,45543,5,2,SV210,0,0,0,0,[object Object],none,2,0,0,r1,2057954113,6.754,0,22.967685
OT01V353992379,1776601546480.463,outbound-rtp,COT01_98_profile-id=0,video,video,353992379,T01,297319,265,true,2,0,21,21,7379,10,1,SV210,0,0,0,0,[object Object],none,2,0,0,r2,1968214901,0.573,0,60.981415999999996
OT01V4061097388,1776601546480.463,outbound-rtp,COT01_98_profile-id=0,video,video,4061097388,T01,1212883,2000,true,0,0,780,780,188900,2,4,SV210,0,0,0,1,[object Object],none,2,0,0,r0,1794114401,13.26,0,4.844676
OT01V3055899734,1776601546480.463,outbound-rtp,COT01_98_profile-id=0,video,video,3055899734,T01,1754409,1711,true,1,0,329,329,45543,5,2,SV210,0,0,0,0,[object Object],none,2,0,0,r1,2057954113,6.754,0,22.967685
OT01V353992379,1776601546480.463,outbound-rtp,COT01_98_profile-id=0,video,video,353992379,T01,297319,265,true,2,0,21,21,7379,10,1,SV210,0,0,0,0,[object Object],none,2,0,0,r2,1968214901,0.573,0,60.981415999999996
OT01V4061097388,1776601546480.463,outbound-rtp,COT01_98_profile-id=0,video,video,4061097388,T01,1212883,2000,true,0,0,780,780,188900,2,4,SV210,0,0,0,1,[object Object],none,2,0,0,r0,1794114401,13.26,0,4.844676



id,timestamp,type,bytesReceived,bytesSent,dtlsCipher,dtlsRole,dtlsState,iceLocalUsernameFragment,iceRole,iceState,localCertificateId,packetsReceived,packetsSent,remoteCertificateId,selectedCandidatePairChanges,selectedCandidatePairId,srtpCipher,tlsVersion
T01,1776601518480.48,transport,768,756,TLS_ECDHE_ECDSA_WITH_CHACHA20_POLY1305_SHA256,client,connected,fu+L,controlling,connected,CFA8:5E:DD:AF:14:84:89:A5:C3:D2:44:93:A4:59:12:2F:8F:04:C7:ED:BE:9C:33:37:83:23:E7:18:83:C7:0E:25,2,2,CF8C:9B:2A:11:93:F3:6E:DF:59:CC:47:B0:85:BC:93:2B:B3:67:C2:7C:76:C9:0A:7F:0D:02:8F:02:27:A4:5C:56,1,CPutqHI+ya_zsschoGQ,AEAD_AES_256_GCM,FEFD
T01,1776601518480.48,transport,768,756,TLS_ECDHE_ECDSA_WITH_CHACHA20_POLY1305_SHA256,client,connected,fu+L,controlling,connected,CFA8:5E:DD:AF:14:84:89:A5:C3:D2:44:93:A4:59:12:2F:8F:04:C7:ED:BE:9C:33:37:83:23:E7:18:83:C7:0E:25,2,2,CF8C:9B:2A:11:93:F3:6E:DF:59:CC:47:B0:85:BC:93:2B:B3:67:C2:7C:76:C9:0A:7F:0D:02:8F:02:27:A4:5C:56,1,CPutqHI+ya_zsschoGQ,AEAD_AES_256_GCM,FEFD
T01,1776601518680.442,transport,856,10275,TLS_ECDHE_ECDSA_WITH_CHACHA20_POLY1305_SHA256,client,connected,fu+L,controlling,connected,CFA8:5E:DD:AF:14:84:89:A5:C3:D2:44:93:A4:59:12:2F:8F:04:C7:ED:BE:9C:33:37:83:23:E7:18:83:C7:0E:25,4,13,CF8C:9B:2A:11:93:F3:6E:DF:59:CC:47:B0:85:BC:93:2B:B3:67:C2:7C:76:C9:0A:7F:0D:02:8F:02:27:A4:5C:56,1,CPutqHI+ya_zsschoGQ,AEAD_AES_256_GCM,FEFD
T01,1776601518680.442,transport,856,10275,TLS_ECDHE_ECDSA_WITH_CHACHA20_POLY1305_SHA256,client,connected,fu+L,controlling,connected,CFA8:5E:DD:AF:14:84:89:A5:C3:D2:44:93:A4:59:12:2F:8F:04:C7:ED:BE:9C:33:37:83:23:E7:18:83:C7:0E:25,4,13,CF8C:9B:2A:11:93:F3:6E:DF:59:CC:47:B0:85:BC:93:2B:B3:67:C2:7C:76:C9:0A:7F:0D:02:8F:02:27:A4:5C:56,1,CPutqHI+ya_zsschoGQ,AEAD_AES_256_GCM,FEFD
T01,1776601518880.568,transport,904,15065,TLS_ECDHE_ECDSA_WITH_CHACHA20_POLY1305_SHA256,client,connected,fu+L,controlling,connected,CFA8:5E:DD:AF:14:84:89:A5:C3:D2:44:93:A4:59:12:2F:8F:04:C7:ED:BE:9C:33:37:83:23:E7:18:83:C7:0E:25,5,19,CF8C:9B:2A:11:93:F3:6E:DF:59:CC:47:B0:85:BC:93:2B:B3:67:C2:7C:76:C9:0A:7F:0D:02:8F:02:27:A4:5C:56,1,CPutqHI+ya_zsschoGQ,AEAD_AES_256_GCM,FEFD
T01,1776601518880.568,transport,904,15065,TLS_ECDHE_ECDSA_WITH_CHACHA20_POLY1305_SHA256,client,connected,fu+L,controlling,connected,CFA8:5E:DD:AF:14:84:89:A5:C3:D2:44:93:A4:59:12:2F:8F:04:C7:ED:BE:9C:33:37:83:23:E7:18:83:C7:0E:25,5,19,CF8C:9B:2A:11:93:F3:6E:DF:59:CC:47:B0:85:BC:93:2B:B3:67:C2:7C:76:C9:0A:7F:0D:02:8F:02:27:A4:5C:56,1,CPutqHI+ya_zsschoGQ,AEAD_AES_256_GCM,FEFD
T01,1776601519080.608,transport,1096,23898,TLS_ECDHE_ECDSA_WITH_CHACHA20_POLY1305_SHA256,client,connected,fu+L,controlling,connected,CFA8:5E:DD:AF:14:84:89:A5:C3:D2:44:93:A4:59:12:2F:8F:04:C7:ED:BE:9C:33:37:83:23:E7:18:83:C7:0E:25,8,30,CF8C:9B:2A:11:93:F3:6E:DF:59:CC:47:B0:85:BC:93:2B:B3:67:C2:7C:76:C9:0A:7F:0D:02:8F:02:27:A4:5C:56,1,CPutqHI+ya_zsschoGQ,AEAD_AES_256_GCM,FEFD
T01,1776601519080.608,transport,1096,23898,TLS_ECDHE_ECDSA_WITH_CHACHA20_POLY1305_SHA256,client,connected,fu+L,controlling,connected,CFA8:5E:DD:AF:14:84:89:A5:C3:D2:44:93:A4:59:12:2F:8F:04:C7:ED:BE:9C:33:37:83:23:E7:18:83:C7:0E:25,8,30,CF8C:9B:2A:11:93:F3:6E:DF:59:CC:47:B0:85:BC:93:2B:B3:67:C2:7C:76:C9:0A:7F:0D:02:8F:02:27:A4:5C:56,1,CPutqHI+ya_zsschoGQ,AEAD_AES_256_GCM,FEFD
T01,1776601519280.712,transport,1192,33268,TLS_ECDHE_ECDSA_WITH_CHACHA20_POLY1305_SHA256,client,connected,fu+L,controlling,connected,CFA8:5E:DD:AF:14:84:89:A5:C3:D2:44:93:A4:59:12:2F:8F:04:C7:ED:BE:9C:33:37:83:23:E7:18:83:C7:0E:25,10,42,CF8C:9B:2A:11:93:F3:6E:DF:59:CC:47:B0:85:BC:93:2B:B3:67:C2:7C:76:C9:0A:7F:0D:02:8F:02:27:A4:5C:56,1,CPutqHI+ya_zsschoGQ,AEAD_AES_256_GCM,FEFD
T01,1776601519280.712,transport,1192,33268,TLS_ECDHE_ECDSA_WITH_CHACHA20_POLY1305_SHA256,client,connected,fu+L,controlling,connected,CFA8:5E:DD:AF:14:84:89:A5:C3:D2:44:93:A4:59:12:2F:8F:04:C7:ED:BE:9C:33:37:83:23:E7:18:83:C7:0E:25,10,42,CF8C:9B:2A:11:93:F3:6E:DF:59:CC:47:B0:85:BC:93:2B:B3:67:C2:7C:76:C9:0A:7F:0D:02:8F:02:27:A4:5C:56,1,CPutqHI+ya_zsschoGQ,AEAD_AES_256_GCM,FEFD
T01,1776601519480.521,transport,1288,37435,TLS_ECDHE_ECDSA_WITH_CHACHA20_POLY1305_SHA256,client,connected,fu+L,controlling,connected,CFA8:5E:DD:AF:14:84:89:A5:C3:D2:44:93:A4:59:12:2F:8F:04:C7:ED:BE:9C:33:37:83:23:E7:18:83:C7:0E:25,12,48,CF8C:9B:2A:11:93:F3:6E:DF:59:CC:47:B0:85:BC:93:2B:B3:67:C2:7C:76:C9:0A:7F:0D:02:8F:02:27:A4:5C:56,1,CPutqHI+ya_zsschoGQ,AEAD_AES_256_GCM,FEFD
T01,1776601519480.521,transport,1288,37435,TLS_ECDHE_ECDSA_WITH_CHACHA20_POLY1305_SHA256,client,connected,fu+L,controlling,connected,CFA8:5E:DD:AF:14:84:89:A5:C3:D2:44:93:A4:59:12:2F:8F:04:C7:ED:BE:9C:33:37:83:23:E7:18:83:C7:0E:25,12,48,CF8C:9B:2A:11:93:F3:6E:DF:59:CC:47:B0:85:BC:93:2B:B3:67:C2:7C:76:C9:0A:7F:0D:02:8F:02:27:A4:5C:56,1,CPutqHI+ya_zsschoGQ,AEAD_AES_256_GCM,FEFD
T01,1776601519680.506,transport,1388,45667,TLS_ECDHE_ECDSA_WITH_CHACHA20_POLY1305_SHA256,client,connected,fu+L,controlling,connected,CFA8:5E:DD:AF:14:84:89:A5:C3:D2:44:93:A4:59:12:2F:8F:04:C7:ED:BE:9C:33:37:83:23:E7:18:83:C7:0E:25,14,64,CF8C:9B:2A:11:93:F3:6E:DF:59:CC:47:B0:85:BC:93:2B:B3:67:C2:7C:76:C9:0A:7F:0D:02:8F:02:27:A4:5C:56,1,CPutqHI+ya_zsschoGQ,AEAD_AES_256_GCM,FEFD
T01,1776601519680.506,transport,1388,45667,TLS_ECDHE_ECDSA_WITH_CHACHA20_POLY1305_SHA256,client,connected,fu+L,controlling,connected,CFA8:5E:DD:AF:14:84:89:A5:C3:D2:44:93:A4:59:12:2F:8F:04:C7:ED:BE:9C:33:37:83:23:E7:18:83:C7:0E:25,14,64,CF8C:9B:2A:11:93:F3:6E:DF:59:CC:47:B0:85:BC:93:2B:B3:67:C2:7C:76:C9:0A:7F:0D:02:8F:02:27:A4:5C:56,1,CPutqHI+ya_zsschoGQ,AEAD_AES_256_GCM,FEFD
T01,1776601519880.576,transport,1492,52307,TLS_ECDHE_ECDSA_WITH_CHACHA20_POLY1305_SHA256,client,connected,fu+L,controlling,connected,CFA8:5E:DD:AF:14:84:89:A5:C3:D2:44:93:A4:59:12:2F:8F:04:C7:ED:BE:9C:33:37:83:23:E7:18:83:C7:0E:25,16,78,CF8C:9B:2A:11:93:F3:6E:DF:59:CC:47:B0:85:BC:93:2B:B3:67:C2:7C:76:C9:0A:7F:0D:02:8F:02:27:A4:5C:56,1,CPutqHI+ya_zsschoGQ,AEAD_AES_256_GCM,FEFD
T01,1776601519880.576,transport,1492,52307,TLS_ECDHE_ECDSA_WITH_CHACHA20_POLY1305_SHA256,client,connected,fu+L,controlling,connected,CFA8:5E:DD:AF:14:84:89:A5:C3:D2:44:93:A4:59:12:2F:8F:04:C7:ED:BE:9C:33:37:83:23:E7:18:83:C7:0E:25,16,78,CF8C:9B:2A:11:93:F3:6E:DF:59:CC:47:B0:85:BC:93:2B:B3:67:C2:7C:76:C9:0A:7F:0D:02:8F:02:27:A4:5C:56,1,CPutqHI+ya_zsschoGQ,AEAD_AES_256_GCM,FEFD
T01,1776601520080.654,transport,1596,61189,TLS_ECDHE_ECDSA_WITH_CHACHA20_POLY1305_SHA256,client,connected,fu+L,controlling,connected,CFA8:5E:DD:AF:14:84:89:A5:C3:D2:44:93:A4:59:12:2F:8F:04:C7:ED:BE:9C:33:37:83:23:E7:18:83:C7:0E:25,18,98,CF8C:9B:2A:11:93:F3:6E:DF:59:CC:47:B0:85:BC:93:2B:B3:67:C2:7C:76:C9:0A:7F:0D:02:8F:02:27:A4:5C:56,1,CPutqHI+ya_zsschoGQ,AEAD_AES_256_GCM,FEFD
T01,1776601520080.654,transport,1596,61189,TLS_ECDHE_ECDSA_WITH_CHACHA20_POLY1305_SHA256,client,connected,fu+L,controlling,connected,CFA8:5E:DD:AF:14:84:89:A5:C3:D2:44:93:A4:59:12:2F:8F:04:C7:ED:BE:9C:33:37:83:23:E7:18:83:C7:0E:25,18,98,CF8C:9B:2A:11:93:F3:6E:DF:59:CC:47:B0:85:BC:93:2B:B3:67:C2:7C:76:C9:0A:7F:0D:02:8F:02:27:A4:5C:56,1,CPutqHI+ya_zsschoGQ,AEAD_AES_256_GCM,FEFD
T01,1776601520280.73,transport,1704,68617,TLS_ECDHE_ECDSA_WITH_CHACHA20_POLY1305_SHA256,client,connected,fu+L,controlling,connected,CFA8:5E:DD:AF:14:84:89:A5:C3:D2:44:93:A4:59:12:2F:8F:04:C7:ED:BE:9C:33:37:83:23:E7:18:83:C7:0E:25,20,114,CF8C:9B:2A:11:93:F3:6E:DF:59:CC:47:B0:85:BC:93:2B:B3:67:C2:7C:76:C9:0A:7F:0D:02:8F:02:27:A4:5C:56,1,CPutqHI+ya_zsschoGQ,AEAD_AES_256_GCM,FEFD
T01,1776601520280.73,transport,1704,68617,TLS_ECDHE_ECDSA_WITH_CHACHA20_POLY1305_SHA256,client,connected,fu+L,controlling,connected,CFA8:5E:DD:AF:14:84:89:A5:C3:D2:44:93:A4:59:12:2F:8F:04:C7:ED:BE:9C:33:37:83:23:E7:18:83:C7:0E:25,20,114,CF8C:9B:2A:11:93:F3:6E:DF:59:CC:47:B0:85:BC:93:2B:B3:67:C2:7C:76:C9:0A:7F:0D:02:8F:02:27:A4:5C:56,1,CPutqHI+ya_zsschoGQ,AEAD_AES_256_GCM,FEFD
T01,1776601520480.537,transport,1904,77557,TLS_ECDHE_ECDSA_WITH_CHACHA20_POLY1305_SHA256,client,connected,fu+L,controlling,connected,CFA8:5E:DD:AF:14:84:89:A5:C3:D2:44:93:A4:59:12:2F:8F:04:C7:ED:BE:9C:33:37:83:23:E7:18:83:C7:0E:25,23,135,CF8C:9B:2A:11:93:F3:6E:DF:59:CC:47:B0:85:BC:93:2B:B3:67:C2:7C:76:C9:0A:7F:0D:02:8F:02:27:A4:5C:56,1,CPutqHI+ya_zsschoGQ,AEAD_AES_256_GCM,FEFD
T01,1776601520480.537,transport,1904,77557,TLS_ECDHE_ECDSA_WITH_CHACHA20_POLY1305_SHA256,client,connected,fu+L,controlling,connected,CFA8:5E:DD:AF:14:84:89:A5:C3:D2:44:93:A4:59:12:2F:8F:04:C7:ED:BE:9C:33:37:83:23:E7:18:83:C7:0E:25,23,135,CF8C:9B:2A:11:93:F3:6E:DF:59:CC:47:B0:85:BC:93:2B:B3:67:C2:7C:76:C9:0A:7F:0D:02:8F:02:27:A4:5C:56,1,CPutqHI+ya_zsschoGQ,AEAD_AES_256_GCM,FEFD
T01,1776601520680.569,transport,2008,85787,TLS_ECDHE_ECDSA_WITH_CHACHA20_POLY1305_SHA256,client,connected,fu+L,controlling,connected,CFA8:5E:DD:AF:14:84:89:A5:C3:D2:44:93:A4:59:12:2F:8F:04:C7:ED:BE:9C:33:37:83:23:E7:18:83:C7:0E:25,25,152,CF8C:9B:2A:11:93:F3:6E:DF:59:CC:47:B0:85:BC:93:2B:B3:67:C2:7C:76:C9:0A:7F:0D:02:8F:02:27:A4:5C:56,1,CPutqHI+ya_zsschoGQ,AEAD_AES_256_GCM,FEFD
T01,1776601520680.569,transport,2008,85787,TLS_ECDHE_ECDSA_WITH_CHACHA20_POLY1305_SHA256,client,connected,fu+L,controlling,connected,CFA8:5E:DD:AF:14:84:89:A5:C3:D2:44:93:A4:59:12:2F:8F:04:C7:ED:BE:9C:33:37:83:23:E7:18:83:C7:0E:25,25,152,CF8C:9B:2A:11:93:F3:6E:DF:59:CC:47:B0:85:BC:93:2B:B3:67:C2:7C:76:C9:0A:7F:0D:02:8F:02:27:A4:5C:56,1,CPutqHI+ya_zsschoGQ,AEAD_AES_256_GCM,FEFD
T01,1776601520880.506,transport,2112,93234,TLS_ECDHE_ECDSA_WITH_CHACHA20_POLY1305_SHA256,client,connected,fu+L,controlling,connected,CFA8:5E:DD:AF:14:84:89:A5:C3:D2:44:93:A4:59:12:2F:8F:04:C7:ED:BE:9C:33:37:83:23:E7:18:83:C7:0E:25,27,166,CF8C:9B:2A:11:93:F3:6E:DF:59:CC:47:B0:85:BC:93:2B:B3:67:C2:7C:76:C9:0A:7F:0D:02:8F:02:27:A4:5C:56,1,CPutqHI+ya_zsschoGQ,AEAD_AES_256_GCM,FEFD
T01,1776601520880.506,transport,2112,93234,TLS_ECDHE_ECDSA_WITH_CHACHA20_POLY1305_SHA256,client,connected,fu+L,controlling,connected,CFA8:5E:DD:AF:14:84:89:A5:C3:D2:44:93:A4:59:12:2F:8F:04:C7:ED:BE:9C:33:37:83:23:E7:18:83:C7:0E:25,27,166,CF8C:9B:2A:11:93:F3:6E:DF:59:CC:47:B0:85:BC:93:2B:B3:67:C2:7C:76:C9:0A:7F:0D:02:8F:02:27:A4:5C:56,1,CPutqHI+ya_zsschoGQ,AEAD_AES_256_GCM,FEFD
T01,1776601521080.552,transport,2216,101993,TLS_ECDHE_ECDSA_WITH_CHACHA20_POLY1305_SHA256,client,connected,fu+L,controlling,connected,CFA8:5E:DD:AF:14:84:89:A5:C3:D2:44:93:A4:59:12:2F:8F:04:C7:ED:BE:9C:33:37:83:23:E7:18:83:C7:0E:25,29,183,CF8C:9B:2A:11:93:F3:6E:DF:59:CC:47:B0:85:BC:93:2B:B3:67:C2:7C:76:C9:0A:7F:0D:02:8F:02:27:A4:5C:56,1,CPutqHI+ya_zsschoGQ,AEAD_AES_256_GCM,FEFD
T01,1776601521080.552,transport,2216,101993,TLS_ECDHE_ECDSA_WITH_CHACHA20_POLY1305_SHA256,client,connected,fu+L,controlling,connected,CFA8:5E:DD:AF:14:84:89:A5:C3:D2:44:93:A4:59:12:2F:8F:04:C7:ED:BE:9C:33:37:83:23:E7:18:83:C7:0E:25,29,183,CF8C:9B:2A:11:93:F3:6E:DF:59:CC:47:B0:85:BC:93:2B:B3:67:C2:7C:76:C9:0A:7F:0D:02:8F:02:27:A4:5C:56,1,CPutqHI+ya_zsschoGQ,AEAD_AES_256_GCM,FEFD
T01,1776601521280.639,transport,2320,112099,TLS_ECDHE_ECDSA_WITH_CHACHA20_POLY1305_SHA256,client,connected,fu+L,controlling,connected,CFA8:5E:DD:AF:14:84:89:A5:C3:D2:44:93:A4:59:12:2F:8F:04:C7:ED:BE:9C:33:37:83:23:E7:18:83:C7:0E:25,31,205,CF8C:9B:2A:11:93:F3:6E:DF:59:CC:47:B0:85:BC:93:2B:B3:67:C2:7C:76:C9:0A:7F:0D:02:8F:02:27:A4:5C:56,1,CPutqHI+ya_zsschoGQ,AEAD_AES_256_GCM,FEFD
T01,1776601521280.639,transport,2320,112099,TLS_ECDHE_ECDSA_WITH_CHACHA20_POLY1305_SHA256,client,connected,fu+L,controlling,connected,CFA8:5E:DD:AF:14:84:89:A5:C3:D2:44:93:A4:59:12:2F:8F:04:C7:ED:BE:9C:33:37:83:23:E7:18:83:C7:0E:25,31,205,CF8C:9B:2A:11:93:F3:6E:DF:59:CC:47:B0:85:BC:93:2B:B3:67:C2:7C:76:C9:0A:7F:0D:02:8F:02:27:A4:5C:56,1,CPutqHI+ya_zsschoGQ,AEAD_AES_256_GCM,FEFD
T01,1776601521480.576,transport,2524,119867,TLS_ECDHE_ECDSA_WITH_CHACHA20_POLY1305_SHA256,client,connected,fu+L,controlling,connected,CFA8:5E:DD:AF:14:84:89:A5:C3:D2:44:93:A4:59:12:2F:8F:04:C7:ED:BE:9C:33:37:83:23:E7:18:83:C7:0E:25,34,221,CF8C:9B:2A:11:93:F3:6E:DF:59:CC:47:B0:85:BC:93:2B:B3:67:C2:7C:76:C9:0A:7F:0D:02:8F:02:27:A4:5C:56,1,CPutqHI+ya_zsschoGQ,AEAD_AES_256_GCM,FEFD
T01,1776601521480.576,transport,2524,119867,TLS_ECDHE_ECDSA_WITH_CHACHA20_POLY1305_SHA256,client,connected,fu+L,controlling,connected,CFA8:5E:DD:AF:14:84:89:A5:C3:D2:44:93:A4:59:12:2F:8F:04:C7:ED:BE:9C:33:37:83:23:E7:18:83:C7:0E:25,34,221,CF8C:9B:2A:11:93:F3:6E:DF:59:CC:47:B0:85:BC:93:2B:B3:67:C2:7C:76:C9:0A:7F:0D:02:8F:02:27:A4:5C:56,1,CPutqHI+ya_zsschoGQ,AEAD_AES_256_GCM,FEFD
T01,1776601521680.428,transport,2620,129479,TLS_ECDHE_ECDSA_WITH_CHACHA20_POLY1305_SHA256,client,connected,fu+L,controlling,connected,CFA8:5E:DD:AF:14:84:89:A5:C3:D2:44:93:A4:59:12:2F:8F:04:C7:ED:BE:9C:33:37:83:23:E7:18:83:C7:0E:25,36,236,CF8C:9B:2A:11:93:F3:6E:DF:59:CC:47:B0:85:BC:93:2B:B3:67:C2:7C:76:C9:0A:7F:0D:02:8F:02:27:A4:5C:56,1,CPutqHI+ya_zsschoGQ,AEAD_AES_256_GCM,FEFD
T01,1776601521680.428,transport,2620,129479,TLS_ECDHE_ECDSA_WITH_CHACHA20_POLY1305_SHA256,client,connected,fu+L,controlling,connected,CFA8:5E:DD:AF:14:84:89:A5:C3:D2:44:93:A4:59:12:2F:8F:04:C7:ED:BE:9C:33:37:83:23:E7:18:83:C7:0E:25,36,236,CF8C:9B:2A:11:93:F3:6E:DF:59:CC:47:B0:85:BC:93:2B:B3:67:C2:7C:76:C9:0A:7F:0D:02:8F:02:27:A4:5C:56,1,CPutqHI+ya_zsschoGQ,AEAD_AES_256_GCM,FEFD
T01,1776601521880.534,transport,2728,138309,TLS_ECDHE_ECDSA_WITH_CHACHA20_POLY1305_SHA256,client,connected,fu+L,controlling,connected,CFA8:5E:DD:AF:14:84:89:A5:C3:D2:44:93:A4:59:12:2F:8F:04:C7:ED:BE:9C:33:37:83:23:E7:18:83:C7:0E:25,38,253,CF8C:9B:2A:11:93:F3:6E:DF:59:CC:47:B0:85:BC:93:2B:B3:67:C2:7C:76:C9:0A:7F:0D:02:8F:02:27:A4:5C:56,1,CPutqHI+ya_zsschoGQ,AEAD_AES_256_GCM,FEFD
T01,1776601521880.534,transport,2728,138309,TLS_ECDHE_ECDSA_WITH_CHACHA20_POLY1305_SHA256,client,connected,fu+L,controlling,connected,CFA8:5E:DD:AF:14:84:89:A5:C3:D2:44:93:A4:59:12:2F:8F:04:C7:ED:BE:9C:33:37:83:23:E7:18:83:C7:0E:25,38,253,CF8C:9B:2A:11:93:F3:6E:DF:59:CC:47:B0:85:BC:93:2B:B3:67:C2:7C:76:C9:0A:7F:0D:02:8F:02:27:A4:5C:56,1,CPutqHI+ya_zsschoGQ,AEAD_AES_256_GCM,FEFD
T01,1776601522080.488,transport,2832,147088,TLS_ECDHE_ECDSA_WITH_CHACHA20_POLY1305_SHA256,client,connected,fu+L,controlling,connected,CFA8:5E:DD:AF:14:84:89:A5:C3:D2:44:93:A4:59:12:2F:8F:04:C7:ED:BE:9C:33:37:83:23:E7:18:83:C7:0E:25,40,273,CF8C:9B:2A:11:93:F3:6E:DF:59:CC:47:B0:85:BC:93:2B:B3:67:C2:7C:76:C9:0A:7F:0D:02:8F:02:27:A4:5C:56,1,CPutqHI+ya_zsschoGQ,AEAD_AES_256_GCM,FEFD
T01,1776601522080.488,transport,2832,147088,TLS_ECDHE_ECDSA_WITH_CHACHA20_POLY1305_SHA256,client,connected,fu+L,controlling,connected,CFA8:5E:DD:AF:14:84:89:A5:C3:D2:44:93:A4:59:12:2F:8F:04:C7:ED:BE:9C:33:37:83:23:E7:18:83:C7:0E:25,40,273,CF8C:9B:2A:11:93:F3:6E:DF:59:CC:47:B0:85:BC:93:2B:B3:67:C2:7C:76:C9:0A:7F:0D:02:8F:02:27:A4:5C:56,1,CPutqHI+ya_zsschoGQ,AEAD_AES_256_GCM,FEFD
T01,1776601522280.523,transport,2932,157823,TLS_ECDHE_ECDSA_WITH_CHACHA20_POLY1305_SHA256,client,connected,fu+L,controlling,connected,CFA8:5E:DD:AF:14:84:89:A5:C3:D2:44:93:A4:59:12:2F:8F:04:C7:ED:BE:9C:33:37:83:23:E7:18:83:C7:0E:25,42,286,CF8C:9B:2A:11:93:F3:6E:DF:59:CC:47:B0:85:BC:93:2B:B3:67:C2:7C:76:C9:0A:7F:0D:02:8F:02:27:A4:5C:56,1,CPutqHI+ya_zsschoGQ,AEAD_AES_256_GCM,FEFD
T01,1776601522280.523,transport,2932,157823,TLS_ECDHE_ECDSA_WITH_CHACHA20_POLY1305_SHA256,client,connected,fu+L,controlling,connected,CFA8:5E:DD:AF:14:84:89:A5:C3:D2:44:93:A4:59:12:2F:8F:04:C7:ED:BE:9C:33:37:83:23:E7:18:83:C7:0E:25,42,286,CF8C:9B:2A:11:93:F3:6E:DF:59:CC:47:B0:85:BC:93:2B:B3:67:C2:7C:76:C9:0A:7F:0D:02:8F:02:27:A4:5C:56,1,CPutqHI+ya_zsschoGQ,AEAD_AES_256_GCM,FEFD
T01,1776601522480.464,transport,3040,167440,TLS_ECDHE_ECDSA_WITH_CHACHA20_POLY1305_SHA256,client,connected,fu+L,controlling,connected,CFA8:5E:DD:AF:14:84:89:A5:C3:D2:44:93:A4:59:12:2F:8F:04:C7:ED:BE:9C:33:37:83:23:E7:18:83:C7:0E:25,44,305,CF8C:9B:2A:11:93:F3:6E:DF:59:CC:47:B0:85:BC:93:2B:B3:67:C2:7C:76:C9:0A:7F:0D:02:8F:02:27:A4:5C:56,1,CPutqHI+ya_zsschoGQ,AEAD_AES_256_GCM,FEFD
T01,1776601522480.464,transport,3040,167440,TLS_ECDHE_ECDSA_WITH_CHACHA20_POLY1305_SHA256,client,connected,fu+L,controlling,connected,CFA8:5E:DD:AF:14:84:89:A5:C3:D2:44:93:A4:59:12:2F:8F:04:C7:ED:BE:9C:33:37:83:23:E7:18:83:C7:0E:25,44,305,CF8C:9B:2A:11:93:F3:6E:DF:59:CC:47:B0:85:BC:93:2B:B3:67:C2:7C:76:C9:0A:7F:0D:02:8F:02:27:A4:5C:56,1,CPutqHI+ya_zsschoGQ,AEAD_AES_256_GCM,FEFD
T01,1776601522680.494,transport,3144,177127,TLS_ECDHE_ECDSA_WITH_CHACHA20_POLY1305_SHA256,client,connected,fu+L,controlling,connected,CFA8:5E:DD:AF:14:84:89:A5:C3:D2:44:93:A4:59:12:2F:8F:04:C7:ED:BE:9C:33:37:83:23:E7:18:83:C7:0E:25,46,325,CF8C:9B:2A:11:93:F3:6E:DF:59:CC:47:B0:85:BC:93:2B:B3:67:C2:7C:76:C9:0A:7F:0D:02:8F:02:27:A4:5C:56,1,CPutqHI+ya_zsschoGQ,AEAD_AES_256_GCM,FEFD
T01,1776601522680.494,transport,3144,177127,TLS_ECDHE_ECDSA_WITH_CHACHA20_POLY1305_SHA256,client,connected,fu+L,controlling,connected,CFA8:5E:DD:AF:14:84:89:A5:C3:D2:44:93:A4:59:12:2F:8F:04:C7:ED:BE:9C:33:37:83:23:E7:18:83:C7:0E:25,46,325,CF8C:9B:2A:11:93:F3:6E:DF:59:CC:47:B0:85:BC:93:2B:B3:67:C2:7C:76:C9:0A:7F:0D:02:8F:02:27:A4:5C:56,1,CPutqHI+ya_zsschoGQ,AEAD_AES_256_GCM,FEFD
T01,1776601522880.509,transport,3344,186801,TLS_ECDHE_ECDSA_WITH_CHACHA20_POLY1305_SHA256,client,connected,fu+L,controlling,connected,CFA8:5E:DD:AF:14:84:89:A5:C3:D2:44:93:A4:59:12:2F:8F:04:C7:ED:BE:9C:33:37:83:23:E7:18:83:C7:0E:25,49,348,CF8C:9B:2A:11:93:F3:6E:DF:59:CC:47:B0:85:BC:93:2B:B3:67:C2:7C:76:C9:0A:7F:0D:02:8F:02:27:A4:5C:56,1,CPutqHI+ya_zsschoGQ,AEAD_AES_256_GCM,FEFD
T01,1776601522880.509,transport,3344,186801,TLS_ECDHE_ECDSA_WITH_CHACHA20_POLY1305_SHA256,client,connected,fu+L,controlling,connected,CFA8:5E:DD:AF:14:84:89:A5:C3:D2:44:93:A4:59:12:2F:8F:04:C7:ED:BE:9C:33:37:83:23:E7:18:83:C7:0E:25,49,348,CF8C:9B:2A:11:93:F3:6E:DF:59:CC:47:B0:85:BC:93:2B:B3:67:C2:7C:76:C9:0A:7F:0D:02:8F:02:27:A4:5C:56,1,CPutqHI+ya_zsschoGQ,AEAD_AES_256_GCM,FEFD
T01,1776601523080.682,transport,3452,197137,TLS_ECDHE_ECDSA_WITH_CHACHA20_POLY1305_SHA256,client,connected,fu+L,controlling,connected,CFA8:5E:DD:AF:14:84:89:A5:C3:D2:44:93:A4:59:12:2F:8F:04:C7:ED:BE:9C:33:37:83:23:E7:18:83:C7:0E:25,51,362,CF8C:9B:2A:11:93:F3:6E:DF:59:CC:47:B0:85:BC:93:2B:B3:67:C2:7C:76:C9:0A:7F:0D:02:8F:02:27:A4:5C:56,1,CPutqHI+ya_zsschoGQ,AEAD_AES_256_GCM,FEFD
T01,1776601523080.682,transport,3452,197137,TLS_ECDHE_ECDSA_WITH_CHACHA20_POLY1305_SHA256,client,connected,fu+L,controlling,connected,CFA8:5E:DD:AF:14:84:89:A5:C3:D2:44:93:A4:59:12:2F:8F:04:C7:ED:BE:9C:33:37:83:23:E7:18:83:C7:0E:25,51,362,CF8C:9B:2A:11:93:F3:6E:DF:59:CC:47:B0:85:BC:93:2B:B3:67:C2:7C:76:C9:0A:7F:0D:02:8F:02:27:A4:5C:56,1,CPutqHI+ya_zsschoGQ,AEAD_AES_256_GCM,FEFD
T01,1776601523280.509,transport,3552,207987,TLS_ECDHE_ECDSA_WITH_CHACHA20_POLY1305_SHA256,client,connected,fu+L,controlling,connected,CFA8:5E:DD:AF:14:84:89:A5:C3:D2:44:93:A4:59:12:2F:8F:04:C7:ED:BE:9C:33:37:83:23:E7:18:83:C7:0E:25,53,377,CF8C:9B:2A:11:93:F3:6E:DF:59:CC:47:B0:85:BC:93:2B:B3:67:C2:7C:76:C9:0A:7F:0D:02:8F:02:27:A4:5C:56,1,CPutqHI+ya_zsschoGQ,AEAD_AES_256_GCM,FEFD
T01,1776601523280.509,transport,3552,207987,TLS_ECDHE_ECDSA_WITH_CHACHA20_POLY1305_SHA256,client,connected,fu+L,controlling,connected,CFA8:5E:DD:AF:14:84:89:A5:C3:D2:44:93:A4:59:12:2F:8F:04:C7:ED:BE:9C:33:37:83:23:E7:18:83:C7:0E:25,53,377,CF8C:9B:2A:11:93:F3:6E:DF:59:CC:47:B0:85:BC:93:2B:B3:67:C2:7C:76:C9:0A:7F:0D:02:8F:02:27:A4:5C:56,1,CPutqHI+ya_zsschoGQ,AEAD_AES_256_GCM,FEFD
T01,1776601523480.48,transport,3656,217254,TLS_ECDHE_ECDSA_WITH_CHACHA20_POLY1305_SHA256,client,connected,fu+L,controlling,connected,CFA8:5E:DD:AF:14:84:89:A5:C3:D2:44:93:A4:59:12:2F:8F:04:C7:ED:BE:9C:33:37:83:23:E7:18:83:C7:0E:25,55,399,CF8C:9B:2A:11:93:F3:6E:DF:59:CC:47:B0:85:BC:93:2B:B3:67:C2:7C:76:C9:0A:7F:0D:02:8F:02:27:A4:5C:56,1,CPutqHI+ya_zsschoGQ,AEAD_AES_256_GCM,FEFD
T01,1776601523480.48,transport,3656,217254,TLS_ECDHE_ECDSA_WITH_CHACHA20_POLY1305_SHA256,client,connected,fu+L,controlling,connected,CFA8:5E:DD:AF:14:84:89:A5:C3:D2:44:93:A4:59:12:2F:8F:04:C7:ED:BE:9C:33:37:83:23:E7:18:83:C7:0E:25,55,399,CF8C:9B:2A:11:93:F3:6E:DF:59:CC:47:B0:85:BC:93:2B:B3:67:C2:7C:76:C9:0A:7F:0D:02:8F:02:27:A4:5C:56,1,CPutqHI+ya_zsschoGQ,AEAD_AES_256_GCM,FEFD
T01,1776601523680.413,transport,3760,229193,TLS_ECDHE_ECDSA_WITH_CHACHA20_POLY1305_SHA256,client,connected,fu+L,controlling,connected,CFA8:5E:DD:AF:14:84:89:A5:C3:D2:44:93:A4:59:12:2F:8F:04:C7:ED:BE:9C:33:37:83:23:E7:18:83:C7:0E:25,57,420,CF8C:9B:2A:11:93:F3:6E:DF:59:CC:47:B0:85:BC:93:2B:B3:67:C2:7C:76:C9:0A:7F:0D:02:8F:02:27:A4:5C:56,1,CPutqHI+ya_zsschoGQ,AEAD_AES_256_GCM,FEFD
T01,1776601523680.413,transport,3760,229193,TLS_ECDHE_ECDSA_WITH_CHACHA20_POLY1305_SHA256,client,connected,fu+L,controlling,connected,CFA8:5E:DD:AF:14:84:89:A5:C3:D2:44:93:A4:59:12:2F:8F:04:C7:ED:BE:9C:33:37:83:23:E7:18:83:C7:0E:25,57,420,CF8C:9B:2A:11:93:F3:6E:DF:59:CC:47:B0:85:BC:93:2B:B3:67:C2:7C:76:C9:0A:7F:0D:02:8F:02:27:A4:5C:56,1,CPutqHI+ya_zsschoGQ,AEAD_AES_256_GCM,FEFD
T01,1776601523880.483,transport,3968,238482,TLS_ECDHE_ECDSA_WITH_CHACHA20_POLY1305_SHA256,client,connected,fu+L,controlling,connected,CFA8:5E:DD:AF:14:84:89:A5:C3:D2:44:93:A4:59:12:2F:8F:04:C7:ED:BE:9C:33:37:83:23:E7:18:83:C7:0E:25,60,439,CF8C:9B:2A:11:93:F3:6E:DF:59:CC:47:B0:85:BC:93:2B:B3:67:C2:7C:76:C9:0A:7F:0D:02:8F:02:27:A4:5C:56,1,CPutqHI+ya_zsschoGQ,AEAD_AES_256_GCM,FEFD
T01,1776601523880.483,transport,3968,238482,TLS_ECDHE_ECDSA_WITH_CHACHA20_POLY1305_SHA256,client,connected,fu+L,controlling,connected,CFA8:5E:DD:AF:14:84:89:A5:C3:D2:44:93:A4:59:12:2F:8F:04:C7:ED:BE:9C:33:37:83:23:E7:18:83:C7:0E:25,60,439,CF8C:9B:2A:11:93:F3:6E:DF:59:CC:47:B0:85:BC:93:2B:B3:67:C2:7C:76:C9:0A:7F:0D:02:8F:02:27:A4:5C:56,1,CPutqHI+ya_zsschoGQ,AEAD_AES_256_GCM,FEFD
T01,1776601524080.659,transport,4076,249438,TLS_ECDHE_ECDSA_WITH_CHACHA20_POLY1305_SHA256,client,connected,fu+L,controlling,connected,CFA8:5E:DD:AF:14:84:89:A5:C3:D2:44:93:A4:59:12:2F:8F:04:C7:ED:BE:9C:33:37:83:23:E7:18:83:C7:0E:25,62,466,CF8C:9B:2A:11:93:F3:6E:DF:59:CC:47:B0:85:BC:93:2B:B3:67:C2:7C:76:C9:0A:7F:0D:02:8F:02:27:A4:5C:56,1,CPutqHI+ya_zsschoGQ,AEAD_AES_256_GCM,FEFD
T01,1776601524080.659,transport,4076,249438,TLS_ECDHE_ECDSA_WITH_CHACHA20_POLY1305_SHA256,client,connected,fu+L,controlling,connected,CFA8:5E:DD:AF:14:84:89:A5:C3:D2:44:93:A4:59:12:2F:8F:04:C7:ED:BE:9C:33:37:83:23:E7:18:83:C7:0E:25,62,466,CF8C:9B:2A:11:93:F3:6E:DF:59:CC:47:B0:85:BC:93:2B:B3:67:C2:7C:76:C9:0A:7F:0D:02:8F:02:27:A4:5C:56,1,CPutqHI+ya_zsschoGQ,AEAD_AES_256_GCM,FEFD
T01,1776601524280.493,transport,4184,261064,TLS_ECDHE_ECDSA_WITH_CHACHA20_POLY1305_SHA256,client,connected,fu+L,controlling,connected,CFA8:5E:DD:AF:14:84:89:A5:C3:D2:44:93:A4:59:12:2F:8F:04:C7:ED:BE:9C:33:37:83:23:E7:18:83:C7:0E:25,64,485,CF8C:9B:2A:11:93:F3:6E:DF:59:CC:47:B0:85:BC:93:2B:B3:67:C2:7C:76:C9:0A:7F:0D:02:8F:02:27:A4:5C:56,1,CPutqHI+ya_zsschoGQ,AEAD_AES_256_GCM,FEFD
T01,1776601524280.493,transport,4184,261064,TLS_ECDHE_ECDSA_WITH_CHACHA20_POLY1305_SHA256,client,connected,fu+L,controlling,connected,CFA8:5E:DD:AF:14:84:89:A5:C3:D2:44:93:A4:59:12:2F:8F:04:C7:ED:BE:9C:33:37:83:23:E7:18:83:C7:0E:25,64,485,CF8C:9B:2A:11:93:F3:6E:DF:59:CC:47:B0:85:BC:93:2B:B3:67:C2:7C:76:C9:0A:7F:0D:02:8F:02:27:A4:5C:56,1,CPutqHI+ya_zsschoGQ,AEAD_AES_256_GCM,FEFD
T01,1776601524480.428,transport,4292,272096,TLS_ECDHE_ECDSA_WITH_CHACHA20_POLY1305_SHA256,client,connected,fu+L,controlling,connected,CFA8:5E:DD:AF:14:84:89:A5:C3:D2:44:93:A4:59:12:2F:8F:04:C7:ED:BE:9C:33:37:83:23:E7:18:83:C7:0E:25,66,506,CF8C:9B:2A:11:93:F3:6E:DF:59:CC:47:B0:85:BC:93:2B:B3:67:C2:7C:76:C9:0A:7F:0D:02:8F:02:27:A4:5C:56,1,CPutqHI+ya_zsschoGQ,AEAD_AES_256_GCM,FEFD
T01,1776601524480.428,transport,4292,272096,TLS_ECDHE_ECDSA_WITH_CHACHA20_POLY1305_SHA256,client,connected,fu+L,controlling,connected,CFA8:5E:DD:AF:14:84:89:A5:C3:D2:44:93:A4:59:12:2F:8F:04:C7:ED:BE:9C:33:37:83:23:E7:18:83:C7:0E:25,66,506,CF8C:9B:2A:11:93:F3:6E:DF:59:CC:47:B0:85:BC:93:2B:B3:67:C2:7C:76:C9:0A:7F:0D:02:8F:02:27:A4:5C:56,1,CPutqHI+ya_zsschoGQ,AEAD_AES_256_GCM,FEFD
T01,1776601524680.42,transport,4404,283081,TLS_ECDHE_ECDSA_WITH_CHACHA20_POLY1305_SHA256,client,connected,fu+L,controlling,connected,CFA8:5E:DD:AF:14:84:89:A5:C3:D2:44:93:A4:59:12:2F:8F:04:C7:ED:BE:9C:33:37:83:23:E7:18:83:C7:0E:25,68,533,CF8C:9B:2A:11:93:F3:6E:DF:59:CC:47:B0:85:BC:93:2B:B3:67:C2:7C:76:C9:0A:7F:0D:02:8F:02:27:A4:5C:56,1,CPutqHI+ya_zsschoGQ,AEAD_AES_256_GCM,FEFD
T01,1776601524680.42,transport,4404,283081,TLS_ECDHE_ECDSA_WITH_CHACHA20_POLY1305_SHA256,client,connected,fu+L,controlling,connected,CFA8:5E:DD:AF:14:84:89:A5:C3:D2:44:93:A4:59:12:2F:8F:04:C7:ED:BE:9C:33:37:83:23:E7:18:83:C7:0E:25,68,533,CF8C:9B:2A:11:93:F3:6E:DF:59:CC:47:B0:85:BC:93:2B:B3:67:C2:7C:76:C9:0A:7F:0D:02:8F:02:27:A4:5C:56,1,CPutqHI+ya_zsschoGQ,AEAD_AES_256_GCM,FEFD
T01,1776601524880.511,transport,4512,293637,TLS_ECDHE_ECDSA_WITH_CHACHA20_POLY1305_SHA256,client,connected,fu+L,controlling,connected,CFA8:5E:DD:AF:14:84:89:A5:C3:D2:44:93:A4:59:12:2F:8F:04:C7:ED:BE:9C:33:37:83:23:E7:18:83:C7:0E:25,70,555,CF8C:9B:2A:11:93:F3:6E:DF:59:CC:47:B0:85:BC:93:2B:B3:67:C2:7C:76:C9:0A:7F:0D:02:8F:02:27:A4:5C:56,1,CPutqHI+ya_zsschoGQ,AEAD_AES_256_GCM,FEFD
T01,1776601524880.511,transport,4512,293637,TLS_ECDHE_ECDSA_WITH_CHACHA20_POLY1305_SHA256,client,connected,fu+L,controlling,connected,CFA8:5E:DD:AF:14:84:89:A5:C3:D2:44:93:A4:59:12:2F:8F:04:C7:ED:BE:9C:33:37:83:23:E7:18:83:C7:0E:25,70,555,CF8C:9B:2A:11:93:F3:6E:DF:59:CC:47:B0:85:BC:93:2B:B3:67:C2:7C:76:C9:0A:7F:0D:02:8F:02:27:A4:5C:56,1,CPutqHI+ya_zsschoGQ,AEAD_AES_256_GCM,FEFD
T01,1776601525080.553,transport,4624,306014,TLS_ECDHE_ECDSA_WITH_CHACHA20_POLY1305_SHA256,client,connected,fu+L,controlling,connected,CFA8:5E:DD:AF:14:84:89:A5:C3:D2:44:93:A4:59:12:2F:8F:04:C7:ED:BE:9C:33:37:83:23:E7:18:83:C7:0E:25,72,583,CF8C:9B:2A:11:93:F3:6E:DF:59:CC:47:B0:85:BC:93:2B:B3:67:C2:7C:76:C9:0A:7F:0D:02:8F:02:27:A4:5C:56,1,CPutqHI+ya_zsschoGQ,AEAD_AES_256_GCM,FEFD
T01,1776601525080.553,transport,4624,306014,TLS_ECDHE_ECDSA_WITH_CHACHA20_POLY1305_SHA256,client,connected,fu+L,controlling,connected,CFA8:5E:DD:AF:14:84:89:A5:C3:D2:44:93:A4:59:12:2F:8F:04:C7:ED:BE:9C:33:37:83:23:E7:18:83:C7:0E:25,72,583,CF8C:9B:2A:11:93:F3:6E:DF:59:CC:47:B0:85:BC:93:2B:B3:67:C2:7C:76:C9:0A:7F:0D:02:8F:02:27:A4:5C:56,1,CPutqHI+ya_zsschoGQ,AEAD_AES_256_GCM,FEFD
T01,1776601525280.557,transport,4832,319012,TLS_ECDHE_ECDSA_WITH_CHACHA20_POLY1305_SHA256,client,connected,fu+L,controlling,connected,CFA8:5E:DD:AF:14:84:89:A5:C3:D2:44:93:A4:59:12:2F:8F:04:C7:ED:BE:9C:33:37:83:23:E7:18:83:C7:0E:25,75,613,CF8C:9B:2A:11:93:F3:6E:DF:59:CC:47:B0:85:BC:93:2B:B3:67:C2:7C:76:C9:0A:7F:0D:02:8F:02:27:A4:5C:56,1,CPutqHI+ya_zsschoGQ,AEAD_AES_256_GCM,FEFD
T01,1776601525280.557,transport,4832,319012,TLS_ECDHE_ECDSA_WITH_CHACHA20_POLY1305_SHA256,client,connected,fu+L,controlling,connected,CFA8:5E:DD:AF:14:84:89:A5:C3:D2:44:93:A4:59:12:2F:8F:04:C7:ED:BE:9C:33:37:83:23:E7:18:83:C7:0E:25,75,613,CF8C:9B:2A:11:93:F3:6E:DF:59:CC:47:B0:85:BC:93:2B:B3:67:C2:7C:76:C9:0A:7F:0D:02:8F:02:27:A4:5C:56,1,CPutqHI+ya_zsschoGQ,AEAD_AES_256_GCM,FEFD
T01,1776601525480.472,transport,4952,330770,TLS_ECDHE_ECDSA_WITH_CHACHA20_POLY1305_SHA256,client,connected,fu+L,controlling,connected,CFA8:5E:DD:AF:14:84:89:A5:C3:D2:44:93:A4:59:12:2F:8F:04:C7:ED:BE:9C:33:37:83:23:E7:18:83:C7:0E:25,77,641,CF8C:9B:2A:11:93:F3:6E:DF:59:CC:47:B0:85:BC:93:2B:B3:67:C2:7C:76:C9:0A:7F:0D:02:8F:02:27:A4:5C:56,1,CPutqHI+ya_zsschoGQ,AEAD_AES_256_GCM,FEFD
T01,1776601525480.472,transport,4952,330770,TLS_ECDHE_ECDSA_WITH_CHACHA20_POLY1305_SHA256,client,connected,fu+L,controlling,connected,CFA8:5E:DD:AF:14:84:89:A5:C3:D2:44:93:A4:59:12:2F:8F:04:C7:ED:BE:9C:33:37:83:23:E7:18:83:C7:0E:25,77,641,CF8C:9B:2A:11:93:F3:6E:DF:59:CC:47:B0:85:BC:93:2B:B3:67:C2:7C:76:C9:0A:7F:0D:02:8F:02:27:A4:5C:56,1,CPutqHI+ya_zsschoGQ,AEAD_AES_256_GCM,FEFD
T01,1776601525680.429,transport,5064,341162,TLS_ECDHE_ECDSA_WITH_CHACHA20_POLY1305_SHA256,client,connected,fu+L,controlling,connected,CFA8:5E:DD:AF:14:84:89:A5:C3:D2:44:93:A4:59:12:2F:8F:04:C7:ED:BE:9C:33:37:83:23:E7:18:83:C7:0E:25,79,666,CF8C:9B:2A:11:93:F3:6E:DF:59:CC:47:B0:85:BC:93:2B:B3:67:C2:7C:76:C9:0A:7F:0D:02:8F:02:27:A4:5C:56,1,CPutqHI+ya_zsschoGQ,AEAD_AES_256_GCM,FEFD
T01,1776601525680.429,transport,5064,341162,TLS_ECDHE_ECDSA_WITH_CHACHA20_POLY1305_SHA256,client,connected,fu+L,controlling,connected,CFA8:5E:DD:AF:14:84:89:A5:C3:D2:44:93:A4:59:12:2F:8F:04:C7:ED:BE:9C:33:37:83:23:E7:18:83:C7:0E:25,79,666,CF8C:9B:2A:11:93:F3:6E:DF:59:CC:47:B0:85:BC:93:2B:B3:67:C2:7C:76:C9:0A:7F:0D:02:8F:02:27:A4:5C:56,1,CPutqHI+ya_zsschoGQ,AEAD_AES_256_GCM,FEFD
T01,1776601525880.551,transport,5184,353794,TLS_ECDHE_ECDSA_WITH_CHACHA20_POLY1305_SHA256,client,connected,fu+L,controlling,connected,CFA8:5E:DD:AF:14:84:89:A5:C3:D2:44:93:A4:59:12:2F:8F:04:C7:ED:BE:9C:33:37:83:23:E7:18:83:C7:0E:25,81,695,CF8C:9B:2A:11:93:F3:6E:DF:59:CC:47:B0:85:BC:93:2B:B3:67:C2:7C:76:C9:0A:7F:0D:02:8F:02:27:A4:5C:56,1,CPutqHI+ya_zsschoGQ,AEAD_AES_256_GCM,FEFD
T01,1776601525880.551,transport,5184,353794,TLS_ECDHE_ECDSA_WITH_CHACHA20_POLY1305_SHA256,client,connected,fu+L,controlling,connected,CFA8:5E:DD:AF:14:84:89:A5:C3:D2:44:93:A4:59:12:2F:8F:04:C7:ED:BE:9C:33:37:83:23:E7:18:83:C7:0E:25,81,695,CF8C:9B:2A:11:93:F3:6E:DF:59:CC:47:B0:85:BC:93:2B:B3:67:C2:7C:76:C9:0A:7F:0D:02:8F:02:27:A4:5C:56,1,CPutqHI+ya_zsschoGQ,AEAD_AES_256_GCM,FEFD
T01,1776601526080.658,transport,5300,366192,TLS_ECDHE_ECDSA_WITH_CHACHA20_POLY1305_SHA256,client,connected,fu+L,controlling,connected,CFA8:5E:DD:AF:14:84:89:A5:C3:D2:44:93:A4:59:12:2F:8F:04:C7:ED:BE:9C:33:37:83:23:E7:18:83:C7:0E:25,83,726,CF8C:9B:2A:11:93:F3:6E:DF:59:CC:47:B0:85:BC:93:2B:B3:67:C2:7C:76:C9:0A:7F:0D:02:8F:02:27:A4:5C:56,1,CPutqHI+ya_zsschoGQ,AEAD_AES_256_GCM,FEFD
T01,1776601526080.658,transport,5300,366192,TLS_ECDHE_ECDSA_WITH_CHACHA20_POLY1305_SHA256,client,connected,fu+L,controlling,connected,CFA8:5E:DD:AF:14:84:89:A5:C3:D2:44:93:A4:59:12:2F:8F:04:C7:ED:BE:9C:33:37:83:23:E7:18:83:C7:0E:25,83,726,CF8C:9B:2A:11:93:F3:6E:DF:59:CC:47:B0:85:BC:93:2B:B3:67:C2:7C:76:C9:0A:7F:0D:02:8F:02:27:A4:5C:56,1,CPutqHI+ya_zsschoGQ,AEAD_AES_256_GCM,FEFD
T01,1776601526280.599,transport,5420,380003,TLS_ECDHE_ECDSA_WITH_CHACHA20_POLY1305_SHA256,client,connected,fu+L,controlling,connected,CFA8:5E:DD:AF:14:84:89:A5:C3:D2:44:93:A4:59:12:2F:8F:04:C7:ED:BE:9C:33:37:83:23:E7:18:83:C7:0E:25,85,755,CF8C:9B:2A:11:93:F3:6E:DF:59:CC:47:B0:85:BC:93:2B:B3:67:C2:7C:76:C9:0A:7F:0D:02:8F:02:27:A4:5C:56,1,CPutqHI+ya_zsschoGQ,AEAD_AES_256_GCM,FEFD
T01,1776601526280.599,transport,5420,380003,TLS_ECDHE_ECDSA_WITH_CHACHA20_POLY1305_SHA256,client,connected,fu+L,controlling,connected,CFA8:5E:DD:AF:14:84:89:A5:C3:D2:44:93:A4:59:12:2F:8F:04:C7:ED:BE:9C:33:37:83:23:E7:18:83:C7:0E:25,85,755,CF8C:9B:2A:11:93:F3:6E:DF:59:CC:47:B0:85:BC:93:2B:B3:67:C2:7C:76:C9:0A:7F:0D:02:8F:02:27:A4:5C:56,1,CPutqHI+ya_zsschoGQ,AEAD_AES_256_GCM,FEFD
T01,1776601526480.532,transport,5536,392004,TLS_ECDHE_ECDSA_WITH_CHACHA20_POLY1305_SHA256,client,connected,fu+L,controlling,connected,CFA8:5E:DD:AF:14:84:89:A5:C3:D2:44:93:A4:59:12:2F:8F:04:C7:ED:BE:9C:33:37:83:23:E7:18:83:C7:0E:25,87,780,CF8C:9B:2A:11:93:F3:6E:DF:59:CC:47:B0:85:BC:93:2B:B3:67:C2:7C:76:C9:0A:7F:0D:02:8F:02:27:A4:5C:56,1,CPutqHI+ya_zsschoGQ,AEAD_AES_256_GCM,FEFD
T01,1776601526480.532,transport,5536,392004,TLS_ECDHE_ECDSA_WITH_CHACHA20_POLY1305_SHA256,client,connected,fu+L,controlling,connected,CFA8:5E:DD:AF:14:84:89:A5:C3:D2:44:93:A4:59:12:2F:8F:04:C7:ED:BE:9C:33:37:83:23:E7:18:83:C7:0E:25,87,780,CF8C:9B:2A:11:93:F3:6E:DF:59:CC:47:B0:85:BC:93:2B:B3:67:C2:7C:76:C9:0A:7F:0D:02:8F:02:27:A4:5C:56,1,CPutqHI+ya_zsschoGQ,AEAD_AES_256_GCM,FEFD
T01,1776601526680.406,transport,5736,406786,TLS_ECDHE_ECDSA_WITH_CHACHA20_POLY1305_SHA256,client,connected,fu+L,controlling,connected,CFA8:5E:DD:AF:14:84:89:A5:C3:D2:44:93:A4:59:12:2F:8F:04:C7:ED:BE:9C:33:37:83:23:E7:18:83:C7:0E:25,90,798,CF8C:9B:2A:11:93:F3:6E:DF:59:CC:47:B0:85:BC:93:2B:B3:67:C2:7C:76:C9:0A:7F:0D:02:8F:02:27:A4:5C:56,1,CPutqHI+ya_zsschoGQ,AEAD_AES_256_GCM,FEFD
T01,1776601526680.406,transport,5736,406786,TLS_ECDHE_ECDSA_WITH_CHACHA20_POLY1305_SHA256,client,connected,fu+L,controlling,connected,CFA8:5E:DD:AF:14:84:89:A5:C3:D2:44:93:A4:59:12:2F:8F:04:C7:ED:BE:9C:33:37:83:23:E7:18:83:C7:0E:25,90,798,CF8C:9B:2A:11:93:F3:6E:DF:59:CC:47:B0:85:BC:93:2B:B3:67:C2:7C:76:C9:0A:7F:0D:02:8F:02:27:A4:5C:56,1,CPutqHI+ya_zsschoGQ,AEAD_AES_256_GCM,FEFD
T01,1776601526880.514,transport,5840,419740,TLS_ECDHE_ECDSA_WITH_CHACHA20_POLY1305_SHA256,client,connected,fu+L,controlling,connected,CFA8:5E:DD:AF:14:84:89:A5:C3:D2:44:93:A4:59:12:2F:8F:04:C7:ED:BE:9C:33:37:83:23:E7:18:83:C7:0E:25,92,814,CF8C:9B:2A:11:93:F3:6E:DF:59:CC:47:B0:85:BC:93:2B:B3:67:C2:7C:76:C9:0A:7F:0D:02:8F:02:27:A4:5C:56,1,CPutqHI+ya_zsschoGQ,AEAD_AES_256_GCM,FEFD
T01,1776601526880.514,transport,5840,419740,TLS_ECDHE_ECDSA_WITH_CHACHA20_POLY1305_SHA256,client,connected,fu+L,controlling,connected,CFA8:5E:DD:AF:14:84:89:A5:C3:D2:44:93:A4:59:12:2F:8F:04:C7:ED:BE:9C:33:37:83:23:E7:18:83:C7:0E:25,92,814,CF8C:9B:2A:11:93:F3:6E:DF:59:CC:47:B0:85:BC:93:2B:B3:67:C2:7C:76:C9:0A:7F:0D:02:8F:02:27:A4:5C:56,1,CPutqHI+ya_zsschoGQ,AEAD_AES_256_GCM,FEFD
T01,1776601527080.716,transport,5956,432649,TLS_ECDHE_ECDSA_WITH_CHACHA20_POLY1305_SHA256,client,connected,fu+L,controlling,connected,CFA8:5E:DD:AF:14:84:89:A5:C3:D2:44:93:A4:59:12:2F:8F:04:C7:ED:BE:9C:33:37:83:23:E7:18:83:C7:0E:25,94,845,CF8C:9B:2A:11:93:F3:6E:DF:59:CC:47:B0:85:BC:93:2B:B3:67:C2:7C:76:C9:0A:7F:0D:02:8F:02:27:A4:5C:56,1,CPutqHI+ya_zsschoGQ,AEAD_AES_256_GCM,FEFD
T01,1776601527080.716,transport,5956,432649,TLS_ECDHE_ECDSA_WITH_CHACHA20_POLY1305_SHA256,client,connected,fu+L,controlling,connected,CFA8:5E:DD:AF:14:84:89:A5:C3:D2:44:93:A4:59:12:2F:8F:04:C7:ED:BE:9C:33:37:83:23:E7:18:83:C7:0E:25,94,845,CF8C:9B:2A:11:93:F3:6E:DF:59:CC:47:B0:85:BC:93:2B:B3:67:C2:7C:76:C9:0A:7F:0D:02:8F:02:27:A4:5C:56,1,CPutqHI+ya_zsschoGQ,AEAD_AES_256_GCM,FEFD
T01,1776601527280.652,transport,6072,447824,TLS_ECDHE_ECDSA_WITH_CHACHA20_POLY1305_SHA256,client,connected,fu+L,controlling,connected,CFA8:5E:DD:AF:14:84:89:A5:C3:D2:44:93:A4:59:12:2F:8F:04:C7:ED:BE:9C:33:37:83:23:E7:18:83:C7:0E:25,96,879,CF8C:9B:2A:11:93:F3:6E:DF:59:CC:47:B0:85:BC:93:2B:B3:67:C2:7C:76:C9:0A:7F:0D:02:8F:02:27:A4:5C:56,1,CPutqHI+ya_zsschoGQ,AEAD_AES_256_GCM,FEFD
T01,1776601527280.652,transport,6072,447824,TLS_ECDHE_ECDSA_WITH_CHACHA20_POLY1305_SHA256,client,connected,fu+L,controlling,connected,CFA8:5E:DD:AF:14:84:89:A5:C3:D2:44:93:A4:59:12:2F:8F:04:C7:ED:BE:9C:33:37:83:23:E7:18:83:C7:0E:25,96,879,CF8C:9B:2A:11:93:F3:6E:DF:59:CC:47:B0:85:BC:93:2B:B3:67:C2:7C:76:C9:0A:7F:0D:02:8F:02:27:A4:5C:56,1,CPutqHI+ya_zsschoGQ,AEAD_AES_256_GCM,FEFD
T01,1776601527480.485,transport,6200,462275,TLS_ECDHE_ECDSA_WITH_CHACHA20_POLY1305_SHA256,client,connected,fu+L,controlling,connected,CFA8:5E:DD:AF:14:84:89:A5:C3:D2:44:93:A4:59:12:2F:8F:04:C7:ED:BE:9C:33:37:83:23:E7:18:83:C7:0E:25,98,913,CF8C:9B:2A:11:93:F3:6E:DF:59:CC:47:B0:85:BC:93:2B:B3:67:C2:7C:76:C9:0A:7F:0D:02:8F:02:27:A4:5C:56,1,CPutqHI+ya_zsschoGQ,AEAD_AES_256_GCM,FEFD
T01,1776601527480.485,transport,6200,462275,TLS_ECDHE_ECDSA_WITH_CHACHA20_POLY1305_SHA256,client,connected,fu+L,controlling,connected,CFA8:5E:DD:AF:14:84:89:A5:C3:D2:44:93:A4:59:12:2F:8F:04:C7:ED:BE:9C:33:37:83:23:E7:18:83:C7:0E:25,98,913,CF8C:9B:2A:11:93:F3:6E:DF:59:CC:47:B0:85:BC:93:2B:B3:67:C2:7C:76:C9:0A:7F:0D:02:8F:02:27:A4:5C:56,1,CPutqHI+ya_zsschoGQ,AEAD_AES_256_GCM,FEFD
T01,1776601527680.515,transport,6312,474902,TLS_ECDHE_ECDSA_WITH_CHACHA20_POLY1305_SHA256,client,connected,fu+L,controlling,connected,CFA8:5E:DD:AF:14:84:89:A5:C3:D2:44:93:A4:59:12:2F:8F:04:C7:ED:BE:9C:33:37:83:23:E7:18:83:C7:0E:25,100,945,CF8C:9B:2A:11:93:F3:6E:DF:59:CC:47:B0:85:BC:93:2B:B3:67:C2:7C:76:C9:0A:7F:0D:02:8F:02:27:A4:5C:56,1,CPutqHI+ya_zsschoGQ,AEAD_AES_256_GCM,FEFD
T01,1776601527680.515,transport,6312,474902,TLS_ECDHE_ECDSA_WITH_CHACHA20_POLY1305_SHA256,client,connected,fu+L,controlling,connected,CFA8:5E:DD:AF:14:84:89:A5:C3:D2:44:93:A4:59:12:2F:8F:04:C7:ED:BE:9C:33:37:83:23:E7:18:83:C7:0E:25,100,945,CF8C:9B:2A:11:93:F3:6E:DF:59:CC:47:B0:85:BC:93:2B:B3:67:C2:7C:76:C9:0A:7F:0D:02:8F:02:27:A4:5C:56,1,CPutqHI+ya_zsschoGQ,AEAD_AES_256_GCM,FEFD
T01,1776601527880.636,transport,6432,489546,TLS_ECDHE_ECDSA_WITH_CHACHA20_POLY1305_SHA256,client,connected,fu+L,controlling,connected,CFA8:5E:DD:AF:14:84:89:A5:C3:D2:44:93:A4:59:12:2F:8F:04:C7:ED:BE:9C:33:37:83:23:E7:18:83:C7:0E:25,102,972,CF8C:9B:2A:11:93:F3:6E:DF:59:CC:47:B0:85:BC:93:2B:B3:67:C2:7C:76:C9:0A:7F:0D:02:8F:02:27:A4:5C:56,1,CPutqHI+ya_zsschoGQ,AEAD_AES_256_GCM,FEFD
T01,1776601527880.636,transport,6432,489546,TLS_ECDHE_ECDSA_WITH_CHACHA20_POLY1305_SHA256,client,connected,fu+L,controlling,connected,CFA8:5E:DD:AF:14:84:89:A5:C3:D2:44:93:A4:59:12:2F:8F:04:C7:ED:BE:9C:33:37:83:23:E7:18:83:C7:0E:25,102,972,CF8C:9B:2A:11:93:F3:6E:DF:59:CC:47:B0:85:BC:93:2B:B3:67:C2:7C:76:C9:0A:7F:0D:02:8F:02:27:A4:5C:56,1,CPutqHI+ya_zsschoGQ,AEAD_AES_256_GCM,FEFD
T01,1776601528080.694,transport,6632,505769,TLS_ECDHE_ECDSA_WITH_CHACHA20_POLY1305_SHA256,client,connected,fu+L,controlling,connected,CFA8:5E:DD:AF:14:84:89:A5:C3:D2:44:93:A4:59:12:2F:8F:04:C7:ED:BE:9C:33:37:83:23:E7:18:83:C7:0E:25,105,989,CF8C:9B:2A:11:93:F3:6E:DF:59:CC:47:B0:85:BC:93:2B:B3:67:C2:7C:76:C9:0A:7F:0D:02:8F:02:27:A4:5C:56,1,CPutqHI+ya_zsschoGQ,AEAD_AES_256_GCM,FEFD
T01,1776601528080.694,transport,6632,505769,TLS_ECDHE_ECDSA_WITH_CHACHA20_POLY1305_SHA256,client,connected,fu+L,controlling,connected,CFA8:5E:DD:AF:14:84:89:A5:C3:D2:44:93:A4:59:12:2F:8F:04:C7:ED:BE:9C:33:37:83:23:E7:18:83:C7:0E:25,105,989,CF8C:9B:2A:11:93:F3:6E:DF:59:CC:47:B0:85:BC:93:2B:B3:67:C2:7C:76:C9:0A:7F:0D:02:8F:02:27:A4:5C:56,1,CPutqHI+ya_zsschoGQ,AEAD_AES_256_GCM,FEFD
T01,1776601528280.601,transport,6740,520385,TLS_ECDHE_ECDSA_WITH_CHACHA20_POLY1305_SHA256,client,connected,fu+L,controlling,connected,CFA8:5E:DD:AF:14:84:89:A5:C3:D2:44:93:A4:59:12:2F:8F:04:C7:ED:BE:9C:33:37:83:23:E7:18:83:C7:0E:25,107,1005,CF8C:9B:2A:11:93:F3:6E:DF:59:CC:47:B0:85:BC:93:2B:B3:67:C2:7C:76:C9:0A:7F:0D:02:8F:02:27:A4:5C:56,1,CPutqHI+ya_zsschoGQ,AEAD_AES_256_GCM,FEFD
T01,1776601528280.601,transport,6740,520385,TLS_ECDHE_ECDSA_WITH_CHACHA20_POLY1305_SHA256,client,connected,fu+L,controlling,connected,CFA8:5E:DD:AF:14:84:89:A5:C3:D2:44:93:A4:59:12:2F:8F:04:C7:ED:BE:9C:33:37:83:23:E7:18:83:C7:0E:25,107,1005,CF8C:9B:2A:11:93:F3:6E:DF:59:CC:47:B0:85:BC:93:2B:B3:67:C2:7C:76:C9:0A:7F:0D:02:8F:02:27:A4:5C:56,1,CPutqHI+ya_zsschoGQ,AEAD_AES_256_GCM,FEFD
T01,1776601528480.501,transport,6840,534676,TLS_ECDHE_ECDSA_WITH_CHACHA20_POLY1305_SHA256,client,connected,fu+L,controlling,connected,CFA8:5E:DD:AF:14:84:89:A5:C3:D2:44:93:A4:59:12:2F:8F:04:C7:ED:BE:9C:33:37:83:23:E7:18:83:C7:0E:25,109,1022,CF8C:9B:2A:11:93:F3:6E:DF:59:CC:47:B0:85:BC:93:2B:B3:67:C2:7C:76:C9:0A:7F:0D:02:8F:02:27:A4:5C:56,1,CPutqHI+ya_zsschoGQ,AEAD_AES_256_GCM,FEFD
T01,1776601528480.501,transport,6840,534676,TLS_ECDHE_ECDSA_WITH_CHACHA20_POLY1305_SHA256,client,connected,fu+L,controlling,connected,CFA8:5E:DD:AF:14:84:89:A5:C3:D2:44:93:A4:59:12:2F:8F:04:C7:ED:BE:9C:33:37:83:23:E7:18:83:C7:0E:25,109,1022,CF8C:9B:2A:11:93:F3:6E:DF:59:CC:47:B0:85:BC:93:2B:B3:67:C2:7C:76:C9:0A:7F:0D:02:8F:02:27:A4:5C:56,1,CPutqHI+ya_zsschoGQ,AEAD_AES_256_GCM,FEFD
T01,1776601528680.638,transport,6944,551099,TLS_ECDHE_ECDSA_WITH_CHACHA20_POLY1305_SHA256,client,connected,fu+L,controlling,connected,CFA8:5E:DD:AF:14:84:89:A5:C3:D2:44:93:A4:59:12:2F:8F:04:C7:ED:BE:9C:33:37:83:23:E7:18:83:C7:0E:25,111,1040,CF8C:9B:2A:11:93:F3:6E:DF:59:CC:47:B0:85:BC:93:2B:B3:67:C2:7C:76:C9:0A:7F:0D:02:8F:02:27:A4:5C:56,1,CPutqHI+ya_zsschoGQ,AEAD_AES_256_GCM,FEFD
T01,1776601528680.638,transport,6944,551099,TLS_ECDHE_ECDSA_WITH_CHACHA20_POLY1305_SHA256,client,connected,fu+L,controlling,connected,CFA8:5E:DD:AF:14:84:89:A5:C3:D2:44:93:A4:59:12:2F:8F:04:C7:ED:BE:9C:33:37:83:23:E7:18:83:C7:0E:25,111,1040,CF8C:9B:2A:11:93:F3:6E:DF:59:CC:47:B0:85:BC:93:2B:B3:67:C2:7C:76:C9:0A:7F:0D:02:8F:02:27:A4:5C:56,1,CPutqHI+ya_zsschoGQ,AEAD_AES_256_GCM,FEFD
T01,1776601528880.494,transport,7048,566581,TLS_ECDHE_ECDSA_WITH_CHACHA20_POLY1305_SHA256,client,connected,fu+L,controlling,connected,CFA8:5E:DD:AF:14:84:89:A5:C3:D2:44:93:A4:59:12:2F:8F:04:C7:ED:BE:9C:33:37:83:23:E7:18:83:C7:0E:25,113,1058,CF8C:9B:2A:11:93:F3:6E:DF:59:CC:47:B0:85:BC:93:2B:B3:67:C2:7C:76:C9:0A:7F:0D:02:8F:02:27:A4:5C:56,1,CPutqHI+ya_zsschoGQ,AEAD_AES_256_GCM,FEFD
T01,1776601528880.494,transport,7048,566581,TLS_ECDHE_ECDSA_WITH_CHACHA20_POLY1305_SHA256,client,connected,fu+L,controlling,connected,CFA8:5E:DD:AF:14:84:89:A5:C3:D2:44:93:A4:59:12:2F:8F:04:C7:ED:BE:9C:33:37:83:23:E7:18:83:C7:0E:25,113,1058,CF8C:9B:2A:11:93:F3:6E:DF:59:CC:47:B0:85:BC:93:2B:B3:67:C2:7C:76:C9:0A:7F:0D:02:8F:02:27:A4:5C:56,1,CPutqHI+ya_zsschoGQ,AEAD_AES_256_GCM,FEFD
T01,1776601529080.575,transport,7152,582392,TLS_ECDHE_ECDSA_WITH_CHACHA20_POLY1305_SHA256,client,connected,fu+L,controlling,connected,CFA8:5E:DD:AF:14:84:89:A5:C3:D2:44:93:A4:59:12:2F:8F:04:C7:ED:BE:9C:33:37:83:23:E7:18:83:C7:0E:25,115,1075,CF8C:9B:2A:11:93:F3:6E:DF:59:CC:47:B0:85:BC:93:2B:B3:67:C2:7C:76:C9:0A:7F:0D:02:8F:02:27:A4:5C:56,1,CPutqHI+ya_zsschoGQ,AEAD_AES_256_GCM,FEFD
T01,1776601529080.575,transport,7152,582392,TLS_ECDHE_ECDSA_WITH_CHACHA20_POLY1305_SHA256,client,connected,fu+L,controlling,connected,CFA8:5E:DD:AF:14:84:89:A5:C3:D2:44:93:A4:59:12:2F:8F:04:C7:ED:BE:9C:33:37:83:23:E7:18:83:C7:0E:25,115,1075,CF8C:9B:2A:11:93:F3:6E:DF:59:CC:47:B0:85:BC:93:2B:B3:67:C2:7C:76:C9:0A:7F:0D:02:8F:02:27:A4:5C:56,1,CPutqHI+ya_zsschoGQ,AEAD_AES_256_GCM,FEFD
T01,1776601529280.652,transport,7352,600783,TLS_ECDHE_ECDSA_WITH_CHACHA20_POLY1305_SHA256,client,connected,fu+L,controlling,connected,CFA8:5E:DD:AF:14:84:89:A5:C3:D2:44:93:A4:59:12:2F:8F:04:C7:ED:BE:9C:33:37:83:23:E7:18:83:C7:0E:25,118,1094,CF8C:9B:2A:11:93:F3:6E:DF:59:CC:47:B0:85:BC:93:2B:B3:67:C2:7C:76:C9:0A:7F:0D:02:8F:02:27:A4:5C:56,1,CPutqHI+ya_zsschoGQ,AEAD_AES_256_GCM,FEFD
T01,1776601529280.652,transport,7352,600783,TLS_ECDHE_ECDSA_WITH_CHACHA20_POLY1305_SHA256,client,connected,fu+L,controlling,connected,CFA8:5E:DD:AF:14:84:89:A5:C3:D2:44:93:A4:59:12:2F:8F:04:C7:ED:BE:9C:33:37:83:23:E7:18:83:C7:0E:25,118,1094,CF8C:9B:2A:11:93:F3:6E:DF:59:CC:47:B0:85:BC:93:2B:B3:67:C2:7C:76:C9:0A:7F:0D:02:8F:02:27:A4:5C:56,1,CPutqHI+ya_zsschoGQ,AEAD_AES_256_GCM,FEFD
T01,1776601529480.553,transport,7460,617276,TLS_ECDHE_ECDSA_WITH_CHACHA20_POLY1305_SHA256,client,connected,fu+L,controlling,connected,CFA8:5E:DD:AF:14:84:89:A5:C3:D2:44:93:A4:59:12:2F:8F:04:C7:ED:BE:9C:33:37:83:23:E7:18:83:C7:0E:25,120,1112,CF8C:9B:2A:11:93:F3:6E:DF:59:CC:47:B0:85:BC:93:2B:B3:67:C2:7C:76:C9:0A:7F:0D:02:8F:02:27:A4:5C:56,1,CPutqHI+ya_zsschoGQ,AEAD_AES_256_GCM,FEFD
T01,1776601529480.553,transport,7460,617276,TLS_ECDHE_ECDSA_WITH_CHACHA20_POLY1305_SHA256,client,connected,fu+L,controlling,connected,CFA8:5E:DD:AF:14:84:89:A5:C3:D2:44:93:A4:59:12:2F:8F:04:C7:ED:BE:9C:33:37:83:23:E7:18:83:C7:0E:25,120,1112,CF8C:9B:2A:11:93:F3:6E:DF:59:CC:47:B0:85:BC:93:2B:B3:67:C2:7C:76:C9:0A:7F:0D:02:8F:02:27:A4:5C:56,1,CPutqHI+ya_zsschoGQ,AEAD_AES_256_GCM,FEFD
T01,1776601529680.535,transport,7560,634028,TLS_ECDHE_ECDSA_WITH_CHACHA20_POLY1305_SHA256,client,connected,fu+L,controlling,connected,CFA8:5E:DD:AF:14:84:89:A5:C3:D2:44:93:A4:59:12:2F:8F:04:C7:ED:BE:9C:33:37:83:23:E7:18:83:C7:0E:25,122,1130,CF8C:9B:2A:11:93:F3:6E:DF:59:CC:47:B0:85:BC:93:2B:B3:67:C2:7C:76:C9:0A:7F:0D:02:8F:02:27:A4:5C:56,1,CPutqHI+ya_zsschoGQ,AEAD_AES_256_GCM,FEFD
T01,1776601529680.535,transport,7560,634028,TLS_ECDHE_ECDSA_WITH_CHACHA20_POLY1305_SHA256,client,connected,fu+L,controlling,connected,CFA8:5E:DD:AF:14:84:89:A5:C3:D2:44:93:A4:59:12:2F:8F:04:C7:ED:BE:9C:33:37:83:23:E7:18:83:C7:0E:25,122,1130,CF8C:9B:2A:11:93:F3:6E:DF:59:CC:47:B0:85:BC:93:2B:B3:67:C2:7C:76:C9:0A:7F:0D:02:8F:02:27:A4:5C:56,1,CPutqHI+ya_zsschoGQ,AEAD_AES_256_GCM,FEFD
T01,1776601529880.597,transport,7664,650146,TLS_ECDHE_ECDSA_WITH_CHACHA20_POLY1305_SHA256,client,connected,fu+L,controlling,connected,CFA8:5E:DD:AF:14:84:89:A5:C3:D2:44:93:A4:59:12:2F:8F:04:C7:ED:BE:9C:33:37:83:23:E7:18:83:C7:0E:25,124,1146,CF8C:9B:2A:11:93:F3:6E:DF:59:CC:47:B0:85:BC:93:2B:B3:67:C2:7C:76:C9:0A:7F:0D:02:8F:02:27:A4:5C:56,1,CPutqHI+ya_zsschoGQ,AEAD_AES_256_GCM,FEFD
T01,1776601529880.597,transport,7664,650146,TLS_ECDHE_ECDSA_WITH_CHACHA20_POLY1305_SHA256,client,connected,fu+L,controlling,connected,CFA8:5E:DD:AF:14:84:89:A5:C3:D2:44:93:A4:59:12:2F:8F:04:C7:ED:BE:9C:33:37:83:23:E7:18:83:C7:0E:25,124,1146,CF8C:9B:2A:11:93:F3:6E:DF:59:CC:47:B0:85:BC:93:2B:B3:67:C2:7C:76:C9:0A:7F:0D:02:8F:02:27:A4:5C:56,1,CPutqHI+ya_zsschoGQ,AEAD_AES_256_GCM,FEFD
T01,1776601530080.461,transport,7772,671423,TLS_ECDHE_ECDSA_WITH_CHACHA20_POLY1305_SHA256,client,connected,fu+L,controlling,connected,CFA8:5E:DD:AF:14:84:89:A5:C3:D2:44:93:A4:59:12:2F:8F:04:C7:ED:BE:9C:33:37:83:23:E7:18:83:C7:0E:25,126,1169,CF8C:9B:2A:11:93:F3:6E:DF:59:CC:47:B0:85:BC:93:2B:B3:67:C2:7C:76:C9:0A:7F:0D:02:8F:02:27:A4:5C:56,1,CPutqHI+ya_zsschoGQ,AEAD_AES_256_GCM,FEFD
T01,1776601530080.461,transport,7772,671423,TLS_ECDHE_ECDSA_WITH_CHACHA20_POLY1305_SHA256,client,connected,fu+L,controlling,connected,CFA8:5E:DD:AF:14:84:89:A5:C3:D2:44:93:A4:59:12:2F:8F:04:C7:ED:BE:9C:33:37:83:23:E7:18:83:C7:0E:25,126,1169,CF8C:9B:2A:11:93:F3:6E:DF:59:CC:47:B0:85:BC:93:2B:B3:67:C2:7C:76:C9:0A:7F:0D:02:8F:02:27:A4:5C:56,1,CPutqHI+ya_zsschoGQ,AEAD_AES_256_GCM,FEFD
T01,1776601530280.489,transport,7876,689024,TLS_ECDHE_ECDSA_WITH_CHACHA20_POLY1305_SHA256,client,connected,fu+L,controlling,connected,CFA8:5E:DD:AF:14:84:89:A5:C3:D2:44:93:A4:59:12:2F:8F:04:C7:ED:BE:9C:33:37:83:23:E7:18:83:C7:0E:25,128,1186,CF8C:9B:2A:11:93:F3:6E:DF:59:CC:47:B0:85:BC:93:2B:B3:67:C2:7C:76:C9:0A:7F:0D:02:8F:02:27:A4:5C:56,1,CPutqHI+ya_zsschoGQ,AEAD_AES_256_GCM,FEFD
T01,1776601530280.489,transport,7876,689024,TLS_ECDHE_ECDSA_WITH_CHACHA20_POLY1305_SHA256,client,connected,fu+L,controlling,connected,CFA8:5E:DD:AF:14:84:89:A5:C3:D2:44:93:A4:59:12:2F:8F:04:C7:ED:BE:9C:33:37:83:23:E7:18:83:C7:0E:25,128,1186,CF8C:9B:2A:11:93:F3:6E:DF:59:CC:47:B0:85:BC:93:2B:B3:67:C2:7C:76:C9:0A:7F:0D:02:8F:02:27:A4:5C:56,1,CPutqHI+ya_zsschoGQ,AEAD_AES_256_GCM,FEFD
T01,1776601530480.464,transport,8108,707624,TLS_ECDHE_ECDSA_WITH_CHACHA20_POLY1305_SHA256,client,connected,fu+L,controlling,connected,CFA8:5E:DD:AF:14:84:89:A5:C3:D2:44:93:A4:59:12:2F:8F:04:C7:ED:BE:9C:33:37:83:23:E7:18:83:C7:0E:25,131,1206,CF8C:9B:2A:11:93:F3:6E:DF:59:CC:47:B0:85:BC:93:2B:B3:67:C2:7C:76:C9:0A:7F:0D:02:8F:02:27:A4:5C:56,1,CPutqHI+ya_zsschoGQ,AEAD_AES_256_GCM,FEFD
T01,1776601530480.464,transport,8108,707624,TLS_ECDHE_ECDSA_WITH_CHACHA20_POLY1305_SHA256,client,connected,fu+L,controlling,connected,CFA8:5E:DD:AF:14:84:89:A5:C3:D2:44:93:A4:59:12:2F:8F:04:C7:ED:BE:9C:33:37:83:23:E7:18:83:C7:0E:25,131,1206,CF8C:9B:2A:11:93:F3:6E:DF:59:CC:47:B0:85:BC:93:2B:B3:67:C2:7C:76:C9:0A:7F:0D:02:8F:02:27:A4:5C:56,1,CPutqHI+ya_zsschoGQ,AEAD_AES_256_GCM,FEFD
T01,1776601530680.472,transport,8212,730464,TLS_ECDHE_ECDSA_WITH_CHACHA20_POLY1305_SHA256,client,connected,fu+L,controlling,connected,CFA8:5E:DD:AF:14:84:89:A5:C3:D2:44:93:A4:59:12:2F:8F:04:C7:ED:BE:9C:33:37:83:23:E7:18:83:C7:0E:25,133,1231,CF8C:9B:2A:11:93:F3:6E:DF:59:CC:47:B0:85:BC:93:2B:B3:67:C2:7C:76:C9:0A:7F:0D:02:8F:02:27:A4:5C:56,1,CPutqHI+ya_zsschoGQ,AEAD_AES_256_GCM,FEFD
T01,1776601530680.472,transport,8212,730464,TLS_ECDHE_ECDSA_WITH_CHACHA20_POLY1305_SHA256,client,connected,fu+L,controlling,connected,CFA8:5E:DD:AF:14:84:89:A5:C3:D2:44:93:A4:59:12:2F:8F:04:C7:ED:BE:9C:33:37:83:23:E7:18:83:C7:0E:25,133,1231,CF8C:9B:2A:11:93:F3:6E:DF:59:CC:47:B0:85:BC:93:2B:B3:67:C2:7C:76:C9:0A:7F:0D:02:8F:02:27:A4:5C:56,1,CPutqHI+ya_zsschoGQ,AEAD_AES_256_GCM,FEFD
T01,1776601530880.445,transport,8316,749634,TLS_ECDHE_ECDSA_WITH_CHACHA20_POLY1305_SHA256,client,connected,fu+L,controlling,connected,CFA8:5E:DD:AF:14:84:89:A5:C3:D2:44:93:A4:59:12:2F:8F:04:C7:ED:BE:9C:33:37:83:23:E7:18:83:C7:0E:25,135,1251,CF8C:9B:2A:11:93:F3:6E:DF:59:CC:47:B0:85:BC:93:2B:B3:67:C2:7C:76:C9:0A:7F:0D:02:8F:02:27:A4:5C:56,1,CPutqHI+ya_zsschoGQ,AEAD_AES_256_GCM,FEFD
T01,1776601530880.445,transport,8316,749634,TLS_ECDHE_ECDSA_WITH_CHACHA20_POLY1305_SHA256,client,connected,fu+L,controlling,connected,CFA8:5E:DD:AF:14:84:89:A5:C3:D2:44:93:A4:59:12:2F:8F:04:C7:ED:BE:9C:33:37:83:23:E7:18:83:C7:0E:25,135,1251,CF8C:9B:2A:11:93:F3:6E:DF:59:CC:47:B0:85:BC:93:2B:B3:67:C2:7C:76:C9:0A:7F:0D:02:8F:02:27:A4:5C:56,1,CPutqHI+ya_zsschoGQ,AEAD_AES_256_GCM,FEFD
T01,1776601531080.427,transport,8424,769212,TLS_ECDHE_ECDSA_WITH_CHACHA20_POLY1305_SHA256,client,connected,fu+L,controlling,connected,CFA8:5E:DD:AF:14:84:89:A5:C3:D2:44:93:A4:59:12:2F:8F:04:C7:ED:BE:9C:33:37:83:23:E7:18:83:C7:0E:25,137,1270,CF8C:9B:2A:11:93:F3:6E:DF:59:CC:47:B0:85:BC:93:2B:B3:67:C2:7C:76:C9:0A:7F:0D:02:8F:02:27:A4:5C:56,1,CPutqHI+ya_zsschoGQ,AEAD_AES_256_GCM,FEFD
T01,1776601531080.427,transport,8424,769212,TLS_ECDHE_ECDSA_WITH_CHACHA20_POLY1305_SHA256,client,connected,fu+L,controlling,connected,CFA8:5E:DD:AF:14:84:89:A5:C3:D2:44:93:A4:59:12:2F:8F:04:C7:ED:BE:9C:33:37:83:23:E7:18:83:C7:0E:25,137,1270,CF8C:9B:2A:11:93:F3:6E:DF:59:CC:47:B0:85:BC:93:2B:B3:67:C2:7C:76:C9:0A:7F:0D:02:8F:02:27:A4:5C:56,1,CPutqHI+ya_zsschoGQ,AEAD_AES_256_GCM,FEFD
T01,1776601531280.591,transport,8528,792983,TLS_ECDHE_ECDSA_WITH_CHACHA20_POLY1305_SHA256,client,connected,fu+L,controlling,connected,CFA8:5E:DD:AF:14:84:89:A5:C3:D2:44:93:A4:59:12:2F:8F:04:C7:ED:BE:9C:33:37:83:23:E7:18:83:C7:0E:25,139,1295,CF8C:9B:2A:11:93:F3:6E:DF:59:CC:47:B0:85:BC:93:2B:B3:67:C2:7C:76:C9:0A:7F:0D:02:8F:02:27:A4:5C:56,1,CPutqHI+ya_zsschoGQ,AEAD_AES_256_GCM,FEFD
T01,1776601531280.591,transport,8528,792983,TLS_ECDHE_ECDSA_WITH_CHACHA20_POLY1305_SHA256,client,connected,fu+L,controlling,connected,CFA8:5E:DD:AF:14:84:89:A5:C3:D2:44:93:A4:59:12:2F:8F:04:C7:ED:BE:9C:33:37:83:23:E7:18:83:C7:0E:25,139,1295,CF8C:9B:2A:11:93:F3:6E:DF:59:CC:47:B0:85:BC:93:2B:B3:67:C2:7C:76:C9:0A:7F:0D:02:8F:02:27:A4:5C:56,1,CPutqHI+ya_zsschoGQ,AEAD_AES_256_GCM,FEFD
T01,1776601531480.482,transport,8632,803012,TLS_ECDHE_ECDSA_WITH_CHACHA20_POLY1305_SHA256,client,connected,fu+L,controlling,connected,CFA8:5E:DD:AF:14:84:89:A5:C3:D2:44:93:A4:59:12:2F:8F:04:C7:ED:BE:9C:33:37:83:23:E7:18:83:C7:0E:25,141,1307,CF8C:9B:2A:11:93:F3:6E:DF:59:CC:47:B0:85:BC:93:2B:B3:67:C2:7C:76:C9:0A:7F:0D:02:8F:02:27:A4:5C:56,1,CPutqHI+ya_zsschoGQ,AEAD_AES_256_GCM,FEFD
T01,1776601531480.482,transport,8632,803012,TLS_ECDHE_ECDSA_WITH_CHACHA20_POLY1305_SHA256,client,connected,fu+L,controlling,connected,CFA8:5E:DD:AF:14:84:89:A5:C3:D2:44:93:A4:59:12:2F:8F:04:C7:ED:BE:9C:33:37:83:23:E7:18:83:C7:0E:25,141,1307,CF8C:9B:2A:11:93:F3:6E:DF:59:CC:47:B0:85:BC:93:2B:B3:67:C2:7C:76:C9:0A:7F:0D:02:8F:02:27:A4:5C:56,1,CPutqHI+ya_zsschoGQ,AEAD_AES_256_GCM,FEFD
T01,1776601531680.576,transport,8852,819077,TLS_ECDHE_ECDSA_WITH_CHACHA20_POLY1305_SHA256,client,connected,fu+L,controlling,connected,CFA8:5E:DD:AF:14:84:89:A5:C3:D2:44:93:A4:59:12:2F:8F:04:C7:ED:BE:9C:33:37:83:23:E7:18:83:C7:0E:25,144,1322,CF8C:9B:2A:11:93:F3:6E:DF:59:CC:47:B0:85:BC:93:2B:B3:67:C2:7C:76:C9:0A:7F:0D:02:8F:02:27:A4:5C:56,1,CPutqHI+ya_zsschoGQ,AEAD_AES_256_GCM,FEFD
T01,1776601531680.576,transport,8852,819077,TLS_ECDHE_ECDSA_WITH_CHACHA20_POLY1305_SHA256,client,connected,fu+L,controlling,connected,CFA8:5E:DD:AF:14:84:89:A5:C3:D2:44:93:A4:59:12:2F:8F:04:C7:ED:BE:9C:33:37:83:23:E7:18:83:C7:0E:25,144,1322,CF8C:9B:2A:11:93:F3:6E:DF:59:CC:47:B0:85:BC:93:2B:B3:67:C2:7C:76:C9:0A:7F:0D:02:8F:02:27:A4:5C:56,1,CPutqHI+ya_zsschoGQ,AEAD_AES_256_GCM,FEFD
T01,1776601531880.646,transport,8960,837363,TLS_ECDHE_ECDSA_WITH_CHACHA20_POLY1305_SHA256,client,connected,fu+L,controlling,connected,CFA8:5E:DD:AF:14:84:89:A5:C3:D2:44:93:A4:59:12:2F:8F:04:C7:ED:BE:9C:33:37:83:23:E7:18:83:C7:0E:25,146,1340,CF8C:9B:2A:11:93:F3:6E:DF:59:CC:47:B0:85:BC:93:2B:B3:67:C2:7C:76:C9:0A:7F:0D:02:8F:02:27:A4:5C:56,1,CPutqHI+ya_zsschoGQ,AEAD_AES_256_GCM,FEFD
T01,1776601531880.646,transport,8960,837363,TLS_ECDHE_ECDSA_WITH_CHACHA20_POLY1305_SHA256,client,connected,fu+L,controlling,connected,CFA8:5E:DD:AF:14:84:89:A5:C3:D2:44:93:A4:59:12:2F:8F:04:C7:ED:BE:9C:33:37:83:23:E7:18:83:C7:0E:25,146,1340,CF8C:9B:2A:11:93:F3:6E:DF:59:CC:47:B0:85:BC:93:2B:B3:67:C2:7C:76:C9:0A:7F:0D:02:8F:02:27:A4:5C:56,1,CPutqHI+ya_zsschoGQ,AEAD_AES_256_GCM,FEFD
T01,1776601532080.545,transport,9064,861594,TLS_ECDHE_ECDSA_WITH_CHACHA20_POLY1305_SHA256,client,connected,fu+L,controlling,connected,CFA8:5E:DD:AF:14:84:89:A5:C3:D2:44:93:A4:59:12:2F:8F:04:C7:ED:BE:9C:33:37:83:23:E7:18:83:C7:0E:25,148,1365,CF8C:9B:2A:11:93:F3:6E:DF:59:CC:47:B0:85:BC:93:2B:B3:67:C2:7C:76:C9:0A:7F:0D:02:8F:02:27:A4:5C:56,1,CPutqHI+ya_zsschoGQ,AEAD_AES_256_GCM,FEFD
T01,1776601532080.545,transport,9064,861594,TLS_ECDHE_ECDSA_WITH_CHACHA20_POLY1305_SHA256,client,connected,fu+L,controlling,connected,CFA8:5E:DD:AF:14:84:89:A5:C3:D2:44:93:A4:59:12:2F:8F:04:C7:ED:BE:9C:33:37:83:23:E7:18:83:C7:0E:25,148,1365,CF8C:9B:2A:11:93:F3:6E:DF:59:CC:47:B0:85:BC:93:2B:B3:67:C2:7C:76:C9:0A:7F:0D:02:8F:02:27:A4:5C:56,1,CPutqHI+ya_zsschoGQ,AEAD_AES_256_GCM,FEFD
T01,1776601532280.596,transport,9176,878610,TLS_ECDHE_ECDSA_WITH_CHACHA20_POLY1305_SHA256,client,connected,fu+L,controlling,connected,CFA8:5E:DD:AF:14:84:89:A5:C3:D2:44:93:A4:59:12:2F:8F:04:C7:ED:BE:9C:33:37:83:23:E7:18:83:C7:0E:25,150,1382,CF8C:9B:2A:11:93:F3:6E:DF:59:CC:47:B0:85:BC:93:2B:B3:67:C2:7C:76:C9:0A:7F:0D:02:8F:02:27:A4:5C:56,1,CPutqHI+ya_zsschoGQ,AEAD_AES_256_GCM,FEFD
T01,1776601532280.596,transport,9176,878610,TLS_ECDHE_ECDSA_WITH_CHACHA20_POLY1305_SHA256,client,connected,fu+L,controlling,connected,CFA8:5E:DD:AF:14:84:89:A5:C3:D2:44:93:A4:59:12:2F:8F:04:C7:ED:BE:9C:33:37:83:23:E7:18:83:C7:0E:25,150,1382,CF8C:9B:2A:11:93:F3:6E:DF:59:CC:47:B0:85:BC:93:2B:B3:67:C2:7C:76:C9:0A:7F:0D:02:8F:02:27:A4:5C:56,1,CPutqHI+ya_zsschoGQ,AEAD_AES_256_GCM,FEFD
T01,1776601532480.658,transport,9284,899367,TLS_ECDHE_ECDSA_WITH_CHACHA20_POLY1305_SHA256,client,connected,fu+L,controlling,connected,CFA8:5E:DD:AF:14:84:89:A5:C3:D2:44:93:A4:59:12:2F:8F:04:C7:ED:BE:9C:33:37:83:23:E7:18:83:C7:0E:25,152,1404,CF8C:9B:2A:11:93:F3:6E:DF:59:CC:47:B0:85:BC:93:2B:B3:67:C2:7C:76:C9:0A:7F:0D:02:8F:02:27:A4:5C:56,1,CPutqHI+ya_zsschoGQ,AEAD_AES_256_GCM,FEFD
T01,1776601532480.658,transport,9284,899367,TLS_ECDHE_ECDSA_WITH_CHACHA20_POLY1305_SHA256,client,connected,fu+L,controlling,connected,CFA8:5E:DD:AF:14:84:89:A5:C3:D2:44:93:A4:59:12:2F:8F:04:C7:ED:BE:9C:33:37:83:23:E7:18:83:C7:0E:25,152,1404,CF8C:9B:2A:11:93:F3:6E:DF:59:CC:47:B0:85:BC:93:2B:B3:67:C2:7C:76:C9:0A:7F:0D:02:8F:02:27:A4:5C:56,1,CPutqHI+ya_zsschoGQ,AEAD_AES_256_GCM,FEFD
T01,1776601532680.678,transport,9392,921701,TLS_ECDHE_ECDSA_WITH_CHACHA20_POLY1305_SHA256,client,connected,fu+L,controlling,connected,CFA8:5E:DD:AF:14:84:89:A5:C3:D2:44:93:A4:59:12:2F:8F:04:C7:ED:BE:9C:33:37:83:23:E7:18:83:C7:0E:25,154,1428,CF8C:9B:2A:11:93:F3:6E:DF:59:CC:47:B0:85:BC:93:2B:B3:67:C2:7C:76:C9:0A:7F:0D:02:8F:02:27:A4:5C:56,1,CPutqHI+ya_zsschoGQ,AEAD_AES_256_GCM,FEFD
T01,1776601532680.678,transport,9392,921701,TLS_ECDHE_ECDSA_WITH_CHACHA20_POLY1305_SHA256,client,connected,fu+L,controlling,connected,CFA8:5E:DD:AF:14:84:89:A5:C3:D2:44:93:A4:59:12:2F:8F:04:C7:ED:BE:9C:33:37:83:23:E7:18:83:C7:0E:25,154,1428,CF8C:9B:2A:11:93:F3:6E:DF:59:CC:47:B0:85:BC:93:2B:B3:67:C2:7C:76:C9:0A:7F:0D:02:8F:02:27:A4:5C:56,1,CPutqHI+ya_zsschoGQ,AEAD_AES_256_GCM,FEFD
T01,1776601532880.561,transport,9644,942757,TLS_ECDHE_ECDSA_WITH_CHACHA20_POLY1305_SHA256,client,connected,fu+L,controlling,connected,CFA8:5E:DD:AF:14:84:89:A5:C3:D2:44:93:A4:59:12:2F:8F:04:C7:ED:BE:9C:33:37:83:23:E7:18:83:C7:0E:25,157,1450,CF8C:9B:2A:11:93:F3:6E:DF:59:CC:47:B0:85:BC:93:2B:B3:67:C2:7C:76:C9:0A:7F:0D:02:8F:02:27:A4:5C:56,1,CPutqHI+ya_zsschoGQ,AEAD_AES_256_GCM,FEFD
T01,1776601532880.561,transport,9644,942757,TLS_ECDHE_ECDSA_WITH_CHACHA20_POLY1305_SHA256,client,connected,fu+L,controlling,connected,CFA8:5E:DD:AF:14:84:89:A5:C3:D2:44:93:A4:59:12:2F:8F:04:C7:ED:BE:9C:33:37:83:23:E7:18:83:C7:0E:25,157,1450,CF8C:9B:2A:11:93:F3:6E:DF:59:CC:47:B0:85:BC:93:2B:B3:67:C2:7C:76:C9:0A:7F:0D:02:8F:02:27:A4:5C:56,1,CPutqHI+ya_zsschoGQ,AEAD_AES_256_GCM,FEFD
T01,1776601533080.591,transport,9752,968541,TLS_ECDHE_ECDSA_WITH_CHACHA20_POLY1305_SHA256,client,connected,fu+L,controlling,connected,CFA8:5E:DD:AF:14:84:89:A5:C3:D2:44:93:A4:59:12:2F:8F:04:C7:ED:BE:9C:33:37:83:23:E7:18:83:C7:0E:25,159,1475,CF8C:9B:2A:11:93:F3:6E:DF:59:CC:47:B0:85:BC:93:2B:B3:67:C2:7C:76:C9:0A:7F:0D:02:8F:02:27:A4:5C:56,1,CPutqHI+ya_zsschoGQ,AEAD_AES_256_GCM,FEFD
T01,1776601533080.591,transport,9752,968541,TLS_ECDHE_ECDSA_WITH_CHACHA20_POLY1305_SHA256,client,connected,fu+L,controlling,connected,CFA8:5E:DD:AF:14:84:89:A5:C3:D2:44:93:A4:59:12:2F:8F:04:C7:ED:BE:9C:33:37:83:23:E7:18:83:C7:0E:25,159,1475,CF8C:9B:2A:11:93:F3:6E:DF:59:CC:47:B0:85:BC:93:2B:B3:67:C2:7C:76:C9:0A:7F:0D:02:8F:02:27:A4:5C:56,1,CPutqHI+ya_zsschoGQ,AEAD_AES_256_GCM,FEFD
T01,1776601533280.676,transport,9860,987223,TLS_ECDHE_ECDSA_WITH_CHACHA20_POLY1305_SHA256,client,connected,fu+L,controlling,connected,CFA8:5E:DD:AF:14:84:89:A5:C3:D2:44:93:A4:59:12:2F:8F:04:C7:ED:BE:9C:33:37:83:23:E7:18:83:C7:0E:25,161,1493,CF8C:9B:2A:11:93:F3:6E:DF:59:CC:47:B0:85:BC:93:2B:B3:67:C2:7C:76:C9:0A:7F:0D:02:8F:02:27:A4:5C:56,1,CPutqHI+ya_zsschoGQ,AEAD_AES_256_GCM,FEFD
T01,1776601533280.676,transport,9860,987223,TLS_ECDHE_ECDSA_WITH_CHACHA20_POLY1305_SHA256,client,connected,fu+L,controlling,connected,CFA8:5E:DD:AF:14:84:89:A5:C3:D2:44:93:A4:59:12:2F:8F:04:C7:ED:BE:9C:33:37:83:23:E7:18:83:C7:0E:25,161,1493,CF8C:9B:2A:11:93:F3:6E:DF:59:CC:47:B0:85:BC:93:2B:B3:67:C2:7C:76:C9:0A:7F:0D:02:8F:02:27:A4:5C:56,1,CPutqHI+ya_zsschoGQ,AEAD_AES_256_GCM,FEFD
T01,1776601533480.631,transport,9976,1009870,TLS_ECDHE_ECDSA_WITH_CHACHA20_POLY1305_SHA256,client,connected,fu+L,controlling,connected,CFA8:5E:DD:AF:14:84:89:A5:C3:D2:44:93:A4:59:12:2F:8F:04:C7:ED:BE:9C:33:37:83:23:E7:18:83:C7:0E:25,163,1515,CF8C:9B:2A:11:93:F3:6E:DF:59:CC:47:B0:85:BC:93:2B:B3:67:C2:7C:76:C9:0A:7F:0D:02:8F:02:27:A4:5C:56,1,CPutqHI+ya_zsschoGQ,AEAD_AES_256_GCM,FEFD
T01,1776601533480.631,transport,9976,1009870,TLS_ECDHE_ECDSA_WITH_CHACHA20_POLY1305_SHA256,client,connected,fu+L,controlling,connected,CFA8:5E:DD:AF:14:84:89:A5:C3:D2:44:93:A4:59:12:2F:8F:04:C7:ED:BE:9C:33:37:83:23:E7:18:83:C7:0E:25,163,1515,CF8C:9B:2A:11:93:F3:6E:DF:59:CC:47:B0:85:BC:93:2B:B3:67:C2:7C:76:C9:0A:7F:0D:02:8F:02:27:A4:5C:56,1,CPutqHI+ya_zsschoGQ,AEAD_AES_256_GCM,FEFD
T01,1776601533680.508,transport,10084,1032622,TLS_ECDHE_ECDSA_WITH_CHACHA20_POLY1305_SHA256,client,connected,fu+L,controlling,connected,CFA8:5E:DD:AF:14:84:89:A5:C3:D2:44:93:A4:59:12:2F:8F:04:C7:ED:BE:9C:33:37:83:23:E7:18:83:C7:0E:25,165,1540,CF8C:9B:2A:11:93:F3:6E:DF:59:CC:47:B0:85:BC:93:2B:B3:67:C2:7C:76:C9:0A:7F:0D:02:8F:02:27:A4:5C:56,1,CPutqHI+ya_zsschoGQ,AEAD_AES_256_GCM,FEFD
T01,1776601533680.508,transport,10084,1032622,TLS_ECDHE_ECDSA_WITH_CHACHA20_POLY1305_SHA256,client,connected,fu+L,controlling,connected,CFA8:5E:DD:AF:14:84:89:A5:C3:D2:44:93:A4:59:12:2F:8F:04:C7:ED:BE:9C:33:37:83:23:E7:18:83:C7:0E:25,165,1540,CF8C:9B:2A:11:93:F3:6E:DF:59:CC:47:B0:85:BC:93:2B:B3:67:C2:7C:76:C9:0A:7F:0D:02:8F:02:27:A4:5C:56,1,CPutqHI+ya_zsschoGQ,AEAD_AES_256_GCM,FEFD
T01,1776601533880.519,transport,10196,1055500,TLS_ECDHE_ECDSA_WITH_CHACHA20_POLY1305_SHA256,client,connected,fu+L,controlling,connected,CFA8:5E:DD:AF:14:84:89:A5:C3:D2:44:93:A4:59:12:2F:8F:04:C7:ED:BE:9C:33:37:83:23:E7:18:83:C7:0E:25,167,1562,CF8C:9B:2A:11:93:F3:6E:DF:59:CC:47:B0:85:BC:93:2B:B3:67:C2:7C:76:C9:0A:7F:0D:02:8F:02:27:A4:5C:56,1,CPutqHI+ya_zsschoGQ,AEAD_AES_256_GCM,FEFD
T01,1776601533880.519,transport,10196,1055500,TLS_ECDHE_ECDSA_WITH_CHACHA20_POLY1305_SHA256,client,connected,fu+L,controlling,connected,CFA8:5E:DD:AF:14:84:89:A5:C3:D2:44:93:A4:59:12:2F:8F:04:C7:ED:BE:9C:33:37:83:23:E7:18:83:C7:0E:25,167,1562,CF8C:9B:2A:11:93:F3:6E:DF:59:CC:47:B0:85:BC:93:2B:B3:67:C2:7C:76:C9:0A:7F:0D:02:8F:02:27:A4:5C:56,1,CPutqHI+ya_zsschoGQ,AEAD_AES_256_GCM,FEFD
T01,1776601534080.658,transport,10452,1082682,TLS_ECDHE_ECDSA_WITH_CHACHA20_POLY1305_SHA256,client,connected,fu+L,controlling,connected,CFA8:5E:DD:AF:14:84:89:A5:C3:D2:44:93:A4:59:12:2F:8F:04:C7:ED:BE:9C:33:37:83:23:E7:18:83:C7:0E:25,170,1589,CF8C:9B:2A:11:93:F3:6E:DF:59:CC:47:B0:85:BC:93:2B:B3:67:C2:7C:76:C9:0A:7F:0D:02:8F:02:27:A4:5C:56,1,CPutqHI+ya_zsschoGQ,AEAD_AES_256_GCM,FEFD
T01,1776601534080.658,transport,10452,1082682,TLS_ECDHE_ECDSA_WITH_CHACHA20_POLY1305_SHA256,client,connected,fu+L,controlling,connected,CFA8:5E:DD:AF:14:84:89:A5:C3:D2:44:93:A4:59:12:2F:8F:04:C7:ED:BE:9C:33:37:83:23:E7:18:83:C7:0E:25,170,1589,CF8C:9B:2A:11:93:F3:6E:DF:59:CC:47:B0:85:BC:93:2B:B3:67:C2:7C:76:C9:0A:7F:0D:02:8F:02:27:A4:5C:56,1,CPutqHI+ya_zsschoGQ,AEAD_AES_256_GCM,FEFD
T01,1776601534280.627,transport,10564,1102597,TLS_ECDHE_ECDSA_WITH_CHACHA20_POLY1305_SHA256,client,connected,fu+L,controlling,connected,CFA8:5E:DD:AF:14:84:89:A5:C3:D2:44:93:A4:59:12:2F:8F:04:C7:ED:BE:9C:33:37:83:23:E7:18:83:C7:0E:25,172,1608,CF8C:9B:2A:11:93:F3:6E:DF:59:CC:47:B0:85:BC:93:2B:B3:67:C2:7C:76:C9:0A:7F:0D:02:8F:02:27:A4:5C:56,1,CPutqHI+ya_zsschoGQ,AEAD_AES_256_GCM,FEFD
T01,1776601534280.627,transport,10564,1102597,TLS_ECDHE_ECDSA_WITH_CHACHA20_POLY1305_SHA256,client,connected,fu+L,controlling,connected,CFA8:5E:DD:AF:14:84:89:A5:C3:D2:44:93:A4:59:12:2F:8F:04:C7:ED:BE:9C:33:37:83:23:E7:18:83:C7:0E:25,172,1608,CF8C:9B:2A:11:93:F3:6E:DF:59:CC:47:B0:85:BC:93:2B:B3:67:C2:7C:76:C9:0A:7F:0D:02:8F:02:27:A4:5C:56,1,CPutqHI+ya_zsschoGQ,AEAD_AES_256_GCM,FEFD
T01,1776601534480.562,transport,10680,1133934,TLS_ECDHE_ECDSA_WITH_CHACHA20_POLY1305_SHA256,client,connected,fu+L,controlling,connected,CFA8:5E:DD:AF:14:84:89:A5:C3:D2:44:93:A4:59:12:2F:8F:04:C7:ED:BE:9C:33:37:83:23:E7:18:83:C7:0E:25,174,1637,CF8C:9B:2A:11:93:F3:6E:DF:59:CC:47:B0:85:BC:93:2B:B3:67:C2:7C:76:C9:0A:7F:0D:02:8F:02:27:A4:5C:56,1,CPutqHI+ya_zsschoGQ,AEAD_AES_256_GCM,FEFD
T01,1776601534480.562,transport,10680,1133934,TLS_ECDHE_ECDSA_WITH_CHACHA20_POLY1305_SHA256,client,connected,fu+L,controlling,connected,CFA8:5E:DD:AF:14:84:89:A5:C3:D2:44:93:A4:59:12:2F:8F:04:C7:ED:BE:9C:33:37:83:23:E7:18:83:C7:0E:25,174,1637,CF8C:9B:2A:11:93:F3:6E:DF:59:CC:47:B0:85:BC:93:2B:B3:67:C2:7C:76:C9:0A:7F:0D:02:8F:02:27:A4:5C:56,1,CPutqHI+ya_zsschoGQ,AEAD_AES_256_GCM,FEFD
T01,1776601534680.661,transport,10788,1151818,TLS_ECDHE_ECDSA_WITH_CHACHA20_POLY1305_SHA256,client,connected,fu+L,controlling,connected,CFA8:5E:DD:AF:14:84:89:A5:C3:D2:44:93:A4:59:12:2F:8F:04:C7:ED:BE:9C:33:37:83:23:E7:18:83:C7:0E:25,176,1655,CF8C:9B:2A:11:93:F3:6E:DF:59:CC:47:B0:85:BC:93:2B:B3:67:C2:7C:76:C9:0A:7F:0D:02:8F:02:27:A4:5C:56,1,CPutqHI+ya_zsschoGQ,AEAD_AES_256_GCM,FEFD
T01,1776601534680.661,transport,10788,1151818,TLS_ECDHE_ECDSA_WITH_CHACHA20_POLY1305_SHA256,client,connected,fu+L,controlling,connected,CFA8:5E:DD:AF:14:84:89:A5:C3:D2:44:93:A4:59:12:2F:8F:04:C7:ED:BE:9C:33:37:83:23:E7:18:83:C7:0E:25,176,1655,CF8C:9B:2A:11:93:F3:6E:DF:59:CC:47:B0:85:BC:93:2B:B3:67:C2:7C:76:C9:0A:7F:0D:02:8F:02:27:A4:5C:56,1,CPutqHI+ya_zsschoGQ,AEAD_AES_256_GCM,FEFD
T01,1776601534880.602,transport,10900,1177309,TLS_ECDHE_ECDSA_WITH_CHACHA20_POLY1305_SHA256,client,connected,fu+L,controlling,connected,CFA8:5E:DD:AF:14:84:89:A5:C3:D2:44:93:A4:59:12:2F:8F:04:C7:ED:BE:9C:33:37:83:23:E7:18:83:C7:0E:25,178,1681,CF8C:9B:2A:11:93:F3:6E:DF:59:CC:47:B0:85:BC:93:2B:B3:67:C2:7C:76:C9:0A:7F:0D:02:8F:02:27:A4:5C:56,1,CPutqHI+ya_zsschoGQ,AEAD_AES_256_GCM,FEFD
T01,1776601534880.602,transport,10900,1177309,TLS_ECDHE_ECDSA_WITH_CHACHA20_POLY1305_SHA256,client,connected,fu+L,controlling,connected,CFA8:5E:DD:AF:14:84:89:A5:C3:D2:44:93:A4:59:12:2F:8F:04:C7:ED:BE:9C:33:37:83:23:E7:18:83:C7:0E:25,178,1681,CF8C:9B:2A:11:93:F3:6E:DF:59:CC:47:B0:85:BC:93:2B:B3:67:C2:7C:76:C9:0A:7F:0D:02:8F:02:27:A4:5C:56,1,CPutqHI+ya_zsschoGQ,AEAD_AES_256_GCM,FEFD
T01,1776601535080.686,transport,11012,1207049,TLS_ECDHE_ECDSA_WITH_CHACHA20_POLY1305_SHA256,client,connected,fu+L,controlling,connected,CFA8:5E:DD:AF:14:84:89:A5:C3:D2:44:93:A4:59:12:2F:8F:04:C7:ED:BE:9C:33:37:83:23:E7:18:83:C7:0E:25,180,1710,CF8C:9B:2A:11:93:F3:6E:DF:59:CC:47:B0:85:BC:93:2B:B3:67:C2:7C:76:C9:0A:7F:0D:02:8F:02:27:A4:5C:56,1,CPutqHI+ya_zsschoGQ,AEAD_AES_256_GCM,FEFD
T01,1776601535080.686,transport,11012,1207049,TLS_ECDHE_ECDSA_WITH_CHACHA20_POLY1305_SHA256,client,connected,fu+L,controlling,connected,CFA8:5E:DD:AF:14:84:89:A5:C3:D2:44:93:A4:59:12:2F:8F:04:C7:ED:BE:9C:33:37:83:23:E7:18:83:C7:0E:25,180,1710,CF8C:9B:2A:11:93:F3:6E:DF:59:CC:47:B0:85:BC:93:2B:B3:67:C2:7C:76:C9:0A:7F:0D:02:8F:02:27:A4:5C:56,1,CPutqHI+ya_zsschoGQ,AEAD_AES_256_GCM,FEFD
T01,1776601535280.583,transport,11268,1229784,TLS_ECDHE_ECDSA_WITH_CHACHA20_POLY1305_SHA256,client,connected,fu+L,controlling,connected,CFA8:5E:DD:AF:14:84:89:A5:C3:D2:44:93:A4:59:12:2F:8F:04:C7:ED:BE:9C:33:37:83:23:E7:18:83:C7:0E:25,183,1732,CF8C:9B:2A:11:93:F3:6E:DF:59:CC:47:B0:85:BC:93:2B:B3:67:C2:7C:76:C9:0A:7F:0D:02:8F:02:27:A4:5C:56,1,CPutqHI+ya_zsschoGQ,AEAD_AES_256_GCM,FEFD
T01,1776601535280.583,transport,11268,1229784,TLS_ECDHE_ECDSA_WITH_CHACHA20_POLY1305_SHA256,client,connected,fu+L,controlling,connected,CFA8:5E:DD:AF:14:84:89:A5:C3:D2:44:93:A4:59:12:2F:8F:04:C7:ED:BE:9C:33:37:83:23:E7:18:83:C7:0E:25,183,1732,CF8C:9B:2A:11:93:F3:6E:DF:59:CC:47:B0:85:BC:93:2B:B3:67:C2:7C:76:C9:0A:7F:0D:02:8F:02:27:A4:5C:56,1,CPutqHI+ya_zsschoGQ,AEAD_AES_256_GCM,FEFD
T01,1776601535480.543,transport,11380,1257013,TLS_ECDHE_ECDSA_WITH_CHACHA20_POLY1305_SHA256,client,connected,fu+L,controlling,connected,CFA8:5E:DD:AF:14:84:89:A5:C3:D2:44:93:A4:59:12:2F:8F:04:C7:ED:BE:9C:33:37:83:23:E7:18:83:C7:0E:25,185,1759,CF8C:9B:2A:11:93:F3:6E:DF:59:CC:47:B0:85:BC:93:2B:B3:67:C2:7C:76:C9:0A:7F:0D:02:8F:02:27:A4:5C:56,1,CPutqHI+ya_zsschoGQ,AEAD_AES_256_GCM,FEFD
T01,1776601535480.543,transport,11380,1257013,TLS_ECDHE_ECDSA_WITH_CHACHA20_POLY1305_SHA256,client,connected,fu+L,controlling,connected,CFA8:5E:DD:AF:14:84:89:A5:C3:D2:44:93:A4:59:12:2F:8F:04:C7:ED:BE:9C:33:37:83:23:E7:18:83:C7:0E:25,185,1759,CF8C:9B:2A:11:93:F3:6E:DF:59:CC:47:B0:85:BC:93:2B:B3:67:C2:7C:76:C9:0A:7F:0D:02:8F:02:27:A4:5C:56,1,CPutqHI+ya_zsschoGQ,AEAD_AES_256_GCM,FEFD
T01,1776601535680.602,transport,11492,1282702,TLS_ECDHE_ECDSA_WITH_CHACHA20_POLY1305_SHA256,client,connected,fu+L,controlling,connected,CFA8:5E:DD:AF:14:84:89:A5:C3:D2:44:93:A4:59:12:2F:8F:04:C7:ED:BE:9C:33:37:83:23:E7:18:83:C7:0E:25,187,1785,CF8C:9B:2A:11:93:F3:6E:DF:59:CC:47:B0:85:BC:93:2B:B3:67:C2:7C:76:C9:0A:7F:0D:02:8F:02:27:A4:5C:56,1,CPutqHI+ya_zsschoGQ,AEAD_AES_256_GCM,FEFD
T01,1776601535680.602,transport,11492,1282702,TLS_ECDHE_ECDSA_WITH_CHACHA20_POLY1305_SHA256,client,connected,fu+L,controlling,connected,CFA8:5E:DD:AF:14:84:89:A5:C3:D2:44:93:A4:59:12:2F:8F:04:C7:ED:BE:9C:33:37:83:23:E7:18:83:C7:0E:25,187,1785,CF8C:9B:2A:11:93:F3:6E:DF:59:CC:47:B0:85:BC:93:2B:B3:67:C2:7C:76:C9:0A:7F:0D:02:8F:02:27:A4:5C:56,1,CPutqHI+ya_zsschoGQ,AEAD_AES_256_GCM,FEFD
T01,1776601535880.667,transport,11604,1309257,TLS_ECDHE_ECDSA_WITH_CHACHA20_POLY1305_SHA256,client,connected,fu+L,controlling,connected,CFA8:5E:DD:AF:14:84:89:A5:C3:D2:44:93:A4:59:12:2F:8F:04:C7:ED:BE:9C:33:37:83:23:E7:18:83:C7:0E:25,189,1811,CF8C:9B:2A:11:93:F3:6E:DF:59:CC:47:B0:85:BC:93:2B:B3:67:C2:7C:76:C9:0A:7F:0D:02:8F:02:27:A4:5C:56,1,CPutqHI+ya_zsschoGQ,AEAD_AES_256_GCM,FEFD
T01,1776601535880.667,transport,11604,1309257,TLS_ECDHE_ECDSA_WITH_CHACHA20_POLY1305_SHA256,client,connected,fu+L,controlling,connected,CFA8:5E:DD:AF:14:84:89:A5:C3:D2:44:93:A4:59:12:2F:8F:04:C7:ED:BE:9C:33:37:83:23:E7:18:83:C7:0E:25,189,1811,CF8C:9B:2A:11:93:F3:6E:DF:59:CC:47:B0:85:BC:93:2B:B3:67:C2:7C:76:C9:0A:7F:0D:02:8F:02:27:A4:5C:56,1,CPutqHI+ya_zsschoGQ,AEAD_AES_256_GCM,FEFD
T01,1776601536080.583,transport,11716,1338021,TLS_ECDHE_ECDSA_WITH_CHACHA20_POLY1305_SHA256,client,connected,fu+L,controlling,connected,CFA8:5E:DD:AF:14:84:89:A5:C3:D2:44:93:A4:59:12:2F:8F:04:C7:ED:BE:9C:33:37:83:23:E7:18:83:C7:0E:25,191,1839,CF8C:9B:2A:11:93:F3:6E:DF:59:CC:47:B0:85:BC:93:2B:B3:67:C2:7C:76:C9:0A:7F:0D:02:8F:02:27:A4:5C:56,1,CPutqHI+ya_zsschoGQ,AEAD_AES_256_GCM,FEFD
T01,1776601536080.583,transport,11716,1338021,TLS_ECDHE_ECDSA_WITH_CHACHA20_POLY1305_SHA256,client,connected,fu+L,controlling,connected,CFA8:5E:DD:AF:14:84:89:A5:C3:D2:44:93:A4:59:12:2F:8F:04:C7:ED:BE:9C:33:37:83:23:E7:18:83:C7:0E:25,191,1839,CF8C:9B:2A:11:93:F3:6E:DF:59:CC:47:B0:85:BC:93:2B:B3:67:C2:7C:76:C9:0A:7F:0D:02:8F:02:27:A4:5C:56,1,CPutqHI+ya_zsschoGQ,AEAD_AES_256_GCM,FEFD
T01,1776601536280.635,transport,11828,1368126,TLS_ECDHE_ECDSA_WITH_CHACHA20_POLY1305_SHA256,client,connected,fu+L,controlling,connected,CFA8:5E:DD:AF:14:84:89:A5:C3:D2:44:93:A4:59:12:2F:8F:04:C7:ED:BE:9C:33:37:83:23:E7:18:83:C7:0E:25,193,1868,CF8C:9B:2A:11:93:F3:6E:DF:59:CC:47:B0:85:BC:93:2B:B3:67:C2:7C:76:C9:0A:7F:0D:02:8F:02:27:A4:5C:56,1,CPutqHI+ya_zsschoGQ,AEAD_AES_256_GCM,FEFD
T01,1776601536280.635,transport,11828,1368126,TLS_ECDHE_ECDSA_WITH_CHACHA20_POLY1305_SHA256,client,connected,fu+L,controlling,connected,CFA8:5E:DD:AF:14:84:89:A5:C3:D2:44:93:A4:59:12:2F:8F:04:C7:ED:BE:9C:33:37:83:23:E7:18:83:C7:0E:25,193,1868,CF8C:9B:2A:11:93:F3:6E:DF:59:CC:47:B0:85:BC:93:2B:B3:67:C2:7C:76:C9:0A:7F:0D:02:8F:02:27:A4:5C:56,1,CPutqHI+ya_zsschoGQ,AEAD_AES_256_GCM,FEFD
T01,1776601536480.641,transport,11944,1393896,TLS_ECDHE_ECDSA_WITH_CHACHA20_POLY1305_SHA256,client,connected,fu+L,controlling,connected,CFA8:5E:DD:AF:14:84:89:A5:C3:D2:44:93:A4:59:12:2F:8F:04:C7:ED:BE:9C:33:37:83:23:E7:18:83:C7:0E:25,195,1895,CF8C:9B:2A:11:93:F3:6E:DF:59:CC:47:B0:85:BC:93:2B:B3:67:C2:7C:76:C9:0A:7F:0D:02:8F:02:27:A4:5C:56,1,CPutqHI+ya_zsschoGQ,AEAD_AES_256_GCM,FEFD
T01,1776601536480.641,transport,11944,1393896,TLS_ECDHE_ECDSA_WITH_CHACHA20_POLY1305_SHA256,client,connected,fu+L,controlling,connected,CFA8:5E:DD:AF:14:84:89:A5:C3:D2:44:93:A4:59:12:2F:8F:04:C7:ED:BE:9C:33:37:83:23:E7:18:83:C7:0E:25,195,1895,CF8C:9B:2A:11:93:F3:6E:DF:59:CC:47:B0:85:BC:93:2B:B3:67:C2:7C:76:C9:0A:7F:0D:02:8F:02:27:A4:5C:56,1,CPutqHI+ya_zsschoGQ,AEAD_AES_256_GCM,FEFD
T01,1776601536680.538,transport,12060,1425066,TLS_ECDHE_ECDSA_WITH_CHACHA20_POLY1305_SHA256,client,connected,fu+L,controlling,connected,CFA8:5E:DD:AF:14:84:89:A5:C3:D2:44:93:A4:59:12:2F:8F:04:C7:ED:BE:9C:33:37:83:23:E7:18:83:C7:0E:25,197,1925,CF8C:9B:2A:11:93:F3:6E:DF:59:CC:47:B0:85:BC:93:2B:B3:67:C2:7C:76:C9:0A:7F:0D:02:8F:02:27:A4:5C:56,1,CPutqHI+ya_zsschoGQ,AEAD_AES_256_GCM,FEFD
T01,1776601536680.538,transport,12060,1425066,TLS_ECDHE_ECDSA_WITH_CHACHA20_POLY1305_SHA256,client,connected,fu+L,controlling,connected,CFA8:5E:DD:AF:14:84:89:A5:C3:D2:44:93:A4:59:12:2F:8F:04:C7:ED:BE:9C:33:37:83:23:E7:18:83:C7:0E:25,197,1925,CF8C:9B:2A:11:93:F3:6E:DF:59:CC:47:B0:85:BC:93:2B:B3:67:C2:7C:76:C9:0A:7F:0D:02:8F:02:27:A4:5C:56,1,CPutqHI+ya_zsschoGQ,AEAD_AES_256_GCM,FEFD
T01,1776601536880.561,transport,12316,1452203,TLS_ECDHE_ECDSA_WITH_CHACHA20_POLY1305_SHA256,client,connected,fu+L,controlling,connected,CFA8:5E:DD:AF:14:84:89:A5:C3:D2:44:93:A4:59:12:2F:8F:04:C7:ED:BE:9C:33:37:83:23:E7:18:83:C7:0E:25,200,1953,CF8C:9B:2A:11:93:F3:6E:DF:59:CC:47:B0:85:BC:93:2B:B3:67:C2:7C:76:C9:0A:7F:0D:02:8F:02:27:A4:5C:56,1,CPutqHI+ya_zsschoGQ,AEAD_AES_256_GCM,FEFD
T01,1776601536880.561,transport,12316,1452203,TLS_ECDHE_ECDSA_WITH_CHACHA20_POLY1305_SHA256,client,connected,fu+L,controlling,connected,CFA8:5E:DD:AF:14:84:89:A5:C3:D2:44:93:A4:59:12:2F:8F:04:C7:ED:BE:9C:33:37:83:23:E7:18:83:C7:0E:25,200,1953,CF8C:9B:2A:11:93:F3:6E:DF:59:CC:47:B0:85:BC:93:2B:B3:67:C2:7C:76:C9:0A:7F:0D:02:8F:02:27:A4:5C:56,1,CPutqHI+ya_zsschoGQ,AEAD_AES_256_GCM,FEFD
T01,1776601537080.738,transport,12436,1483643,TLS_ECDHE_ECDSA_WITH_CHACHA20_POLY1305_SHA256,client,connected,fu+L,controlling,connected,CFA8:5E:DD:AF:14:84:89:A5:C3:D2:44:93:A4:59:12:2F:8F:04:C7:ED:BE:9C:33:37:83:23:E7:18:83:C7:0E:25,202,1984,CF8C:9B:2A:11:93:F3:6E:DF:59:CC:47:B0:85:BC:93:2B:B3:67:C2:7C:76:C9:0A:7F:0D:02:8F:02:27:A4:5C:56,1,CPutqHI+ya_zsschoGQ,AEAD_AES_256_GCM,FEFD
T01,1776601537080.738,transport,12436,1483643,TLS_ECDHE_ECDSA_WITH_CHACHA20_POLY1305_SHA256,client,connected,fu+L,controlling,connected,CFA8:5E:DD:AF:14:84:89:A5:C3:D2:44:93:A4:59:12:2F:8F:04:C7:ED:BE:9C:33:37:83:23:E7:18:83:C7:0E:25,202,1984,CF8C:9B:2A:11:93:F3:6E:DF:59:CC:47:B0:85:BC:93:2B:B3:67:C2:7C:76:C9:0A:7F:0D:02:8F:02:27:A4:5C:56,1,CPutqHI+ya_zsschoGQ,AEAD_AES_256_GCM,FEFD
T01,1776601537280.573,transport,12552,1513916,TLS_ECDHE_ECDSA_WITH_CHACHA20_POLY1305_SHA256,client,connected,fu+L,controlling,connected,CFA8:5E:DD:AF:14:84:89:A5:C3:D2:44:93:A4:59:12:2F:8F:04:C7:ED:BE:9C:33:37:83:23:E7:18:83:C7:0E:25,204,2013,CF8C:9B:2A:11:93:F3:6E:DF:59:CC:47:B0:85:BC:93:2B:B3:67:C2:7C:76:C9:0A:7F:0D:02:8F:02:27:A4:5C:56,1,CPutqHI+ya_zsschoGQ,AEAD_AES_256_GCM,FEFD
T01,1776601537280.573,transport,12552,1513916,TLS_ECDHE_ECDSA_WITH_CHACHA20_POLY1305_SHA256,client,connected,fu+L,controlling,connected,CFA8:5E:DD:AF:14:84:89:A5:C3:D2:44:93:A4:59:12:2F:8F:04:C7:ED:BE:9C:33:37:83:23:E7:18:83:C7:0E:25,204,2013,CF8C:9B:2A:11:93:F3:6E:DF:59:CC:47:B0:85:BC:93:2B:B3:67:C2:7C:76:C9:0A:7F:0D:02:8F:02:27:A4:5C:56,1,CPutqHI+ya_zsschoGQ,AEAD_AES_256_GCM,FEFD
T01,1776601537480.566,transport,12672,1547245,TLS_ECDHE_ECDSA_WITH_CHACHA20_POLY1305_SHA256,client,connected,fu+L,controlling,connected,CFA8:5E:DD:AF:14:84:89:A5:C3:D2:44:93:A4:59:12:2F:8F:04:C7:ED:BE:9C:33:37:83:23:E7:18:83:C7:0E:25,206,2045,CF8C:9B:2A:11:93:F3:6E:DF:59:CC:47:B0:85:BC:93:2B:B3:67:C2:7C:76:C9:0A:7F:0D:02:8F:02:27:A4:5C:56,1,CPutqHI+ya_zsschoGQ,AEAD_AES_256_GCM,FEFD
T01,1776601537480.566,transport,12672,1547245,TLS_ECDHE_ECDSA_WITH_CHACHA20_POLY1305_SHA256,client,connected,fu+L,controlling,connected,CFA8:5E:DD:AF:14:84:89:A5:C3:D2:44:93:A4:59:12:2F:8F:04:C7:ED:BE:9C:33:37:83:23:E7:18:83:C7:0E:25,206,2045,CF8C:9B:2A:11:93:F3:6E:DF:59:CC:47:B0:85:BC:93:2B:B3:67:C2:7C:76:C9:0A:7F:0D:02:8F:02:27:A4:5C:56,1,CPutqHI+ya_zsschoGQ,AEAD_AES_256_GCM,FEFD
T01,1776601537680.549,transport,12788,1573947,TLS_ECDHE_ECDSA_WITH_CHACHA20_POLY1305_SHA256,client,connected,fu+L,controlling,connected,CFA8:5E:DD:AF:14:84:89:A5:C3:D2:44:93:A4:59:12:2F:8F:04:C7:ED:BE:9C:33:37:83:23:E7:18:83:C7:0E:25,208,2073,CF8C:9B:2A:11:93:F3:6E:DF:59:CC:47:B0:85:BC:93:2B:B3:67:C2:7C:76:C9:0A:7F:0D:02:8F:02:27:A4:5C:56,1,CPutqHI+ya_zsschoGQ,AEAD_AES_256_GCM,FEFD
T01,1776601537680.549,transport,12788,1573947,TLS_ECDHE_ECDSA_WITH_CHACHA20_POLY1305_SHA256,client,connected,fu+L,controlling,connected,CFA8:5E:DD:AF:14:84:89:A5:C3:D2:44:93:A4:59:12:2F:8F:04:C7:ED:BE:9C:33:37:83:23:E7:18:83:C7:0E:25,208,2073,CF8C:9B:2A:11:93:F3:6E:DF:59:CC:47:B0:85:BC:93:2B:B3:67:C2:7C:76:C9:0A:7F:0D:02:8F:02:27:A4:5C:56,1,CPutqHI+ya_zsschoGQ,AEAD_AES_256_GCM,FEFD
T01,1776601537880.524,transport,12912,1609075,TLS_ECDHE_ECDSA_WITH_CHACHA20_POLY1305_SHA256,client,connected,fu+L,controlling,connected,CFA8:5E:DD:AF:14:84:89:A5:C3:D2:44:93:A4:59:12:2F:8F:04:C7:ED:BE:9C:33:37:83:23:E7:18:83:C7:0E:25,210,2107,CF8C:9B:2A:11:93:F3:6E:DF:59:CC:47:B0:85:BC:93:2B:B3:67:C2:7C:76:C9:0A:7F:0D:02:8F:02:27:A4:5C:56,1,CPutqHI+ya_zsschoGQ,AEAD_AES_256_GCM,FEFD
T01,1776601537880.524,transport,12912,1609075,TLS_ECDHE_ECDSA_WITH_CHACHA20_POLY1305_SHA256,client,connected,fu+L,controlling,connected,CFA8:5E:DD:AF:14:84:89:A5:C3:D2:44:93:A4:59:12:2F:8F:04:C7:ED:BE:9C:33:37:83:23:E7:18:83:C7:0E:25,210,2107,CF8C:9B:2A:11:93:F3:6E:DF:59:CC:47:B0:85:BC:93:2B:B3:67:C2:7C:76:C9:0A:7F:0D:02:8F:02:27:A4:5C:56,1,CPutqHI+ya_zsschoGQ,AEAD_AES_256_GCM,FEFD
T01,1776601538080.642,transport,13172,1637714,TLS_ECDHE_ECDSA_WITH_CHACHA20_POLY1305_SHA256,client,connected,fu+L,controlling,connected,CFA8:5E:DD:AF:14:84:89:A5:C3:D2:44:93:A4:59:12:2F:8F:04:C7:ED:BE:9C:33:37:83:23:E7:18:83:C7:0E:25,213,2135,CF8C:9B:2A:11:93:F3:6E:DF:59:CC:47:B0:85:BC:93:2B:B3:67:C2:7C:76:C9:0A:7F:0D:02:8F:02:27:A4:5C:56,1,CPutqHI+ya_zsschoGQ,AEAD_AES_256_GCM,FEFD
T01,1776601538080.642,transport,13172,1637714,TLS_ECDHE_ECDSA_WITH_CHACHA20_POLY1305_SHA256,client,connected,fu+L,controlling,connected,CFA8:5E:DD:AF:14:84:89:A5:C3:D2:44:93:A4:59:12:2F:8F:04:C7:ED:BE:9C:33:37:83:23:E7:18:83:C7:0E:25,213,2135,CF8C:9B:2A:11:93:F3:6E:DF:59:CC:47:B0:85:BC:93:2B:B3:67:C2:7C:76:C9:0A:7F:0D:02:8F:02:27:A4:5C:56,1,CPutqHI+ya_zsschoGQ,AEAD_AES_256_GCM,FEFD
T01,1776601538280.432,transport,13292,1675174,TLS_ECDHE_ECDSA_WITH_CHACHA20_POLY1305_SHA256,client,connected,fu+L,controlling,connected,CFA8:5E:DD:AF:14:84:89:A5:C3:D2:44:93:A4:59:12:2F:8F:04:C7:ED:BE:9C:33:37:83:23:E7:18:83:C7:0E:25,215,2173,CF8C:9B:2A:11:93:F3:6E:DF:59:CC:47:B0:85:BC:93:2B:B3:67:C2:7C:76:C9:0A:7F:0D:02:8F:02:27:A4:5C:56,1,CPutqHI+ya_zsschoGQ,AEAD_AES_256_GCM,FEFD
T01,1776601538280.432,transport,13292,1675174,TLS_ECDHE_ECDSA_WITH_CHACHA20_POLY1305_SHA256,client,connected,fu+L,controlling,connected,CFA8:5E:DD:AF:14:84:89:A5:C3:D2:44:93:A4:59:12:2F:8F:04:C7:ED:BE:9C:33:37:83:23:E7:18:83:C7:0E:25,215,2173,CF8C:9B:2A:11:93:F3:6E:DF:59:CC:47:B0:85:BC:93:2B:B3:67:C2:7C:76:C9:0A:7F:0D:02:8F:02:27:A4:5C:56,1,CPutqHI+ya_zsschoGQ,AEAD_AES_256_GCM,FEFD
T01,1776601538480.49,transport,13412,1704032,TLS_ECDHE_ECDSA_WITH_CHACHA20_POLY1305_SHA256,client,connected,fu+L,controlling,connected,CFA8:5E:DD:AF:14:84:89:A5:C3:D2:44:93:A4:59:12:2F:8F:04:C7:ED:BE:9C:33:37:83:23:E7:18:83:C7:0E:25,217,2203,CF8C:9B:2A:11:93:F3:6E:DF:59:CC:47:B0:85:BC:93:2B:B3:67:C2:7C:76:C9:0A:7F:0D:02:8F:02:27:A4:5C:56,1,CPutqHI+ya_zsschoGQ,AEAD_AES_256_GCM,FEFD
T01,1776601538480.49,transport,13412,1704032,TLS_ECDHE_ECDSA_WITH_CHACHA20_POLY1305_SHA256,client,connected,fu+L,controlling,connected,CFA8:5E:DD:AF:14:84:89:A5:C3:D2:44:93:A4:59:12:2F:8F:04:C7:ED:BE:9C:33:37:83:23:E7:18:83:C7:0E:25,217,2203,CF8C:9B:2A:11:93:F3:6E:DF:59:CC:47:B0:85:BC:93:2B:B3:67:C2:7C:76:C9:0A:7F:0D:02:8F:02:27:A4:5C:56,1,CPutqHI+ya_zsschoGQ,AEAD_AES_256_GCM,FEFD
T01,1776601538680.447,transport,13540,1744872,TLS_ECDHE_ECDSA_WITH_CHACHA20_POLY1305_SHA256,client,connected,fu+L,controlling,connected,CFA8:5E:DD:AF:14:84:89:A5:C3:D2:44:93:A4:59:12:2F:8F:04:C7:ED:BE:9C:33:37:83:23:E7:18:83:C7:0E:25,219,2244,CF8C:9B:2A:11:93:F3:6E:DF:59:CC:47:B0:85:BC:93:2B:B3:67:C2:7C:76:C9:0A:7F:0D:02:8F:02:27:A4:5C:56,1,CPutqHI+ya_zsschoGQ,AEAD_AES_256_GCM,FEFD
T01,1776601538680.447,transport,13540,1744872,TLS_ECDHE_ECDSA_WITH_CHACHA20_POLY1305_SHA256,client,connected,fu+L,controlling,connected,CFA8:5E:DD:AF:14:84:89:A5:C3:D2:44:93:A4:59:12:2F:8F:04:C7:ED:BE:9C:33:37:83:23:E7:18:83:C7:0E:25,219,2244,CF8C:9B:2A:11:93:F3:6E:DF:59:CC:47:B0:85:BC:93:2B:B3:67:C2:7C:76:C9:0A:7F:0D:02:8F:02:27:A4:5C:56,1,CPutqHI+ya_zsschoGQ,AEAD_AES_256_GCM,FEFD
T01,1776601538880.474,transport,13660,1771706,TLS_ECDHE_ECDSA_WITH_CHACHA20_POLY1305_SHA256,client,connected,fu+L,controlling,connected,CFA8:5E:DD:AF:14:84:89:A5:C3:D2:44:93:A4:59:12:2F:8F:04:C7:ED:BE:9C:33:37:83:23:E7:18:83:C7:0E:25,221,2273,CF8C:9B:2A:11:93:F3:6E:DF:59:CC:47:B0:85:BC:93:2B:B3:67:C2:7C:76:C9:0A:7F:0D:02:8F:02:27:A4:5C:56,1,CPutqHI+ya_zsschoGQ,AEAD_AES_256_GCM,FEFD
T01,1776601538880.474,transport,13660,1771706,TLS_ECDHE_ECDSA_WITH_CHACHA20_POLY1305_SHA256,client,connected,fu+L,controlling,connected,CFA8:5E:DD:AF:14:84:89:A5:C3:D2:44:93:A4:59:12:2F:8F:04:C7:ED:BE:9C:33:37:83:23:E7:18:83:C7:0E:25,221,2273,CF8C:9B:2A:11:93:F3:6E:DF:59:CC:47:B0:85:BC:93:2B:B3:67:C2:7C:76:C9:0A:7F:0D:02:8F:02:27:A4:5C:56,1,CPutqHI+ya_zsschoGQ,AEAD_AES_256_GCM,FEFD
T01,1776601539080.791,transport,13792,1813290,TLS_ECDHE_ECDSA_WITH_CHACHA20_POLY1305_SHA256,client,connected,fu+L,controlling,connected,CFA8:5E:DD:AF:14:84:89:A5:C3:D2:44:93:A4:59:12:2F:8F:04:C7:ED:BE:9C:33:37:83:23:E7:18:83:C7:0E:25,223,2316,CF8C:9B:2A:11:93:F3:6E:DF:59:CC:47:B0:85:BC:93:2B:B3:67:C2:7C:76:C9:0A:7F:0D:02:8F:02:27:A4:5C:56,1,CPutqHI+ya_zsschoGQ,AEAD_AES_256_GCM,FEFD
T01,1776601539080.791,transport,13792,1813290,TLS_ECDHE_ECDSA_WITH_CHACHA20_POLY1305_SHA256,client,connected,fu+L,controlling,connected,CFA8:5E:DD:AF:14:84:89:A5:C3:D2:44:93:A4:59:12:2F:8F:04:C7:ED:BE:9C:33:37:83:23:E7:18:83:C7:0E:25,223,2316,CF8C:9B:2A:11:93:F3:6E:DF:59:CC:47:B0:85:BC:93:2B:B3:67:C2:7C:76:C9:0A:7F:0D:02:8F:02:27:A4:5C:56,1,CPutqHI+ya_zsschoGQ,AEAD_AES_256_GCM,FEFD
T01,1776601539280.488,transport,13912,1847180,TLS_ECDHE_ECDSA_WITH_CHACHA20_POLY1305_SHA256,client,connected,fu+L,controlling,connected,CFA8:5E:DD:AF:14:84:89:A5:C3:D2:44:93:A4:59:12:2F:8F:04:C7:ED:BE:9C:33:37:83:23:E7:18:83:C7:0E:25,225,2350,CF8C:9B:2A:11:93:F3:6E:DF:59:CC:47:B0:85:BC:93:2B:B3:67:C2:7C:76:C9:0A:7F:0D:02:8F:02:27:A4:5C:56,1,CPutqHI+ya_zsschoGQ,AEAD_AES_256_GCM,FEFD
T01,1776601539280.488,transport,13912,1847180,TLS_ECDHE_ECDSA_WITH_CHACHA20_POLY1305_SHA256,client,connected,fu+L,controlling,connected,CFA8:5E:DD:AF:14:84:89:A5:C3:D2:44:93:A4:59:12:2F:8F:04:C7:ED:BE:9C:33:37:83:23:E7:18:83:C7:0E:25,225,2350,CF8C:9B:2A:11:93:F3:6E:DF:59:CC:47:B0:85:BC:93:2B:B3:67:C2:7C:76:C9:0A:7F:0D:02:8F:02:27:A4:5C:56,1,CPutqHI+ya_zsschoGQ,AEAD_AES_256_GCM,FEFD
T01,1776601539480.644,transport,14176,1884944,TLS_ECDHE_ECDSA_WITH_CHACHA20_POLY1305_SHA256,client,connected,fu+L,controlling,connected,CFA8:5E:DD:AF:14:84:89:A5:C3:D2:44:93:A4:59:12:2F:8F:04:C7:ED:BE:9C:33:37:83:23:E7:18:83:C7:0E:25,228,2390,CF8C:9B:2A:11:93:F3:6E:DF:59:CC:47:B0:85:BC:93:2B:B3:67:C2:7C:76:C9:0A:7F:0D:02:8F:02:27:A4:5C:56,1,CPutqHI+ya_zsschoGQ,AEAD_AES_256_GCM,FEFD
T01,1776601539480.644,transport,14176,1884944,TLS_ECDHE_ECDSA_WITH_CHACHA20_POLY1305_SHA256,client,connected,fu+L,controlling,connected,CFA8:5E:DD:AF:14:84:89:A5:C3:D2:44:93:A4:59:12:2F:8F:04:C7:ED:BE:9C:33:37:83:23:E7:18:83:C7:0E:25,228,2390,CF8C:9B:2A:11:93:F3:6E:DF:59:CC:47:B0:85:BC:93:2B:B3:67:C2:7C:76:C9:0A:7F:0D:02:8F:02:27:A4:5C:56,1,CPutqHI+ya_zsschoGQ,AEAD_AES_256_GCM,FEFD
T01,1776601539680.469,transport,14236,1915815,TLS_ECDHE_ECDSA_WITH_CHACHA20_POLY1305_SHA256,client,connected,fu+L,controlling,connected,CFA8:5E:DD:AF:14:84:89:A5:C3:D2:44:93:A4:59:12:2F:8F:04:C7:ED:BE:9C:33:37:83:23:E7:18:83:C7:0E:25,229,2422,CF8C:9B:2A:11:93:F3:6E:DF:59:CC:47:B0:85:BC:93:2B:B3:67:C2:7C:76:C9:0A:7F:0D:02:8F:02:27:A4:5C:56,1,CPutqHI+ya_zsschoGQ,AEAD_AES_256_GCM,FEFD
T01,1776601539680.469,transport,14236,1915815,TLS_ECDHE_ECDSA_WITH_CHACHA20_POLY1305_SHA256,client,connected,fu+L,controlling,connected,CFA8:5E:DD:AF:14:84:89:A5:C3:D2:44:93:A4:59:12:2F:8F:04:C7:ED:BE:9C:33:37:83:23:E7:18:83:C7:0E:25,229,2422,CF8C:9B:2A:11:93:F3:6E:DF:59:CC:47:B0:85:BC:93:2B:B3:67:C2:7C:76:C9:0A:7F:0D:02:8F:02:27:A4:5C:56,1,CPutqHI+ya_zsschoGQ,AEAD_AES_256_GCM,FEFD
T01,1776601539880.621,transport,14364,1957650,TLS_ECDHE_ECDSA_WITH_CHACHA20_POLY1305_SHA256,client,connected,fu+L,controlling,connected,CFA8:5E:DD:AF:14:84:89:A5:C3:D2:44:93:A4:59:12:2F:8F:04:C7:ED:BE:9C:33:37:83:23:E7:18:83:C7:0E:25,231,2465,CF8C:9B:2A:11:93:F3:6E:DF:59:CC:47:B0:85:BC:93:2B:B3:67:C2:7C:76:C9:0A:7F:0D:02:8F:02:27:A4:5C:56,1,CPutqHI+ya_zsschoGQ,AEAD_AES_256_GCM,FEFD
T01,1776601539880.621,transport,14364,1957650,TLS_ECDHE_ECDSA_WITH_CHACHA20_POLY1305_SHA256,client,connected,fu+L,controlling,connected,CFA8:5E:DD:AF:14:84:89:A5:C3:D2:44:93:A4:59:12:2F:8F:04:C7:ED:BE:9C:33:37:83:23:E7:18:83:C7:0E:25,231,2465,CF8C:9B:2A:11:93:F3:6E:DF:59:CC:47:B0:85:BC:93:2B:B3:67:C2:7C:76:C9:0A:7F:0D:02:8F:02:27:A4:5C:56,1,CPutqHI+ya_zsschoGQ,AEAD_AES_256_GCM,FEFD
T01,1776601540080.464,transport,14484,1992053,TLS_ECDHE_ECDSA_WITH_CHACHA20_POLY1305_SHA256,client,connected,fu+L,controlling,connected,CFA8:5E:DD:AF:14:84:89:A5:C3:D2:44:93:A4:59:12:2F:8F:04:C7:ED:BE:9C:33:37:83:23:E7:18:83:C7:0E:25,233,2501,CF8C:9B:2A:11:93:F3:6E:DF:59:CC:47:B0:85:BC:93:2B:B3:67:C2:7C:76:C9:0A:7F:0D:02:8F:02:27:A4:5C:56,1,CPutqHI+ya_zsschoGQ,AEAD_AES_256_GCM,FEFD
T01,1776601540080.464,transport,14484,1992053,TLS_ECDHE_ECDSA_WITH_CHACHA20_POLY1305_SHA256,client,connected,fu+L,controlling,connected,CFA8:5E:DD:AF:14:84:89:A5:C3:D2:44:93:A4:59:12:2F:8F:04:C7:ED:BE:9C:33:37:83:23:E7:18:83:C7:0E:25,233,2501,CF8C:9B:2A:11:93:F3:6E:DF:59:CC:47:B0:85:BC:93:2B:B3:67:C2:7C:76:C9:0A:7F:0D:02:8F:02:27:A4:5C:56,1,CPutqHI+ya_zsschoGQ,AEAD_AES_256_GCM,FEFD
T01,1776601540280.568,transport,14612,2028565,TLS_ECDHE_ECDSA_WITH_CHACHA20_POLY1305_SHA256,client,connected,fu+L,controlling,connected,CFA8:5E:DD:AF:14:84:89:A5:C3:D2:44:93:A4:59:12:2F:8F:04:C7:ED:BE:9C:33:37:83:23:E7:18:83:C7:0E:25,235,2539,CF8C:9B:2A:11:93:F3:6E:DF:59:CC:47:B0:85:BC:93:2B:B3:67:C2:7C:76:C9:0A:7F:0D:02:8F:02:27:A4:5C:56,1,CPutqHI+ya_zsschoGQ,AEAD_AES_256_GCM,FEFD
T01,1776601540280.568,transport,14612,2028565,TLS_ECDHE_ECDSA_WITH_CHACHA20_POLY1305_SHA256,client,connected,fu+L,controlling,connected,CFA8:5E:DD:AF:14:84:89:A5:C3:D2:44:93:A4:59:12:2F:8F:04:C7:ED:BE:9C:33:37:83:23:E7:18:83:C7:0E:25,235,2539,CF8C:9B:2A:11:93:F3:6E:DF:59:CC:47:B0:85:BC:93:2B:B3:67:C2:7C:76:C9:0A:7F:0D:02:8F:02:27:A4:5C:56,1,CPutqHI+ya_zsschoGQ,AEAD_AES_256_GCM,FEFD
T01,1776601540480.467,transport,14740,2066939,TLS_ECDHE_ECDSA_WITH_CHACHA20_POLY1305_SHA256,client,connected,fu+L,controlling,connected,CFA8:5E:DD:AF:14:84:89:A5:C3:D2:44:93:A4:59:12:2F:8F:04:C7:ED:BE:9C:33:37:83:23:E7:18:83:C7:0E:25,237,2578,CF8C:9B:2A:11:93:F3:6E:DF:59:CC:47:B0:85:BC:93:2B:B3:67:C2:7C:76:C9:0A:7F:0D:02:8F:02:27:A4:5C:56,1,CPutqHI+ya_zsschoGQ,AEAD_AES_256_GCM,FEFD
T01,1776601540480.467,transport,14740,2066939,TLS_ECDHE_ECDSA_WITH_CHACHA20_POLY1305_SHA256,client,connected,fu+L,controlling,connected,CFA8:5E:DD:AF:14:84:89:A5:C3:D2:44:93:A4:59:12:2F:8F:04:C7:ED:BE:9C:33:37:83:23:E7:18:83:C7:0E:25,237,2578,CF8C:9B:2A:11:93:F3:6E:DF:59:CC:47:B0:85:BC:93:2B:B3:67:C2:7C:76:C9:0A:7F:0D:02:8F:02:27:A4:5C:56,1,CPutqHI+ya_zsschoGQ,AEAD_AES_256_GCM,FEFD
T01,1776601540680.409,transport,14860,2114251,TLS_ECDHE_ECDSA_WITH_CHACHA20_POLY1305_SHA256,client,connected,fu+L,controlling,connected,CFA8:5E:DD:AF:14:84:89:A5:C3:D2:44:93:A4:59:12:2F:8F:04:C7:ED:BE:9C:33:37:83:23:E7:18:83:C7:0E:25,239,2623,CF8C:9B:2A:11:93:F3:6E:DF:59:CC:47:B0:85:BC:93:2B:B3:67:C2:7C:76:C9:0A:7F:0D:02:8F:02:27:A4:5C:56,1,CPutqHI+ya_zsschoGQ,AEAD_AES_256_GCM,FEFD
T01,1776601540680.409,transport,14860,2114251,TLS_ECDHE_ECDSA_WITH_CHACHA20_POLY1305_SHA256,client,connected,fu+L,controlling,connected,CFA8:5E:DD:AF:14:84:89:A5:C3:D2:44:93:A4:59:12:2F:8F:04:C7:ED:BE:9C:33:37:83:23:E7:18:83:C7:0E:25,239,2623,CF8C:9B:2A:11:93:F3:6E:DF:59:CC:47:B0:85:BC:93:2B:B3:67:C2:7C:76:C9:0A:7F:0D:02:8F:02:27:A4:5C:56,1,CPutqHI+ya_zsschoGQ,AEAD_AES_256_GCM,FEFD
T01,1776601540880.469,transport,14984,2145170,TLS_ECDHE_ECDSA_WITH_CHACHA20_POLY1305_SHA256,client,connected,fu+L,controlling,connected,CFA8:5E:DD:AF:14:84:89:A5:C3:D2:44:93:A4:59:12:2F:8F:04:C7:ED:BE:9C:33:37:83:23:E7:18:83:C7:0E:25,241,2654,CF8C:9B:2A:11:93:F3:6E:DF:59:CC:47:B0:85:BC:93:2B:B3:67:C2:7C:76:C9:0A:7F:0D:02:8F:02:27:A4:5C:56,1,CPutqHI+ya_zsschoGQ,AEAD_AES_256_GCM,FEFD
T01,1776601540880.469,transport,14984,2145170,TLS_ECDHE_ECDSA_WITH_CHACHA20_POLY1305_SHA256,client,connected,fu+L,controlling,connected,CFA8:5E:DD:AF:14:84:89:A5:C3:D2:44:93:A4:59:12:2F:8F:04:C7:ED:BE:9C:33:37:83:23:E7:18:83:C7:0E:25,241,2654,CF8C:9B:2A:11:93:F3:6E:DF:59:CC:47:B0:85:BC:93:2B:B3:67:C2:7C:76:C9:0A:7F:0D:02:8F:02:27:A4:5C:56,1,CPutqHI+ya_zsschoGQ,AEAD_AES_256_GCM,FEFD
T01,1776601541080.525,transport,15260,2193248,TLS_ECDHE_ECDSA_WITH_CHACHA20_POLY1305_SHA256,client,connected,fu+L,controlling,connected,CFA8:5E:DD:AF:14:84:89:A5:C3:D2:44:93:A4:59:12:2F:8F:04:C7:ED:BE:9C:33:37:83:23:E7:18:83:C7:0E:25,244,2700,CF8C:9B:2A:11:93:F3:6E:DF:59:CC:47:B0:85:BC:93:2B:B3:67:C2:7C:76:C9:0A:7F:0D:02:8F:02:27:A4:5C:56,1,CPutqHI+ya_zsschoGQ,AEAD_AES_256_GCM,FEFD
T01,1776601541080.525,transport,15260,2193248,TLS_ECDHE_ECDSA_WITH_CHACHA20_POLY1305_SHA256,client,connected,fu+L,controlling,connected,CFA8:5E:DD:AF:14:84:89:A5:C3:D2:44:93:A4:59:12:2F:8F:04:C7:ED:BE:9C:33:37:83:23:E7:18:83:C7:0E:25,244,2700,CF8C:9B:2A:11:93:F3:6E:DF:59:CC:47:B0:85:BC:93:2B:B3:67:C2:7C:76:C9:0A:7F:0D:02:8F:02:27:A4:5C:56,1,CPutqHI+ya_zsschoGQ,AEAD_AES_256_GCM,FEFD
T01,1776601541280.546,transport,15384,2227494,TLS_ECDHE_ECDSA_WITH_CHACHA20_POLY1305_SHA256,client,connected,fu+L,controlling,connected,CFA8:5E:DD:AF:14:84:89:A5:C3:D2:44:93:A4:59:12:2F:8F:04:C7:ED:BE:9C:33:37:83:23:E7:18:83:C7:0E:25,246,2734,CF8C:9B:2A:11:93:F3:6E:DF:59:CC:47:B0:85:BC:93:2B:B3:67:C2:7C:76:C9:0A:7F:0D:02:8F:02:27:A4:5C:56,1,CPutqHI+ya_zsschoGQ,AEAD_AES_256_GCM,FEFD
T01,1776601541280.546,transport,15384,2227494,TLS_ECDHE_ECDSA_WITH_CHACHA20_POLY1305_SHA256,client,connected,fu+L,controlling,connected,CFA8:5E:DD:AF:14:84:89:A5:C3:D2:44:93:A4:59:12:2F:8F:04:C7:ED:BE:9C:33:37:83:23:E7:18:83:C7:0E:25,246,2734,CF8C:9B:2A:11:93:F3:6E:DF:59:CC:47:B0:85:BC:93:2B:B3:67:C2:7C:76:C9:0A:7F:0D:02:8F:02:27:A4:5C:56,1,CPutqHI+ya_zsschoGQ,AEAD_AES_256_GCM,FEFD
T01,1776601541480.579,transport,15508,2269854,TLS_ECDHE_ECDSA_WITH_CHACHA20_POLY1305_SHA256,client,connected,fu+L,controlling,connected,CFA8:5E:DD:AF:14:84:89:A5:C3:D2:44:93:A4:59:12:2F:8F:04:C7:ED:BE:9C:33:37:83:23:E7:18:83:C7:0E:25,248,2781,CF8C:9B:2A:11:93:F3:6E:DF:59:CC:47:B0:85:BC:93:2B:B3:67:C2:7C:76:C9:0A:7F:0D:02:8F:02:27:A4:5C:56,1,CPutqHI+ya_zsschoGQ,AEAD_AES_256_GCM,FEFD
T01,1776601541480.579,transport,15508,2269854,TLS_ECDHE_ECDSA_WITH_CHACHA20_POLY1305_SHA256,client,connected,fu+L,controlling,connected,CFA8:5E:DD:AF:14:84:89:A5:C3:D2:44:93:A4:59:12:2F:8F:04:C7:ED:BE:9C:33:37:83:23:E7:18:83:C7:0E:25,248,2781,CF8C:9B:2A:11:93:F3:6E:DF:59:CC:47:B0:85:BC:93:2B:B3:67:C2:7C:76:C9:0A:7F:0D:02:8F:02:27:A4:5C:56,1,CPutqHI+ya_zsschoGQ,AEAD_AES_256_GCM,FEFD
T01,1776601541680.466,transport,15648,2310869,TLS_ECDHE_ECDSA_WITH_CHACHA20_POLY1305_SHA256,client,connected,fu+L,controlling,connected,CFA8:5E:DD:AF:14:84:89:A5:C3:D2:44:93:A4:59:12:2F:8F:04:C7:ED:BE:9C:33:37:83:23:E7:18:83:C7:0E:25,250,2824,CF8C:9B:2A:11:93:F3:6E:DF:59:CC:47:B0:85:BC:93:2B:B3:67:C2:7C:76:C9:0A:7F:0D:02:8F:02:27:A4:5C:56,1,CPutqHI+ya_zsschoGQ,AEAD_AES_256_GCM,FEFD
T01,1776601541680.466,transport,15648,2310869,TLS_ECDHE_ECDSA_WITH_CHACHA20_POLY1305_SHA256,client,connected,fu+L,controlling,connected,CFA8:5E:DD:AF:14:84:89:A5:C3:D2:44:93:A4:59:12:2F:8F:04:C7:ED:BE:9C:33:37:83:23:E7:18:83:C7:0E:25,250,2824,CF8C:9B:2A:11:93:F3:6E:DF:59:CC:47:B0:85:BC:93:2B:B3:67:C2:7C:76:C9:0A:7F:0D:02:8F:02:27:A4:5C:56,1,CPutqHI+ya_zsschoGQ,AEAD_AES_256_GCM,FEFD
T01,1776601541880.471,transport,15768,2354710,TLS_ECDHE_ECDSA_WITH_CHACHA20_POLY1305_SHA256,client,connected,fu+L,controlling,connected,CFA8:5E:DD:AF:14:84:89:A5:C3:D2:44:93:A4:59:12:2F:8F:04:C7:ED:BE:9C:33:37:83:23:E7:18:83:C7:0E:25,252,2867,CF8C:9B:2A:11:93:F3:6E:DF:59:CC:47:B0:85:BC:93:2B:B3:67:C2:7C:76:C9:0A:7F:0D:02:8F:02:27:A4:5C:56,1,CPutqHI+ya_zsschoGQ,AEAD_AES_256_GCM,FEFD
T01,1776601541880.471,transport,15768,2354710,TLS_ECDHE_ECDSA_WITH_CHACHA20_POLY1305_SHA256,client,connected,fu+L,controlling,connected,CFA8:5E:DD:AF:14:84:89:A5:C3:D2:44:93:A4:59:12:2F:8F:04:C7:ED:BE:9C:33:37:83:23:E7:18:83:C7:0E:25,252,2867,CF8C:9B:2A:11:93:F3:6E:DF:59:CC:47:B0:85:BC:93:2B:B3:67:C2:7C:76:C9:0A:7F:0D:02:8F:02:27:A4:5C:56,1,CPutqHI+ya_zsschoGQ,AEAD_AES_256_GCM,FEFD
T01,1776601542080.486,transport,16044,2405038,TLS_ECDHE_ECDSA_WITH_CHACHA20_POLY1305_SHA256,client,connected,fu+L,controlling,connected,CFA8:5E:DD:AF:14:84:89:A5:C3:D2:44:93:A4:59:12:2F:8F:04:C7:ED:BE:9C:33:37:83:23:E7:18:83:C7:0E:25,255,2915,CF8C:9B:2A:11:93:F3:6E:DF:59:CC:47:B0:85:BC:93:2B:B3:67:C2:7C:76:C9:0A:7F:0D:02:8F:02:27:A4:5C:56,1,CPutqHI+ya_zsschoGQ,AEAD_AES_256_GCM,FEFD
T01,1776601542080.486,transport,16044,2405038,TLS_ECDHE_ECDSA_WITH_CHACHA20_POLY1305_SHA256,client,connected,fu+L,controlling,connected,CFA8:5E:DD:AF:14:84:89:A5:C3:D2:44:93:A4:59:12:2F:8F:04:C7:ED:BE:9C:33:37:83:23:E7:18:83:C7:0E:25,255,2915,CF8C:9B:2A:11:93:F3:6E:DF:59:CC:47:B0:85:BC:93:2B:B3:67:C2:7C:76:C9:0A:7F:0D:02:8F:02:27:A4:5C:56,1,CPutqHI+ya_zsschoGQ,AEAD_AES_256_GCM,FEFD
T01,1776601542280.554,transport,16176,2444198,TLS_ECDHE_ECDSA_WITH_CHACHA20_POLY1305_SHA256,client,connected,fu+L,controlling,connected,CFA8:5E:DD:AF:14:84:89:A5:C3:D2:44:93:A4:59:12:2F:8F:04:C7:ED:BE:9C:33:37:83:23:E7:18:83:C7:0E:25,257,2961,CF8C:9B:2A:11:93:F3:6E:DF:59:CC:47:B0:85:BC:93:2B:B3:67:C2:7C:76:C9:0A:7F:0D:02:8F:02:27:A4:5C:56,1,CPutqHI+ya_zsschoGQ,AEAD_AES_256_GCM,FEFD
T01,1776601542280.554,transport,16176,2444198,TLS_ECDHE_ECDSA_WITH_CHACHA20_POLY1305_SHA256,client,connected,fu+L,controlling,connected,CFA8:5E:DD:AF:14:84:89:A5:C3:D2:44:93:A4:59:12:2F:8F:04:C7:ED:BE:9C:33:37:83:23:E7:18:83:C7:0E:25,257,2961,CF8C:9B:2A:11:93:F3:6E:DF:59:CC:47:B0:85:BC:93:2B:B3:67:C2:7C:76:C9:0A:7F:0D:02:8F:02:27:A4:5C:56,1,CPutqHI+ya_zsschoGQ,AEAD_AES_256_GCM,FEFD
T01,1776601542480.548,transport,16312,2488627,TLS_ECDHE_ECDSA_WITH_CHACHA20_POLY1305_SHA256,client,connected,fu+L,controlling,connected,CFA8:5E:DD:AF:14:84:89:A5:C3:D2:44:93:A4:59:12:2F:8F:04:C7:ED:BE:9C:33:37:83:23:E7:18:83:C7:0E:25,259,3005,CF8C:9B:2A:11:93:F3:6E:DF:59:CC:47:B0:85:BC:93:2B:B3:67:C2:7C:76:C9:0A:7F:0D:02:8F:02:27:A4:5C:56,1,CPutqHI+ya_zsschoGQ,AEAD_AES_256_GCM,FEFD
T01,1776601542480.548,transport,16312,2488627,TLS_ECDHE_ECDSA_WITH_CHACHA20_POLY1305_SHA256,client,connected,fu+L,controlling,connected,CFA8:5E:DD:AF:14:84:89:A5:C3:D2:44:93:A4:59:12:2F:8F:04:C7:ED:BE:9C:33:37:83:23:E7:18:83:C7:0E:25,259,3005,CF8C:9B:2A:11:93:F3:6E:DF:59:CC:47:B0:85:BC:93:2B:B3:67:C2:7C:76:C9:0A:7F:0D:02:8F:02:27:A4:5C:56,1,CPutqHI+ya_zsschoGQ,AEAD_AES_256_GCM,FEFD
T01,1776601542680.453,transport,16440,2535920,TLS_ECDHE_ECDSA_WITH_CHACHA20_POLY1305_SHA256,client,connected,fu+L,controlling,connected,CFA8:5E:DD:AF:14:84:89:A5:C3:D2:44:93:A4:59:12:2F:8F:04:C7:ED:BE:9C:33:37:83:23:E7:18:83:C7:0E:25,261,3055,CF8C:9B:2A:11:93:F3:6E:DF:59:CC:47:B0:85:BC:93:2B:B3:67:C2:7C:76:C9:0A:7F:0D:02:8F:02:27:A4:5C:56,1,CPutqHI+ya_zsschoGQ,AEAD_AES_256_GCM,FEFD
T01,1776601542680.453,transport,16440,2535920,TLS_ECDHE_ECDSA_WITH_CHACHA20_POLY1305_SHA256,client,connected,fu+L,controlling,connected,CFA8:5E:DD:AF:14:84:89:A5:C3:D2:44:93:A4:59:12:2F:8F:04:C7:ED:BE:9C:33:37:83:23:E7:18:83:C7:0E:25,261,3055,CF8C:9B:2A:11:93:F3:6E:DF:59:CC:47:B0:85:BC:93:2B:B3:67:C2:7C:76:C9:0A:7F:0D:02:8F:02:27:A4:5C:56,1,CPutqHI+ya_zsschoGQ,AEAD_AES_256_GCM,FEFD
T01,1776601542880.571,transport,16576,2584133,TLS_ECDHE_ECDSA_WITH_CHACHA20_POLY1305_SHA256,client,connected,fu+L,controlling,connected,CFA8:5E:DD:AF:14:84:89:A5:C3:D2:44:93:A4:59:12:2F:8F:04:C7:ED:BE:9C:33:37:83:23:E7:18:83:C7:0E:25,263,3102,CF8C:9B:2A:11:93:F3:6E:DF:59:CC:47:B0:85:BC:93:2B:B3:67:C2:7C:76:C9:0A:7F:0D:02:8F:02:27:A4:5C:56,1,CPutqHI+ya_zsschoGQ,AEAD_AES_256_GCM,FEFD
T01,1776601542880.571,transport,16576,2584133,TLS_ECDHE_ECDSA_WITH_CHACHA20_POLY1305_SHA256,client,connected,fu+L,controlling,connected,CFA8:5E:DD:AF:14:84:89:A5:C3:D2:44:93:A4:59:12:2F:8F:04:C7:ED:BE:9C:33:37:83:23:E7:18:83:C7:0E:25,263,3102,CF8C:9B:2A:11:93:F3:6E:DF:59:CC:47:B0:85:BC:93:2B:B3:67:C2:7C:76:C9:0A:7F:0D:02:8F:02:27:A4:5C:56,1,CPutqHI+ya_zsschoGQ,AEAD_AES_256_GCM,FEFD
T01,1776601543080.506,transport,16708,2635587,TLS_ECDHE_ECDSA_WITH_CHACHA20_POLY1305_SHA256,client,connected,fu+L,controlling,connected,CFA8:5E:DD:AF:14:84:89:A5:C3:D2:44:93:A4:59:12:2F:8F:04:C7:ED:BE:9C:33:37:83:23:E7:18:83:C7:0E:25,265,3154,CF8C:9B:2A:11:93:F3:6E:DF:59:CC:47:B0:85:BC:93:2B:B3:67:C2:7C:76:C9:0A:7F:0D:02:8F:02:27:A4:5C:56,1,CPutqHI+ya_zsschoGQ,AEAD_AES_256_GCM,FEFD
T01,1776601543080.506,transport,16708,2635587,TLS_ECDHE_ECDSA_WITH_CHACHA20_POLY1305_SHA256,client,connected,fu+L,controlling,connected,CFA8:5E:DD:AF:14:84:89:A5:C3:D2:44:93:A4:59:12:2F:8F:04:C7:ED:BE:9C:33:37:83:23:E7:18:83:C7:0E:25,265,3154,CF8C:9B:2A:11:93:F3:6E:DF:59:CC:47:B0:85:BC:93:2B:B3:67:C2:7C:76:C9:0A:7F:0D:02:8F:02:27:A4:5C:56,1,CPutqHI+ya_zsschoGQ,AEAD_AES_256_GCM,FEFD
T01,1776601543280.541,transport,16848,2676307,TLS_ECDHE_ECDSA_WITH_CHACHA20_POLY1305_SHA256,client,connected,fu+L,controlling,connected,CFA8:5E:DD:AF:14:84:89:A5:C3:D2:44:93:A4:59:12:2F:8F:04:C7:ED:BE:9C:33:37:83:23:E7:18:83:C7:0E:25,267,3194,CF8C:9B:2A:11:93:F3:6E:DF:59:CC:47:B0:85:BC:93:2B:B3:67:C2:7C:76:C9:0A:7F:0D:02:8F:02:27:A4:5C:56,1,CPutqHI+ya_zsschoGQ,AEAD_AES_256_GCM,FEFD
T01,1776601543280.541,transport,16848,2676307,TLS_ECDHE_ECDSA_WITH_CHACHA20_POLY1305_SHA256,client,connected,fu+L,controlling,connected,CFA8:5E:DD:AF:14:84:89:A5:C3:D2:44:93:A4:59:12:2F:8F:04:C7:ED:BE:9C:33:37:83:23:E7:18:83:C7:0E:25,267,3194,CF8C:9B:2A:11:93:F3:6E:DF:59:CC:47:B0:85:BC:93:2B:B3:67:C2:7C:76:C9:0A:7F:0D:02:8F:02:27:A4:5C:56,1,CPutqHI+ya_zsschoGQ,AEAD_AES_256_GCM,FEFD
T01,1776601543480.518,transport,17120,2725694,TLS_ECDHE_ECDSA_WITH_CHACHA20_POLY1305_SHA256,client,connected,fu+L,controlling,connected,CFA8:5E:DD:AF:14:84:89:A5:C3:D2:44:93:A4:59:12:2F:8F:04:C7:ED:BE:9C:33:37:83:23:E7:18:83:C7:0E:25,270,3242,CF8C:9B:2A:11:93:F3:6E:DF:59:CC:47:B0:85:BC:93:2B:B3:67:C2:7C:76:C9:0A:7F:0D:02:8F:02:27:A4:5C:56,1,CPutqHI+ya_zsschoGQ,AEAD_AES_256_GCM,FEFD
T01,1776601543480.518,transport,17120,2725694,TLS_ECDHE_ECDSA_WITH_CHACHA20_POLY1305_SHA256,client,connected,fu+L,controlling,connected,CFA8:5E:DD:AF:14:84:89:A5:C3:D2:44:93:A4:59:12:2F:8F:04:C7:ED:BE:9C:33:37:83:23:E7:18:83:C7:0E:25,270,3242,CF8C:9B:2A:11:93:F3:6E:DF:59:CC:47:B0:85:BC:93:2B:B3:67:C2:7C:76:C9:0A:7F:0D:02:8F:02:27:A4:5C:56,1,CPutqHI+ya_zsschoGQ,AEAD_AES_256_GCM,FEFD
T01,1776601543680.529,transport,17260,2773392,TLS_ECDHE_ECDSA_WITH_CHACHA20_POLY1305_SHA256,client,connected,fu+L,controlling,connected,CFA8:5E:DD:AF:14:84:89:A5:C3:D2:44:93:A4:59:12:2F:8F:04:C7:ED:BE:9C:33:37:83:23:E7:18:83:C7:0E:25,272,3288,CF8C:9B:2A:11:93:F3:6E:DF:59:CC:47:B0:85:BC:93:2B:B3:67:C2:7C:76:C9:0A:7F:0D:02:8F:02:27:A4:5C:56,1,CPutqHI+ya_zsschoGQ,AEAD_AES_256_GCM,FEFD
T01,1776601543680.529,transport,17260,2773392,TLS_ECDHE_ECDSA_WITH_CHACHA20_POLY1305_SHA256,client,connected,fu+L,controlling,connected,CFA8:5E:DD:AF:14:84:89:A5:C3:D2:44:93:A4:59:12:2F:8F:04:C7:ED:BE:9C:33:37:83:23:E7:18:83:C7:0E:25,272,3288,CF8C:9B:2A:11:93:F3:6E:DF:59:CC:47:B0:85:BC:93:2B:B3:67:C2:7C:76:C9:0A:7F:0D:02:8F:02:27:A4:5C:56,1,CPutqHI+ya_zsschoGQ,AEAD_AES_256_GCM,FEFD
T01,1776601543880.686,transport,17384,2829159,TLS_ECDHE_ECDSA_WITH_CHACHA20_POLY1305_SHA256,client,connected,fu+L,controlling,connected,CFA8:5E:DD:AF:14:84:89:A5:C3:D2:44:93:A4:59:12:2F:8F:04:C7:ED:BE:9C:33:37:83:23:E7:18:83:C7:0E:25,274,3341,CF8C:9B:2A:11:93:F3:6E:DF:59:CC:47:B0:85:BC:93:2B:B3:67:C2:7C:76:C9:0A:7F:0D:02:8F:02:27:A4:5C:56,1,CPutqHI+ya_zsschoGQ,AEAD_AES_256_GCM,FEFD
T01,1776601543880.686,transport,17384,2829159,TLS_ECDHE_ECDSA_WITH_CHACHA20_POLY1305_SHA256,client,connected,fu+L,controlling,connected,CFA8:5E:DD:AF:14:84:89:A5:C3:D2:44:93:A4:59:12:2F:8F:04:C7:ED:BE:9C:33:37:83:23:E7:18:83:C7:0E:25,274,3341,CF8C:9B:2A:11:93:F3:6E:DF:59:CC:47:B0:85:BC:93:2B:B3:67:C2:7C:76:C9:0A:7F:0D:02:8F:02:27:A4:5C:56,1,CPutqHI+ya_zsschoGQ,AEAD_AES_256_GCM,FEFD
T01,1776601544080.613,transport,17532,2883956,TLS_ECDHE_ECDSA_WITH_CHACHA20_POLY1305_SHA256,client,connected,fu+L,controlling,connected,CFA8:5E:DD:AF:14:84:89:A5:C3:D2:44:93:A4:59:12:2F:8F:04:C7:ED:BE:9C:33:37:83:23:E7:18:83:C7:0E:25,276,3392,CF8C:9B:2A:11:93:F3:6E:DF:59:CC:47:B0:85:BC:93:2B:B3:67:C2:7C:76:C9:0A:7F:0D:02:8F:02:27:A4:5C:56,1,CPutqHI+ya_zsschoGQ,AEAD_AES_256_GCM,FEFD
T01,1776601544080.613,transport,17532,2883956,TLS_ECDHE_ECDSA_WITH_CHACHA20_POLY1305_SHA256,client,connected,fu+L,controlling,connected,CFA8:5E:DD:AF:14:84:89:A5:C3:D2:44:93:A4:59:12:2F:8F:04:C7:ED:BE:9C:33:37:83:23:E7:18:83:C7:0E:25,276,3392,CF8C:9B:2A:11:93:F3:6E:DF:59:CC:47:B0:85:BC:93:2B:B3:67:C2:7C:76:C9:0A:7F:0D:02:8F:02:27:A4:5C:56,1,CPutqHI+ya_zsschoGQ,AEAD_AES_256_GCM,FEFD
T01,1776601544280.474,transport,17660,2929428,TLS_ECDHE_ECDSA_WITH_CHACHA20_POLY1305_SHA256,client,connected,fu+L,controlling,connected,CFA8:5E:DD:AF:14:84:89:A5:C3:D2:44:93:A4:59:12:2F:8F:04:C7:ED:BE:9C:33:37:83:23:E7:18:83:C7:0E:25,278,3438,CF8C:9B:2A:11:93:F3:6E:DF:59:CC:47:B0:85:BC:93:2B:B3:67:C2:7C:76:C9:0A:7F:0D:02:8F:02:27:A4:5C:56,1,CPutqHI+ya_zsschoGQ,AEAD_AES_256_GCM,FEFD
T01,1776601544280.474,transport,17660,2929428,TLS_ECDHE_ECDSA_WITH_CHACHA20_POLY1305_SHA256,client,connected,fu+L,controlling,connected,CFA8:5E:DD:AF:14:84:89:A5:C3:D2:44:93:A4:59:12:2F:8F:04:C7:ED:BE:9C:33:37:83:23:E7:18:83:C7:0E:25,278,3438,CF8C:9B:2A:11:93:F3:6E:DF:59:CC:47:B0:85:BC:93:2B:B3:67:C2:7C:76:C9:0A:7F:0D:02:8F:02:27:A4:5C:56,1,CPutqHI+ya_zsschoGQ,AEAD_AES_256_GCM,FEFD
T01,1776601544480.621,transport,17940,2987323,TLS_ECDHE_ECDSA_WITH_CHACHA20_POLY1305_SHA256,client,connected,fu+L,controlling,connected,CFA8:5E:DD:AF:14:84:89:A5:C3:D2:44:93:A4:59:12:2F:8F:04:C7:ED:BE:9C:33:37:83:23:E7:18:83:C7:0E:25,281,3493,CF8C:9B:2A:11:93:F3:6E:DF:59:CC:47:B0:85:BC:93:2B:B3:67:C2:7C:76:C9:0A:7F:0D:02:8F:02:27:A4:5C:56,1,CPutqHI+ya_zsschoGQ,AEAD_AES_256_GCM,FEFD
T01,1776601544480.621,transport,17940,2987323,TLS_ECDHE_ECDSA_WITH_CHACHA20_POLY1305_SHA256,client,connected,fu+L,controlling,connected,CFA8:5E:DD:AF:14:84:89:A5:C3:D2:44:93:A4:59:12:2F:8F:04:C7:ED:BE:9C:33:37:83:23:E7:18:83:C7:0E:25,281,3493,CF8C:9B:2A:11:93:F3:6E:DF:59:CC:47:B0:85:BC:93:2B:B3:67:C2:7C:76:C9:0A:7F:0D:02:8F:02:27:A4:5C:56,1,CPutqHI+ya_zsschoGQ,AEAD_AES_256_GCM,FEFD
T01,1776601544680.579,transport,18076,3028592,TLS_ECDHE_ECDSA_WITH_CHACHA20_POLY1305_SHA256,client,connected,fu+L,controlling,connected,CFA8:5E:DD:AF:14:84:89:A5:C3:D2:44:93:A4:59:12:2F:8F:04:C7:ED:BE:9C:33:37:83:23:E7:18:83:C7:0E:25,283,3537,CF8C:9B:2A:11:93:F3:6E:DF:59:CC:47:B0:85:BC:93:2B:B3:67:C2:7C:76:C9:0A:7F:0D:02:8F:02:27:A4:5C:56,1,CPutqHI+ya_zsschoGQ,AEAD_AES_256_GCM,FEFD
T01,1776601544680.579,transport,18076,3028592,TLS_ECDHE_ECDSA_WITH_CHACHA20_POLY1305_SHA256,client,connected,fu+L,controlling,connected,CFA8:5E:DD:AF:14:84:89:A5:C3:D2:44:93:A4:59:12:2F:8F:04:C7:ED:BE:9C:33:37:83:23:E7:18:83:C7:0E:25,283,3537,CF8C:9B:2A:11:93:F3:6E:DF:59:CC:47:B0:85:BC:93:2B:B3:67:C2:7C:76:C9:0A:7F:0D:02:8F:02:27:A4:5C:56,1,CPutqHI+ya_zsschoGQ,AEAD_AES_256_GCM,FEFD
T01,1776601544880.51,transport,18224,3086821,TLS_ECDHE_ECDSA_WITH_CHACHA20_POLY1305_SHA256,client,connected,fu+L,controlling,connected,CFA8:5E:DD:AF:14:84:89:A5:C3:D2:44:93:A4:59:12:2F:8F:04:C7:ED:BE:9C:33:37:83:23:E7:18:83:C7:0E:25,285,3593,CF8C:9B:2A:11:93:F3:6E:DF:59:CC:47:B0:85:BC:93:2B:B3:67:C2:7C:76:C9:0A:7F:0D:02:8F:02:27:A4:5C:56,1,CPutqHI+ya_zsschoGQ,AEAD_AES_256_GCM,FEFD
T01,1776601544880.51,transport,18224,3086821,TLS_ECDHE_ECDSA_WITH_CHACHA20_POLY1305_SHA256,client,connected,fu+L,controlling,connected,CFA8:5E:DD:AF:14:84:89:A5:C3:D2:44:93:A4:59:12:2F:8F:04:C7:ED:BE:9C:33:37:83:23:E7:18:83:C7:0E:25,285,3593,CF8C:9B:2A:11:93:F3:6E:DF:59:CC:47:B0:85:BC:93:2B:B3:67:C2:7C:76:C9:0A:7F:0D:02:8F:02:27:A4:5C:56,1,CPutqHI+ya_zsschoGQ,AEAD_AES_256_GCM,FEFD
T01,1776601545080.54,transport,18356,3150302,TLS_ECDHE_ECDSA_WITH_CHACHA20_POLY1305_SHA256,client,connected,fu+L,controlling,connected,CFA8:5E:DD:AF:14:84:89:A5:C3:D2:44:93:A4:59:12:2F:8F:04:C7:ED:BE:9C:33:37:83:23:E7:18:83:C7:0E:25,287,3650,CF8C:9B:2A:11:93:F3:6E:DF:59:CC:47:B0:85:BC:93:2B:B3:67:C2:7C:76:C9:0A:7F:0D:02:8F:02:27:A4:5C:56,1,CPutqHI+ya_zsschoGQ,AEAD_AES_256_GCM,FEFD
T01,1776601545080.54,transport,18356,3150302,TLS_ECDHE_ECDSA_WITH_CHACHA20_POLY1305_SHA256,client,connected,fu+L,controlling,connected,CFA8:5E:DD:AF:14:84:89:A5:C3:D2:44:93:A4:59:12:2F:8F:04:C7:ED:BE:9C:33:37:83:23:E7:18:83:C7:0E:25,287,3650,CF8C:9B:2A:11:93:F3:6E:DF:59:CC:47:B0:85:BC:93:2B:B3:67:C2:7C:76:C9:0A:7F:0D:02:8F:02:27:A4:5C:56,1,CPutqHI+ya_zsschoGQ,AEAD_AES_256_GCM,FEFD
T01,1776601545280.481,transport,18504,3216045,TLS_ECDHE_ECDSA_WITH_CHACHA20_POLY1305_SHA256,client,connected,fu+L,controlling,connected,CFA8:5E:DD:AF:14:84:89:A5:C3:D2:44:93:A4:59:12:2F:8F:04:C7:ED:BE:9C:33:37:83:23:E7:18:83:C7:0E:25,289,3715,CF8C:9B:2A:11:93:F3:6E:DF:59:CC:47:B0:85:BC:93:2B:B3:67:C2:7C:76:C9:0A:7F:0D:02:8F:02:27:A4:5C:56,1,CPutqHI+ya_zsschoGQ,AEAD_AES_256_GCM,FEFD
T01,1776601545280.481,transport,18504,3216045,TLS_ECDHE_ECDSA_WITH_CHACHA20_POLY1305_SHA256,client,connected,fu+L,controlling,connected,CFA8:5E:DD:AF:14:84:89:A5:C3:D2:44:93:A4:59:12:2F:8F:04:C7:ED:BE:9C:33:37:83:23:E7:18:83:C7:0E:25,289,3715,CF8C:9B:2A:11:93:F3:6E:DF:59:CC:47:B0:85:BC:93:2B:B3:67:C2:7C:76:C9:0A:7F:0D:02:8F:02:27:A4:5C:56,1,CPutqHI+ya_zsschoGQ,AEAD_AES_256_GCM,FEFD
T01,1776601545480.61,transport,18652,3281349,TLS_ECDHE_ECDSA_WITH_CHACHA20_POLY1305_SHA256,client,connected,fu+L,controlling,connected,CFA8:5E:DD:AF:14:84:89:A5:C3:D2:44:93:A4:59:12:2F:8F:04:C7:ED:BE:9C:33:37:83:23:E7:18:83:C7:0E:25,291,3775,CF8C:9B:2A:11:93:F3:6E:DF:59:CC:47:B0:85:BC:93:2B:B3:67:C2:7C:76:C9:0A:7F:0D:02:8F:02:27:A4:5C:56,1,CPutqHI+ya_zsschoGQ,AEAD_AES_256_GCM,FEFD
T01,1776601545480.61,transport,18652,3281349,TLS_ECDHE_ECDSA_WITH_CHACHA20_POLY1305_SHA256,client,connected,fu+L,controlling,connected,CFA8:5E:DD:AF:14:84:89:A5:C3:D2:44:93:A4:59:12:2F:8F:04:C7:ED:BE:9C:33:37:83:23:E7:18:83:C7:0E:25,291,3775,CF8C:9B:2A:11:93:F3:6E:DF:59:CC:47:B0:85:BC:93:2B:B3:67:C2:7C:76:C9:0A:7F:0D:02:8F:02:27:A4:5C:56,1,CPutqHI+ya_zsschoGQ,AEAD_AES_256_GCM,FEFD
T01,1776601545680.535,transport,18796,3335761,TLS_ECDHE_ECDSA_WITH_CHACHA20_POLY1305_SHA256,client,connected,fu+L,controlling,connected,CFA8:5E:DD:AF:14:84:89:A5:C3:D2:44:93:A4:59:12:2F:8F:04:C7:ED:BE:9C:33:37:83:23:E7:18:83:C7:0E:25,293,3822,CF8C:9B:2A:11:93:F3:6E:DF:59:CC:47:B0:85:BC:93:2B:B3:67:C2:7C:76:C9:0A:7F:0D:02:8F:02:27:A4:5C:56,1,CPutqHI+ya_zsschoGQ,AEAD_AES_256_GCM,FEFD
T01,1776601545680.535,transport,18796,3335761,TLS_ECDHE_ECDSA_WITH_CHACHA20_POLY1305_SHA256,client,connected,fu+L,controlling,connected,CFA8:5E:DD:AF:14:84:89:A5:C3:D2:44:93:A4:59:12:2F:8F:04:C7:ED:BE:9C:33:37:83:23:E7:18:83:C7:0E:25,293,3822,CF8C:9B:2A:11:93:F3:6E:DF:59:CC:47:B0:85:BC:93:2B:B3:67:C2:7C:76:C9:0A:7F:0D:02:8F:02:27:A4:5C:56,1,CPutqHI+ya_zsschoGQ,AEAD_AES_256_GCM,FEFD
T01,1776601545880.53,transport,19100,3404131,TLS_ECDHE_ECDSA_WITH_CHACHA20_POLY1305_SHA256,client,connected,fu+L,controlling,connected,CFA8:5E:DD:AF:14:84:89:A5:C3:D2:44:93:A4:59:12:2F:8F:04:C7:ED:BE:9C:33:37:83:23:E7:18:83:C7:0E:25,296,3889,CF8C:9B:2A:11:93:F3:6E:DF:59:CC:47:B0:85:BC:93:2B:B3:67:C2:7C:76:C9:0A:7F:0D:02:8F:02:27:A4:5C:56,1,CPutqHI+ya_zsschoGQ,AEAD_AES_256_GCM,FEFD
T01,1776601545880.53,transport,19100,3404131,TLS_ECDHE_ECDSA_WITH_CHACHA20_POLY1305_SHA256,client,connected,fu+L,controlling,connected,CFA8:5E:DD:AF:14:84:89:A5:C3:D2:44:93:A4:59:12:2F:8F:04:C7:ED:BE:9C:33:37:83:23:E7:18:83:C7:0E:25,296,3889,CF8C:9B:2A:11:93:F3:6E:DF:59:CC:47:B0:85:BC:93:2B:B3:67:C2:7C:76:C9:0A:7F:0D:02:8F:02:27:A4:5C:56,1,CPutqHI+ya_zsschoGQ,AEAD_AES_256_GCM,FEFD
T01,1776601546080.475,transport,19252,3473871,TLS_ECDHE_ECDSA_WITH_CHACHA20_POLY1305_SHA256,client,connected,fu+L,controlling,connected,CFA8:5E:DD:AF:14:84:89:A5:C3:D2:44:93:A4:59:12:2F:8F:04:C7:ED:BE:9C:33:37:83:23:E7:18:83:C7:0E:25,298,3953,CF8C:9B:2A:11:93:F3:6E:DF:59:CC:47:B0:85:BC:93:2B:B3:67:C2:7C:76:C9:0A:7F:0D:02:8F:02:27:A4:5C:56,1,CPutqHI+ya_zsschoGQ,AEAD_AES_256_GCM,FEFD
T01,1776601546080.475,transport,19252,3473871,TLS_ECDHE_ECDSA_WITH_CHACHA20_POLY1305_SHA256,client,connected,fu+L,controlling,connected,CFA8:5E:DD:AF:14:84:89:A5:C3:D2:44:93:A4:59:12:2F:8F:04:C7:ED:BE:9C:33:37:83:23:E7:18:83:C7:0E:25,298,3953,CF8C:9B:2A:11:93:F3:6E:DF:59:CC:47:B0:85:BC:93:2B:B3:67:C2:7C:76:C9:0A:7F:0D:02:8F:02:27:A4:5C:56,1,CPutqHI+ya_zsschoGQ,AEAD_AES_256_GCM,FEFD
T01,1776601546280.475,transport,19400,3525847,TLS_ECDHE_ECDSA_WITH_CHACHA20_POLY1305_SHA256,client,connected,fu+L,controlling,connected,CFA8:5E:DD:AF:14:84:89:A5:C3:D2:44:93:A4:59:12:2F:8F:04:C7:ED:BE:9C:33:37:83:23:E7:18:83:C7:0E:25,300,4004,CF8C:9B:2A:11:93:F3:6E:DF:59:CC:47:B0:85:BC:93:2B:B3:67:C2:7C:76:C9:0A:7F:0D:02:8F:02:27:A4:5C:56,1,CPutqHI+ya_zsschoGQ,AEAD_AES_256_GCM,FEFD
T01,1776601546280.475,transport,19400,3525847,TLS_ECDHE_ECDSA_WITH_CHACHA20_POLY1305_SHA256,client,connected,fu+L,controlling,connected,CFA8:5E:DD:AF:14:84:89:A5:C3:D2:44:93:A4:59:12:2F:8F:04:C7:ED:BE:9C:33:37:83:23:E7:18:83:C7:0E:25,300,4004,CF8C:9B:2A:11:93:F3:6E:DF:59:CC:47:B0:85:BC:93:2B:B3:67:C2:7C:76:C9:0A:7F:0D:02:8F:02:27:A4:5C:56,1,CPutqHI+ya_zsschoGQ,AEAD_AES_256_GCM,FEFD
T01,1776601546480.463,transport,19520,3576217,TLS_ECDHE_ECDSA_WITH_CHACHA20_POLY1305_SHA256,client,connected,fu+L,controlling,connected,CFA8:5E:DD:AF:14:84:89:A5:C3:D2:44:93:A4:59:12:2F:8F:04:C7:ED:BE:9C:33:37:83:23:E7:18:83:C7:0E:25,302,4053,CF8C:9B:2A:11:93:F3:6E:DF:59:CC:47:B0:85:BC:93:2B:B3:67:C2:7C:76:C9:0A:7F:0D:02:8F:02:27:A4:5C:56,1,CPutqHI+ya_zsschoGQ,AEAD_AES_256_GCM,FEFD
T01,1776601546480.463,transport,19520,3576217,TLS_ECDHE_ECDSA_WITH_CHACHA20_POLY1305_SHA256,client,connected,fu+L,controlling,connected,CFA8:5E:DD:AF:14:84:89:A5:C3:D2:44:93:A4:59:12:2F:8F:04:C7:ED:BE:9C:33:37:83:23:E7:18:83:C7:0E:25,302,4053,CF8C:9B:2A:11:93:F3:6E:DF:59:CC:47:B0:85:BC:93:2B:B3:67:C2:7C:76:C9:0A:7F:0D:02:8F:02:27:A4:5C:56,1,CPutqHI+ya_zsschoGQ,AEAD_AES_256_GCM,FEFD

track,timestamp,framerate,width,height
0,1776601518480,30,1920,1080
0,1776601518680,30,1920,1080
0,1776601518880,30,1920,1080
0,1776601519081,30,1920,1080
0,1776601519281,30,1920,1080
0,1776601519480,30,1920,1080
0,1776601519681,30,1920,1080
0,1776601519881,30,1920,1080
0,1776601520081,30,1920,1080
0,1776601520281,30,1920,1080
0,1776601520481,30,1920,1080
0,1776601520681,30,1920,1080
0,1776601520880,30,1920,1080
0,1776601521081,30,1920,1080
0,1776601521281,30,1920,1080
0,1776601521481,30,1920,1080
0,1776601521680,30,1920,1080
0,1776601521881,30,1920,1080
0,1776601522081,30,1920,1080
0,1776601522281,30,1920,1080
0,1776601522480,30,1920,1080
0,1776601522680,30,1920,1080
0,1776601522880,30,1920,1080
0,1776601523081,30,1920,1080
0,1776601523281,30,1920,1080
0,1776601523480,30,1920,1080
0,1776601523680,30,1920,1080
0,1776601523881,30,1920,1080
0,1776601524081,30,1920,1080
0,1776601524281,30,1920,1080
0,1776601524480,30,1920,1080
0,1776601524680,30,1920,1080
0,1776601524880,30,1920,1080
0,1776601525081,30,1920,1080
0,1776601525281,30,1920,1080
0,1776601525480,30,1920,1080
0,1776601525680,30,1920,1080
0,1776601525880,30,1920,1080
0,1776601526081,30,1920,1080
0,1776601526281,30,1920,1080
0,1776601526481,30,1920,1080
0,1776601526680,30,1920,1080
0,1776601526881,30,1920,1080
0,1776601527081,30,1920,1080
0,1776601527281,30,1920,1080
0,1776601527480,30,1920,1080
0,1776601527680,30,1920,1080
0,1776601527881,30,1920,1080
0,1776601528081,30,1920,1080
0,1776601528281,30,1920,1080
0,1776601528481,30,1920,1080
0,1776601528681,30,1920,1080
0,1776601528880,30,1920,1080
0,1776601529081,30,1920,1080
0,1776601529281,30,1920,1080
0,1776601529481,30,1920,1080
0,1776601529681,30,1920,1080
0,1776601529881,30,1920,1080
0,1776601530080,30,1920,1080
0,1776601530281,30,1920,1080
0,1776601530480,30,1920,1080
0,1776601530680,30,1920,1080
0,1776601530880,30,1920,1080
0,1776601531080,30,1920,1080
0,1776601531281,30,1920,1080
0,1776601531480,30,1920,1080
0,1776601531681,30,1920,1080
0,1776601531881,30,1920,1080
0,1776601532081,30,1920,1080
0,1776601532281,30,1920,1080
0,1776601532481,30,1920,1080
0,1776601532681,30,1920,1080
0,1776601532881,30,1920,1080
0,1776601533081,30,1920,1080
0,1776601533281,30,1920,1080
0,1776601533481,30,1920,1080
0,1776601533681,30,1920,1080
0,1776601533881,30,1920,1080
0,1776601534081,30,1920,1080
0,1776601534281,30,1920,1080
0,1776601534481,30,1920,1080
0,1776601534681,30,1920,1080
0,1776601534881,30,1920,1080
0,1776601535081,30,1920,1080
0,1776601535281,30,1920,1080
0,1776601535481,30,1920,1080
0,1776601535681,30,1920,1080
0,1776601535881,30,1920,1080
0,1776601536081,30,1920,1080
0,1776601536282,30,1920,1080
0,1776601536481,30,1920,1080
0,1776601536681,30,1920,1080
0,1776601536881,30,1920,1080
0,1776601537081,30,1920,1080
0,1776601537281,30,1920,1080
0,1776601537481,30,1920,1080
0,1776601537681,30,1920,1080
0,1776601537881,30,1920,1080
0,1776601538081,30,1920,1080
0,1776601538280,30,1920,1080
0,1776601538481,30,1920,1080
0,1776601538680,30,1920,1080
0,1776601538880,30,1920,1080
0,1776601539081,30,1920,1080
0,1776601539280,30,1920,1080
0,1776601539481,30,1920,1080
0,1776601539680,30,1920,1080
0,1776601539881,30,1920,1080
0,1776601540080,30,1920,1080
0,1776601540281,30,1920,1080
0,1776601540481,30,1920,1080
0,1776601540680,30,1920,1080
0,1776601540880,30,1920,1080
0,1776601541080,30,1920,1080
0,1776601541281,30,1920,1080
0,1776601541481,30,1920,1080
0,1776601541680,30,1920,1080
0,1776601541880,30,1920,1080
0,1776601542080,30,1920,1080
0,1776601542280,30,1920,1080
0,1776601542480,30,1920,1080
0,1776601542680,30,1920,1080
0,1776601542881,30,1920,1080
0,1776601543081,30,1920,1080
0,1776601543281,30,1920,1080
0,1776601543481,30,1920,1080
0,1776601543681,30,1920,1080
0,1776601543881,30,1920,1080
0,1776601544081,30,1920,1080
0,1776601544280,30,1920,1080
0,1776601544481,30,1920,1080
0,1776601544681,30,1920,1080
0,1776601544881,30,1920,1080
0,1776601545081,30,1920,1080
0,1776601545281,30,1920,1080
0,1776601545481,30,1920,1080
0,1776601545681,30,1920,1080
0,1776601545881,30,1920,1080
0,1776601546080,30,1920,1080
0,1776601546281,30,1920,1080
0,1776601546480,30,1920,1080