id,timestamp,type,codecId,kind,mediaType,ssrc,transportId,bytesSent,packetsSent,active,encodingIndex,firCount,framesEncoded,framesSent,headerBytesSent,hugeFramesSent,keyFramesEncoded,mediaSourceId,mid,nackCount,packetsSentWithEct1,pliCount,qualityLimitationDurations,qualityLimitationReason,qualityLimitationResolutionChanges,retransmittedBytesSent,retransmittedPacketsSent,rid,rtxSsrc,totalEncodeTime,totalEncodedBytesTarget,totalPacketSendDelay
OT01V3535764396,1776604060221.276,outbound-rtp,COT01_98_profile-id=0,video,video,3535764396,T01,0,0,true,0,0,0,0,0,0,0,SV286,0,0,0,0,[object Object],none,0,0,0,r0,3857691580,0,0,0
OT01V479650129,1776604060221.276,outbound-rtp,COT01_98_profile-id=0,video,video,479650129,T01,0,0,true,2,0,0,0,0,0,0,SV286,0,0,0,0,[object Object],none,0,0,0,r2,275910177,0,0,0
OT01V789821059,1776604060221.276,outbound-rtp,COT01_98_profile-id=0,video,video,789821059,T01,0,0,true,1,0,0,0,0,0,0,SV286,0,0,0,0,[object Object],none,0,0,0,r1,494991882,0,0,0
OT01V3535764396,1776604060221.276,outbound-rtp,COT01_98_profile-id=0,video,video,3535764396,T01,0,0,true,0,0,0,0,0,0,0,SV286,0,0,0,0,[object Object],none,0,0,0,r0,3857691580,0,0,0
OT01V479650129,1776604060221.276,outbound-rtp,COT01_98_profile-id=0,video,video,479650129,T01,0,0,true,2,0,0,0,0,0,0,SV286,0,0,0,0,[object Object],none,0,0,0,r2,275910177,0,0,0
OT01V789821059,1776604060221.276,outbound-rtp,COT01_98_profile-id=0,video,video,789821059,T01,0,0,true,1,0,0,0,0,0,0,SV286,0,0,0,0,[object Object],none,0,0,0,r1,494991882,0,0,0
OT01V3535764396,1776604060421.433,outbound-rtp,COT01_98_profile-id=0,video,video,3535764396,T01,8343,10,true,0,0,4,4,547,1,2,SV286,0,0,0,1,[object Object],bandwidth,0,0,0,r0,3857691580,0.177,0,0.11056099999999999
OT01V479650129,1776604060421.433,outbound-rtp,COT01_98_profile-id=0,video,video,479650129,T01,0,1,true,2,0,0,0,283,0,0,SV286,0,0,0,0,[object Object],bandwidth,0,0,0,r2,275910177,0,0,0
OT01V789821059,1776604060421.433,outbound-rtp,COT01_98_profile-id=0,video,video,789821059,T01,0,0,true,1,0,0,0,0,0,0,SV286,0,0,0,0,[object Object],bandwidth,0,0,0,r1,494991882,0,0,0
OT01V3535764396,1776604060421.433,outbound-rtp,COT01_98_profile-id=0,video,video,3535764396,T01,8343,10,true,0,0,4,4,547,1,2,SV286,0,0,0,1,[object Object],bandwidth,0,0,0,r0,3857691580,0.177,0,0.11056099999999999
OT01V479650129,1776604060421.433,outbound-rtp,COT01_98_profile-id=0,video,video,479650129,T01,0,1,true,2,0,0,0,283,0,0,SV286,0,0,0,0,[object Object],bandwidth,0,0,0,r2,275910177,0,0,0
OT01V789821059,1776604060421.433,outbound-rtp,COT01_98_profile-id=0,video,video,789821059,T01,0,0,true,1,0,0,0,0,0,0,SV286,0,0,0,0,[object Object],bandwidth,0,0,0,r1,494991882,0,0,0
OT01V3535764396,1776604060621.381,outbound-rtp,COT01_98_profile-id=0,video,video,3535764396,T01,12844,15,true,0,0,11,11,691,1,2,SV286,0,0,0,1,[object Object],bandwidth,0,0,0,r0,3857691580,0.31,0,0.778902
OT01V479650129,1776604060621.381,outbound-rtp,COT01_98_profile-id=0,video,video,479650129,T01,0,1,true,2,0,0,0,283,0,0,SV286,0,0,0,0,[object Object],bandwidth,0,0,0,r2,275910177,0,0,0
OT01V789821059,1776604060621.381,outbound-rtp,COT01_98_profile-id=0,video,video,789821059,T01,0,0,true,1,0,0,0,0,0,0,SV286,0,0,0,0,[object Object],bandwidth,0,0,0,r1,494991882,0,0,0
OT01V3535764396,1776604060621.381,outbound-rtp,COT01_98_profile-id=0,video,video,3535764396,T01,12844,15,true,0,0,11,11,691,1,2,SV286,0,0,0,1,[object Object],bandwidth,0,0,0,r0,3857691580,0.31,0,0.778902
OT01V479650129,1776604060621.381,outbound-rtp,COT01_98_profile-id=0,video,video,479650129,T01,0,1,true,2,0,0,0,283,0,0,SV286,0,0,0,0,[object Object],bandwidth,0,0,0,r2,275910177,0,0,0
OT01V789821059,1776604060621.381,outbound-rtp,COT01_98_profile-id=0,video,video,789821059,T01,0,0,true,1,0,0,0,0,0,0,SV286,0,0,0,0,[object Object],bandwidth,0,0,0,r1,494991882,0,0,0
OT01V3535764396,1776604060821.471,outbound-rtp,COT01_98_profile-id=0,video,video,3535764396,T01,20937,26,true,0,0,15,15,999,1,2,SV286,0,0,0,1,[object Object],bandwidth,0,0,0,r0,3857691580,0.351,0,2.443612
OT01V479650129,1776604060821.471,outbound-rtp,COT01_98_profile-id=0,video,video,479650129,T01,0,1,true,2,0,0,0,283,0,0,SV286,0,0,0,0,[object Object],bandwidth,0,0,0,r2,275910177,0,0,0
OT01V789821059,1776604060821.471,outbound-rtp,COT01_98_profile-id=0,video,video,789821059,T01,0,0,true,1,0,0,0,0,0,0,SV286,0,0,0,0,[object Object],bandwidth,0,0,0,r1,494991882,0,0,0
OT01V3535764396,1776604060821.471,outbound-rtp,COT01_98_profile-id=0,video,video,3535764396,T01,20937,26,true,0,0,15,15,999,1,2,SV286,0,0,0,1,[object Object],bandwidth,0,0,0,r0,3857691580,0.351,0,2.443612
OT01V479650129,1776604060821.471,outbound-rtp,COT01_98_profile-id=0,video,video,479650129,T01,0,1,true,2,0,0,0,283,0,0,SV286,0,0,0,0,[object Object],bandwidth,0,0,0,r2,275910177,0,0,0
OT01V789821059,1776604060821.471,outbound-rtp,COT01_98_profile-id=0,video,video,789821059,T01,0,0,true,1,0,0,0,0,0,0,SV286,0,0,0,0,[object Object],bandwidth,0,0,0,r1,494991882,0,0,0
OT01V3535764396,1776604061021.387,outbound-rtp,COT01_98_profile-id=0,video,video,3535764396,T01,29347,38,true,0,0,20,20,1299,1,2,SV286,0,0,0,1,[object Object],bandwidth,0,0,0,r0,3857691580,0.414,0,3.3856629999999996
OT01V479650129,1776604061021.387,outbound-rtp,COT01_98_profile-id=0,video,video,479650129,T01,0,1,true,2,0,0,0,283,0,0,SV286,0,0,0,0,[object Object],bandwidth,0,0,0,r2,275910177,0,0,0
OT01V789821059,1776604061021.387,outbound-rtp,COT01_98_profile-id=0,video,video,789821059,T01,0,0,true,1,0,0,0,0,0,0,SV286,0,0,0,0,[object Object],bandwidth,0,0,0,r1,494991882,0,0,0
OT01V3535764396,1776604061021.387,outbound-rtp,COT01_98_profile-id=0,video,video,3535764396,T01,29347,38,true,0,0,20,20,1299,1,2,SV286,0,0,0,1,[object Object],bandwidth,0,0,0,r0,3857691580,0.414,0,3.3856629999999996
OT01V479650129,1776604061021.387,outbound-rtp,COT01_98_profile-id=0,video,video,479650129,T01,0,1,true,2,0,0,0,283,0,0,SV286,0,0,0,0,[object Object],bandwidth,0,0,0,r2,275910177,0,0,0
OT01V789821059,1776604061021.387,outbound-rtp,COT01_98_profile-id=0,video,video,789821059,T01,0,0,true,1,0,0,0,0,0,0,SV286,0,0,0,0,[object Object],bandwidth,0,0,0,r1,494991882,0,0,0
OT01V3535764396,1776604061221.423,outbound-rtp,COT01_98_profile-id=0,video,video,3535764396,T01,34591,46,true,0,0,26,26,1491,1,2,SV286,0,0,0,1,[object Object],bandwidth,0,0,0,r0,3857691580,0.522,0,3.385674
OT01V479650129,1776604061221.423,outbound-rtp,COT01_98_profile-id=0,video,video,479650129,T01,0,1,true,2,0,0,0,283,0,0,SV286,0,0,0,0,[object Object],bandwidth,0,0,0,r2,275910177,0,0,0
OT01V789821059,1776604061221.423,outbound-rtp,COT01_98_profile-id=0,video,video,789821059,T01,0,0,true,1,0,0,0,0,0,0,SV286,0,0,0,0,[object Object],bandwidth,0,0,0,r1,494991882,0,0,0
OT01V3535764396,1776604061221.423,outbound-rtp,COT01_98_profile-id=0,video,video,3535764396,T01,34591,46,true,0,0,26,26,1491,1,2,SV286,0,0,0,1,[object Object],bandwidth,0,0,0,r0,3857691580,0.522,0,3.385674
OT01V479650129,1776604061221.423,outbound-rtp,COT01_98_profile-id=0,video,video,479650129,T01,0,1,true,2,0,0,0,283,0,0,SV286,0,0,0,0,[object Object],bandwidth,0,0,0,r2,275910177,0,0,0
OT01V789821059,1776604061221.423,outbound-rtp,COT01_98_profile-id=0,video,video,789821059,T01,0,0,true,1,0,0,0,0,0,0,SV286,0,0,0,0,[object Object],bandwidth,0,0,0,r1,494991882,0,0,0
OT01V3535764396,1776604061421.323,outbound-rtp,COT01_98_profile-id=0,video,video,3535764396,T01,40027,59,true,0,0,32,32,3078,1,2,SV286,0,0,0,1,[object Object],bandwidth,0,0,0,r0,3857691580,0.619,0,3.38568
OT01V479650129,1776604061421.323,outbound-rtp,COT01_98_profile-id=0,video,video,479650129,T01,0,1,true,2,0,0,0,283,0,0,SV286,0,0,0,0,[object Object],bandwidth,0,0,0,r2,275910177,0,0,0
OT01V789821059,1776604061421.323,outbound-rtp,COT01_98_profile-id=0,video,video,789821059,T01,0,0,true,1,0,0,0,0,0,0,SV286,0,0,0,0,[object Object],bandwidth,0,0,0,r1,494991882,0,0,0
OT01V3535764396,1776604061421.323,outbound-rtp,COT01_98_profile-id=0,video,video,3535764396,T01,40027,59,true,0,0,32,32,3078,1,2,SV286,0,0,0,1,[object Object],bandwidth,0,0,0,r0,3857691580,0.619,0,3.38568
OT01V479650129,1776604061421.323,outbound-rtp,COT01_98_profile-id=0,video,video,479650129,T01,0,1,true,2,0,0,0,283,0,0,SV286,0,0,0,0,[object Object],bandwidth,0,0,0,r2,275910177,0,0,0
OT01V789821059,1776604061421.323,outbound-rtp,COT01_98_profile-id=0,video,video,789821059,T01,0,0,true,1,0,0,0,0,0,0,SV286,0,0,0,0,[object Object],bandwidth,0,0,0,r1,494991882,0,0,0
OT01V3535764396,1776604061621.486,outbound-rtp,COT01_98_profile-id=0,video,video,3535764396,T01,44533,70,true,0,0,37,37,4617,1,2,SV286,0,0,0,1,[object Object],bandwidth,0,0,0,r0,3857691580,0.695,0,3.385685
OT01V479650129,1776604061621.486,outbound-rtp,COT01_98_profile-id=0,video,video,479650129,T01,0,1,true,2,0,0,0,283,0,0,SV286,0,0,0,0,[object Object],bandwidth,0,0,0,r2,275910177,0,0,0
OT01V789821059,1776604061621.486,outbound-rtp,COT01_98_profile-id=0,video,video,789821059,T01,0,0,true,1,0,0,0,0,0,0,SV286,0,0,0,0,[object Object],bandwidth,0,0,0,r1,494991882,0,0,0
OT01V3535764396,1776604061621.486,outbound-rtp,COT01_98_profile-id=0,video,video,3535764396,T01,44533,70,true,0,0,37,37,4617,1,2,SV286,0,0,0,1,[object Object],bandwidth,0,0,0,r0,3857691580,0.695,0,3.385685
OT01V479650129,1776604061621.486,outbound-rtp,COT01_98_profile-id=0,video,video,479650129,T01,0,1,true,2,0,0,0,283,0,0,SV286,0,0,0,0,[object Object],bandwidth,0,0,0,r2,275910177,0,0,0
OT01V789821059,1776604061621.486,outbound-rtp,COT01_98_profile-id=0,video,video,789821059,T01,0,0,true,1,0,0,0,0,0,0,SV286,0,0,0,0,[object Object],bandwidth,0,0,0,r1,494991882,0,0,0
OT01V3535764396,1776604061821.398,outbound-rtp,COT01_98_profile-id=0,video,video,3535764396,T01,48222,92,true,0,0,43,43,8970,1,2,SV286,0,0,0,1,[object Object],bandwidth,0,0,0,r0,3857691580,0.791,0,3.3856889999999997
OT01V479650129,1776604061821.398,outbound-rtp,COT01_98_profile-id=0,video,video,479650129,T01,0,1,true,2,0,0,0,283,0,0,SV286,0,0,0,0,[object Object],bandwidth,0,0,0,r2,275910177,0,0,0
OT01V789821059,1776604061821.398,outbound-rtp,COT01_98_profile-id=0,video,video,789821059,T01,0,0,true,1,0,0,0,0,0,0,SV286,0,0,0,0,[object Object],bandwidth,0,0,0,r1,494991882,0,0,0
OT01V3535764396,1776604061821.398,outbound-rtp,COT01_98_profile-id=0,video,video,3535764396,T01,48222,92,true,0,0,43,43,8970,1,2,SV286,0,0,0,1,[object Object],bandwidth,0,0,0,r0,3857691580,0.791,0,3.3856889999999997
OT01V479650129,1776604061821.398,outbound-rtp,COT01_98_profile-id=0,video,video,479650129,T01,0,1,true,2,0,0,0,283,0,0,SV286,0,0,0,0,[object Object],bandwidth,0,0,0,r2,275910177,0,0,0
OT01V789821059,1776604061821.398,outbound-rtp,COT01_98_profile-id=0,video,video,789821059,T01,0,0,true,1,0,0,0,0,0,0,SV286,0,0,0,0,[object Object],bandwidth,0,0,0,r1,494991882,0,0,0
OT01V3535764396,1776604062021.554,outbound-rtp,COT01_98_profile-id=0,video,video,3535764396,T01,53113,109,true,0,0,49,49,11673,1,2,SV286,0,0,0,1,[object Object],bandwidth,0,0,0,r0,3857691580,0.842,0,3.3856949999999997
OT01V479650129,1776604062021.554,outbound-rtp,COT01_98_profile-id=0,video,video,479650129,T01,0,1,true,2,0,0,0,283,0,0,SV286,0,0,0,0,[object Object],bandwidth,0,0,0,r2,275910177,0,0,0
OT01V789821059,1776604062021.554,outbound-rtp,COT01_98_profile-id=0,video,video,789821059,T01,0,0,true,1,0,0,0,0,0,0,SV286,0,0,0,0,[object Object],bandwidth,0,0,0,r1,494991882,0,0,0
OT01V3535764396,1776604062021.554,outbound-rtp,COT01_98_profile-id=0,video,video,3535764396,T01,53113,109,true,0,0,49,49,11673,1,2,SV286,0,0,0,1,[object Object],bandwidth,0,0,0,r0,3857691580,0.842,0,3.3856949999999997
OT01V479650129,1776604062021.554,outbound-rtp,COT01_98_profile-id=0,video,video,479650129,T01,0,1,true,2,0,0,0,283,0,0,SV286,0,0,0,0,[object Object],bandwidth,0,0,0,r2,275910177,0,0,0
OT01V789821059,1776604062021.554,outbound-rtp,COT01_98_profile-id=0,video,video,789821059,T01,0,0,true,1,0,0,0,0,0,0,SV286,0,0,0,0,[object Object],bandwidth,0,0,0,r1,494991882,0,0,0
OT01V3535764396,1776604062221.339,outbound-rtp,COT01_98_profile-id=0,video,video,3535764396,T01,58028,128,true,0,0,55,55,15189,1,2,SV286,0,0,0,1,[object Object],bandwidth,0,0,0,r0,3857691580,0.947,0,3.3856979999999997
OT01V479650129,1776604062221.339,outbound-rtp,COT01_98_profile-id=0,video,video,479650129,T01,0,1,true,2,0,0,0,283,0,0,SV286,0,0,0,0,[object Object],bandwidth,0,0,0,r2,275910177,0,0,0
OT01V789821059,1776604062221.339,outbound-rtp,COT01_98_profile-id=0,video,video,789821059,T01,0,0,true,1,0,0,0,0,0,0,SV286,0,0,0,0,[object Object],bandwidth,0,0,0,r1,494991882,0,0,0
OT01V3535764396,1776604062221.339,outbound-rtp,COT01_98_profile-id=0,video,video,3535764396,T01,58028,128,true,0,0,55,55,15189,1,2,SV286,0,0,0,1,[object Object],bandwidth,0,0,0,r0,3857691580,0.947,0,3.3856979999999997
OT01V479650129,1776604062221.339,outbound-rtp,COT01_98_profile-id=0,video,video,479650129,T01,0,1,true,2,0,0,0,283,0,0,SV286,0,0,0,0,[object Object],bandwidth,0,0,0,r2,275910177,0,0,0
OT01V789821059,1776604062221.339,outbound-rtp,COT01_98_profile-id=0,video,video,789821059,T01,0,0,true,1,0,0,0,0,0,0,SV286,0,0,0,0,[object Object],bandwidth,0,0,0,r1,494991882,0,0,0
OT01V3535764396,1776604062421.412,outbound-rtp,COT01_98_profile-id=0,video,video,3535764396,T01,63083,147,true,0,0,61,61,18705,1,2,SV286,0,0,0,1,[object Object],bandwidth,0,0,0,r0,3857691580,1.053,0,3.385699
OT01V479650129,1776604062421.412,outbound-rtp,COT01_98_profile-id=0,video,video,479650129,T01,0,1,true,2,0,0,0,283,0,0,SV286,0,0,0,0,[object Object],bandwidth,0,0,0,r2,275910177,0,0,0
OT01V789821059,1776604062421.412,outbound-rtp,COT01_98_profile-id=0,video,video,789821059,T01,0,0,true,1,0,0,0,0,0,0,SV286,0,0,0,0,[object Object],bandwidth,0,0,0,r1,494991882,0,0,0
OT01V3535764396,1776604062421.412,outbound-rtp,COT01_98_profile-id=0,video,video,3535764396,T01,63083,147,true,0,0,61,61,18705,1,2,SV286,0,0,0,1,[object Object],bandwidth,0,0,0,r0,3857691580,1.053,0,3.385699
OT01V479650129,1776604062421.412,outbound-rtp,COT01_98_profile-id=0,video,video,479650129,T01,0,1,true,2,0,0,0,283,0,0,SV286,0,0,0,0,[object Object],bandwidth,0,0,0,r2,275910177,0,0,0
OT01V789821059,1776604062421.412,outbound-rtp,COT01_98_profile-id=0,video,video,789821059,T01,0,0,true,1,0,0,0,0,0,0,SV286,0,0,0,0,[object Object],bandwidth,0,0,0,r1,494991882,0,0,0
OT01V3535764396,1776604062621.441,outbound-rtp,COT01_98_profile-id=0,video,video,3535764396,T01,66554,166,true,0,0,67,67,22476,1,2,SV286,0,0,0,1,[object Object],bandwidth,0,0,0,r0,3857691580,1.148,0,3.385699
OT01V479650129,1776604062621.441,outbound-rtp,COT01_98_profile-id=0,video,video,479650129,T01,0,1,true,2,0,0,0,283,0,0,SV286,0,0,0,0,[object Object],bandwidth,0,0,0,r2,275910177,0,0,0
OT01V789821059,1776604062621.441,outbound-rtp,COT01_98_profile-id=0,video,video,789821059,T01,0,0,true,1,0,0,0,0,0,0,SV286,0,0,0,0,[object Object],bandwidth,0,0,0,r1,494991882,0,0,0
OT01V3535764396,1776604062621.441,outbound-rtp,COT01_98_profile-id=0,video,video,3535764396,T01,66554,166,true,0,0,67,67,22476,1,2,SV286,0,0,0,1,[object Object],bandwidth,0,0,0,r0,3857691580,1.148,0,3.385699
OT01V479650129,1776604062621.441,outbound-rtp,COT01_98_profile-id=0,video,video,479650129,T01,0,1,true,2,0,0,0,283,0,0,SV286,0,0,0,0,[object Object],bandwidth,0,0,0,r2,275910177,0,0,0
OT01V789821059,1776604062621.441,outbound-rtp,COT01_98_profile-id=0,video,video,789821059,T01,0,0,true,1,0,0,0,0,0,0,SV286,0,0,0,0,[object Object],bandwidth,0,0,0,r1,494991882,0,0,0
OT01V3535764396,1776604062821.456,outbound-rtp,COT01_98_profile-id=0,video,video,3535764396,T01,72883,183,true,0,0,73,73,25179,1,2,SV286,0,0,0,1,[object Object],bandwidth,0,0,0,r0,3857691580,1.253,0,3.385707
OT01V479650129,1776604062821.456,outbound-rtp,COT01_98_profile-id=0,video,video,479650129,T01,0,1,true,2,0,0,0,283,0,0,SV286,0,0,0,0,[object Object],bandwidth,0,0,0,r2,275910177,0,0,0
OT01V789821059,1776604062821.456,outbound-rtp,COT01_98_profile-id=0,video,video,789821059,T01,0,0,true,1,0,0,0,0,0,0,SV286,0,0,0,0,[object Object],bandwidth,0,0,0,r1,494991882,0,0,0
OT01V3535764396,1776604062821.456,outbound-rtp,COT01_98_profile-id=0,video,video,3535764396,T01,72883,183,true,0,0,73,73,25179,1,2,SV286,0,0,0,1,[object Object],bandwidth,0,0,0,r0,3857691580,1.253,0,3.385707
OT01V479650129,1776604062821.456,outbound-rtp,COT01_98_profile-id=0,video,video,479650129,T01,0,1,true,2,0,0,0,283,0,0,SV286,0,0,0,0,[object Object],bandwidth,0,0,0,r2,275910177,0,0,0
OT01V789821059,1776604062821.456,outbound-rtp,COT01_98_profile-id=0,video,video,789821059,T01,0,0,true,1,0,0,0,0,0,0,SV286,0,0,0,0,[object Object],bandwidth,0,0,0,r1,494991882,0,0,0
OT01V3535764396,1776604063021.422,outbound-rtp,COT01_98_profile-id=0,video,video,3535764396,T01,77565,203,true,0,0,79,79,28974,1,2,SV286,0,0,0,1,[object Object],bandwidth,0,0,0,r0,3857691580,1.357,0,3.38571
OT01V479650129,1776604063021.422,outbound-rtp,COT01_98_profile-id=0,video,video,479650129,T01,0,1,true,2,0,0,0,283,0,0,SV286,0,0,0,0,[object Object],bandwidth,0,0,0,r2,275910177,0,0,0
OT01V789821059,1776604063021.422,outbound-rtp,COT01_98_profile-id=0,video,video,789821059,T01,0,0,true,1,0,0,0,0,0,0,SV286,0,0,0,0,[object Object],bandwidth,0,0,0,r1,494991882,0,0,0
OT01V3535764396,1776604063021.422,outbound-rtp,COT01_98_profile-id=0,video,video,3535764396,T01,77565,203,true,0,0,79,79,28974,1,2,SV286,0,0,0,1,[object Object],bandwidth,0,0,0,r0,3857691580,1.357,0,3.38571
OT01V479650129,1776604063021.422,outbound-rtp,COT01_98_profile-id=0,video,video,479650129,T01,0,1,true,2,0,0,0,283,0,0,SV286,0,0,0,0,[object Object],bandwidth,0,0,0,r2,275910177,0,0,0
OT01V789821059,1776604063021.422,outbound-rtp,COT01_98_profile-id=0,video,video,789821059,T01,0,0,true,1,0,0,0,0,0,0,SV286,0,0,0,0,[object Object],bandwidth,0,0,0,r1,494991882,0,0,0
OT01V3535764396,1776604063221.364,outbound-rtp,COT01_98_profile-id=0,video,video,3535764396,T01,84064,219,true,0,0,85,85,31143,1,2,SV286,0,0,0,1,[object Object],bandwidth,0,0,0,r0,3857691580,1.46,0,3.385725
OT01V479650129,1776604063221.364,outbound-rtp,COT01_98_profile-id=0,video,video,479650129,T01,0,1,true,2,0,0,0,283,0,0,SV286,0,0,0,0,[object Object],bandwidth,0,0,0,r2,275910177,0,0,0
OT01V789821059,1776604063221.364,outbound-rtp,COT01_98_profile-id=0,video,video,789821059,T01,0,0,true,1,0,0,0,0,0,0,SV286,0,0,0,0,[object Object],bandwidth,0,0,0,r1,494991882,0,0,0
OT01V3535764396,1776604063221.364,outbound-rtp,COT01_98_profile-id=0,video,video,3535764396,T01,84064,219,true,0,0,85,85,31143,1,2,SV286,0,0,0,1,[object Object],bandwidth,0,0,0,r0,3857691580,1.46,0,3.385725
OT01V479650129,1776604063221.364,outbound-rtp,COT01_98_profile-id=0,video,video,479650129,T01,0,1,true,2,0,0,0,283,0,0,SV286,0,0,0,0,[object Object],bandwidth,0,0,0,r2,275910177,0,0,0
OT01V789821059,1776604063221.364,outbound-rtp,COT01_98_profile-id=0,video,video,789821059,T01,0,0,true,1,0,0,0,0,0,0,SV286,0,0,0,0,[object Object],bandwidth,0,0,0,r1,494991882,0,0,0
OT01V3535764396,1776604063421.365,outbound-rtp,COT01_98_profile-id=0,video,video,3535764396,T01,90490,237,true,0,0,91,91,34125,1,2,SV286,0,0,0,1,[object Object],bandwidth,0,0,0,r0,3857691580,1.567,0,3.418968
OT01V479650129,1776604063421.365,outbound-rtp,COT01_98_profile-id=0,video,video,479650129,T01,0,1,true,2,0,0,0,283,0,0,SV286,0,0,0,0,[object Object],bandwidth,0,0,0,r2,275910177,0,0,0
OT01V789821059,1776604063421.365,outbound-rtp,COT01_98_profile-id=0,video,video,789821059,T01,0,0,true,1,0,0,0,0,0,0,SV286,0,0,0,0,[object Object],bandwidth,0,0,0,r1,494991882,0,0,0
OT01V3535764396,1776604063421.365,outbound-rtp,COT01_98_profile-id=0,video,video,3535764396,T01,90490,237,true,0,0,91,91,34125,1,2,SV286,0,0,0,1,[object Object],bandwidth,0,0,0,r0,3857691580,1.567,0,3.418968
OT01V479650129,1776604063421.365,outbound-rtp,COT01_98_profile-id=0,video,video,479650129,T01,0,1,true,2,0,0,0,283,0,0,SV286,0,0,0,0,[object Object],bandwidth,0,0,0,r2,275910177,0,0,0
OT01V789821059,1776604063421.365,outbound-rtp,COT01_98_profile-id=0,video,video,789821059,T01,0,0,true,1,0,0,0,0,0,0,SV286,0,0,0,0,[object Object],bandwidth,0,0,0,r1,494991882,0,0,0
OT01V3535764396,1776604063621.367,outbound-rtp,COT01_98_profile-id=0,video,video,3535764396,T01,96376,250,true,0,0,97,97,36222,1,2,SV286,0,0,0,1,[object Object],bandwidth,0,0,0,r0,3857691580,1.673,0,3.418973
OT01V479650129,1776604063621.367,outbound-rtp,COT01_98_profile-id=0,video,video,479650129,T01,0,1,true,2,0,0,0,283,0,0,SV286,0,0,0,0,[object Object],bandwidth,0,0,0,r2,275910177,0,0,0
OT01V789821059,1776604063621.367,outbound-rtp,COT01_98_profile-id=0,video,video,789821059,T01,0,0,true,1,0,0,0,0,0,0,SV286,0,0,0,0,[object Object],bandwidth,0,0,0,r1,494991882,0,0,0
OT01V3535764396,1776604063621.367,outbound-rtp,COT01_98_profile-id=0,video,video,3535764396,T01,96376,250,true,0,0,97,97,36222,1,2,SV286,0,0,0,1,[object Object],bandwidth,0,0,0,r0,3857691580,1.673,0,3.418973
OT01V479650129,1776604063621.367,outbound-rtp,COT01_98_profile-id=0,video,video,479650129,T01,0,1,true,2,0,0,0,283,0,0,SV286,0,0,0,0,[object Object],bandwidth,0,0,0,r2,275910177,0,0,0
OT01V789821059,1776604063621.367,outbound-rtp,COT01_98_profile-id=0,video,video,789821059,T01,0,0,true,1,0,0,0,0,0,0,SV286,0,0,0,0,[object Object],bandwidth,0,0,0,r1,494991882,0,0,0
OT01V3535764396,1776604063821.498,outbound-rtp,COT01_98_profile-id=0,video,video,3535764396,T01,103235,269,true,0,0,103,103,38973,1,2,SV286,0,0,0,1,[object Object],bandwidth,0,0,0,r0,3857691580,1.778,0,3.4476959999999996
OT01V479650129,1776604063821.498,outbound-rtp,COT01_98_profile-id=0,video,video,479650129,T01,0,1,true,2,0,0,0,283,0,0,SV286,0,0,0,0,[object Object],bandwidth,0,0,0,r2,275910177,0,0,0
OT01V789821059,1776604063821.498,outbound-rtp,COT01_98_profile-id=0,video,video,789821059,T01,0,0,true,1,0,0,0,0,0,0,SV286,0,0,0,0,[object Object],bandwidth,0,0,0,r1,494991882,0,0,0
OT01V3535764396,1776604063821.498,outbound-rtp,COT01_98_profile-id=0,video,video,3535764396,T01,103235,269,true,0,0,103,103,38973,1,2,SV286,0,0,0,1,[object Object],bandwidth,0,0,0,r0,3857691580,1.778,0,3.4476959999999996
OT01V479650129,1776604063821.498,outbound-rtp,COT01_98_profile-id=0,video,video,479650129,T01,0,1,true,2,0,0,0,283,0,0,SV286,0,0,0,0,[object Object],bandwidth,0,0,0,r2,275910177,0,0,0
OT01V789821059,1776604063821.498,outbound-rtp,COT01_98_profile-id=0,video,video,789821059,T01,0,0,true,1,0,0,0,0,0,0,SV286,0,0,0,0,[object Object],bandwidth,0,0,0,r1,494991882,0,0,0
OT01V3535764396,1776604064021.461,outbound-rtp,COT01_98_profile-id=0,video,video,3535764396,T01,109321,285,true,0,0,108,108,41397,1,2,SV286,0,0,0,1,[object Object],bandwidth,0,0,0,r0,3857691580,1.87,0,3.447702
OT01V479650129,1776604064021.461,outbound-rtp,COT01_98_profile-id=0,video,video,479650129,T01,0,1,true,2,0,0,0,283,0,0,SV286,0,0,0,0,[object Object],bandwidth,0,0,0,r2,275910177,0,0,0
OT01V789821059,1776604064021.461,outbound-rtp,COT01_98_profile-id=0,video,video,789821059,T01,0,0,true,1,0,0,0,0,0,0,SV286,0,0,0,0,[object Object],bandwidth,0,0,0,r1,494991882,0,0,0
OT01V3535764396,1776604064021.461,outbound-rtp,COT01_98_profile-id=0,video,video,3535764396,T01,109321,285,true,0,0,108,108,41397,1,2,SV286,0,0,0,1,[object Object],bandwidth,0,0,0,r0,3857691580,1.87,0,3.447702
OT01V479650129,1776604064021.461,outbound-rtp,COT01_98_profile-id=0,video,video,479650129,T01,0,1,true,2,0,0,0,283,0,0,SV286,0,0,0,0,[object Object],bandwidth,0,0,0,r2,275910177,0,0,0
OT01V789821059,1776604064021.461,outbound-rtp,COT01_98_profile-id=0,video,video,789821059,T01,0,0,true,1,0,0,0,0,0,0,SV286,0,0,0,0,[object Object],bandwidth,0,0,0,r1,494991882,0,0,0
OT01V3535764396,1776604064221.444,outbound-rtp,COT01_98_profile-id=0,video,video,3535764396,T01,109321,316,true,0,0,108,108,50046,1,2,SV286,0,0,0,1,[object Object],bandwidth,0,0,0,r0,3857691580,1.87,0,3.447702
OT01V479650129,1776604064221.444,outbound-rtp,COT01_98_profile-id=0,video,video,479650129,T01,0,1,true,2,0,0,0,283,0,0,SV286,0,0,0,0,[object Object],bandwidth,0,0,0,r2,275910177,0,0,0
OT01V789821059,1776604064221.444,outbound-rtp,COT01_98_profile-id=0,video,video,789821059,T01,0,0,true,1,0,0,0,0,0,0,SV286,0,0,0,0,[object Object],bandwidth,0,0,0,r1,494991882,0,0,0
OT01V3535764396,1776604064221.444,outbound-rtp,COT01_98_profile-id=0,video,video,3535764396,T01,109321,316,true,0,0,108,108,50046,1,2,SV286,0,0,0,1,[object Object],bandwidth,0,0,0,r0,3857691580,1.87,0,3.447702
OT01V479650129,1776604064221.444,outbound-rtp,COT01_98_profile-id=0,video,video,479650129,T01,0,1,true,2,0,0,0,283,0,0,SV286,0,0,0,0,[object Object],bandwidth,0,0,0,r2,275910177,0,0,0
OT01V789821059,1776604064221.444,outbound-rtp,COT01_98_profile-id=0,video,video,789821059,T01,0,0,true,1,0,0,0,0,0,0,SV286,0,0,0,0,[object Object],bandwidth,0,0,0,r1,494991882,0,0,0
OT01V3535764396,1776604064421.47,outbound-rtp,COT01_98_profile-id=0,video,video,3535764396,T01,109321,349,true,0,0,108,108,59253,1,2,SV286,0,0,0,1,[object Object],bandwidth,0,0,0,r0,3857691580,1.87,0,3.447702
OT01V479650129,1776604064421.47,outbound-rtp,COT01_98_profile-id=0,video,video,479650129,T01,0,1,true,2,0,0,0,283,0,0,SV286,0,0,0,0,[object Object],bandwidth,0,0,0,r2,275910177,0,0,0
OT01V789821059,1776604064421.47,outbound-rtp,COT01_98_profile-id=0,video,video,789821059,T01,0,0,true,1,0,0,0,0,0,0,SV286,0,0,0,0,[object Object],bandwidth,0,0,0,r1,494991882,0,0,0
OT01V3535764396,1776604064421.47,outbound-rtp,COT01_98_profile-id=0,video,video,3535764396,T01,109321,349,true,0,0,108,108,59253,1,2,SV286,0,0,0,1,[object Object],bandwidth,0,0,0,r0,3857691580,1.87,0,3.447702
OT01V479650129,1776604064421.47,outbound-rtp,COT01_98_profile-id=0,video,video,479650129,T01,0,1,true,2,0,0,0,283,0,0,SV286,0,0,0,0,[object Object],bandwidth,0,0,0,r2,275910177,0,0,0
OT01V789821059,1776604064421.47,outbound-rtp,COT01_98_profile-id=0,video,video,789821059,T01,0,0,true,1,0,0,0,0,0,0,SV286,0,0,0,0,[object Object],bandwidth,0,0,0,r1,494991882,0,0,0
OT01V3535764396,1776604064621.466,outbound-rtp,COT01_98_profile-id=0,video,video,3535764396,T01,109321,382,true,0,0,108,108,68460,1,2,SV286,0,0,0,1,[object Object],bandwidth,0,0,0,r0,3857691580,1.87,0,3.447716
OT01V479650129,1776604064621.466,outbound-rtp,COT01_98_profile-id=0,video,video,479650129,T01,0,1,true,2,0,0,0,283,0,0,SV286,0,0,0,0,[object Object],bandwidth,0,0,0,r2,275910177,0,0,0
OT01V789821059,1776604064621.466,outbound-rtp,COT01_98_profile-id=0,video,video,789821059,T01,0,0,true,1,0,0,0,0,0,0,SV286,0,0,0,0,[object Object],bandwidth,0,0,0,r1,494991882,0,0,0
OT01V3535764396,1776604064621.466,outbound-rtp,COT01_98_profile-id=0,video,video,3535764396,T01,109321,382,true,0,0,108,108,68460,1,2,SV286,0,0,0,1,[object Object],bandwidth,0,0,0,r0,3857691580,1.87,0,3.447716
OT01V479650129,1776604064621.466,outbound-rtp,COT01_98_profile-id=0,video,video,479650129,T01,0,1,true,2,0,0,0,283,0,0,SV286,0,0,0,0,[object Object],bandwidth,0,0,0,r2,275910177,0,0,0
OT01V789821059,1776604064621.466,outbound-rtp,COT01_98_profile-id=0,video,video,789821059,T01,0,0,true,1,0,0,0,0,0,0,SV286,0,0,0,0,[object Object],bandwidth,0,0,0,r1,494991882,0,0,0
OT01V3535764396,1776604064821.469,outbound-rtp,COT01_98_profile-id=0,video,video,3535764396,T01,109321,416,true,0,0,108,108,77946,1,2,SV286,0,0,0,1,[object Object],bandwidth,0,0,0,r0,3857691580,1.87,0,3.4477889999999998
OT01V479650129,1776604064821.469,outbound-rtp,COT01_98_profile-id=0,video,video,479650129,T01,0,1,true,2,0,0,0,283,0,0,SV286,0,0,0,0,[object Object],bandwidth,0,0,0,r2,275910177,0,0,0
OT01V789821059,1776604064821.469,outbound-rtp,COT01_98_profile-id=0,video,video,789821059,T01,0,0,true,1,0,0,0,0,0,0,SV286,0,0,0,0,[object Object],bandwidth,0,0,0,r1,494991882,0,0,0
OT01V3535764396,1776604064821.469,outbound-rtp,COT01_98_profile-id=0,video,video,3535764396,T01,109321,416,true,0,0,108,108,77946,1,2,SV286,0,0,0,1,[object Object],bandwidth,0,0,0,r0,3857691580,1.87,0,3.4477889999999998
OT01V479650129,1776604064821.469,outbound-rtp,COT01_98_profile-id=0,video,video,479650129,T01,0,1,true,2,0,0,0,283,0,0,SV286,0,0,0,0,[object Object],bandwidth,0,0,0,r2,275910177,0,0,0
OT01V789821059,1776604064821.469,outbound-rtp,COT01_98_profile-id=0,video,video,789821059,T01,0,0,true,1,0,0,0,0,0,0,SV286,0,0,0,0,[object Object],bandwidth,0,0,0,r1,494991882,0,0,0
OT01V3535764396,1776604065021.268,outbound-rtp,COT01_98_profile-id=0,video,video,3535764396,T01,111581,450,true,0,0,109,109,86922,1,2,SV286,0,0,0,1,[object Object],bandwidth,0,0,0,r0,3857691580,2.879,0,3.447856
OT01V479650129,1776604065021.268,outbound-rtp,COT01_98_profile-id=0,video,video,479650129,T01,0,1,true,2,0,0,0,283,0,0,SV286,0,0,0,0,[object Object],bandwidth,0,0,0,r2,275910177,0,0,0
OT01V789821059,1776604065021.268,outbound-rtp,COT01_98_profile-id=0,video,video,789821059,T01,0,0,true,1,0,0,0,0,0,0,SV286,0,0,0,0,[object Object],bandwidth,0,0,0,r1,494991882,0,0,0
OT01V3535764396,1776604065021.268,outbound-rtp,COT01_98_profile-id=0,video,video,3535764396,T01,111581,450,true,0,0,109,109,86922,1,2,SV286,0,0,0,1,[object Object],bandwidth,0,0,0,r0,3857691580,2.879,0,3.447856
OT01V479650129,1776604065021.268,outbound-rtp,COT01_98_profile-id=0,video,video,479650129,T01,0,1,true,2,0,0,0,283,0,0,SV286,0,0,0,0,[object Object],bandwidth,0,0,0,r2,275910177,0,0,0
OT01V789821059,1776604065021.268,outbound-rtp,COT01_98_profile-id=0,video,video,789821059,T01,0,0,true,1,0,0,0,0,0,0,SV286,0,0,0,0,[object Object],bandwidth,0,0,0,r1,494991882,0,0,0
OT01V3535764396,1776604065221.447,outbound-rtp,COT01_98_profile-id=0,video,video,3535764396,T01,121438,463,true,0,0,116,116,87234,1,2,SV286,0,0,0,1,[object Object],bandwidth,0,0,0,r0,3857691580,3.023,0,3.5623669999999996
OT01V479650129,1776604065221.447,outbound-rtp,COT01_98_profile-id=0,video,video,479650129,T01,0,1,true,2,0,0,0,283,0,0,SV286,0,0,0,0,[object Object],bandwidth,0,0,0,r2,275910177,0,0,0
OT01V789821059,1776604065221.447,outbound-rtp,COT01_98_profile-id=0,video,video,789821059,T01,0,0,true,1,0,0,0,0,0,0,SV286,0,0,0,0,[object Object],bandwidth,0,0,0,r1,494991882,0,0,0
OT01V3535764396,1776604065221.447,outbound-rtp,COT01_98_profile-id=0,video,video,3535764396,T01,121438,463,true,0,0,116,116,87234,1,2,SV286,0,0,0,1,[object Object],bandwidth,0,0,0,r0,3857691580,3.023,0,3.5623669999999996
OT01V479650129,1776604065221.447,outbound-rtp,COT01_98_profile-id=0,video,video,479650129,T01,0,1,true,2,0,0,0,283,0,0,SV286,0,0,0,0,[object Object],bandwidth,0,0,0,r2,275910177,0,0,0
OT01V789821059,1776604065221.447,outbound-rtp,COT01_98_profile-id=0,video,video,789821059,T01,0,0,true,1,0,0,0,0,0,0,SV286,0,0,0,0,[object Object],bandwidth,0,0,0,r1,494991882,0,0,0
OT01V3535764396,1776604065421.414,outbound-rtp,COT01_98_profile-id=0,video,video,3535764396,T01,127100,483,true,0,0,122,122,90774,1,2,SV286,0,0,0,1,[object Object],bandwidth,0,0,0,r0,3857691580,3.121,0,3.562401
OT01V479650129,1776604065421.414,outbound-rtp,COT01_98_profile-id=0,video,video,479650129,T01,0,1,true,2,0,0,0,283,0,0,SV286,0,0,0,0,[object Object],bandwidth,0,0,0,r2,275910177,0,0,0
OT01V789821059,1776604065421.414,outbound-rtp,COT01_98_profile-id=0,video,video,789821059,T01,0,0,true,1,0,0,0,0,0,0,SV286,0,0,0,0,[object Object],bandwidth,0,0,0,r1,494991882,0,0,0
OT01V3535764396,1776604065421.414,outbound-rtp,COT01_98_profile-id=0,video,video,3535764396,T01,127100,483,true,0,0,122,122,90774,1,2,SV286,0,0,0,1,[object Object],bandwidth,0,0,0,r0,3857691580,3.121,0,3.562401
OT01V479650129,1776604065421.414,outbound-rtp,COT01_98_profile-id=0,video,video,479650129,T01,0,1,true,2,0,0,0,283,0,0,SV286,0,0,0,0,[object Object],bandwidth,0,0,0,r2,275910177,0,0,0
OT01V789821059,1776604065421.414,outbound-rtp,COT01_98_profile-id=0,video,video,789821059,T01,0,0,true,1,0,0,0,0,0,0,SV286,0,0,0,0,[object Object],bandwidth,0,0,0,r1,494991882,0,0,0
OT01V3535764396,1776604065621.368,outbound-rtp,COT01_98_profile-id=0,video,video,3535764396,T01,131395,509,true,0,0,127,127,96498,1,2,SV286,0,0,0,1,[object Object],bandwidth,0,0,0,r0,3857691580,3.199,0,3.562449
OT01V479650129,1776604065621.368,outbound-rtp,COT01_98_profile-id=0,video,video,479650129,T01,0,1,true,2,0,0,0,283,0,0,SV286,0,0,0,0,[object Object],bandwidth,0,0,0,r2,275910177,0,0,0
OT01V789821059,1776604065621.368,outbound-rtp,COT01_98_profile-id=0,video,video,789821059,T01,0,0,true,1,0,0,0,0,0,0,SV286,0,0,0,0,[object Object],bandwidth,0,0,0,r1,494991882,0,0,0
OT01V3535764396,1776604065621.368,outbound-rtp,COT01_98_profile-id=0,video,video,3535764396,T01,131395,509,true,0,0,127,127,96498,1,2,SV286,0,0,0,1,[object Object],bandwidth,0,0,0,r0,3857691580,3.199,0,3.562449
OT01V479650129,1776604065621.368,outbound-rtp,COT01_98_profile-id=0,video,video,479650129,T01,0,1,true,2,0,0,0,283,0,0,SV286,0,0,0,0,[object Object],bandwidth,0,0,0,r2,275910177,0,0,0
OT01V789821059,1776604065621.368,outbound-rtp,COT01_98_profile-id=0,video,video,789821059,T01,0,0,true,1,0,0,0,0,0,0,SV286,0,0,0,0,[object Object],bandwidth,0,0,0,r1,494991882,0,0,0
OT01V3535764396,1776604065821.453,outbound-rtp,COT01_98_profile-id=0,video,video,3535764396,T01,139532,533,true,0,0,134,134,100644,1,2,SV286,0,0,0,1,[object Object],bandwidth,0,0,0,r0,3857691580,3.328,0,3.562481
OT01V479650129,1776604065821.453,outbound-rtp,COT01_98_profile-id=0,video,video,479650129,T01,0,1,true,2,0,0,0,283,0,0,SV286,0,0,0,0,[object Object],bandwidth,0,0,0,r2,275910177,0,0,0
OT01V789821059,1776604065821.453,outbound-rtp,COT01_98_profile-id=0,video,video,789821059,T01,0,0,true,1,0,0,0,0,0,0,SV286,0,0,0,0,[object Object],bandwidth,0,0,0,r1,494991882,0,0,0
OT01V3535764396,1776604065821.453,outbound-rtp,COT01_98_profile-id=0,video,video,3535764396,T01,139532,533,true,0,0,134,134,100644,1,2,SV286,0,0,0,1,[object Object],bandwidth,0,0,0,r0,3857691580,3.328,0,3.562481
OT01V479650129,1776604065821.453,outbound-rtp,COT01_98_profile-id=0,video,video,479650129,T01,0,1,true,2,0,0,0,283,0,0,SV286,0,0,0,0,[object Object],bandwidth,0,0,0,r2,275910177,0,0,0
OT01V789821059,1776604065821.453,outbound-rtp,COT01_98_profile-id=0,video,video,789821059,T01,0,0,true,1,0,0,0,0,0,0,SV286,0,0,0,0,[object Object],bandwidth,0,0,0,r1,494991882,0,0,0
OT01V3535764396,1776604066021.349,outbound-rtp,COT01_98_profile-id=0,video,video,3535764396,T01,143937,553,true,0,0,139,139,104694,1,2,SV286,0,0,0,1,[object Object],bandwidth,0,0,0,r0,3857691580,3.416,0,3.5625109999999998
OT01V479650129,1776604066021.349,outbound-rtp,COT01_98_profile-id=0,video,video,479650129,T01,0,1,true,2,0,0,0,283,0,0,SV286,0,0,0,0,[object Object],bandwidth,0,0,0,r2,275910177,0,0,0
OT01V789821059,1776604066021.349,outbound-rtp,COT01_98_profile-id=0,video,video,789821059,T01,0,0,true,1,0,0,0,0,0,0,SV286,0,0,0,0,[object Object],bandwidth,0,0,0,r1,494991882,0,0,0
OT01V3535764396,1776604066021.349,outbound-rtp,COT01_98_profile-id=0,video,video,3535764396,T01,143937,553,true,0,0,139,139,104694,1,2,SV286,0,0,0,1,[object Object],bandwidth,0,0,0,r0,3857691580,3.416,0,3.5625109999999998
OT01V479650129,1776604066021.349,outbound-rtp,COT01_98_profile-id=0,video,video,479650129,T01,0,1,true,2,0,0,0,283,0,0,SV286,0,0,0,0,[object Object],bandwidth,0,0,0,r2,275910177,0,0,0
OT01V789821059,1776604066021.349,outbound-rtp,COT01_98_profile-id=0,video,video,789821059,T01,0,0,true,1,0,0,0,0,0,0,SV286,0,0,0,0,[object Object],bandwidth,0,0,0,r1,494991882,0,0,0
OT01V3535764396,1776604066221.496,outbound-rtp,COT01_98_profile-id=0,video,video,3535764396,T01,151097,579,true,0,0,146,146,109398,1,2,SV286,0,0,0,1,[object Object],bandwidth,0,0,0,r0,3857691580,3.534,0,3.562547
OT01V479650129,1776604066221.496,outbound-rtp,COT01_98_profile-id=0,video,video,479650129,T01,0,1,true,2,0,0,0,283,0,0,SV286,0,0,0,0,[object Object],bandwidth,0,0,0,r2,275910177,0,0,0
OT01V789821059,1776604066221.496,outbound-rtp,COT01_98_profile-id=0,video,video,789821059,T01,0,0,true,1,0,0,0,0,0,0,SV286,0,0,0,0,[object Object],bandwidth,0,0,0,r1,494991882,0,0,0
OT01V3535764396,1776604066221.496,outbound-rtp,COT01_98_profile-id=0,video,video,3535764396,T01,151097,579,true,0,0,146,146,109398,1,2,SV286,0,0,0,1,[object Object],bandwidth,0,0,0,r0,3857691580,3.534,0,3.562547
OT01V479650129,1776604066221.496,outbound-rtp,COT01_98_profile-id=0,video,video,479650129,T01,0,1,true,2,0,0,0,283,0,0,SV286,0,0,0,0,[object Object],bandwidth,0,0,0,r2,275910177,0,0,0
OT01V789821059,1776604066221.496,outbound-rtp,COT01_98_profile-id=0,video,video,789821059,T01,0,0,true,1,0,0,0,0,0,0,SV286,0,0,0,0,[object Object],bandwidth,0,0,0,r1,494991882,0,0,0
OT01V3535764396,1776604066421.482,outbound-rtp,COT01_98_profile-id=0,video,video,3535764396,T01,155151,607,true,0,0,151,151,115680,1,2,SV286,0,0,0,1,[object Object],bandwidth,0,0,0,r0,3857691580,3.619,0,3.562594
OT01V479650129,1776604066421.482,outbound-rtp,COT01_98_profile-id=0,video,video,479650129,T01,0,1,true,2,0,0,0,283,0,0,SV286,0,0,0,0,[object Object],bandwidth,0,0,0,r2,275910177,0,0,0
OT01V789821059,1776604066421.482,outbound-rtp,COT01_98_profile-id=0,video,video,789821059,T01,0,0,true,1,0,0,0,0,0,0,SV286,0,0,0,0,[object Object],bandwidth,0,0,0,r1,494991882,0,0,0
OT01V3535764396,1776604066421.482,outbound-rtp,COT01_98_profile-id=0,video,video,3535764396,T01,155151,607,true,0,0,151,151,115680,1,2,SV286,0,0,0,1,[object Object],bandwidth,0,0,0,r0,3857691580,3.619,0,3.562594
OT01V479650129,1776604066421.482,outbound-rtp,COT01_98_profile-id=0,video,video,479650129,T01,0,1,true,2,0,0,0,283,0,0,SV286,0,0,0,0,[object Object],bandwidth,0,0,0,r2,275910177,0,0,0
OT01V789821059,1776604066421.482,outbound-rtp,COT01_98_profile-id=0,video,video,789821059,T01,0,0,true,1,0,0,0,0,0,0,SV286,0,0,0,0,[object Object],bandwidth,0,0,0,r1,494991882,0,0,0
OT01V3535764396,1776604066621.357,outbound-rtp,COT01_98_profile-id=0,video,video,3535764396,T01,163920,627,true,0,0,158,158,118710,1,2,SV286,0,0,0,1,[object Object],bandwidth,0,0,0,r0,3857691580,3.74,0,3.562639
OT01V479650129,1776604066621.357,outbound-rtp,COT01_98_profile-id=0,video,video,479650129,T01,0,1,true,2,0,0,0,283,0,0,SV286,0,0,0,0,[object Object],bandwidth,0,0,0,r2,275910177,0,0,0
OT01V789821059,1776604066621.357,outbound-rtp,COT01_98_profile-id=0,video,video,789821059,T01,0,0,true,1,0,0,0,0,0,0,SV286,0,0,0,0,[object Object],bandwidth,0,0,0,r1,494991882,0,0,0
OT01V3535764396,1776604066621.357,outbound-rtp,COT01_98_profile-id=0,video,video,3535764396,T01,163920,627,true,0,0,158,158,118710,1,2,SV286,0,0,0,1,[object Object],bandwidth,0,0,0,r0,3857691580,3.74,0,3.562639
OT01V479650129,1776604066621.357,outbound-rtp,COT01_98_profile-id=0,video,video,479650129,T01,0,1,true,2,0,0,0,283,0,0,SV286,0,0,0,0,[object Object],bandwidth,0,0,0,r2,275910177,0,0,0
OT01V789821059,1776604066621.357,outbound-rtp,COT01_98_profile-id=0,video,video,789821059,T01,0,0,true,1,0,0,0,0,0,0,SV286,0,0,0,0,[object Object],bandwidth,0,0,0,r1,494991882,0,0,0
OT01V3535764396,1776604066821.482,outbound-rtp,COT01_98_profile-id=0,video,video,3535764396,T01,170210,653,true,0,0,163,163,123924,1,2,SV286,0,0,0,1,[object Object],bandwidth,0,0,0,r0,3857691580,3.833,0,3.5627
OT01V479650129,1776604066821.482,outbound-rtp,COT01_98_profile-id=0,video,video,479650129,T01,0,1,true,2,0,0,0,283,0,0,SV286,0,0,0,0,[object Object],bandwidth,0,0,0,r2,275910177,0,0,0
OT01V789821059,1776604066821.482,outbound-rtp,COT01_98_profile-id=0,video,video,789821059,T01,0,0,true,1,0,0,0,0,0,0,SV286,0,0,0,0,[object Object],bandwidth,0,0,0,r1,494991882,0,0,0
OT01V3535764396,1776604066821.482,outbound-rtp,COT01_98_profile-id=0,video,video,3535764396,T01,170210,653,true,0,0,163,163,123924,1,2,SV286,0,0,0,1,[object Object],bandwidth,0,0,0,r0,3857691580,3.833,0,3.5627
OT01V479650129,1776604066821.482,outbound-rtp,COT01_98_profile-id=0,video,video,479650129,T01,0,1,true,2,0,0,0,283,0,0,SV286,0,0,0,0,[object Object],bandwidth,0,0,0,r2,275910177,0,0,0
OT01V789821059,1776604066821.482,outbound-rtp,COT01_98_profile-id=0,video,video,789821059,T01,0,0,true,1,0,0,0,0,0,0,SV286,0,0,0,0,[object Object],bandwidth,0,0,0,r1,494991882,0,0,0
OT01V3535764396,1776604067021.396,outbound-rtp,COT01_98_profile-id=0,video,video,3535764396,T01,177537,678,true,0,0,170,170,128094,1,2,SV286,0,0,0,1,[object Object],bandwidth,0,0,0,r0,3857691580,3.946,0,3.56274
OT01V479650129,1776604067021.396,outbound-rtp,COT01_98_profile-id=0,video,video,479650129,T01,0,1,true,2,0,0,0,283,0,0,SV286,0,0,0,0,[object Object],bandwidth,0,0,0,r2,275910177,0,0,0
OT01V789821059,1776604067021.396,outbound-rtp,COT01_98_profile-id=0,video,video,789821059,T01,0,0,true,1,0,0,0,0,0,0,SV286,0,0,0,0,[object Object],bandwidth,0,0,0,r1,494991882,0,0,0
OT01V3535764396,1776604067021.396,outbound-rtp,COT01_98_profile-id=0,video,video,3535764396,T01,177537,678,true,0,0,170,170,128094,1,2,SV286,0,0,0,1,[object Object],bandwidth,0,0,0,r0,3857691580,3.946,0,3.56274
OT01V479650129,1776604067021.396,outbound-rtp,COT01_98_profile-id=0,video,video,479650129,T01,0,1,true,2,0,0,0,283,0,0,SV286,0,0,0,0,[object Object],bandwidth,0,0,0,r2,275910177,0,0,0
OT01V789821059,1776604067021.396,outbound-rtp,COT01_98_profile-id=0,video,video,789821059,T01,0,0,true,1,0,0,0,0,0,0,SV286,0,0,0,0,[object Object],bandwidth,0,0,0,r1,494991882,0,0,0
OT01V3535764396,1776604067221.46,outbound-rtp,COT01_98_profile-id=0,video,video,3535764396,T01,183853,706,true,0,0,176,176,133866,1,2,SV286,0,0,0,1,[object Object],bandwidth,0,0,0,r0,3857691580,4.053,0,3.562791
OT01V479650129,1776604067221.46,outbound-rtp,COT01_98_profile-id=0,video,video,479650129,T01,0,1,true,2,0,0,0,283,0,0,SV286,0,0,0,0,[object Object],bandwidth,0,0,0,r2,275910177,0,0,0
OT01V789821059,1776604067221.46,outbound-rtp,COT01_98_profile-id=0,video,video,789821059,T01,0,0,true,1,0,0,0,0,0,0,SV286,0,0,0,0,[object Object],bandwidth,0,0,0,r1,494991882,0,0,0
OT01V3535764396,1776604067221.46,outbound-rtp,COT01_98_profile-id=0,video,video,3535764396,T01,183853,706,true,0,0,176,176,133866,1,2,SV286,0,0,0,1,[object Object],bandwidth,0,0,0,r0,3857691580,4.053,0,3.562791
OT01V479650129,1776604067221.46,outbound-rtp,COT01_98_profile-id=0,video,video,479650129,T01,0,1,true,2,0,0,0,283,0,0,SV286,0,0,0,0,[object Object],bandwidth,0,0,0,r2,275910177,0,0,0
OT01V789821059,1776604067221.46,outbound-rtp,COT01_98_profile-id=0,video,video,789821059,T01,0,0,true,1,0,0,0,0,0,0,SV286,0,0,0,0,[object Object],bandwidth,0,0,0,r1,494991882,0,0,0
OT01V3535764396,1776604067421.404,outbound-rtp,COT01_98_profile-id=0,video,video,3535764396,T01,189369,731,true,0,0,182,182,139056,1,2,SV286,0,0,0,1,[object Object],bandwidth,0,0,0,r0,3857691580,4.163,0,3.562834
OT01V479650129,1776604067421.404,outbound-rtp,COT01_98_profile-id=0,video,video,479650129,T01,0,1,true,2,0,0,0,283,0,0,SV286,0,0,0,0,[object Object],bandwidth,0,0,0,r2,275910177,0,0,0
OT01V789821059,1776604067421.404,outbound-rtp,COT01_98_profile-id=0,video,video,789821059,T01,0,0,true,1,0,0,0,0,0,0,SV286,0,0,0,0,[object Object],bandwidth,0,0,0,r1,494991882,0,0,0
OT01V3535764396,1776604067421.404,outbound-rtp,COT01_98_profile-id=0,video,video,3535764396,T01,189369,731,true,0,0,182,182,139056,1,2,SV286,0,0,0,1,[object Object],bandwidth,0,0,0,r0,3857691580,4.163,0,3.562834
OT01V479650129,1776604067421.404,outbound-rtp,COT01_98_profile-id=0,video,video,479650129,T01,0,1,true,2,0,0,0,283,0,0,SV286,0,0,0,0,[object Object],bandwidth,0,0,0,r2,275910177,0,0,0
OT01V789821059,1776604067421.404,outbound-rtp,COT01_98_profile-id=0,video,video,789821059,T01,0,0,true,1,0,0,0,0,0,0,SV286,0,0,0,0,[object Object],bandwidth,0,0,0,r1,494991882,0,0,0
OT01V3535764396,1776604067621.364,outbound-rtp,COT01_98_profile-id=0,video,video,3535764396,T01,196337,762,true,0,0,188,188,145410,1,2,SV286,0,0,0,1,[object Object],bandwidth,0,0,0,r0,3857691580,4.272,0,3.5628859999999998
OT01V479650129,1776604067621.364,outbound-rtp,COT01_98_profile-id=0,video,video,479650129,T01,0,1,true,2,0,0,0,283,0,0,SV286,0,0,0,0,[object Object],bandwidth,0,0,0,r2,275910177,0,0,0
OT01V789821059,1776604067621.364,outbound-rtp,COT01_98_profile-id=0,video,video,789821059,T01,0,0,true,1,0,0,0,0,0,0,SV286,0,0,0,0,[object Object],bandwidth,0,0,0,r1,494991882,0,0,0
OT01V3535764396,1776604067621.364,outbound-rtp,COT01_98_profile-id=0,video,video,3535764396,T01,196337,762,true,0,0,188,188,145410,1,2,SV286,0,0,0,1,[object Object],bandwidth,0,0,0,r0,3857691580,4.272,0,3.5628859999999998
OT01V479650129,1776604067621.364,outbound-rtp,COT01_98_profile-id=0,video,video,479650129,T01,0,1,true,2,0,0,0,283,0,0,SV286,0,0,0,0,[object Object],bandwidth,0,0,0,r2,275910177,0,0,0
OT01V789821059,1776604067621.364,outbound-rtp,COT01_98_profile-id=0,video,video,789821059,T01,0,0,true,1,0,0,0,0,0,0,SV286,0,0,0,0,[object Object],bandwidth,0,0,0,r1,494991882,0,0,0
OT01V3535764396,1776604067821.243,outbound-rtp,COT01_98_profile-id=0,video,video,3535764396,T01,202228,790,true,0,0,194,194,151182,1,2,SV286,0,0,0,1,[object Object],bandwidth,0,0,0,r0,3857691580,4.386,0,3.562935
OT01V479650129,1776604067821.243,outbound-rtp,COT01_98_profile-id=0,video,video,479650129,T01,0,1,true,2,0,0,0,283,0,0,SV286,0,0,0,0,[object Object],bandwidth,0,0,0,r2,275910177,0,0,0
OT01V789821059,1776604067821.243,outbound-rtp,COT01_98_profile-id=0,video,video,789821059,T01,0,0,true,1,0,0,0,0,0,0,SV286,0,0,0,0,[object Object],bandwidth,0,0,0,r1,494991882,0,0,0
OT01V3535764396,1776604067821.243,outbound-rtp,COT01_98_profile-id=0,video,video,3535764396,T01,202228,790,true,0,0,194,194,151182,1,2,SV286,0,0,0,1,[object Object],bandwidth,0,0,0,r0,3857691580,4.386,0,3.562935
OT01V479650129,1776604067821.243,outbound-rtp,COT01_98_profile-id=0,video,video,479650129,T01,0,1,true,2,0,0,0,283,0,0,SV286,0,0,0,0,[object Object],bandwidth,0,0,0,r2,275910177,0,0,0
OT01V789821059,1776604067821.243,outbound-rtp,COT01_98_profile-id=0,video,video,789821059,T01,0,0,true,1,0,0,0,0,0,0,SV286,0,0,0,0,[object Object],bandwidth,0,0,0,r1,494991882,0,0,0
OT01V3535764396,1776604068021.352,outbound-rtp,COT01_98_profile-id=0,video,video,3535764396,T01,215437,806,true,0,0,200,200,151566,1,2,SV286,0,0,0,1,[object Object],bandwidth,0,0,0,r0,3857691580,4.488,0,3.562948
OT01V479650129,1776604068021.352,outbound-rtp,COT01_98_profile-id=0,video,video,479650129,T01,0,1,true,2,0,0,0,283,0,0,SV286,0,0,0,0,[object Object],bandwidth,0,0,0,r2,275910177,0,0,0
OT01V789821059,1776604068021.352,outbound-rtp,COT01_98_profile-id=0,video,video,789821059,T01,0,0,true,1,0,0,0,0,0,0,SV286,0,0,0,0,[object Object],bandwidth,0,0,0,r1,494991882,0,0,0
OT01V3535764396,1776604068021.352,outbound-rtp,COT01_98_profile-id=0,video,video,3535764396,T01,215437,806,true,0,0,200,200,151566,1,2,SV286,0,0,0,1,[object Object],bandwidth,0,0,0,r0,3857691580,4.488,0,3.562948
OT01V479650129,1776604068021.352,outbound-rtp,COT01_98_profile-id=0,video,video,479650129,T01,0,1,true,2,0,0,0,283,0,0,SV286,0,0,0,0,[object Object],bandwidth,0,0,0,r2,275910177,0,0,0
OT01V789821059,1776604068021.352,outbound-rtp,COT01_98_profile-id=0,video,video,789821059,T01,0,0,true,1,0,0,0,0,0,0,SV286,0,0,0,0,[object Object],bandwidth,0,0,0,r1,494991882,0,0,0
OT01V3535764396,1776604068221.461,outbound-rtp,COT01_98_profile-id=0,video,video,3535764396,T01,225031,822,true,0,0,206,206,152970,1,2,SV286,0,0,0,1,[object Object],bandwidth,0,0,0,r0,3857691580,4.587,0,3.562964
OT01V479650129,1776604068221.461,outbound-rtp,COT01_98_profile-id=0,video,video,479650129,T01,0,1,true,2,0,0,0,283,0,0,SV286,0,0,0,0,[object Object],bandwidth,0,0,0,r2,275910177,0,0,0
OT01V789821059,1776604068221.461,outbound-rtp,COT01_98_profile-id=0,video,video,789821059,T01,0,0,true,1,0,0,0,0,0,0,SV286,0,0,0,0,[object Object],bandwidth,0,0,0,r1,494991882,0,0,0
OT01V3535764396,1776604068221.461,outbound-rtp,COT01_98_profile-id=0,video,video,3535764396,T01,225031,822,true,0,0,206,206,152970,1,2,SV286,0,0,0,1,[object Object],bandwidth,0,0,0,r0,3857691580,4.587,0,3.562964
OT01V479650129,1776604068221.461,outbound-rtp,COT01_98_profile-id=0,video,video,479650129,T01,0,1,true,2,0,0,0,283,0,0,SV286,0,0,0,0,[object Object],bandwidth,0,0,0,r2,275910177,0,0,0
OT01V789821059,1776604068221.461,outbound-rtp,COT01_98_profile-id=0,video,video,789821059,T01,0,0,true,1,0,0,0,0,0,0,SV286,0,0,0,0,[object Object],bandwidth,0,0,0,r1,494991882,0,0,0
OT01V3535764396,1776604068421.32,outbound-rtp,COT01_98_profile-id=0,video,video,3535764396,T01,230570,861,true,0,0,212,212,162066,1,2,SV286,0,0,0,1,[object Object],bandwidth,0,0,0,r0,3857691580,4.69,0,3.563027
OT01V479650129,1776604068421.32,outbound-rtp,COT01_98_profile-id=0,video,video,479650129,T01,0,1,true,2,0,0,0,283,0,0,SV286,0,0,0,0,[object Object],bandwidth,0,0,0,r2,275910177,0,0,0
OT01V789821059,1776604068421.32,outbound-rtp,COT01_98_profile-id=0,video,video,789821059,T01,0,0,true,1,0,0,0,0,0,0,SV286,0,0,0,0,[object Object],bandwidth,0,0,0,r1,494991882,0,0,0
OT01V3535764396,1776604068421.32,outbound-rtp,COT01_98_profile-id=0,video,video,3535764396,T01,230570,861,true,0,0,212,212,162066,1,2,SV286,0,0,0,1,[object Object],bandwidth,0,0,0,r0,3857691580,4.69,0,3.563027
OT01V479650129,1776604068421.32,outbound-rtp,COT01_98_profile-id=0,video,video,479650129,T01,0,1,true,2,0,0,0,283,0,0,SV286,0,0,0,0,[object Object],bandwidth,0,0,0,r2,275910177,0,0,0
OT01V789821059,1776604068421.32,outbound-rtp,COT01_98_profile-id=0,video,video,789821059,T01,0,0,true,1,0,0,0,0,0,0,SV286,0,0,0,0,[object Object],bandwidth,0,0,0,r1,494991882,0,0,0
OT01V3535764396,1776604068621.359,outbound-rtp,COT01_98_profile-id=0,video,video,3535764396,T01,237524,886,true,0,0,218,218,166746,1,2,SV286,0,0,0,1,[object Object],bandwidth,0,0,0,r0,3857691580,4.789,0,3.563084
OT01V479650129,1776604068621.359,outbound-rtp,COT01_98_profile-id=0,video,video,479650129,T01,0,1,true,2,0,0,0,283,0,0,SV286,0,0,0,0,[object Object],bandwidth,0,0,0,r2,275910177,0,0,0
OT01V789821059,1776604068621.359,outbound-rtp,COT01_98_profile-id=0,video,video,789821059,T01,0,0,true,1,0,0,0,0,0,0,SV286,0,0,0,0,[object Object],bandwidth,0,0,0,r1,494991882,0,0,0
OT01V3535764396,1776604068621.359,outbound-rtp,COT01_98_profile-id=0,video,video,3535764396,T01,237524,886,true,0,0,218,218,166746,1,2,SV286,0,0,0,1,[object Object],bandwidth,0,0,0,r0,3857691580,4.789,0,3.563084
OT01V479650129,1776604068621.359,outbound-rtp,COT01_98_profile-id=0,video,video,479650129,T01,0,1,true,2,0,0,0,283,0,0,SV286,0,0,0,0,[object Object],bandwidth,0,0,0,r2,275910177,0,0,0
OT01V789821059,1776604068621.359,outbound-rtp,COT01_98_profile-id=0,video,video,789821059,T01,0,0,true,1,0,0,0,0,0,0,SV286,0,0,0,0,[object Object],bandwidth,0,0,0,r1,494991882,0,0,0
OT01V3535764396,1776604068821.369,outbound-rtp,COT01_98_profile-id=0,video,video,3535764396,T01,241924,923,true,0,0,223,223,175284,1,2,SV286,0,0,0,1,[object Object],bandwidth,0,0,0,r0,3857691580,4.868,0,3.5631269999999997
OT01V479650129,1776604068821.369,outbound-rtp,COT01_98_profile-id=0,video,video,479650129,T01,0,1,true,2,0,0,0,283,0,0,SV286,0,0,0,0,[object Object],bandwidth,0,0,0,r2,275910177,0,0,0
OT01V789821059,1776604068821.369,outbound-rtp,COT01_98_profile-id=0,video,video,789821059,T01,0,0,true,1,0,0,0,0,0,0,SV286,0,0,0,0,[object Object],bandwidth,0,0,0,r1,494991882,0,0,0
OT01V3535764396,1776604068821.369,outbound-rtp,COT01_98_profile-id=0,video,video,3535764396,T01,241924,923,true,0,0,223,223,175284,1,2,SV286,0,0,0,1,[object Object],bandwidth,0,0,0,r0,3857691580,4.868,0,3.5631269999999997
OT01V479650129,1776604068821.369,outbound-rtp,COT01_98_profile-id=0,video,video,479650129,T01,0,1,true,2,0,0,0,283,0,0,SV286,0,0,0,0,[object Object],bandwidth,0,0,0,r2,275910177,0,0,0
OT01V789821059,1776604068821.369,outbound-rtp,COT01_98_profile-id=0,video,video,789821059,T01,0,0,true,1,0,0,0,0,0,0,SV286,0,0,0,0,[object Object],bandwidth,0,0,0,r1,494991882,0,0,0
OT01V3535764396,1776604069021.503,outbound-rtp,COT01_98_profile-id=0,video,video,3535764396,T01,248778,955,true,0,0,229,229,181662,1,2,SV286,0,0,0,1,[object Object],bandwidth,0,0,0,r0,3857691580,4.976,0,3.563177
OT01V479650129,1776604069021.503,outbound-rtp,COT01_98_profile-id=0,video,video,479650129,T01,0,1,true,2,0,0,0,283,0,0,SV286,0,0,0,0,[object Object],bandwidth,0,0,0,r2,275910177,0,0,0
OT01V789821059,1776604069021.503,outbound-rtp,COT01_98_profile-id=0,video,video,789821059,T01,0,0,true,1,0,0,0,0,0,0,SV286,0,0,0,0,[object Object],bandwidth,0,0,0,r1,494991882,0,0,0
OT01V3535764396,1776604069021.503,outbound-rtp,COT01_98_profile-id=0,video,video,3535764396,T01,248778,955,true,0,0,229,229,181662,1,2,SV286,0,0,0,1,[object Object],bandwidth,0,0,0,r0,3857691580,4.976,0,3.563177
OT01V479650129,1776604069021.503,outbound-rtp,COT01_98_profile-id=0,video,video,479650129,T01,0,1,true,2,0,0,0,283,0,0,SV286,0,0,0,0,[object Object],bandwidth,0,0,0,r2,275910177,0,0,0
OT01V789821059,1776604069021.503,outbound-rtp,COT01_98_profile-id=0,video,video,789821059,T01,0,0,true,1,0,0,0,0,0,0,SV286,0,0,0,0,[object Object],bandwidth,0,0,0,r1,494991882,0,0,0
OT01V3535764396,1776604069221.342,outbound-rtp,COT01_98_profile-id=0,video,video,3535764396,T01,256953,991,true,0,0,236,236,189156,1,2,SV286,0,0,0,1,[object Object],bandwidth,0,0,0,r0,3857691580,5.107,0,3.563226
OT01V479650129,1776604069221.342,outbound-rtp,COT01_98_profile-id=0,video,video,479650129,T01,0,1,true,2,0,0,0,283,0,0,SV286,0,0,0,0,[object Object],bandwidth,0,0,0,r2,275910177,0,0,0
OT01V789821059,1776604069221.342,outbound-rtp,COT01_98_profile-id=0,video,video,789821059,T01,0,0,true,1,0,0,0,0,0,0,SV286,0,0,0,0,[object Object],bandwidth,0,0,0,r1,494991882,0,0,0
OT01V3535764396,1776604069221.342,outbound-rtp,COT01_98_profile-id=0,video,video,3535764396,T01,256953,991,true,0,0,236,236,189156,1,2,SV286,0,0,0,1,[object Object],bandwidth,0,0,0,r0,3857691580,5.107,0,3.563226
OT01V479650129,1776604069221.342,outbound-rtp,COT01_98_profile-id=0,video,video,479650129,T01,0,1,true,2,0,0,0,283,0,0,SV286,0,0,0,0,[object Object],bandwidth,0,0,0,r2,275910177,0,0,0
OT01V789821059,1776604069221.342,outbound-rtp,COT01_98_profile-id=0,video,video,789821059,T01,0,0,true,1,0,0,0,0,0,0,SV286,0,0,0,0,[object Object],bandwidth,0,0,0,r1,494991882,0,0,0
OT01V3535764396,1776604069421.389,outbound-rtp,COT01_98_profile-id=0,video,video,3535764396,T01,262776,1020,true,0,0,242,242,194952,1,2,SV286,0,0,0,1,[object Object],bandwidth,0,0,0,r0,3857691580,5.195,0,3.563265
OT01V479650129,1776604069421.389,outbound-rtp,COT01_98_profile-id=0,video,video,479650129,T01,0,1,true,2,0,0,0,283,0,0,SV286,0,0,0,0,[object Object],bandwidth,0,0,0,r2,275910177,0,0,0
OT01V789821059,1776604069421.389,outbound-rtp,COT01_98_profile-id=0,video,video,789821059,T01,0,0,true,1,0,0,0,0,0,0,SV286,0,0,0,0,[object Object],bandwidth,0,0,0,r1,494991882,0,0,0
OT01V3535764396,1776604069421.389,outbound-rtp,COT01_98_profile-id=0,video,video,3535764396,T01,262776,1020,true,0,0,242,242,194952,1,2,SV286,0,0,0,1,[object Object],bandwidth,0,0,0,r0,3857691580,5.195,0,3.563265
OT01V479650129,1776604069421.389,outbound-rtp,COT01_98_profile-id=0,video,video,479650129,T01,0,1,true,2,0,0,0,283,0,0,SV286,0,0,0,0,[object Object],bandwidth,0,0,0,r2,275910177,0,0,0
OT01V789821059,1776604069421.389,outbound-rtp,COT01_98_profile-id=0,video,video,789821059,T01,0,0,true,1,0,0,0,0,0,0,SV286,0,0,0,0,[object Object],bandwidth,0,0,0,r1,494991882,0,0,0
OT01V3535764396,1776604069621.459,outbound-rtp,COT01_98_profile-id=0,video,video,3535764396,T01,270742,1050,true,0,0,247,247,201282,1,2,SV286,0,0,0,1,[object Object],bandwidth,0,0,0,r0,3857691580,5.28,0,3.563304
OT01V479650129,1776604069621.459,outbound-rtp,COT01_98_profile-id=0,video,video,479650129,T01,0,1,true,2,0,0,0,283,0,0,SV286,0,0,0,0,[object Object],bandwidth,0,0,0,r2,275910177,0,0,0
OT01V789821059,1776604069621.459,outbound-rtp,COT01_98_profile-id=0,video,video,789821059,T01,0,0,true,1,0,0,0,0,0,0,SV286,0,0,0,0,[object Object],bandwidth,0,0,0,r1,494991882,0,0,0
OT01V3535764396,1776604069621.459,outbound-rtp,COT01_98_profile-id=0,video,video,3535764396,T01,270742,1050,true,0,0,247,247,201282,1,2,SV286,0,0,0,1,[object Object],bandwidth,0,0,0,r0,3857691580,5.28,0,3.563304
OT01V479650129,1776604069621.459,outbound-rtp,COT01_98_profile-id=0,video,video,479650129,T01,0,1,true,2,0,0,0,283,0,0,SV286,0,0,0,0,[object Object],bandwidth,0,0,0,r2,275910177,0,0,0
OT01V789821059,1776604069621.459,outbound-rtp,COT01_98_profile-id=0,video,video,789821059,T01,0,0,true,1,0,0,0,0,0,0,SV286,0,0,0,0,[object Object],bandwidth,0,0,0,r1,494991882,0,0,0
OT01V3535764396,1776604069821.331,outbound-rtp,COT01_98_profile-id=0,video,video,3535764396,T01,278496,1083,true,0,0,254,254,208194,1,2,SV286,0,0,0,1,[object Object],bandwidth,0,0,0,r0,3857691580,5.406,0,3.563348
OT01V479650129,1776604069821.331,outbound-rtp,COT01_98_profile-id=0,video,video,479650129,T01,0,1,true,2,0,0,0,283,0,0,SV286,0,0,0,0,[object Object],bandwidth,0,0,0,r2,275910177,0,0,0
OT01V789821059,1776604069821.331,outbound-rtp,COT01_98_profile-id=0,video,video,789821059,T01,0,0,true,1,0,0,0,0,0,0,SV286,0,0,0,0,[object Object],bandwidth,0,0,0,r1,494991882,0,0,0
OT01V3535764396,1776604069821.331,outbound-rtp,COT01_98_profile-id=0,video,video,3535764396,T01,278496,1083,true,0,0,254,254,208194,1,2,SV286,0,0,0,1,[object Object],bandwidth,0,0,0,r0,3857691580,5.406,0,3.563348
OT01V479650129,1776604069821.331,outbound-rtp,COT01_98_profile-id=0,video,video,479650129,T01,0,1,true,2,0,0,0,283,0,0,SV286,0,0,0,0,[object Object],bandwidth,0,0,0,r2,275910177,0,0,0
OT01V789821059,1776604069821.331,outbound-rtp,COT01_98_profile-id=0,video,video,789821059,T01,0,0,true,1,0,0,0,0,0,0,SV286,0,0,0,0,[object Object],bandwidth,0,0,0,r1,494991882,0,0,0
OT01V3535764396,1776604070021.295,outbound-rtp,COT01_98_profile-id=0,video,video,3535764396,T01,285891,1118,true,0,0,260,260,215664,1,2,SV286,0,0,0,1,[object Object],bandwidth,0,0,0,r0,3857691580,5.499,0,3.563398
OT01V479650129,1776604070021.295,outbound-rtp,COT01_98_profile-id=0,video,video,479650129,T01,0,1,true,2,0,0,0,283,0,0,SV286,0,0,0,0,[object Object],bandwidth,0,0,0,r2,275910177,0,0,0
OT01V789821059,1776604070021.295,outbound-rtp,COT01_98_profile-id=0,video,video,789821059,T01,0,0,true,1,0,0,0,0,0,0,SV286,0,0,0,0,[object Object],bandwidth,0,0,0,r1,494991882,0,0,0
OT01V3535764396,1776604070021.295,outbound-rtp,COT01_98_profile-id=0,video,video,3535764396,T01,285891,1118,true,0,0,260,260,215664,1,2,SV286,0,0,0,1,[object Object],bandwidth,0,0,0,r0,3857691580,5.499,0,3.563398
OT01V479650129,1776604070021.295,outbound-rtp,COT01_98_profile-id=0,video,video,479650129,T01,0,1,true,2,0,0,0,283,0,0,SV286,0,0,0,0,[object Object],bandwidth,0,0,0,r2,275910177,0,0,0
OT01V789821059,1776604070021.295,outbound-rtp,COT01_98_profile-id=0,video,video,789821059,T01,0,0,true,1,0,0,0,0,0,0,SV286,0,0,0,0,[object Object],bandwidth,0,0,0,r1,494991882,0,0,0
OT01V3535764396,1776604070221.417,outbound-rtp,COT01_98_profile-id=0,video,video,3535764396,T01,300631,1134,true,0,0,266,266,216048,1,2,SV286,0,0,0,1,[object Object],bandwidth,0,0,0,r0,3857691580,5.603,0,3.563405
OT01V479650129,1776604070221.417,outbound-rtp,COT01_98_profile-id=0,video,video,479650129,T01,0,1,true,2,0,0,0,283,0,0,SV286,0,0,0,0,[object Object],bandwidth,0,0,0,r2,275910177,0,0,0
OT01V789821059,1776604070221.417,outbound-rtp,COT01_98_profile-id=0,video,video,789821059,T01,0,0,true,1,0,0,0,0,0,0,SV286,0,0,0,0,[object Object],bandwidth,0,0,0,r1,494991882,0,0,0
OT01V3535764396,1776604070221.417,outbound-rtp,COT01_98_profile-id=0,video,video,3535764396,T01,300631,1134,true,0,0,266,266,216048,1,2,SV286,0,0,0,1,[object Object],bandwidth,0,0,0,r0,3857691580,5.603,0,3.563405
OT01V479650129,1776604070221.417,outbound-rtp,COT01_98_profile-id=0,video,video,479650129,T01,0,1,true,2,0,0,0,283,0,0,SV286,0,0,0,0,[object Object],bandwidth,0,0,0,r2,275910177,0,0,0
OT01V789821059,1776604070221.417,outbound-rtp,COT01_98_profile-id=0,video,video,789821059,T01,0,0,true,1,0,0,0,0,0,0,SV286,0,0,0,0,[object Object],bandwidth,0,0,0,r1,494991882,0,0,0
OT01V3535764396,1776604070421.378,outbound-rtp,COT01_98_profile-id=0,video,video,3535764396,T01,317464,1152,true,0,0,272,272,216480,1,2,SV286,0,0,0,1,[object Object],bandwidth,0,0,0,r0,3857691580,5.7,0,3.5634129999999997
OT01V479650129,1776604070421.378,outbound-rtp,COT01_98_profile-id=0,video,video,479650129,T01,0,1,true,2,0,0,0,283,0,0,SV286,0,0,0,0,[object Object],bandwidth,0,0,0,r2,275910177,0,0,0
OT01V789821059,1776604070421.378,outbound-rtp,COT01_98_profile-id=0,video,video,789821059,T01,0,0,true,1,0,0,0,0,0,0,SV286,0,0,0,0,[object Object],bandwidth,0,0,0,r1,494991882,0,0,0
OT01V3535764396,1776604070421.378,outbound-rtp,COT01_98_profile-id=0,video,video,3535764396,T01,317464,1152,true,0,0,272,272,216480,1,2,SV286,0,0,0,1,[object Object],bandwidth,0,0,0,r0,3857691580,5.7,0,3.5634129999999997
OT01V479650129,1776604070421.378,outbound-rtp,COT01_98_profile-id=0,video,video,479650129,T01,0,1,true,2,0,0,0,283,0,0,SV286,0,0,0,0,[object Object],bandwidth,0,0,0,r2,275910177,0,0,0
OT01V789821059,1776604070421.378,outbound-rtp,COT01_98_profile-id=0,video,video,789821059,T01,0,0,true,1,0,0,0,0,0,0,SV286,0,0,0,0,[object Object],bandwidth,0,0,0,r1,494991882,0,0,0
OT01V3535764396,1776604070621.411,outbound-rtp,COT01_98_profile-id=0,video,video,3535764396,T01,331508,1167,true,0,0,278,278,216840,1,2,SV286,0,0,0,1,[object Object],bandwidth,0,0,0,r0,3857691580,5.801,0,3.563427
OT01V479650129,1776604070621.411,outbound-rtp,COT01_98_profile-id=0,video,video,479650129,T01,0,1,true,2,0,0,0,283,0,0,SV286,0,0,0,0,[object Object],bandwidth,0,0,0,r2,275910177,0,0,0
OT01V789821059,1776604070621.411,outbound-rtp,COT01_98_profile-id=0,video,video,789821059,T01,0,0,true,1,0,0,0,0,0,0,SV286,0,0,0,0,[object Object],bandwidth,0,0,0,r1,494991882,0,0,0
OT01V3535764396,1776604070621.411,outbound-rtp,COT01_98_profile-id=0,video,video,3535764396,T01,331508,1167,true,0,0,278,278,216840,1,2,SV286,0,0,0,1,[object Object],bandwidth,0,0,0,r0,3857691580,5.801,0,3.563427
OT01V479650129,1776604070621.411,outbound-rtp,COT01_98_profile-id=0,video,video,479650129,T01,0,1,true,2,0,0,0,283,0,0,SV286,0,0,0,0,[object Object],bandwidth,0,0,0,r2,275910177,0,0,0
OT01V789821059,1776604070621.411,outbound-rtp,COT01_98_profile-id=0,video,video,789821059,T01,0,0,true,1,0,0,0,0,0,0,SV286,0,0,0,0,[object Object],bandwidth,0,0,0,r1,494991882,0,0,0
OT01V3535764396,1776604070821.23,outbound-rtp,COT01_98_profile-id=0,video,video,3535764396,T01,347593,1185,true,0,0,284,284,217272,1,2,SV286,0,0,0,1,[object Object],bandwidth,0,0,0,r0,3857691580,5.907,0,3.563433
OT01V479650129,1776604070821.23,outbound-rtp,COT01_98_profile-id=0,video,video,479650129,T01,0,1,true,2,0,0,0,283,0,0,SV286,0,0,0,0,[object Object],bandwidth,0,0,0,r2,275910177,0,0,0
OT01V789821059,1776604070821.23,outbound-rtp,COT01_98_profile-id=0,video,video,789821059,T01,0,0,true,1,0,0,0,0,0,0,SV286,0,0,0,0,[object Object],bandwidth,0,0,0,r1,494991882,0,0,0
OT01V3535764396,1776604070821.23,outbound-rtp,COT01_98_profile-id=0,video,video,3535764396,T01,347593,1185,true,0,0,284,284,217272,1,2,SV286,0,0,0,1,[object Object],bandwidth,0,0,0,r0,3857691580,5.907,0,3.563433
OT01V479650129,1776604070821.23,outbound-rtp,COT01_98_profile-id=0,video,video,479650129,T01,0,1,true,2,0,0,0,283,0,0,SV286,0,0,0,0,[object Object],bandwidth,0,0,0,r2,275910177,0,0,0
OT01V789821059,1776604070821.23,outbound-rtp,COT01_98_profile-id=0,video,video,789821059,T01,0,0,true,1,0,0,0,0,0,0,SV286,0,0,0,0,[object Object],bandwidth,0,0,0,r1,494991882,0,0,0
OT01V3535764396,1776604071021.363,outbound-rtp,COT01_98_profile-id=0,video,video,3535764396,T01,363048,1201,true,0,0,290,290,217656,1,2,SV286,0,0,0,1,[object Object],bandwidth,0,0,0,r0,3857691580,5.998,0,3.5634419999999998
OT01V479650129,1776604071021.363,outbound-rtp,COT01_98_profile-id=0,video,video,479650129,T01,0,1,true,2,0,0,0,283,0,0,SV286,0,0,0,0,[object Object],bandwidth,0,0,0,r2,275910177,0,0,0
OT01V789821059,1776604071021.363,outbound-rtp,COT01_98_profile-id=0,video,video,789821059,T01,0,0,true,1,0,0,0,0,0,0,SV286,0,0,0,0,[object Object],bandwidth,0,0,0,r1,494991882,0,0,0
OT01V3535764396,1776604071021.363,outbound-rtp,COT01_98_profile-id=0,video,video,3535764396,T01,363048,1201,true,0,0,290,290,217656,1,2,SV286,0,0,0,1,[object Object],bandwidth,0,0,0,r0,3857691580,5.998,0,3.5634419999999998
OT01V479650129,1776604071021.363,outbound-rtp,COT01_98_profile-id=0,video,video,479650129,T01,0,1,true,2,0,0,0,283,0,0,SV286,0,0,0,0,[object Object],bandwidth,0,0,0,r2,275910177,0,0,0
OT01V789821059,1776604071021.363,outbound-rtp,COT01_98_profile-id=0,video,video,789821059,T01,0,0,true,1,0,0,0,0,0,0,SV286,0,0,0,0,[object Object],bandwidth,0,0,0,r1,494991882,0,0,0
OT01V3535764396,1776604071221.431,outbound-rtp,COT01_98_profile-id=0,video,video,3535764396,T01,379090,1218,true,0,0,296,296,218064,1,2,SV286,0,0,0,1,[object Object],bandwidth,0,0,0,r0,3857691580,6.092,0,3.563452
OT01V479650129,1776604071221.431,outbound-rtp,COT01_98_profile-id=0,video,video,479650129,T01,0,1,true,2,0,0,0,283,0,0,SV286,0,0,0,0,[object Object],bandwidth,0,0,0,r2,275910177,0,0,0
OT01V789821059,1776604071221.431,outbound-rtp,COT01_98_profile-id=0,video,video,789821059,T01,0,0,true,1,0,0,0,0,0,0,SV286,0,0,0,0,[object Object],bandwidth,0,0,0,r1,494991882,0,0,0
OT01V3535764396,1776604071221.431,outbound-rtp,COT01_98_profile-id=0,video,video,3535764396,T01,379090,1218,true,0,0,296,296,218064,1,2,SV286,0,0,0,1,[object Object],bandwidth,0,0,0,r0,3857691580,6.092,0,3.563452
OT01V479650129,1776604071221.431,outbound-rtp,COT01_98_profile-id=0,video,video,479650129,T01,0,1,true,2,0,0,0,283,0,0,SV286,0,0,0,0,[object Object],bandwidth,0,0,0,r2,275910177,0,0,0
OT01V789821059,1776604071221.431,outbound-rtp,COT01_98_profile-id=0,video,video,789821059,T01,0,0,true,1,0,0,0,0,0,0,SV286,0,0,0,0,[object Object],bandwidth,0,0,0,r1,494991882,0,0,0
OT01V3535764396,1776604071421.416,outbound-rtp,COT01_98_profile-id=0,video,video,3535764396,T01,394451,1235,true,0,0,302,302,218472,1,2,SV286,0,0,0,1,[object Object],bandwidth,0,0,0,r0,3857691580,6.185,0,3.563455
OT01V479650129,1776604071421.416,outbound-rtp,COT01_98_profile-id=0,video,video,479650129,T01,0,1,true,2,0,0,0,283,0,0,SV286,0,0,0,0,[object Object],bandwidth,0,0,0,r2,275910177,0,0,0
OT01V789821059,1776604071421.416,outbound-rtp,COT01_98_profile-id=0,video,video,789821059,T01,0,0,true,1,0,0,0,0,0,0,SV286,0,0,0,0,[object Object],bandwidth,0,0,0,r1,494991882,0,0,0
OT01V3535764396,1776604071421.416,outbound-rtp,COT01_98_profile-id=0,video,video,3535764396,T01,394451,1235,true,0,0,302,302,218472,1,2,SV286,0,0,0,1,[object Object],bandwidth,0,0,0,r0,3857691580,6.185,0,3.563455
OT01V479650129,1776604071421.416,outbound-rtp,COT01_98_profile-id=0,video,video,479650129,T01,0,1,true,2,0,0,0,283,0,0,SV286,0,0,0,0,[object Object],bandwidth,0,0,0,r2,275910177,0,0,0
OT01V789821059,1776604071421.416,outbound-rtp,COT01_98_profile-id=0,video,video,789821059,T01,0,0,true,1,0,0,0,0,0,0,SV286,0,0,0,0,[object Object],bandwidth,0,0,0,r1,494991882,0,0,0
OT01V3535764396,1776604071621.388,outbound-rtp,COT01_98_profile-id=0,video,video,3535764396,T01,410946,1253,true,0,0,307,307,218904,1,2,SV286,0,0,0,1,[object Object],bandwidth,0,0,0,r0,3857691580,6.269,0,3.5634639999999997
OT01V479650129,1776604071621.388,outbound-rtp,COT01_98_profile-id=0,video,video,479650129,T01,0,1,true,2,0,0,0,283,0,0,SV286,0,0,0,0,[object Object],bandwidth,0,0,0,r2,275910177,0,0,0
OT01V789821059,1776604071621.388,outbound-rtp,COT01_98_profile-id=0,video,video,789821059,T01,0,0,true,1,0,0,0,0,0,0,SV286,0,0,0,0,[object Object],bandwidth,0,0,0,r1,494991882,0,0,0
OT01V3535764396,1776604071621.388,outbound-rtp,COT01_98_profile-id=0,video,video,3535764396,T01,410946,1253,true,0,0,307,307,218904,1,2,SV286,0,0,0,1,[object Object],bandwidth,0,0,0,r0,3857691580,6.269,0,3.5634639999999997
OT01V479650129,1776604071621.388,outbound-rtp,COT01_98_profile-id=0,video,video,479650129,T01,0,1,true,2,0,0,0,283,0,0,SV286,0,0,0,0,[object Object],bandwidth,0,0,0,r2,275910177,0,0,0
OT01V789821059,1776604071621.388,outbound-rtp,COT01_98_profile-id=0,video,video,789821059,T01,0,0,true,1,0,0,0,0,0,0,SV286,0,0,0,0,[object Object],bandwidth,0,0,0,r1,494991882,0,0,0
OT01V3535764396,1776604071821.306,outbound-rtp,COT01_98_profile-id=0,video,video,3535764396,T01,426984,1271,true,0,0,313,313,219336,1,2,SV286,0,0,0,1,[object Object],bandwidth,1,0,0,r0,3857691580,6.375,0,3.5634729999999997
OT01V479650129,1776604071821.306,outbound-rtp,COT01_98_profile-id=0,video,video,479650129,T01,0,1,true,2,0,0,0,283,0,0,SV286,0,0,0,0,[object Object],bandwidth,1,0,0,r2,275910177,0,0,0
OT01V789821059,1776604071821.306,outbound-rtp,COT01_98_profile-id=0,video,video,789821059,T01,0,0,true,1,0,0,0,0,0,0,SV286,0,0,0,0,[object Object],bandwidth,1,0,0,r1,494991882,0,0,0
OT01V3535764396,1776604071821.306,outbound-rtp,COT01_98_profile-id=0,video,video,3535764396,T01,426984,1271,true,0,0,313,313,219336,1,2,SV286,0,0,0,1,[object Object],bandwidth,1,0,0,r0,3857691580,6.375,0,3.5634729999999997
OT01V479650129,1776604071821.306,outbound-rtp,COT01_98_profile-id=0,video,video,479650129,T01,0,1,true,2,0,0,0,283,0,0,SV286,0,0,0,0,[object Object],bandwidth,1,0,0,r2,275910177,0,0,0
OT01V789821059,1776604071821.306,outbound-rtp,COT01_98_profile-id=0,video,video,789821059,T01,0,0,true,1,0,0,0,0,0,0,SV286,0,0,0,0,[object Object],bandwidth,1,0,0,r1,494991882,0,0,0
OT01V3535764396,1776604072021.276,outbound-rtp,COT01_98_profile-id=0,video,video,3535764396,T01,440075,1285,true,0,0,320,320,219676,2,3,SV286,0,0,0,1,[object Object],bandwidth,1,0,0,r0,3857691580,6.487,0,3.781962
OT01V479650129,1776604072021.276,outbound-rtp,COT01_98_profile-id=0,video,video,479650129,T01,0,1,true,2,0,0,0,283,0,0,SV286,0,0,0,0,[object Object],bandwidth,1,0,0,r2,275910177,0,0,0
OT01V789821059,1776604072021.276,outbound-rtp,COT01_98_profile-id=0,video,video,789821059,T01,8787,8,true,1,0,7,7,224,1,1,SV286,0,0,0,0,[object Object],bandwidth,1,0,0,r1,494991882,0.156,0,0.713684
OT01V3535764396,1776604072021.276,outbound-rtp,COT01_98_profile-id=0,video,video,3535764396,T01,440075,1285,true,0,0,320,320,219676,2,3,SV286,0,0,0,1,[object Object],bandwidth,1,0,0,r0,3857691580,6.487,0,3.781962
OT01V479650129,1776604072021.276,outbound-rtp,COT01_98_profile-id=0,video,video,479650129,T01,0,1,true,2,0,0,0,283,0,0,SV286,0,0,0,0,[object Object],bandwidth,1,0,0,r2,275910177,0,0,0
OT01V789821059,1776604072021.276,outbound-rtp,COT01_98_profile-id=0,video,video,789821059,T01,8787,8,true,1,0,7,7,224,1,1,SV286,0,0,0,0,[object Object],bandwidth,1,0,0,r1,494991882,0.156,0,0.713684
OT01V3535764396,1776604072221.336,outbound-rtp,COT01_98_profile-id=0,video,video,3535764396,T01,445211,1292,true,0,0,325,325,219844,2,3,SV286,0,0,0,1,[object Object],bandwidth,1,0,0,r0,3857691580,6.569,0,3.8847319999999996
OT01V479650129,1776604072221.336,outbound-rtp,COT01_98_profile-id=0,video,video,479650129,T01,0,1,true,2,0,0,0,283,0,0,SV286,0,0,0,0,[object Object],bandwidth,1,0,0,r2,275910177,0,0,0
OT01V789821059,1776604072221.336,outbound-rtp,COT01_98_profile-id=0,video,video,789821059,T01,20852,20,true,1,0,11,11,548,1,1,SV286,0,0,0,0,[object Object],bandwidth,1,0,0,r1,494991882,0.23,0,3.214746
OT01V3535764396,1776604072221.336,outbound-rtp,COT01_98_profile-id=0,video,video,3535764396,T01,445211,1292,true,0,0,325,325,219844,2,3,SV286,0,0,0,1,[object Object],bandwidth,1,0,0,r0,3857691580,6.569,0,3.8847319999999996
OT01V479650129,1776604072221.336,outbound-rtp,COT01_98_profile-id=0,video,video,479650129,T01,0,1,true,2,0,0,0,283,0,0,SV286,0,0,0,0,[object Object],bandwidth,1,0,0,r2,275910177,0,0,0
OT01V789821059,1776604072221.336,outbound-rtp,COT01_98_profile-id=0,video,video,789821059,T01,20852,20,true,1,0,11,11,548,1,1,SV286,0,0,0,0,[object Object],bandwidth,1,0,0,r1,494991882,0.23,0,3.214746
OT01V3535764396,1776604072421.433,outbound-rtp,COT01_98_profile-id=0,video,video,3535764396,T01,450092,1298,true,0,0,328,328,219988,2,3,SV286,0,0,0,1,[object Object],bandwidth,1,0,0,r0,3857691580,6.615,0,3.944671
OT01V479650129,1776604072421.433,outbound-rtp,COT01_98_profile-id=0,video,video,479650129,T01,0,1,true,2,0,0,0,283,0,0,SV286,0,0,0,0,[object Object],bandwidth,1,0,0,r2,275910177,0,0,0
OT01V789821059,1776604072421.433,outbound-rtp,COT01_98_profile-id=0,video,video,789821059,T01,33768,34,true,1,0,14,14,884,1,1,SV286,0,0,0,0,[object Object],bandwidth,1,0,0,r1,494991882,0.287,0,6.825797
OT01V3535764396,1776604072421.433,outbound-rtp,COT01_98_profile-id=0,video,video,3535764396,T01,450092,1298,true,0,0,328,328,219988,2,3,SV286,0,0,0,1,[object Object],bandwidth,1,0,0,r0,3857691580,6.615,0,3.944671
OT01V479650129,1776604072421.433,outbound-rtp,COT01_98_profile-id=0,video,video,479650129,T01,0,1,true,2,0,0,0,283,0,0,SV286,0,0,0,0,[object Object],bandwidth,1,0,0,r2,275910177,0,0,0
OT01V789821059,1776604072421.433,outbound-rtp,COT01_98_profile-id=0,video,video,789821059,T01,33768,34,true,1,0,14,14,884,1,1,SV286,0,0,0,0,[object Object],bandwidth,1,0,0,r1,494991882,0.287,0,6.825797
OT01V3535764396,1776604072621.362,outbound-rtp,COT01_98_profile-id=0,video,video,3535764396,T01,457079,1306,true,0,0,333,333,220180,2,3,SV286,0,0,0,1,[object Object],bandwidth,1,0,0,r0,3857691580,6.688,0,4.027265
OT01V479650129,1776604072621.362,outbound-rtp,COT01_98_profile-id=0,video,video,479650129,T01,0,1,true,2,0,0,0,283,0,0,SV286,0,0,0,0,[object Object],bandwidth,1,0,0,r2,275910177,0,0,0
OT01V789821059,1776604072621.362,outbound-rtp,COT01_98_profile-id=0,video,video,789821059,T01,48601,48,true,1,0,16,16,1220,1,1,SV286,0,0,0,0,[object Object],bandwidth,1,0,0,r1,494991882,0.339,0,10.432262
OT01V3535764396,1776604072621.362,outbound-rtp,COT01_98_profile-id=0,video,video,3535764396,T01,457079,1306,true,0,0,333,333,220180,2,3,SV286,0,0,0,1,[object Object],bandwidth,1,0,0,r0,3857691580,6.688,0,4.027265
OT01V479650129,1776604072621.362,outbound-rtp,COT01_98_profile-id=0,video,video,479650129,T01,0,1,true,2,0,0,0,283,0,0,SV286,0,0,0,0,[object Object],bandwidth,1,0,0,r2,275910177,0,0,0
OT01V789821059,1776604072621.362,outbound-rtp,COT01_98_profile-id=0,video,video,789821059,T01,48601,48,true,1,0,16,16,1220,1,1,SV286,0,0,0,0,[object Object],bandwidth,1,0,0,r1,494991882,0.339,0,10.432262
OT01V3535764396,1776604072821.375,outbound-rtp,COT01_98_profile-id=0,video,video,3535764396,T01,461148,1312,true,0,0,337,337,220324,2,3,SV286,0,0,0,1,[object Object],bandwidth,1,0,0,r0,3857691580,6.752,0,4.055478
OT01V479650129,1776604072821.375,outbound-rtp,COT01_98_profile-id=0,video,video,479650129,T01,0,1,true,2,0,0,0,283,0,0,SV286,0,0,0,0,[object Object],bandwidth,1,0,0,r2,275910177,0,0,0
OT01V789821059,1776604072821.375,outbound-rtp,COT01_98_profile-id=0,video,video,789821059,T01,66045,65,true,1,0,19,19,1628,2,1,SV286,0,0,0,0,[object Object],bandwidth,1,0,0,r1,494991882,0.392,0,13.841234
OT01V3535764396,1776604072821.375,outbound-rtp,COT01_98_profile-id=0,video,video,3535764396,T01,461148,1312,true,0,0,337,337,220324,2,3,SV286,0,0,0,1,[object Object],bandwidth,1,0,0,r0,3857691580,6.752,0,4.055478
OT01V479650129,1776604072821.375,outbound-rtp,COT01_98_profile-id=0,video,video,479650129,T01,0,1,true,2,0,0,0,283,0,0,SV286,0,0,0,0,[object Object],bandwidth,1,0,0,r2,275910177,0,0,0
OT01V789821059,1776604072821.375,outbound-rtp,COT01_98_profile-id=0,video,video,789821059,T01,66045,65,true,1,0,19,19,1628,2,1,SV286,0,0,0,0,[object Object],bandwidth,1,0,0,r1,494991882,0.392,0,13.841234
OT01V3535764396,1776604073021.381,outbound-rtp,COT01_98_profile-id=0,video,video,3535764396,T01,465091,1317,true,0,0,343,343,220444,2,3,SV286,0,0,0,1,[object Object],bandwidth,1,0,0,r0,3857691580,6.848,0,4.142251
OT01V479650129,1776604073021.381,outbound-rtp,COT01_98_profile-id=0,video,video,479650129,T01,0,1,true,2,0,0,0,283,0,0,SV286,0,0,0,0,[object Object],bandwidth,1,0,0,r2,275910177,0,0,0
OT01V789821059,1776604073021.381,outbound-rtp,COT01_98_profile-id=0,video,video,789821059,T01,80118,79,true,1,0,21,21,1964,2,1,SV286,0,0,0,0,[object Object],bandwidth,1,0,0,r1,494991882,0.446,0,15.648769999999999
OT01V3535764396,1776604073021.381,outbound-rtp,COT01_98_profile-id=0,video,video,3535764396,T01,465091,1317,true,0,0,343,343,220444,2,3,SV286,0,0,0,1,[object Object],bandwidth,1,0,0,r0,3857691580,6.848,0,4.142251
OT01V479650129,1776604073021.381,outbound-rtp,COT01_98_profile-id=0,video,video,479650129,T01,0,1,true,2,0,0,0,283,0,0,SV286,0,0,0,0,[object Object],bandwidth,1,0,0,r2,275910177,0,0,0
OT01V789821059,1776604073021.381,outbound-rtp,COT01_98_profile-id=0,video,video,789821059,T01,80118,79,true,1,0,21,21,1964,2,1,SV286,0,0,0,0,[object Object],bandwidth,1,0,0,r1,494991882,0.446,0,15.648769999999999
OT01V3535764396,1776604073221.287,outbound-rtp,COT01_98_profile-id=0,video,video,3535764396,T01,473073,1328,true,0,0,348,348,220708,2,3,SV286,0,0,0,1,[object Object],bandwidth,1,0,0,r0,3857691580,6.93,0,4.387483
OT01V479650129,1776604073221.287,outbound-rtp,COT01_98_profile-id=0,video,video,479650129,T01,0,1,true,2,0,0,0,283,0,0,SV286,0,0,0,0,[object Object],bandwidth,1,0,0,r2,275910177,0,0,0
OT01V789821059,1776604073221.287,outbound-rtp,COT01_98_profile-id=0,video,video,789821059,T01,90809,89,true,1,0,23,23,2204,2,1,SV286,0,0,0,0,[object Object],bandwidth,1,0,0,r1,494991882,0.503,0,15.749111999999998
OT01V3535764396,1776604073221.287,outbound-rtp,COT01_98_profile-id=0,video,video,3535764396,T01,473073,1328,true,0,0,348,348,220708,2,3,SV286,0,0,0,1,[object Object],bandwidth,1,0,0,r0,3857691580,6.93,0,4.387483
OT01V479650129,1776604073221.287,outbound-rtp,COT01_98_profile-id=0,video,video,479650129,T01,0,1,true,2,0,0,0,283,0,0,SV286,0,0,0,0,[object Object],bandwidth,1,0,0,r2,275910177,0,0,0
OT01V789821059,1776604073221.287,outbound-rtp,COT01_98_profile-id=0,video,video,789821059,T01,90809,89,true,1,0,23,23,2204,2,1,SV286,0,0,0,0,[object Object],bandwidth,1,0,0,r1,494991882,0.503,0,15.749111999999998
OT01V3535764396,1776604073421.289,outbound-rtp,COT01_98_profile-id=0,video,video,3535764396,T01,476300,1333,true,0,0,352,352,220828,2,3,SV286,0,0,0,1,[object Object],bandwidth,1,0,0,r0,3857691580,6.983,0,4.415029
OT01V479650129,1776604073421.289,outbound-rtp,COT01_98_profile-id=0,video,video,479650129,T01,0,1,true,2,0,0,0,283,0,0,SV286,0,0,0,0,[object Object],bandwidth,1,0,0,r2,275910177,0,0,0
OT01V789821059,1776604073421.289,outbound-rtp,COT01_98_profile-id=0,video,video,789821059,T01,99363,97,true,1,0,25,25,2396,2,1,SV286,0,0,0,0,[object Object],bandwidth,1,0,0,r1,494991882,0.555,0,15.792364
OT01V3535764396,1776604073421.289,outbound-rtp,COT01_98_profile-id=0,video,video,3535764396,T01,476300,1333,true,0,0,352,352,220828,2,3,SV286,0,0,0,1,[object Object],bandwidth,1,0,0,r0,3857691580,6.983,0,4.415029
OT01V479650129,1776604073421.289,outbound-rtp,COT01_98_profile-id=0,video,video,479650129,T01,0,1,true,2,0,0,0,283,0,0,SV286,0,0,0,0,[object Object],bandwidth,1,0,0,r2,275910177,0,0,0
OT01V789821059,1776604073421.289,outbound-rtp,COT01_98_profile-id=0,video,video,789821059,T01,99363,97,true,1,0,25,25,2396,2,1,SV286,0,0,0,0,[object Object],bandwidth,1,0,0,r1,494991882,0.555,0,15.792364
OT01V3535764396,1776604073621.31,outbound-rtp,COT01_98_profile-id=0,video,video,3535764396,T01,485288,1343,true,0,0,357,357,221068,2,3,SV286,0,0,0,1,[object Object],bandwidth,1,0,0,r0,3857691580,7.043,0,4.415036
OT01V479650129,1776604073621.31,outbound-rtp,COT01_98_profile-id=0,video,video,479650129,T01,0,1,true,2,0,0,0,283,0,0,SV286,0,0,0,0,[object Object],bandwidth,1,0,0,r2,275910177,0,0,0
OT01V789821059,1776604073621.31,outbound-rtp,COT01_98_profile-id=0,video,video,789821059,T01,107811,106,true,1,0,27,27,2612,2,1,SV286,0,0,0,0,[object Object],bandwidth,1,0,0,r1,494991882,0.585,0,15.897419999999999
OT01V3535764396,1776604073621.31,outbound-rtp,COT01_98_profile-id=0,video,video,3535764396,T01,485288,1343,true,0,0,357,357,221068,2,3,SV286,0,0,0,1,[object Object],bandwidth,1,0,0,r0,3857691580,7.043,0,4.415036
OT01V479650129,1776604073621.31,outbound-rtp,COT01_98_profile-id=0,video,video,479650129,T01,0,1,true,2,0,0,0,283,0,0,SV286,0,0,0,0,[object Object],bandwidth,1,0,0,r2,275910177,0,0,0
OT01V789821059,1776604073621.31,outbound-rtp,COT01_98_profile-id=0,video,video,789821059,T01,107811,106,true,1,0,27,27,2612,2,1,SV286,0,0,0,0,[object Object],bandwidth,1,0,0,r1,494991882,0.585,0,15.897419999999999
OT01V3535764396,1776604073821.29,outbound-rtp,COT01_98_profile-id=0,video,video,3535764396,T01,494007,1352,true,0,0,361,361,221284,2,3,SV286,0,0,0,1,[object Object],bandwidth,1,0,0,r0,3857691580,7.115,0,4.415039999999999
OT01V479650129,1776604073821.29,outbound-rtp,COT01_98_profile-id=0,video,video,479650129,T01,0,1,true,2,0,0,0,283,0,0,SV286,0,0,0,0,[object Object],bandwidth,1,0,0,r2,275910177,0,0,0
OT01V789821059,1776604073821.29,outbound-rtp,COT01_98_profile-id=0,video,video,789821059,T01,118745,116,true,1,0,29,29,2864,2,1,SV286,0,0,0,0,[object Object],bandwidth,1,0,0,r1,494991882,0.633,0,15.897423
OT01V3535764396,1776604073821.29,outbound-rtp,COT01_98_profile-id=0,video,video,3535764396,T01,494007,1352,true,0,0,361,361,221284,2,3,SV286,0,0,0,1,[object Object],bandwidth,1,0,0,r0,3857691580,7.115,0,4.415039999999999
OT01V479650129,1776604073821.29,outbound-rtp,COT01_98_profile-id=0,video,video,479650129,T01,0,1,true,2,0,0,0,283,0,0,SV286,0,0,0,0,[object Object],bandwidth,1,0,0,r2,275910177,0,0,0
OT01V789821059,1776604073821.29,outbound-rtp,COT01_98_profile-id=0,video,video,789821059,T01,118745,116,true,1,0,29,29,2864,2,1,SV286,0,0,0,0,[object Object],bandwidth,1,0,0,r1,494991882,0.633,0,15.897423
OT01V3535764396,1776604074021.327,outbound-rtp,COT01_98_profile-id=0,video,video,3535764396,T01,503143,1362,true,0,0,366,366,221524,2,3,SV286,0,0,0,1,[object Object],bandwidth,1,0,0,r0,3857691580,7.183,0,4.415039999999999
OT01V479650129,1776604074021.327,outbound-rtp,COT01_98_profile-id=0,video,video,479650129,T01,0,1,true,2,0,0,0,283,0,0,SV286,0,0,0,0,[object Object],bandwidth,1,0,0,r2,275910177,0,0,0
OT01V789821059,1776604074021.327,outbound-rtp,COT01_98_profile-id=0,video,video,789821059,T01,131459,128,true,1,0,31,31,3152,2,1,SV286,0,0,0,0,[object Object],bandwidth,1,0,0,r1,494991882,0.683,0,15.989099999999999
OT01V3535764396,1776604074021.327,outbound-rtp,COT01_98_profile-id=0,video,video,3535764396,T01,503143,1362,true,0,0,366,366,221524,2,3,SV286,0,0,0,1,[object Object],bandwidth,1,0,0,r0,3857691580,7.183,0,4.415039999999999
OT01V479650129,1776604074021.327,outbound-rtp,COT01_98_profile-id=0,video,video,479650129,T01,0,1,true,2,0,0,0,283,0,0,SV286,0,0,0,0,[object Object],bandwidth,1,0,0,r2,275910177,0,0,0
OT01V789821059,1776604074021.327,outbound-rtp,COT01_98_profile-id=0,video,video,789821059,T01,131459,128,true,1,0,31,31,3152,2,1,SV286,0,0,0,0,[object Object],bandwidth,1,0,0,r1,494991882,0.683,0,15.989099999999999
OT01V3535764396,1776604074221.315,outbound-rtp,COT01_98_profile-id=0,video,video,3535764396,T01,513573,1375,true,0,0,372,372,221836,2,3,SV286,0,0,0,1,[object Object],bandwidth,1,0,0,r0,3857691580,7.286,0,4.415049
OT01V479650129,1776604074221.315,outbound-rtp,COT01_98_profile-id=0,video,video,479650129,T01,0,1,true,2,0,0,0,283,0,0,SV286,0,0,0,0,[object Object],bandwidth,1,0,0,r2,275910177,0,0,0
OT01V789821059,1776604074221.315,outbound-rtp,COT01_98_profile-id=0,video,video,789821059,T01,138043,135,true,1,0,33,33,3320,2,1,SV286,0,0,0,0,[object Object],bandwidth,1,0,0,r1,494991882,0.729,0,15.989104
OT01V3535764396,1776604074221.315,outbound-rtp,COT01_98_profile-id=0,video,video,3535764396,T01,513573,1375,true,0,0,372,372,221836,2,3,SV286,0,0,0,1,[object Object],bandwidth,1,0,0,r0,3857691580,7.286,0,4.415049
OT01V479650129,1776604074221.315,outbound-rtp,COT01_98_profile-id=0,video,video,479650129,T01,0,1,true,2,0,0,0,283,0,0,SV286,0,0,0,0,[object Object],bandwidth,1,0,0,r2,275910177,0,0,0
OT01V789821059,1776604074221.315,outbound-rtp,COT01_98_profile-id=0,video,video,789821059,T01,138043,135,true,1,0,33,33,3320,2,1,SV286,0,0,0,0,[object Object],bandwidth,1,0,0,r1,494991882,0.729,0,15.989104
OT01V3535764396,1776604074421.339,outbound-rtp,COT01_98_profile-id=0,video,video,3535764396,T01,524663,1388,true,0,0,377,377,222148,3,4,SV286,0,0,0,1,[object Object],bandwidth,1,0,0,r0,3857691580,7.355,0,4.415068
OT01V479650129,1776604074421.339,outbound-rtp,COT01_98_profile-id=0,video,video,479650129,T01,0,1,true,2,0,0,0,283,0,0,SV286,0,0,0,0,[object Object],bandwidth,1,0,0,r2,275910177,0,0,0
OT01V789821059,1776604074421.339,outbound-rtp,COT01_98_profile-id=0,video,video,789821059,T01,151885,148,true,1,0,35,35,3632,3,1,SV286,0,0,0,1,[object Object],bandwidth,1,0,0,r1,494991882,0.768,0,16.094887
OT01V3535764396,1776604074421.339,outbound-rtp,COT01_98_profile-id=0,video,video,3535764396,T01,524663,1388,true,0,0,377,377,222148,3,4,SV286,0,0,0,1,[object Object],bandwidth,1,0,0,r0,3857691580,7.355,0,4.415068
OT01V479650129,1776604074421.339,outbound-rtp,COT01_98_profile-id=0,video,video,479650129,T01,0,1,true,2,0,0,0,283,0,0,SV286,0,0,0,0,[object Object],bandwidth,1,0,0,r2,275910177,0,0,0
OT01V789821059,1776604074421.339,outbound-rtp,COT01_98_profile-id=0,video,video,789821059,T01,151885,148,true,1,0,35,35,3632,3,1,SV286,0,0,0,1,[object Object],bandwidth,1,0,0,r1,494991882,0.768,0,16.094887
OT01V3535764396,1776604074621.358,outbound-rtp,COT01_98_profile-id=0,video,video,3535764396,T01,530110,1394,true,0,0,382,382,222296,3,4,SV286,0,0,0,1,[object Object],bandwidth,1,0,0,r0,3857691580,7.434,0,4.478451
OT01V479650129,1776604074621.358,outbound-rtp,COT01_98_profile-id=0,video,video,479650129,T01,0,1,true,2,0,0,0,283,0,0,SV286,0,0,0,0,[object Object],bandwidth,1,0,0,r2,275910177,0,0,0
OT01V789821059,1776604074621.358,outbound-rtp,COT01_98_profile-id=0,video,video,789821059,T01,167623,162,true,1,0,38,38,3972,4,2,SV286,0,0,0,1,[object Object],bandwidth,1,0,0,r1,494991882,0.847,0,17.099822
OT01V3535764396,1776604074621.358,outbound-rtp,COT01_98_profile-id=0,video,video,3535764396,T01,530110,1394,true,0,0,382,382,222296,3,4,SV286,0,0,0,1,[object Object],bandwidth,1,0,0,r0,3857691580,7.434,0,4.478451
OT01V479650129,1776604074621.358,outbound-rtp,COT01_98_profile-id=0,video,video,479650129,T01,0,1,true,2,0,0,0,283,0,0,SV286,0,0,0,0,[object Object],bandwidth,1,0,0,r2,275910177,0,0,0
OT01V789821059,1776604074621.358,outbound-rtp,COT01_98_profile-id=0,video,video,789821059,T01,167623,162,true,1,0,38,38,3972,4,2,SV286,0,0,0,1,[object Object],bandwidth,1,0,0,r1,494991882,0.847,0,17.099822
OT01V3535764396,1776604074821.35,outbound-rtp,COT01_98_profile-id=0,video,video,3535764396,T01,532921,1398,true,0,0,384,384,222392,3,4,SV286,0,0,0,1,[object Object],bandwidth,1,0,0,r0,3857691580,7.454,0,4.501446
OT01V479650129,1776604074821.35,outbound-rtp,COT01_98_profile-id=0,video,video,479650129,T01,0,1,true,2,0,0,0,283,0,0,SV286,0,0,0,0,[object Object],bandwidth,1,0,0,r2,275910177,0,0,0
OT01V789821059,1776604074821.35,outbound-rtp,COT01_98_profile-id=0,video,video,789821059,T01,182763,176,true,1,0,40,40,4308,4,2,SV286,0,0,0,1,[object Object],bandwidth,1,0,0,r1,494991882,0.885,0,17.348352
OT01V3535764396,1776604074821.35,outbound-rtp,COT01_98_profile-id=0,video,video,3535764396,T01,532921,1398,true,0,0,384,384,222392,3,4,SV286,0,0,0,1,[object Object],bandwidth,1,0,0,r0,3857691580,7.454,0,4.501446
OT01V479650129,1776604074821.35,outbound-rtp,COT01_98_profile-id=0,video,video,479650129,T01,0,1,true,2,0,0,0,283,0,0,SV286,0,0,0,0,[object Object],bandwidth,1,0,0,r2,275910177,0,0,0
OT01V789821059,1776604074821.35,outbound-rtp,COT01_98_profile-id=0,video,video,789821059,T01,182763,176,true,1,0,40,40,4308,4,2,SV286,0,0,0,1,[object Object],bandwidth,1,0,0,r1,494991882,0.885,0,17.348352
OT01V3535764396,1776604075021.363,outbound-rtp,COT01_98_profile-id=0,video,video,3535764396,T01,542071,1408,true,0,0,388,388,222632,3,4,SV286,0,0,0,1,[object Object],bandwidth,1,0,0,r0,3857691580,7.516,0,4.5014579999999995
OT01V479650129,1776604075021.363,outbound-rtp,COT01_98_profile-id=0,video,video,479650129,T01,0,1,true,2,0,0,0,283,0,0,SV286,0,0,0,0,[object Object],bandwidth,1,0,0,r2,275910177,0,0,0
OT01V789821059,1776604075021.363,outbound-rtp,COT01_98_profile-id=0,video,video,789821059,T01,195174,188,true,1,0,42,42,4596,4,2,SV286,0,0,0,1,[object Object],bandwidth,1,0,0,r1,494991882,0.921,0,17.369782
OT01V3535764396,1776604075021.363,outbound-rtp,COT01_98_profile-id=0,video,video,3535764396,T01,542071,1408,true,0,0,388,388,222632,3,4,SV286,0,0,0,1,[object Object],bandwidth,1,0,0,r0,3857691580,7.516,0,4.5014579999999995
OT01V479650129,1776604075021.363,outbound-rtp,COT01_98_profile-id=0,video,video,479650129,T01,0,1,true,2,0,0,0,283,0,0,SV286,0,0,0,0,[object Object],bandwidth,1,0,0,r2,275910177,0,0,0
OT01V789821059,1776604075021.363,outbound-rtp,COT01_98_profile-id=0,video,video,789821059,T01,195174,188,true,1,0,42,42,4596,4,2,SV286,0,0,0,1,[object Object],bandwidth,1,0,0,r1,494991882,0.921,0,17.369782
OT01V3535764396,1776604075221.344,outbound-rtp,COT01_98_profile-id=0,video,video,3535764396,T01,552531,1419,true,0,0,391,391,222896,3,4,SV286,0,0,0,1,[object Object],bandwidth,1,0,0,r0,3857691580,7.562,0,4.501462
OT01V479650129,1776604075221.344,outbound-rtp,COT01_98_profile-id=0,video,video,479650129,T01,0,1,true,2,0,0,0,283,0,0,SV286,0,0,0,0,[object Object],bandwidth,1,0,0,r2,275910177,0,0,0
OT01V789821059,1776604075221.344,outbound-rtp,COT01_98_profile-id=0,video,video,789821059,T01,205658,198,true,1,0,44,44,4836,4,2,SV286,0,0,0,1,[object Object],bandwidth,1,0,0,r1,494991882,0.956,0,17.428622
OT01V3535764396,1776604075221.344,outbound-rtp,COT01_98_profile-id=0,video,video,3535764396,T01,552531,1419,true,0,0,391,391,222896,3,4,SV286,0,0,0,1,[object Object],bandwidth,1,0,0,r0,3857691580,7.562,0,4.501462
OT01V479650129,1776604075221.344,outbound-rtp,COT01_98_profile-id=0,video,video,479650129,T01,0,1,true,2,0,0,0,283,0,0,SV286,0,0,0,0,[object Object],bandwidth,1,0,0,r2,275910177,0,0,0
OT01V789821059,1776604075221.344,outbound-rtp,COT01_98_profile-id=0,video,video,789821059,T01,205658,198,true,1,0,44,44,4836,4,2,SV286,0,0,0,1,[object Object],bandwidth,1,0,0,r1,494991882,0.956,0,17.428622
OT01V3535764396,1776604075421.453,outbound-rtp,COT01_98_profile-id=0,video,video,3535764396,T01,554507,1421,true,0,0,394,394,222944,3,4,SV286,0,0,0,1,[object Object],bandwidth,1,0,0,r0,3857691580,7.606,0,4.501462
OT01V479650129,1776604075421.453,outbound-rtp,COT01_98_profile-id=0,video,video,479650129,T01,0,1,true,2,0,0,0,283,0,0,SV286,0,0,0,0,[object Object],bandwidth,1,0,0,r2,275910177,0,0,0
OT01V789821059,1776604075421.453,outbound-rtp,COT01_98_profile-id=0,video,video,789821059,T01,226885,218,true,1,0,46,46,5316,5,2,SV286,0,0,0,1,[object Object],bandwidth,1,0,0,r1,494991882,1.002,0,17.482162
OT01V3535764396,1776604075421.453,outbound-rtp,COT01_98_profile-id=0,video,video,3535764396,T01,554507,1421,true,0,0,394,394,222944,3,4,SV286,0,0,0,1,[object Object],bandwidth,1,0,0,r0,3857691580,7.606,0,4.501462
OT01V479650129,1776604075421.453,outbound-rtp,COT01_98_profile-id=0,video,video,479650129,T01,0,1,true,2,0,0,0,283,0,0,SV286,0,0,0,0,[object Object],bandwidth,1,0,0,r2,275910177,0,0,0
OT01V789821059,1776604075421.453,outbound-rtp,COT01_98_profile-id=0,video,video,789821059,T01,226885,218,true,1,0,46,46,5316,5,2,SV286,0,0,0,1,[object Object],bandwidth,1,0,0,r1,494991882,1.002,0,17.482162
OT01V3535764396,1776604075621.425,outbound-rtp,COT01_98_profile-id=0,video,video,3535764396,T01,562647,1431,true,0,0,398,398,223184,3,4,SV286,0,0,0,1,[object Object],bandwidth,1,0,0,r0,3857691580,7.675,0,4.5496739999999996
OT01V479650129,1776604075621.425,outbound-rtp,COT01_98_profile-id=0,video,video,479650129,T01,0,1,true,2,0,0,0,283,0,0,SV286,0,0,0,0,[object Object],bandwidth,1,0,0,r2,275910177,0,0,0
OT01V789821059,1776604075621.425,outbound-rtp,COT01_98_profile-id=0,video,video,789821059,T01,240284,231,true,1,0,48,48,5628,5,2,SV286,0,0,0,1,[object Object],bandwidth,1,0,0,r1,494991882,1.041,0,17.615555
OT01V3535764396,1776604075621.425,outbound-rtp,COT01_98_profile-id=0,video,video,3535764396,T01,562647,1431,true,0,0,398,398,223184,3,4,SV286,0,0,0,1,[object Object],bandwidth,1,0,0,r0,3857691580,7.675,0,4.5496739999999996
OT01V479650129,1776604075621.425,outbound-rtp,COT01_98_profile-id=0,video,video,479650129,T01,0,1,true,2,0,0,0,283,0,0,SV286,0,0,0,0,[object Object],bandwidth,1,0,0,r2,275910177,0,0,0
OT01V789821059,1776604075621.425,outbound-rtp,COT01_98_profile-id=0,video,video,789821059,T01,240284,231,true,1,0,48,48,5628,5,2,SV286,0,0,0,1,[object Object],bandwidth,1,0,0,r1,494991882,1.041,0,17.615555
OT01V3535764396,1776604075821.377,outbound-rtp,COT01_98_profile-id=0,video,video,3535764396,T01,572397,1442,true,0,0,402,402,223448,3,4,SV286,0,0,0,1,[object Object],bandwidth,1,0,0,r0,3857691580,7.744,0,4.549683
OT01V479650129,1776604075821.377,outbound-rtp,COT01_98_profile-id=0,video,video,479650129,T01,0,1,true,2,0,0,0,283,0,0,SV286,0,0,0,0,[object Object],bandwidth,1,0,0,r2,275910177,0,0,0
OT01V789821059,1776604075821.377,outbound-rtp,COT01_98_profile-id=0,video,video,789821059,T01,253750,244,true,1,0,50,50,5940,5,2,SV286,0,0,0,1,[object Object],bandwidth,1,0,0,r1,494991882,1.082,0,17.643853999999997
OT01V3535764396,1776604075821.377,outbound-rtp,COT01_98_profile-id=0,video,video,3535764396,T01,572397,1442,true,0,0,402,402,223448,3,4,SV286,0,0,0,1,[object Object],bandwidth,1,0,0,r0,3857691580,7.744,0,4.549683
OT01V479650129,1776604075821.377,outbound-rtp,COT01_98_profile-id=0,video,video,479650129,T01,0,1,true,2,0,0,0,283,0,0,SV286,0,0,0,0,[object Object],bandwidth,1,0,0,r2,275910177,0,0,0
OT01V789821059,1776604075821.377,outbound-rtp,COT01_98_profile-id=0,video,video,789821059,T01,253750,244,true,1,0,50,50,5940,5,2,SV286,0,0,0,1,[object Object],bandwidth,1,0,0,r1,494991882,1.082,0,17.643853999999997
OT01V3535764396,1776604076021.377,outbound-rtp,COT01_98_profile-id=0,video,video,3535764396,T01,588888,1458,true,0,0,407,407,223832,3,4,SV286,0,0,0,1,[object Object],bandwidth,1,0,0,r0,3857691580,7.828,0,4.549691
OT01V479650129,1776604076021.377,outbound-rtp,COT01_98_profile-id=0,video,video,479650129,T01,0,1,true,2,0,0,0,283,0,0,SV286,0,0,0,0,[object Object],bandwidth,1,0,0,r2,275910177,0,0,0
OT01V789821059,1776604076021.377,outbound-rtp,COT01_98_profile-id=0,video,video,789821059,T01,262505,252,true,1,0,52,52,6132,5,2,SV286,0,0,0,1,[object Object],bandwidth,1,0,0,r1,494991882,1.141,0,17.643860999999998
OT01V3535764396,1776604076021.377,outbound-rtp,COT01_98_profile-id=0,video,video,3535764396,T01,588888,1458,true,0,0,407,407,223832,3,4,SV286,0,0,0,1,[object Object],bandwidth,1,0,0,r0,3857691580,7.828,0,4.549691
OT01V479650129,1776604076021.377,outbound-rtp,COT01_98_profile-id=0,video,video,479650129,T01,0,1,true,2,0,0,0,283,0,0,SV286,0,0,0,0,[object Object],bandwidth,1,0,0,r2,275910177,0,0,0
OT01V789821059,1776604076021.377,outbound-rtp,COT01_98_profile-id=0,video,video,789821059,T01,262505,252,true,1,0,52,52,6132,5,2,SV286,0,0,0,1,[object Object],bandwidth,1,0,0,r1,494991882,1.141,0,17.643860999999998
OT01V3535764396,1776604076221.438,outbound-rtp,COT01_98_profile-id=0,video,video,3535764396,T01,600282,1470,true,0,0,411,411,224120,3,4,SV286,0,0,0,1,[object Object],bandwidth,1,0,0,r0,3857691580,7.895,0,4.549691
OT01V479650129,1776604076221.438,outbound-rtp,COT01_98_profile-id=0,video,video,479650129,T01,0,1,true,2,0,0,0,283,0,0,SV286,0,0,0,0,[object Object],bandwidth,1,0,0,r2,275910177,0,0,0
OT01V789821059,1776604076221.438,outbound-rtp,COT01_98_profile-id=0,video,video,789821059,T01,272020,261,true,1,0,54,54,6348,5,2,SV286,0,0,0,1,[object Object],bandwidth,1,0,0,r1,494991882,1.175,0,17.643871
OT01V3535764396,1776604076221.438,outbound-rtp,COT01_98_profile-id=0,video,video,3535764396,T01,600282,1470,true,0,0,411,411,224120,3,4,SV286,0,0,0,1,[object Object],bandwidth,1,0,0,r0,3857691580,7.895,0,4.549691
OT01V479650129,1776604076221.438,outbound-rtp,COT01_98_profile-id=0,video,video,479650129,T01,0,1,true,2,0,0,0,283,0,0,SV286,0,0,0,0,[object Object],bandwidth,1,0,0,r2,275910177,0,0,0
OT01V789821059,1776604076221.438,outbound-rtp,COT01_98_profile-id=0,video,video,789821059,T01,272020,261,true,1,0,54,54,6348,5,2,SV286,0,0,0,1,[object Object],bandwidth,1,0,0,r1,494991882,1.175,0,17.643871
OT01V3535764396,1776604076421.415,outbound-rtp,COT01_98_profile-id=0,video,video,3535764396,T01,614273,1487,true,0,0,416,416,224528,3,4,SV286,0,0,0,1,[object Object],bandwidth,1,0,0,r0,3857691580,7.962,0,4.549703
OT01V479650129,1776604076421.415,outbound-rtp,COT01_98_profile-id=0,video,video,479650129,T01,0,1,true,2,0,0,0,283,0,0,SV286,0,0,0,0,[object Object],bandwidth,1,0,0,r2,275910177,0,0,0
OT01V789821059,1776604076421.415,outbound-rtp,COT01_98_profile-id=0,video,video,789821059,T01,283578,272,true,1,0,56,56,6612,5,2,SV286,0,0,0,1,[object Object],bandwidth,1,0,0,r1,494991882,1.21,0,17.668996
OT01V3535764396,1776604076421.415,outbound-rtp,COT01_98_profile-id=0,video,video,3535764396,T01,614273,1487,true,0,0,416,416,224528,3,4,SV286,0,0,0,1,[object Object],bandwidth,1,0,0,r0,3857691580,7.962,0,4.549703
OT01V479650129,1776604076421.415,outbound-rtp,COT01_98_profile-id=0,video,video,479650129,T01,0,1,true,2,0,0,0,283,0,0,SV286,0,0,0,0,[object Object],bandwidth,1,0,0,r2,275910177,0,0,0
OT01V789821059,1776604076421.415,outbound-rtp,COT01_98_profile-id=0,video,video,789821059,T01,283578,272,true,1,0,56,56,6612,5,2,SV286,0,0,0,1,[object Object],bandwidth,1,0,0,r1,494991882,1.21,0,17.668996
OT01V3535764396,1776604076621.36,outbound-rtp,COT01_98_profile-id=0,video,video,3535764396,T01,626522,1502,true,0,0,420,420,224888,3,4,SV286,0,0,0,1,[object Object],bandwidth,1,0,0,r0,3857691580,8.027,0,4.549706
OT01V479650129,1776604076621.36,outbound-rtp,COT01_98_profile-id=0,video,video,479650129,T01,0,1,true,2,0,0,0,283,0,0,SV286,0,0,0,0,[object Object],bandwidth,1,0,0,r2,275910177,0,0,0
OT01V789821059,1776604076621.36,outbound-rtp,COT01_98_profile-id=0,video,video,789821059,T01,294032,282,true,1,0,58,58,6852,5,2,SV286,0,0,0,1,[object Object],bandwidth,1,0,0,r1,494991882,1.259,0,17.669114
OT01V3535764396,1776604076621.36,outbound-rtp,COT01_98_profile-id=0,video,video,3535764396,T01,626522,1502,true,0,0,420,420,224888,3,4,SV286,0,0,0,1,[object Object],bandwidth,1,0,0,r0,3857691580,8.027,0,4.549706
OT01V479650129,1776604076621.36,outbound-rtp,COT01_98_profile-id=0,video,video,479650129,T01,0,1,true,2,0,0,0,283,0,0,SV286,0,0,0,0,[object Object],bandwidth,1,0,0,r2,275910177,0,0,0
OT01V789821059,1776604076621.36,outbound-rtp,COT01_98_profile-id=0,video,video,789821059,T01,294032,282,true,1,0,58,58,6852,5,2,SV286,0,0,0,1,[object Object],bandwidth,1,0,0,r1,494991882,1.259,0,17.669114
OT01V3535764396,1776604076821.346,outbound-rtp,COT01_98_profile-id=0,video,video,3535764396,T01,640627,1517,true,0,0,424,424,225248,3,4,SV286,0,0,0,1,[object Object],bandwidth,1,0,0,r0,3857691580,8.084,0,4.549707
OT01V479650129,1776604076821.346,outbound-rtp,COT01_98_profile-id=0,video,video,479650129,T01,0,1,true,2,0,0,0,283,0,0,SV286,0,0,0,0,[object Object],bandwidth,1,0,0,r2,275910177,0,0,0
OT01V789821059,1776604076821.346,outbound-rtp,COT01_98_profile-id=0,video,video,789821059,T01,304851,292,true,1,0,60,60,7092,5,2,SV286,0,0,0,1,[object Object],bandwidth,1,0,0,r1,494991882,1.3,0,17.669231
OT01V3535764396,1776604076821.346,outbound-rtp,COT01_98_profile-id=0,video,video,3535764396,T01,640627,1517,true,0,0,424,424,225248,3,4,SV286,0,0,0,1,[object Object],bandwidth,1,0,0,r0,3857691580,8.084,0,4.549707
OT01V479650129,1776604076821.346,outbound-rtp,COT01_98_profile-id=0,video,video,479650129,T01,0,1,true,2,0,0,0,283,0,0,SV286,0,0,0,0,[object Object],bandwidth,1,0,0,r2,275910177,0,0,0
OT01V789821059,1776604076821.346,outbound-rtp,COT01_98_profile-id=0,video,video,789821059,T01,304851,292,true,1,0,60,60,7092,5,2,SV286,0,0,0,1,[object Object],bandwidth,1,0,0,r1,494991882,1.3,0,17.669231
OT01V3535764396,1776604077021.304,outbound-rtp,COT01_98_profile-id=0,video,video,3535764396,T01,649832,1529,true,0,0,428,428,225536,3,4,SV286,0,0,0,1,[object Object],bandwidth,1,0,0,r0,3857691580,8.152,0,4.54971
OT01V479650129,1776604077021.304,outbound-rtp,COT01_98_profile-id=0,video,video,479650129,T01,0,1,true,2,0,0,0,283,0,0,SV286,0,0,0,0,[object Object],bandwidth,1,0,0,r2,275910177,0,0,0
OT01V789821059,1776604077021.304,outbound-rtp,COT01_98_profile-id=0,video,video,789821059,T01,322589,308,true,1,0,62,62,7476,5,2,SV286,0,0,0,1,[object Object],bandwidth,1,0,0,r1,494991882,1.352,0,17.669241
OT01V3535764396,1776604077021.304,outbound-rtp,COT01_98_profile-id=0,video,video,3535764396,T01,649832,1529,true,0,0,428,428,225536,3,4,SV286,0,0,0,1,[object Object],bandwidth,1,0,0,r0,3857691580,8.152,0,4.54971
OT01V479650129,1776604077021.304,outbound-rtp,COT01_98_profile-id=0,video,video,479650129,T01,0,1,true,2,0,0,0,283,0,0,SV286,0,0,0,0,[object Object],bandwidth,1,0,0,r2,275910177,0,0,0
OT01V789821059,1776604077021.304,outbound-rtp,COT01_98_profile-id=0,video,video,789821059,T01,322589,308,true,1,0,62,62,7476,5,2,SV286,0,0,0,1,[object Object],bandwidth,1,0,0,r1,494991882,1.352,0,17.669241
OT01V3535764396,1776604077221.281,outbound-rtp,COT01_98_profile-id=0,video,video,3535764396,T01,663516,1544,true,0,0,432,432,225896,3,4,SV286,0,0,0,1,[object Object],bandwidth,1,0,0,r0,3857691580,8.215,0,4.54972
OT01V479650129,1776604077221.281,outbound-rtp,COT01_98_profile-id=0,video,video,479650129,T01,0,1,true,2,0,0,0,283,0,0,SV286,0,0,0,0,[object Object],bandwidth,1,0,0,r2,275910177,0,0,0
OT01V789821059,1776604077221.281,outbound-rtp,COT01_98_profile-id=0,video,video,789821059,T01,333898,319,true,1,0,64,64,7740,6,2,SV286,0,0,0,1,[object Object],bandwidth,1,0,0,r1,494991882,1.394,0,17.710587999999998
OT01V3535764396,1776604077221.281,outbound-rtp,COT01_98_profile-id=0,video,video,3535764396,T01,663516,1544,true,0,0,432,432,225896,3,4,SV286,0,0,0,1,[object Object],bandwidth,1,0,0,r0,3857691580,8.215,0,4.54972
OT01V479650129,1776604077221.281,outbound-rtp,COT01_98_profile-id=0,video,video,479650129,T01,0,1,true,2,0,0,0,283,0,0,SV286,0,0,0,0,[object Object],bandwidth,1,0,0,r2,275910177,0,0,0
OT01V789821059,1776604077221.281,outbound-rtp,COT01_98_profile-id=0,video,video,789821059,T01,333898,319,true,1,0,64,64,7740,6,2,SV286,0,0,0,1,[object Object],bandwidth,1,0,0,r1,494991882,1.394,0,17.710587999999998
OT01V3535764396,1776604077421.324,outbound-rtp,COT01_98_profile-id=0,video,video,3535764396,T01,679197,1561,true,0,0,437,437,226304,3,4,SV286,0,0,0,1,[object Object],bandwidth,1,0,0,r0,3857691580,8.286,0,4.549722
OT01V479650129,1776604077421.324,outbound-rtp,COT01_98_profile-id=0,video,video,479650129,T01,0,1,true,2,0,0,0,283,0,0,SV286,0,0,0,0,[object Object],bandwidth,1,0,0,r2,275910177,0,0,0
OT01V789821059,1776604077421.324,outbound-rtp,COT01_98_profile-id=0,video,video,789821059,T01,342161,327,true,1,0,66,66,7932,6,2,SV286,0,0,0,1,[object Object],bandwidth,1,0,0,r1,494991882,1.435,0,17.710599
OT01V3535764396,1776604077421.324,outbound-rtp,COT01_98_profile-id=0,video,video,3535764396,T01,679197,1561,true,0,0,437,437,226304,3,4,SV286,0,0,0,1,[object Object],bandwidth,1,0,0,r0,3857691580,8.286,0,4.549722
OT01V479650129,1776604077421.324,outbound-rtp,COT01_98_profile-id=0,video,video,479650129,T01,0,1,true,2,0,0,0,283,0,0,SV286,0,0,0,0,[object Object],bandwidth,1,0,0,r2,275910177,0,0,0
OT01V789821059,1776604077421.324,outbound-rtp,COT01_98_profile-id=0,video,video,789821059,T01,342161,327,true,1,0,66,66,7932,6,2,SV286,0,0,0,1,[object Object],bandwidth,1,0,0,r1,494991882,1.435,0,17.710599
OT01V3535764396,1776604077621.353,outbound-rtp,COT01_98_profile-id=0,video,video,3535764396,T01,689168,1573,true,0,0,441,441,226592,3,4,SV286,0,0,0,1,[object Object],bandwidth,1,0,0,r0,3857691580,8.349,0,4.549727
OT01V479650129,1776604077621.353,outbound-rtp,COT01_98_profile-id=0,video,video,479650129,T01,0,1,true,2,0,0,0,283,0,0,SV286,0,0,0,0,[object Object],bandwidth,1,0,0,r2,275910177,0,0,0
OT01V789821059,1776604077621.353,outbound-rtp,COT01_98_profile-id=0,video,video,789821059,T01,359471,343,true,1,0,68,68,8316,6,2,SV286,0,0,0,1,[object Object],bandwidth,1,0,0,r1,494991882,1.469,0,17.710763
OT01V3535764396,1776604077621.353,outbound-rtp,COT01_98_profile-id=0,video,video,3535764396,T01,689168,1573,true,0,0,441,441,226592,3,4,SV286,0,0,0,1,[object Object],bandwidth,1,0,0,r0,3857691580,8.349,0,4.549727
OT01V479650129,1776604077621.353,outbound-rtp,COT01_98_profile-id=0,video,video,479650129,T01,0,1,true,2,0,0,0,283,0,0,SV286,0,0,0,0,[object Object],bandwidth,1,0,0,r2,275910177,0,0,0
OT01V789821059,1776604077621.353,outbound-rtp,COT01_98_profile-id=0,video,video,789821059,T01,359471,343,true,1,0,68,68,8316,6,2,SV286,0,0,0,1,[object Object],bandwidth,1,0,0,r1,494991882,1.469,0,17.710763
OT01V3535764396,1776604077821.287,outbound-rtp,COT01_98_profile-id=0,video,video,3535764396,T01,700016,1584,true,0,0,446,446,226856,3,4,SV286,0,0,0,1,[object Object],bandwidth,1,0,0,r0,3857691580,8.429,0,4.549733
OT01V479650129,1776604077821.287,outbound-rtp,COT01_98_profile-id=0,video,video,479650129,T01,0,1,true,2,0,0,0,283,0,0,SV286,0,0,0,0,[object Object],bandwidth,1,0,0,r2,275910177,0,0,0
OT01V789821059,1776604077821.287,outbound-rtp,COT01_98_profile-id=0,video,video,789821059,T01,377427,359,true,1,0,70,70,8700,6,2,SV286,0,0,0,1,[object Object],bandwidth,1,0,0,r1,494991882,1.503,0,17.74341
OT01V3535764396,1776604077821.287,outbound-rtp,COT01_98_profile-id=0,video,video,3535764396,T01,700016,1584,true,0,0,446,446,226856,3,4,SV286,0,0,0,1,[object Object],bandwidth,1,0,0,r0,3857691580,8.429,0,4.549733
OT01V479650129,1776604077821.287,outbound-rtp,COT01_98_profile-id=0,video,video,479650129,T01,0,1,true,2,0,0,0,283,0,0,SV286,0,0,0,0,[object Object],bandwidth,1,0,0,r2,275910177,0,0,0
OT01V789821059,1776604077821.287,outbound-rtp,COT01_98_profile-id=0,video,video,789821059,T01,377427,359,true,1,0,70,70,8700,6,2,SV286,0,0,0,1,[object Object],bandwidth,1,0,0,r1,494991882,1.503,0,17.74341
OT01V3535764396,1776604078021.32,outbound-rtp,COT01_98_profile-id=0,video,video,3535764396,T01,714089,1598,true,0,0,451,451,227192,3,4,SV286,0,0,0,1,[object Object],bandwidth,1,0,0,r0,3857691580,8.506,0,4.549747
OT01V479650129,1776604078021.32,outbound-rtp,COT01_98_profile-id=0,video,video,479650129,T01,0,1,true,2,0,0,0,283,0,0,SV286,0,0,0,0,[object Object],bandwidth,1,0,0,r2,275910177,0,0,0
OT01V789821059,1776604078021.32,outbound-rtp,COT01_98_profile-id=0,video,video,789821059,T01,390254,371,true,1,0,72,72,8988,6,2,SV286,0,0,0,1,[object Object],bandwidth,1,0,0,r1,494991882,1.552,0,17.765069
OT01V3535764396,1776604078021.32,outbound-rtp,COT01_98_profile-id=0,video,video,3535764396,T01,714089,1598,true,0,0,451,451,227192,3,4,SV286,0,0,0,1,[object Object],bandwidth,1,0,0,r0,3857691580,8.506,0,4.549747
OT01V479650129,1776604078021.32,outbound-rtp,COT01_98_profile-id=0,video,video,479650129,T01,0,1,true,2,0,0,0,283,0,0,SV286,0,0,0,0,[object Object],bandwidth,1,0,0,r2,275910177,0,0,0
OT01V789821059,1776604078021.32,outbound-rtp,COT01_98_profile-id=0,video,video,789821059,T01,390254,371,true,1,0,72,72,8988,6,2,SV286,0,0,0,1,[object Object],bandwidth,1,0,0,r1,494991882,1.552,0,17.765069
OT01V3535764396,1776604078221.415,outbound-rtp,COT01_98_profile-id=0,video,video,3535764396,T01,724443,1609,true,0,0,456,456,227456,3,5,SV286,0,0,0,1,[object Object],bandwidth,1,0,0,r0,3857691580,8.579,0,4.549747
OT01V479650129,1776604078221.415,outbound-rtp,COT01_98_profile-id=0,video,video,479650129,T01,0,1,true,2,0,0,0,283,0,0,SV286,0,0,0,0,[object Object],bandwidth,1,0,0,r2,275910177,0,0,0
OT01V789821059,1776604078221.415,outbound-rtp,COT01_98_profile-id=0,video,video,789821059,T01,405890,386,true,1,0,75,75,9348,7,3,SV286,0,0,0,2,[object Object],bandwidth,1,0,0,r1,494991882,1.594,0,17.765076
OT01V3535764396,1776604078221.415,outbound-rtp,COT01_98_profile-id=0,video,video,3535764396,T01,724443,1609,true,0,0,456,456,227456,3,5,SV286,0,0,0,1,[object Object],bandwidth,1,0,0,r0,3857691580,8.579,0,4.549747
OT01V479650129,1776604078221.415,outbound-rtp,COT01_98_profile-id=0,video,video,479650129,T01,0,1,true,2,0,0,0,283,0,0,SV286,0,0,0,0,[object Object],bandwidth,1,0,0,r2,275910177,0,0,0
OT01V789821059,1776604078221.415,outbound-rtp,COT01_98_profile-id=0,video,video,789821059,T01,405890,386,true,1,0,75,75,9348,7,3,SV286,0,0,0,2,[object Object],bandwidth,1,0,0,r1,494991882,1.594,0,17.765076
OT01V3535764396,1776604078421.327,outbound-rtp,COT01_98_profile-id=0,video,video,3535764396,T01,733375,1618,true,0,0,458,458,227676,3,5,SV286,0,0,0,1,[object Object],bandwidth,1,0,0,r0,3857691580,8.612,0,4.595723
OT01V479650129,1776604078421.327,outbound-rtp,COT01_98_profile-id=0,video,video,479650129,T01,0,1,true,2,0,0,0,283,0,0,SV286,0,0,0,0,[object Object],bandwidth,1,0,0,r2,275910177,0,0,0
OT01V789821059,1776604078421.327,outbound-rtp,COT01_98_profile-id=0,video,video,789821059,T01,423373,402,true,1,0,76,76,9736,7,3,SV286,0,0,0,2,[object Object],bandwidth,1,0,0,r1,494991882,1.617,0,18.181404999999998
OT01V3535764396,1776604078421.327,outbound-rtp,COT01_98_profile-id=0,video,video,3535764396,T01,733375,1618,true,0,0,458,458,227676,3,5,SV286,0,0,0,1,[object Object],bandwidth,1,0,0,r0,3857691580,8.612,0,4.595723
OT01V479650129,1776604078421.327,outbound-rtp,COT01_98_profile-id=0,video,video,479650129,T01,0,1,true,2,0,0,0,283,0,0,SV286,0,0,0,0,[object Object],bandwidth,1,0,0,r2,275910177,0,0,0
OT01V789821059,1776604078421.327,outbound-rtp,COT01_98_profile-id=0,video,video,789821059,T01,423373,402,true,1,0,76,76,9736,7,3,SV286,0,0,0,2,[object Object],bandwidth,1,0,0,r1,494991882,1.617,0,18.181404999999998
OT01V3535764396,1776604078621.446,outbound-rtp,COT01_98_profile-id=0,video,video,3535764396,T01,742044,1627,true,0,0,461,461,227892,3,5,SV286,0,0,0,1,[object Object],bandwidth,1,0,0,r0,3857691580,8.657,0,4.59573
OT01V479650129,1776604078621.446,outbound-rtp,COT01_98_profile-id=0,video,video,479650129,T01,0,1,true,2,0,0,0,283,0,0,SV286,0,0,0,0,[object Object],bandwidth,1,0,0,r2,275910177,0,0,0
OT01V789821059,1776604078621.446,outbound-rtp,COT01_98_profile-id=0,video,video,789821059,T01,443203,420,true,1,0,78,78,10168,8,3,SV286,0,0,0,2,[object Object],bandwidth,1,0,0,r1,494991882,1.657,0,18.267951
OT01V3535764396,1776604078621.446,outbound-rtp,COT01_98_profile-id=0,video,video,3535764396,T01,742044,1627,true,0,0,461,461,227892,3,5,SV286,0,0,0,1,[object Object],bandwidth,1,0,0,r0,3857691580,8.657,0,4.59573
OT01V479650129,1776604078621.446,outbound-rtp,COT01_98_profile-id=0,video,video,479650129,T01,0,1,true,2,0,0,0,283,0,0,SV286,0,0,0,0,[object Object],bandwidth,1,0,0,r2,275910177,0,0,0
OT01V789821059,1776604078621.446,outbound-rtp,COT01_98_profile-id=0,video,video,789821059,T01,443203,420,true,1,0,78,78,10168,8,3,SV286,0,0,0,2,[object Object],bandwidth,1,0,0,r1,494991882,1.657,0,18.267951
OT01V3535764396,1776604078821.393,outbound-rtp,COT01_98_profile-id=0,video,video,3535764396,T01,759204,1644,true,0,0,466,466,228300,4,5,SV286,0,0,0,1,[object Object],bandwidth,1,0,0,r0,3857691580,8.745,0,4.595739
OT01V479650129,1776604078821.393,outbound-rtp,COT01_98_profile-id=0,video,video,479650129,T01,0,1,true,2,0,0,0,283,0,0,SV286,0,0,0,0,[object Object],bandwidth,1,0,0,r2,275910177,0,0,0
OT01V789821059,1776604078821.393,outbound-rtp,COT01_98_profile-id=0,video,video,789821059,T01,455628,432,true,1,0,80,80,10456,8,3,SV286,0,0,0,2,[object Object],bandwidth,1,0,0,r1,494991882,1.699,0,18.30198
OT01V3535764396,1776604078821.393,outbound-rtp,COT01_98_profile-id=0,video,video,3535764396,T01,759204,1644,true,0,0,466,466,228300,4,5,SV286,0,0,0,1,[object Object],bandwidth,1,0,0,r0,3857691580,8.745,0,4.595739
OT01V479650129,1776604078821.393,outbound-rtp,COT01_98_profile-id=0,video,video,479650129,T01,0,1,true,2,0,0,0,283,0,0,SV286,0,0,0,0,[object Object],bandwidth,1,0,0,r2,275910177,0,0,0
OT01V789821059,1776604078821.393,outbound-rtp,COT01_98_profile-id=0,video,video,789821059,T01,455628,432,true,1,0,80,80,10456,8,3,SV286,0,0,0,2,[object Object],bandwidth,1,0,0,r1,494991882,1.699,0,18.30198
OT01V3535764396,1776604079021.452,outbound-rtp,COT01_98_profile-id=0,video,video,3535764396,T01,772408,1657,true,0,0,468,468,228612,4,5,SV286,0,0,0,1,[object Object],bandwidth,1,0,0,r0,3857691580,8.783,0,4.595746
OT01V479650129,1776604079021.452,outbound-rtp,COT01_98_profile-id=0,video,video,479650129,T01,0,1,true,2,0,0,0,283,0,0,SV286,0,0,0,0,[object Object],bandwidth,1,0,0,r2,275910177,0,0,0
OT01V789821059,1776604079021.452,outbound-rtp,COT01_98_profile-id=0,video,video,789821059,T01,470771,447,true,1,0,82,82,10816,8,3,SV286,0,0,0,2,[object Object],bandwidth,1,0,0,r1,494991882,1.738,0,18.301996
OT01V3535764396,1776604079021.452,outbound-rtp,COT01_98_profile-id=0,video,video,3535764396,T01,772408,1657,true,0,0,468,468,228612,4,5,SV286,0,0,0,1,[object Object],bandwidth,1,0,0,r0,3857691580,8.783,0,4.595746
OT01V479650129,1776604079021.452,outbound-rtp,COT01_98_profile-id=0,video,video,479650129,T01,0,1,true,2,0,0,0,283,0,0,SV286,0,0,0,0,[object Object],bandwidth,1,0,0,r2,275910177,0,0,0
OT01V789821059,1776604079021.452,outbound-rtp,COT01_98_profile-id=0,video,video,789821059,T01,470771,447,true,1,0,82,82,10816,8,3,SV286,0,0,0,2,[object Object],bandwidth,1,0,0,r1,494991882,1.738,0,18.301996
OT01V3535764396,1776604079221.331,outbound-rtp,COT01_98_profile-id=0,video,video,3535764396,T01,783237,1669,true,0,0,472,472,228900,4,5,SV286,0,0,0,1,[object Object],bandwidth,1,0,0,r0,3857691580,8.846,0,4.595746999999999
OT01V479650129,1776604079221.331,outbound-rtp,COT01_98_profile-id=0,video,video,479650129,T01,0,1,true,2,0,0,0,283,0,0,SV286,0,0,0,0,[object Object],bandwidth,1,0,0,r2,275910177,0,0,0
OT01V789821059,1776604079221.331,outbound-rtp,COT01_98_profile-id=0,video,video,789821059,T01,495571,469,true,1,0,85,85,11344,8,3,SV286,0,0,0,2,[object Object],bandwidth,1,0,0,r1,494991882,1.804,0,18.302016
OT01V3535764396,1776604079221.331,outbound-rtp,COT01_98_profile-id=0,video,video,3535764396,T01,783237,1669,true,0,0,472,472,228900,4,5,SV286,0,0,0,1,[object Object],bandwidth,1,0,0,r0,3857691580,8.846,0,4.595746999999999
OT01V479650129,1776604079221.331,outbound-rtp,COT01_98_profile-id=0,video,video,479650129,T01,0,1,true,2,0,0,0,283,0,0,SV286,0,0,0,0,[object Object],bandwidth,1,0,0,r2,275910177,0,0,0
OT01V789821059,1776604079221.331,outbound-rtp,COT01_98_profile-id=0,video,video,789821059,T01,495571,469,true,1,0,85,85,11344,8,3,SV286,0,0,0,2,[object Object],bandwidth,1,0,0,r1,494991882,1.804,0,18.302016
OT01V3535764396,1776604079421.295,outbound-rtp,COT01_98_profile-id=0,video,video,3535764396,T01,789466,1676,true,0,0,474,474,229068,4,5,SV286,0,0,0,1,[object Object],bandwidth,1,0,0,r0,3857691580,8.881,0,4.595746999999999
OT01V479650129,1776604079421.295,outbound-rtp,COT01_98_profile-id=0,video,video,479650129,T01,0,1,true,2,0,0,0,283,0,0,SV286,0,0,0,0,[object Object],bandwidth,1,0,0,r2,275910177,0,0,0
OT01V789821059,1776604079421.295,outbound-rtp,COT01_98_profile-id=0,video,video,789821059,T01,514163,485,true,1,0,86,86,11728,8,3,SV286,0,0,0,2,[object Object],bandwidth,1,0,0,r1,494991882,1.828,0,18.302035999999998
OT01V3535764396,1776604079421.295,outbound-rtp,COT01_98_profile-id=0,video,video,3535764396,T01,789466,1676,true,0,0,474,474,229068,4,5,SV286,0,0,0,1,[object Object],bandwidth,1,0,0,r0,3857691580,8.881,0,4.595746999999999
OT01V479650129,1776604079421.295,outbound-rtp,COT01_98_profile-id=0,video,video,479650129,T01,0,1,true,2,0,0,0,283,0,0,SV286,0,0,0,0,[object Object],bandwidth,1,0,0,r2,275910177,0,0,0
OT01V789821059,1776604079421.295,outbound-rtp,COT01_98_profile-id=0,video,video,789821059,T01,514163,485,true,1,0,86,86,11728,8,3,SV286,0,0,0,2,[object Object],bandwidth,1,0,0,r1,494991882,1.828,0,18.302035999999998
OT01V3535764396,1776604079621.342,outbound-rtp,COT01_98_profile-id=0,video,video,3535764396,T01,798539,1686,true,0,0,477,477,229308,4,5,SV286,0,0,0,1,[object Object],bandwidth,1,0,0,r0,3857691580,8.94,0,4.5957609999999995
OT01V479650129,1776604079621.342,outbound-rtp,COT01_98_profile-id=0,video,video,479650129,T01,0,1,true,2,0,0,0,283,0,0,SV286,0,0,0,0,[object Object],bandwidth,1,0,0,r2,275910177,0,0,0
OT01V789821059,1776604079621.342,outbound-rtp,COT01_98_profile-id=0,video,video,789821059,T01,536040,505,true,1,0,88,88,12208,8,3,SV286,0,0,0,2,[object Object],bandwidth,1,0,0,r1,494991882,1.886,0,18.390463
OT01V3535764396,1776604079621.342,outbound-rtp,COT01_98_profile-id=0,video,video,3535764396,T01,798539,1686,true,0,0,477,477,229308,4,5,SV286,0,0,0,1,[object Object],bandwidth,1,0,0,r0,3857691580,8.94,0,4.5957609999999995
OT01V479650129,1776604079621.342,outbound-rtp,COT01_98_profile-id=0,video,video,479650129,T01,0,1,true,2,0,0,0,283,0,0,SV286,0,0,0,0,[object Object],bandwidth,1,0,0,r2,275910177,0,0,0
OT01V789821059,1776604079621.342,outbound-rtp,COT01_98_profile-id=0,video,video,789821059,T01,536040,505,true,1,0,88,88,12208,8,3,SV286,0,0,0,2,[object Object],bandwidth,1,0,0,r1,494991882,1.886,0,18.390463
OT01V3535764396,1776604079821.286,outbound-rtp,COT01_98_profile-id=0,video,video,3535764396,T01,810445,1699,true,0,0,481,481,229620,4,5,SV286,0,0,0,1,[object Object],bandwidth,1,0,0,r0,3857691580,9.016,0,4.595772999999999
OT01V479650129,1776604079821.286,outbound-rtp,COT01_98_profile-id=0,video,video,479650129,T01,0,1,true,2,0,0,0,283,0,0,SV286,0,0,0,0,[object Object],bandwidth,1,0,0,r2,275910177,0,0,0
OT01V789821059,1776604079821.286,outbound-rtp,COT01_98_profile-id=0,video,video,789821059,T01,555641,523,true,1,0,90,90,12640,8,3,SV286,0,0,0,2,[object Object],bandwidth,1,0,0,r1,494991882,1.919,0,18.39047
OT01V3535764396,1776604079821.286,outbound-rtp,COT01_98_profile-id=0,video,video,3535764396,T01,810445,1699,true,0,0,481,481,229620,4,5,SV286,0,0,0,1,[object Object],bandwidth,1,0,0,r0,3857691580,9.016,0,4.595772999999999
OT01V479650129,1776604079821.286,outbound-rtp,COT01_98_profile-id=0,video,video,479650129,T01,0,1,true,2,0,0,0,283,0,0,SV286,0,0,0,0,[object Object],bandwidth,1,0,0,r2,275910177,0,0,0
OT01V789821059,1776604079821.286,outbound-rtp,COT01_98_profile-id=0,video,video,789821059,T01,555641,523,true,1,0,90,90,12640,8,3,SV286,0,0,0,2,[object Object],bandwidth,1,0,0,r1,494991882,1.919,0,18.39047
OT01V3535764396,1776604080021.338,outbound-rtp,COT01_98_profile-id=0,video,video,3535764396,T01,833693,1727,true,0,0,485,485,230292,4,5,SV286,0,0,0,1,[object Object],bandwidth,1,0,0,r0,3857691580,9.083,0,4.595781
OT01V479650129,1776604080021.338,outbound-rtp,COT01_98_profile-id=0,video,video,479650129,T01,0,1,true,2,0,0,0,283,0,0,SV286,0,0,0,0,[object Object],bandwidth,1,0,0,r2,275910177,0,0,0
OT01V789821059,1776604080021.338,outbound-rtp,COT01_98_profile-id=0,video,video,789821059,T01,565183,533,true,1,0,92,92,12880,8,3,SV286,0,0,0,2,[object Object],bandwidth,1,0,0,r1,494991882,1.962,0,18.39049
OT01V3535764396,1776604080021.338,outbound-rtp,COT01_98_profile-id=0,video,video,3535764396,T01,833693,1727,true,0,0,485,485,230292,4,5,SV286,0,0,0,1,[object Object],bandwidth,1,0,0,r0,3857691580,9.083,0,4.595781
OT01V479650129,1776604080021.338,outbound-rtp,COT01_98_profile-id=0,video,video,479650129,T01,0,1,true,2,0,0,0,283,0,0,SV286,0,0,0,0,[object Object],bandwidth,1,0,0,r2,275910177,0,0,0
OT01V789821059,1776604080021.338,outbound-rtp,COT01_98_profile-id=0,video,video,789821059,T01,565183,533,true,1,0,92,92,12880,8,3,SV286,0,0,0,2,[object Object],bandwidth,1,0,0,r1,494991882,1.962,0,18.39049
OT01V3535764396,1776604080221.306,outbound-rtp,COT01_98_profile-id=0,video,video,3535764396,T01,851756,1750,true,0,0,490,490,231864,4,5,SV286,0,0,0,1,[object Object],bandwidth,1,0,0,r0,3857691580,9.181,0,4.5958
OT01V479650129,1776604080221.306,outbound-rtp,COT01_98_profile-id=0,video,video,479650129,T01,0,1,true,2,0,0,0,283,0,0,SV286,0,0,0,0,[object Object],bandwidth,1,0,0,r2,275910177,0,0,0
OT01V789821059,1776604080221.306,outbound-rtp,COT01_98_profile-id=0,video,video,789821059,T01,580889,548,true,1,0,95,95,13240,8,3,SV286,0,0,0,2,[object Object],bandwidth,1,0,0,r1,494991882,2.023,0,18.3905
OT01V3535764396,1776604080221.306,outbound-rtp,COT01_98_profile-id=0,video,video,3535764396,T01,851756,1750,true,0,0,490,490,231864,4,5,SV286,0,0,0,1,[object Object],bandwidth,1,0,0,r0,3857691580,9.181,0,4.5958
OT01V479650129,1776604080221.306,outbound-rtp,COT01_98_profile-id=0,video,video,479650129,T01,0,1,true,2,0,0,0,283,0,0,SV286,0,0,0,0,[object Object],bandwidth,1,0,0,r2,275910177,0,0,0
OT01V789821059,1776604080221.306,outbound-rtp,COT01_98_profile-id=0,video,video,789821059,T01,580889,548,true,1,0,95,95,13240,8,3,SV286,0,0,0,2,[object Object],bandwidth,1,0,0,r1,494991882,2.023,0,18.3905
OT01V3535764396,1776604080421.377,outbound-rtp,COT01_98_profile-id=0,video,video,3535764396,T01,864997,1763,true,0,0,494,494,232176,4,5,SV286,0,0,0,1,[object Object],bandwidth,1,0,0,r0,3857691580,9.254,0,4.595806
OT01V479650129,1776604080421.377,outbound-rtp,COT01_98_profile-id=0,video,video,479650129,T01,0,1,true,2,0,0,0,283,0,0,SV286,0,0,0,0,[object Object],bandwidth,1,0,0,r2,275910177,0,0,0
OT01V789821059,1776604080421.377,outbound-rtp,COT01_98_profile-id=0,video,video,789821059,T01,596824,563,true,1,0,96,96,13600,8,3,SV286,0,0,0,2,[object Object],bandwidth,1,0,0,r1,494991882,2.049,0,18.390531
OT01V3535764396,1776604080421.377,outbound-rtp,COT01_98_profile-id=0,video,video,3535764396,T01,864997,1763,true,0,0,494,494,232176,4,5,SV286,0,0,0,1,[object Object],bandwidth,1,0,0,r0,3857691580,9.254,0,4.595806
OT01V479650129,1776604080421.377,outbound-rtp,COT01_98_profile-id=0,video,video,479650129,T01,0,1,true,2,0,0,0,283,0,0,SV286,0,0,0,0,[object Object],bandwidth,1,0,0,r2,275910177,0,0,0
OT01V789821059,1776604080421.377,outbound-rtp,COT01_98_profile-id=0,video,video,789821059,T01,596824,563,true,1,0,96,96,13600,8,3,SV286,0,0,0,2,[object Object],bandwidth,1,0,0,r1,494991882,2.049,0,18.390531
OT01V3535764396,1776604080621.411,outbound-rtp,COT01_98_profile-id=0,video,video,3535764396,T01,879120,1778,true,0,0,498,498,232536,4,5,SV286,0,0,0,1,[object Object],bandwidth,1,0,0,r0,3857691580,9.324,0,4.595814
OT01V479650129,1776604080621.411,outbound-rtp,COT01_98_profile-id=0,video,video,479650129,T01,0,1,true,2,0,0,0,283,0,0,SV286,0,0,0,0,[object Object],bandwidth,1,0,0,r2,275910177,0,0,0
OT01V789821059,1776604080621.411,outbound-rtp,COT01_98_profile-id=0,video,video,789821059,T01,614730,580,true,1,0,98,98,14008,8,3,SV286,0,0,0,2,[object Object],bandwidth,1,0,0,r1,494991882,2.099,0,18.390539999999998
OT01V3535764396,1776604080621.411,outbound-rtp,COT01_98_profile-id=0,video,video,3535764396,T01,879120,1778,true,0,0,498,498,232536,4,5,SV286,0,0,0,1,[object Object],bandwidth,1,0,0,r0,3857691580,9.324,0,4.595814
OT01V479650129,1776604080621.411,outbound-rtp,COT01_98_profile-id=0,video,video,479650129,T01,0,1,true,2,0,0,0,283,0,0,SV286,0,0,0,0,[object Object],bandwidth,1,0,0,r2,275910177,0,0,0
OT01V789821059,1776604080621.411,outbound-rtp,COT01_98_profile-id=0,video,video,789821059,T01,614730,580,true,1,0,98,98,14008,8,3,SV286,0,0,0,2,[object Object],bandwidth,1,0,0,r1,494991882,2.099,0,18.390539999999998
OT01V3535764396,1776604080821.362,outbound-rtp,COT01_98_profile-id=0,video,video,3535764396,T01,899540,1798,true,0,0,502,502,233016,4,5,SV286,0,0,0,1,[object Object],bandwidth,1,0,0,r0,3857691580,9.397,0,4.595819
OT01V479650129,1776604080821.362,outbound-rtp,COT01_98_profile-id=0,video,video,479650129,T01,0,1,true,2,0,0,0,283,0,0,SV286,0,0,0,0,[object Object],bandwidth,1,0,0,r2,275910177,0,0,0
OT01V789821059,1776604080821.362,outbound-rtp,COT01_98_profile-id=0,video,video,789821059,T01,628299,593,true,1,0,100,100,14320,8,3,SV286,0,0,0,2,[object Object],bandwidth,1,0,0,r1,494991882,2.151,0,18.417846
OT01V3535764396,1776604080821.362,outbound-rtp,COT01_98_profile-id=0,video,video,3535764396,T01,899540,1798,true,0,0,502,502,233016,4,5,SV286,0,0,0,1,[object Object],bandwidth,1,0,0,r0,3857691580,9.397,0,4.595819
OT01V479650129,1776604080821.362,outbound-rtp,COT01_98_profile-id=0,video,video,479650129,T01,0,1,true,2,0,0,0,283,0,0,SV286,0,0,0,0,[object Object],bandwidth,1,0,0,r2,275910177,0,0,0
OT01V789821059,1776604080821.362,outbound-rtp,COT01_98_profile-id=0,video,video,789821059,T01,628299,593,true,1,0,100,100,14320,8,3,SV286,0,0,0,2,[object Object],bandwidth,1,0,0,r1,494991882,2.151,0,18.417846
OT01V3535764396,1776604081021.417,outbound-rtp,COT01_98_profile-id=0,video,video,3535764396,T01,921459,1821,true,0,0,509,509,233568,4,5,SV286,0,0,0,1,[object Object],bandwidth,1,0,0,r0,3857691580,9.511,0,4.595832
OT01V479650129,1776604081021.417,outbound-rtp,COT01_98_profile-id=0,video,video,479650129,T01,0,1,true,2,0,0,0,283,0,0,SV286,0,0,0,0,[object Object],bandwidth,1,0,0,r2,275910177,0,0,0
OT01V789821059,1776604081021.417,outbound-rtp,COT01_98_profile-id=0,video,video,789821059,T01,641066,605,true,1,0,102,102,14608,8,3,SV286,0,0,0,2,[object Object],bandwidth,1,0,0,r1,494991882,2.21,0,18.417856999999998
OT01V3535764396,1776604081021.417,outbound-rtp,COT01_98_profile-id=0,video,video,3535764396,T01,921459,1821,true,0,0,509,509,233568,4,5,SV286,0,0,0,1,[object Object],bandwidth,1,0,0,r0,3857691580,9.511,0,4.595832
OT01V479650129,1776604081021.417,outbound-rtp,COT01_98_profile-id=0,video,video,479650129,T01,0,1,true,2,0,0,0,283,0,0,SV286,0,0,0,0,[object Object],bandwidth,1,0,0,r2,275910177,0,0,0
OT01V789821059,1776604081021.417,outbound-rtp,COT01_98_profile-id=0,video,video,789821059,T01,641066,605,true,1,0,102,102,14608,8,3,SV286,0,0,0,2,[object Object],bandwidth,1,0,0,r1,494991882,2.21,0,18.417856999999998
OT01V3535764396,1776604081221.46,outbound-rtp,COT01_98_profile-id=0,video,video,3535764396,T01,944495,1845,true,0,0,514,514,234144,4,5,SV286,0,0,0,1,[object Object],bandwidth,1,0,0,r0,3857691580,9.597,0,4.5958369999999995
OT01V479650129,1776604081221.46,outbound-rtp,COT01_98_profile-id=0,video,video,479650129,T01,0,1,true,2,0,0,0,283,0,0,SV286,0,0,0,0,[object Object],bandwidth,1,0,0,r2,275910177,0,0,0
OT01V789821059,1776604081221.46,outbound-rtp,COT01_98_profile-id=0,video,video,789821059,T01,653183,617,true,1,0,105,105,14896,8,3,SV286,0,0,0,2,[object Object],bandwidth,1,0,0,r1,494991882,2.278,0,18.417868
OT01V3535764396,1776604081221.46,outbound-rtp,COT01_98_profile-id=0,video,video,3535764396,T01,944495,1845,true,0,0,514,514,234144,4,5,SV286,0,0,0,1,[object Object],bandwidth,1,0,0,r0,3857691580,9.597,0,4.5958369999999995
OT01V479650129,1776604081221.46,outbound-rtp,COT01_98_profile-id=0,video,video,479650129,T01,0,1,true,2,0,0,0,283,0,0,SV286,0,0,0,0,[object Object],bandwidth,1,0,0,r2,275910177,0,0,0
OT01V789821059,1776604081221.46,outbound-rtp,COT01_98_profile-id=0,video,video,789821059,T01,653183,617,true,1,0,105,105,14896,8,3,SV286,0,0,0,2,[object Object],bandwidth,1,0,0,r1,494991882,2.278,0,18.417868
OT01V3535764396,1776604081421.38,outbound-rtp,COT01_98_profile-id=0,video,video,3535764396,T01,969669,1872,true,0,0,520,520,234792,4,5,SV286,0,0,0,1,[object Object],bandwidth,1,0,0,r0,3857691580,9.692,0,4.5958429999999995
OT01V479650129,1776604081421.38,outbound-rtp,COT01_98_profile-id=0,video,video,479650129,T01,0,1,true,2,0,0,0,283,0,0,SV286,0,0,0,0,[object Object],bandwidth,1,0,0,r2,275910177,0,0,0
OT01V789821059,1776604081421.38,outbound-rtp,COT01_98_profile-id=0,video,video,789821059,T01,668221,631,true,1,0,107,107,15232,8,3,SV286,0,0,0,2,[object Object],bandwidth,1,0,0,r1,494991882,2.323,0,18.417896
OT01V3535764396,1776604081421.38,outbound-rtp,COT01_98_profile-id=0,video,video,3535764396,T01,969669,1872,true,0,0,520,520,234792,4,5,SV286,0,0,0,1,[object Object],bandwidth,1,0,0,r0,3857691580,9.692,0,4.5958429999999995
OT01V479650129,1776604081421.38,outbound-rtp,COT01_98_profile-id=0,video,video,479650129,T01,0,1,true,2,0,0,0,283,0,0,SV286,0,0,0,0,[object Object],bandwidth,1,0,0,r2,275910177,0,0,0
OT01V789821059,1776604081421.38,outbound-rtp,COT01_98_profile-id=0,video,video,789821059,T01,668221,631,true,1,0,107,107,15232,8,3,SV286,0,0,0,2,[object Object],bandwidth,1,0,0,r1,494991882,2.323,0,18.417896
OT01V3535764396,1776604081621.415,outbound-rtp,COT01_98_profile-id=0,video,video,3535764396,T01,987521,1889,true,0,0,524,524,235200,4,5,SV286,0,0,0,1,[object Object],bandwidth,1,0,0,r0,3857691580,9.762,0,4.595848999999999
OT01V479650129,1776604081621.415,outbound-rtp,COT01_98_profile-id=0,video,video,479650129,T01,0,1,true,2,0,0,0,283,0,0,SV286,0,0,0,0,[object Object],bandwidth,1,0,0,r2,275910177,0,0,0
OT01V789821059,1776604081621.415,outbound-rtp,COT01_98_profile-id=0,video,video,789821059,T01,680627,642,true,1,0,109,109,15496,8,3,SV286,0,0,0,2,[object Object],bandwidth,1,0,0,r1,494991882,2.384,0,18.417915999999998
OT01V3535764396,1776604081621.415,outbound-rtp,COT01_98_profile-id=0,video,video,3535764396,T01,987521,1889,true,0,0,524,524,235200,4,5,SV286,0,0,0,1,[object Object],bandwidth,1,0,0,r0,3857691580,9.762,0,4.595848999999999
OT01V479650129,1776604081621.415,outbound-rtp,COT01_98_profile-id=0,video,video,479650129,T01,0,1,true,2,0,0,0,283,0,0,SV286,0,0,0,0,[object Object],bandwidth,1,0,0,r2,275910177,0,0,0
OT01V789821059,1776604081621.415,outbound-rtp,COT01_98_profile-id=0,video,video,789821059,T01,680627,642,true,1,0,109,109,15496,8,3,SV286,0,0,0,2,[object Object],bandwidth,1,0,0,r1,494991882,2.384,0,18.417915999999998
OT01V3535764396,1776604081821.459,outbound-rtp,COT01_98_profile-id=0,video,video,3535764396,T01,1006726,1910,true,0,0,529,529,235704,4,5,SV286,0,0,0,1,[object Object],bandwidth,1,0,0,r0,3857691580,9.85,0,4.595852
OT01V479650129,1776604081821.459,outbound-rtp,COT01_98_profile-id=0,video,video,479650129,T01,0,1,true,2,0,0,0,283,0,0,SV286,0,0,0,0,[object Object],bandwidth,1,0,0,r2,275910177,0,0,0
OT01V789821059,1776604081821.459,outbound-rtp,COT01_98_profile-id=0,video,video,789821059,T01,697586,658,true,1,0,112,112,15880,8,3,SV286,0,0,0,2,[object Object],bandwidth,1,0,0,r1,494991882,2.457,0,18.444903
OT01V3535764396,1776604081821.459,outbound-rtp,COT01_98_profile-id=0,video,video,3535764396,T01,1006726,1910,true,0,0,529,529,235704,4,5,SV286,0,0,0,1,[object Object],bandwidth,1,0,0,r0,3857691580,9.85,0,4.595852
OT01V479650129,1776604081821.459,outbound-rtp,COT01_98_profile-id=0,video,video,479650129,T01,0,1,true,2,0,0,0,283,0,0,SV286,0,0,0,0,[object Object],bandwidth,1,0,0,r2,275910177,0,0,0
OT01V789821059,1776604081821.459,outbound-rtp,COT01_98_profile-id=0,video,video,789821059,T01,697586,658,true,1,0,112,112,15880,8,3,SV286,0,0,0,2,[object Object],bandwidth,1,0,0,r1,494991882,2.457,0,18.444903
OT01V3535764396,1776604082021.424,outbound-rtp,COT01_98_profile-id=0,video,video,3535764396,T01,1030843,1934,true,0,0,535,535,236284,5,6,SV286,0,0,0,1,[object Object],bandwidth,1,0,0,r0,3857691580,9.944,0,4.59587
OT01V479650129,1776604082021.424,outbound-rtp,COT01_98_profile-id=0,video,video,479650129,T01,0,1,true,2,0,0,0,283,0,0,SV286,0,0,0,0,[object Object],bandwidth,1,0,0,r2,275910177,0,0,0
OT01V789821059,1776604082021.424,outbound-rtp,COT01_98_profile-id=0,video,video,789821059,T01,715486,674,true,1,0,115,115,16264,8,4,SV286,0,0,0,3,[object Object],bandwidth,1,0,0,r1,494991882,2.526,0,18.444931999999998
OT01V3535764396,1776604082021.424,outbound-rtp,COT01_98_profile-id=0,video,video,3535764396,T01,1030843,1934,true,0,0,535,535,236284,5,6,SV286,0,0,0,1,[object Object],bandwidth,1,0,0,r0,3857691580,9.944,0,4.59587
OT01V479650129,1776604082021.424,outbound-rtp,COT01_98_profile-id=0,video,video,479650129,T01,0,1,true,2,0,0,0,283,0,0,SV286,0,0,0,0,[object Object],bandwidth,1,0,0,r2,275910177,0,0,0
OT01V789821059,1776604082021.424,outbound-rtp,COT01_98_profile-id=0,video,video,789821059,T01,715486,674,true,1,0,115,115,16264,8,4,SV286,0,0,0,3,[object Object],bandwidth,1,0,0,r1,494991882,2.526,0,18.444931999999998
OT01V3535764396,1776604082221.334,outbound-rtp,COT01_98_profile-id=0,video,video,3535764396,T01,1040922,1945,true,0,0,539,539,236564,5,6,SV286,0,0,0,1,[object Object],bandwidth,1,0,0,r0,3857691580,10.01,0,4.59587
OT01V479650129,1776604082221.334,outbound-rtp,COT01_98_profile-id=0,video,video,479650129,T01,0,1,true,2,0,0,0,283,0,0,SV286,0,0,0,0,[object Object],bandwidth,1,0,0,r2,275910177,0,0,0
OT01V789821059,1776604082221.334,outbound-rtp,COT01_98_profile-id=0,video,video,789821059,T01,736725,693,true,1,0,118,118,16724,8,4,SV286,0,0,0,3,[object Object],bandwidth,1,0,0,r1,494991882,2.591,0,18.523183
OT01V3535764396,1776604082221.334,outbound-rtp,COT01_98_profile-id=0,video,video,3535764396,T01,1040922,1945,true,0,0,539,539,236564,5,6,SV286,0,0,0,1,[object Object],bandwidth,1,0,0,r0,3857691580,10.01,0,4.59587
OT01V479650129,1776604082221.334,outbound-rtp,COT01_98_profile-id=0,video,video,479650129,T01,0,1,true,2,0,0,0,283,0,0,SV286,0,0,0,0,[object Object],bandwidth,1,0,0,r2,275910177,0,0,0
OT01V789821059,1776604082221.334,outbound-rtp,COT01_98_profile-id=0,video,video,789821059,T01,736725,693,true,1,0,118,118,16724,8,4,SV286,0,0,0,3,[object Object],bandwidth,1,0,0,r1,494991882,2.591,0,18.523183
OT01V3535764396,1776604082421.389,outbound-rtp,COT01_98_profile-id=0,video,video,3535764396,T01,1069630,1971,true,0,0,542,542,237188,5,6,SV286,0,0,0,1,[object Object],bandwidth,1,0,0,r0,3857691580,10.062,0,4.595873
OT01V479650129,1776604082421.389,outbound-rtp,COT01_98_profile-id=0,video,video,479650129,T01,0,1,true,2,0,0,0,283,0,0,SV286,0,0,0,0,[object Object],bandwidth,1,0,0,r2,275910177,0,0,0
OT01V789821059,1776604082421.389,outbound-rtp,COT01_98_profile-id=0,video,video,789821059,T01,746770,703,true,1,0,120,120,16964,8,4,SV286,0,0,0,3,[object Object],bandwidth,1,0,0,r1,494991882,2.635,0,18.523191
OT01V3535764396,1776604082421.389,outbound-rtp,COT01_98_profile-id=0,video,video,3535764396,T01,1069630,1971,true,0,0,542,542,237188,5,6,SV286,0,0,0,1,[object Object],bandwidth,1,0,0,r0,3857691580,10.062,0,4.595873
OT01V479650129,1776604082421.389,outbound-rtp,COT01_98_profile-id=0,video,video,479650129,T01,0,1,true,2,0,0,0,283,0,0,SV286,0,0,0,0,[object Object],bandwidth,1,0,0,r2,275910177,0,0,0
OT01V789821059,1776604082421.389,outbound-rtp,COT01_98_profile-id=0,video,video,789821059,T01,746770,703,true,1,0,120,120,16964,8,4,SV286,0,0,0,3,[object Object],bandwidth,1,0,0,r1,494991882,2.635,0,18.523191
OT01V3535764396,1776604082621.37,outbound-rtp,COT01_98_profile-id=0,video,video,3535764396,T01,1089339,1992,true,0,0,548,548,237692,5,6,SV286,0,0,0,1,[object Object],bandwidth,1,0,0,r0,3857691580,10.156,0,4.595886999999999
OT01V479650129,1776604082621.37,outbound-rtp,COT01_98_profile-id=0,video,video,479650129,T01,0,1,true,2,0,0,0,283,0,0,SV286,0,0,0,0,[object Object],bandwidth,1,0,0,r2,275910177,0,0,0
OT01V789821059,1776604082621.37,outbound-rtp,COT01_98_profile-id=0,video,video,789821059,T01,767045,722,true,1,0,123,123,17420,8,4,SV286,0,0,0,3,[object Object],bandwidth,1,0,0,r1,494991882,2.713,0,18.556903
OT01V3535764396,1776604082621.37,outbound-rtp,COT01_98_profile-id=0,video,video,3535764396,T01,1089339,1992,true,0,0,548,548,237692,5,6,SV286,0,0,0,1,[object Object],bandwidth,1,0,0,r0,3857691580,10.156,0,4.595886999999999
OT01V479650129,1776604082621.37,outbound-rtp,COT01_98_profile-id=0,video,video,479650129,T01,0,1,true,2,0,0,0,283,0,0,SV286,0,0,0,0,[object Object],bandwidth,1,0,0,r2,275910177,0,0,0
OT01V789821059,1776604082621.37,outbound-rtp,COT01_98_profile-id=0,video,video,789821059,T01,767045,722,true,1,0,123,123,17420,8,4,SV286,0,0,0,3,[object Object],bandwidth,1,0,0,r1,494991882,2.713,0,18.556903
OT01V3535764396,1776604082821.367,outbound-rtp,COT01_98_profile-id=0,video,video,3535764396,T01,1102337,2005,true,0,0,551,551,238004,5,6,SV286,0,0,0,1,[object Object],bandwidth,1,0,0,r0,3857691580,10.209,0,4.595895
OT01V479650129,1776604082821.367,outbound-rtp,COT01_98_profile-id=0,video,video,479650129,T01,0,1,true,2,0,0,0,283,0,0,SV286,0,0,0,0,[object Object],bandwidth,1,0,0,r2,275910177,0,0,0
OT01V789821059,1776604082821.367,outbound-rtp,COT01_98_profile-id=0,video,video,789821059,T01,792064,745,true,1,0,127,127,17972,8,4,SV286,0,0,0,3,[object Object],bandwidth,1,0,0,r1,494991882,2.81,0,18.556919
OT01V3535764396,1776604082821.367,outbound-rtp,COT01_98_profile-id=0,video,video,3535764396,T01,1102337,2005,true,0,0,551,551,238004,5,6,SV286,0,0,0,1,[object Object],bandwidth,1,0,0,r0,3857691580,10.209,0,4.595895
OT01V479650129,1776604082821.367,outbound-rtp,COT01_98_profile-id=0,video,video,479650129,T01,0,1,true,2,0,0,0,283,0,0,SV286,0,0,0,0,[object Object],bandwidth,1,0,0,r2,275910177,0,0,0
OT01V789821059,1776604082821.367,outbound-rtp,COT01_98_profile-id=0,video,video,789821059,T01,792064,745,true,1,0,127,127,17972,8,4,SV286,0,0,0,3,[object Object],bandwidth,1,0,0,r1,494991882,2.81,0,18.556919
OT01V3535764396,1776604083021.369,outbound-rtp,COT01_98_profile-id=0,video,video,3535764396,T01,1121390,2025,true,0,0,556,556,238484,5,6,SV286,0,0,0,1,[object Object],bandwidth,1,0,0,r0,3857691580,10.29,0,4.602792
OT01V479650129,1776604083021.369,outbound-rtp,COT01_98_profile-id=0,video,video,479650129,T01,0,1,true,2,0,0,0,283,0,0,SV286,0,0,0,0,[object Object],bandwidth,1,0,0,r2,275910177,0,0,0
OT01V789821059,1776604083021.369,outbound-rtp,COT01_98_profile-id=0,video,video,789821059,T01,814327,770,true,1,0,132,132,19337,8,4,SV286,0,0,0,3,[object Object],bandwidth,1,0,0,r1,494991882,2.935,0,18.581729
OT01V3535764396,1776604083021.369,outbound-rtp,COT01_98_profile-id=0,video,video,3535764396,T01,1121390,2025,true,0,0,556,556,238484,5,6,SV286,0,0,0,1,[object Object],bandwidth,1,0,0,r0,3857691580,10.29,0,4.602792
OT01V479650129,1776604083021.369,outbound-rtp,COT01_98_profile-id=0,video,video,479650129,T01,0,1,true,2,0,0,0,283,0,0,SV286,0,0,0,0,[object Object],bandwidth,1,0,0,r2,275910177,0,0,0
OT01V789821059,1776604083021.369,outbound-rtp,COT01_98_profile-id=0,video,video,789821059,T01,814327,770,true,1,0,132,132,19337,8,4,SV286,0,0,0,3,[object Object],bandwidth,1,0,0,r1,494991882,2.935,0,18.581729
OT01V3535764396,1776604083221.362,outbound-rtp,COT01_98_profile-id=0,video,video,3535764396,T01,1140725,2045,true,0,0,562,562,238964,5,6,SV286,0,0,0,1,[object Object],bandwidth,1,0,0,r0,3857691580,10.39,0,4.602799
OT01V479650129,1776604083221.362,outbound-rtp,COT01_98_profile-id=0,video,video,479650129,T01,0,1,true,2,0,0,0,283,0,0,SV286,0,0,0,0,[object Object],bandwidth,1,0,0,r2,275910177,0,0,0
OT01V789821059,1776604083221.362,outbound-rtp,COT01_98_profile-id=0,video,video,789821059,T01,835336,791,true,1,0,136,136,19841,8,4,SV286,0,0,0,3,[object Object],bandwidth,1,0,0,r1,494991882,3.023,0,18.581735
OT01V3535764396,1776604083221.362,outbound-rtp,COT01_98_profile-id=0,video,video,3535764396,T01,1140725,2045,true,0,0,562,562,238964,5,6,SV286,0,0,0,1,[object Object],bandwidth,1,0,0,r0,3857691580,10.39,0,4.602799
OT01V479650129,1776604083221.362,outbound-rtp,COT01_98_profile-id=0,video,video,479650129,T01,0,1,true,2,0,0,0,283,0,0,SV286,0,0,0,0,[object Object],bandwidth,1,0,0,r2,275910177,0,0,0
OT01V789821059,1776604083221.362,outbound-rtp,COT01_98_profile-id=0,video,video,789821059,T01,835336,791,true,1,0,136,136,19841,8,4,SV286,0,0,0,3,[object Object],bandwidth,1,0,0,r1,494991882,3.023,0,18.581735
OT01V3535764396,1776604083421.263,outbound-rtp,COT01_98_profile-id=0,video,video,3535764396,T01,1146041,2053,true,0,0,566,566,239156,5,6,SV286,0,0,0,1,[object Object],bandwidth,1,0,0,r0,3857691580,10.44,0,4.602812
OT01V479650129,1776604083421.263,outbound-rtp,COT01_98_profile-id=0,video,video,479650129,T01,0,1,true,2,0,0,0,283,0,0,SV286,0,0,0,0,[object Object],bandwidth,1,0,0,r2,275910177,0,0,0
OT01V789821059,1776604083421.263,outbound-rtp,COT01_98_profile-id=0,video,video,789821059,T01,870534,826,true,1,0,143,143,20681,8,4,SV286,0,0,0,3,[object Object],bandwidth,1,0,0,r1,494991882,3.159,0,18.581765
OT01V3535764396,1776604083421.263,outbound-rtp,COT01_98_profile-id=0,video,video,3535764396,T01,1146041,2053,true,0,0,566,566,239156,5,6,SV286,0,0,0,1,[object Object],bandwidth,1,0,0,r0,3857691580,10.44,0,4.602812
OT01V479650129,1776604083421.263,outbound-rtp,COT01_98_profile-id=0,video,video,479650129,T01,0,1,true,2,0,0,0,283,0,0,SV286,0,0,0,0,[object Object],bandwidth,1,0,0,r2,275910177,0,0,0
OT01V789821059,1776604083421.263,outbound-rtp,COT01_98_profile-id=0,video,video,789821059,T01,870534,826,true,1,0,143,143,20681,8,4,SV286,0,0,0,3,[object Object],bandwidth,1,0,0,r1,494991882,3.159,0,18.581765
OT01V3535764396,1776604083621.35,outbound-rtp,COT01_98_profile-id=0,video,video,3535764396,T01,1151832,2060,true,0,0,571,571,239324,5,6,SV286,0,0,0,1,[object Object],bandwidth,1,0,0,r0,3857691580,10.508,0,4.602817
OT01V479650129,1776604083621.35,outbound-rtp,COT01_98_profile-id=0,video,video,479650129,T01,0,1,true,2,0,0,0,283,0,0,SV286,0,0,0,0,[object Object],bandwidth,1,0,0,r2,275910177,0,0,0
OT01V789821059,1776604083621.35,outbound-rtp,COT01_98_profile-id=0,video,video,789821059,T01,907181,862,true,1,0,148,148,21545,8,4,SV286,0,0,0,3,[object Object],bandwidth,1,0,0,r1,494991882,3.243,0,18.581781
OT01V3535764396,1776604083621.35,outbound-rtp,COT01_98_profile-id=0,video,video,3535764396,T01,1151832,2060,true,0,0,571,571,239324,5,6,SV286,0,0,0,1,[object Object],bandwidth,1,0,0,r0,3857691580,10.508,0,4.602817
OT01V479650129,1776604083621.35,outbound-rtp,COT01_98_profile-id=0,video,video,479650129,T01,0,1,true,2,0,0,0,283,0,0,SV286,0,0,0,0,[object Object],bandwidth,1,0,0,r2,275910177,0,0,0
OT01V789821059,1776604083621.35,outbound-rtp,COT01_98_profile-id=0,video,video,789821059,T01,907181,862,true,1,0,148,148,21545,8,4,SV286,0,0,0,3,[object Object],bandwidth,1,0,0,r1,494991882,3.243,0,18.581781
OT01V3535764396,1776604083821.351,outbound-rtp,COT01_98_profile-id=0,video,video,3535764396,T01,1157552,2068,true,0,0,576,576,239516,5,6,SV286,0,0,0,1,[object Object],bandwidth,1,0,0,r0,3857691580,10.592,0,4.602831
OT01V479650129,1776604083821.351,outbound-rtp,COT01_98_profile-id=0,video,video,479650129,T01,0,1,true,2,0,0,0,283,0,0,SV286,0,0,0,0,[object Object],bandwidth,1,0,0,r2,275910177,0,0,0
OT01V789821059,1776604083821.351,outbound-rtp,COT01_98_profile-id=0,video,video,789821059,T01,940912,901,true,1,0,154,154,24011,8,4,SV286,0,0,0,3,[object Object],bandwidth,1,0,0,r1,494991882,3.385,0,18.581829
OT01V3535764396,1776604083821.351,outbound-rtp,COT01_98_profile-id=0,video,video,3535764396,T01,1157552,2068,true,0,0,576,576,239516,5,6,SV286,0,0,0,1,[object Object],bandwidth,1,0,0,r0,3857691580,10.592,0,4.602831
OT01V479650129,1776604083821.351,outbound-rtp,COT01_98_profile-id=0,video,video,479650129,T01,0,1,true,2,0,0,0,283,0,0,SV286,0,0,0,0,[object Object],bandwidth,1,0,0,r2,275910177,0,0,0
OT01V789821059,1776604083821.351,outbound-rtp,COT01_98_profile-id=0,video,video,789821059,T01,940912,901,true,1,0,154,154,24011,8,4,SV286,0,0,0,3,[object Object],bandwidth,1,0,0,r1,494991882,3.385,0,18.581829
OT01V3535764396,1776604084021.303,outbound-rtp,COT01_98_profile-id=0,video,video,3535764396,T01,1165437,2078,true,0,0,582,582,240011,5,6,SV286,0,0,0,1,[object Object],bandwidth,1,0,0,r0,3857691580,10.679,0,4.602844
OT01V479650129,1776604084021.303,outbound-rtp,COT01_98_profile-id=0,video,video,479650129,T01,0,1,true,2,0,0,0,283,0,0,SV286,0,0,0,0,[object Object],bandwidth,1,0,0,r2,275910177,0,0,0
OT01V789821059,1776604084021.303,outbound-rtp,COT01_98_profile-id=0,video,video,789821059,T01,975602,936,true,1,0,160,160,25106,8,4,SV286,0,0,0,3,[object Object],bandwidth,1,0,0,r1,494991882,3.501,0,18.581872999999998
OT01V3535764396,1776604084021.303,outbound-rtp,COT01_98_profile-id=0,video,video,3535764396,T01,1165437,2078,true,0,0,582,582,240011,5,6,SV286,0,0,0,1,[object Object],bandwidth,1,0,0,r0,3857691580,10.679,0,4.602844
OT01V479650129,1776604084021.303,outbound-rtp,COT01_98_profile-id=0,video,video,479650129,T01,0,1,true,2,0,0,0,283,0,0,SV286,0,0,0,0,[object Object],bandwidth,1,0,0,r2,275910177,0,0,0
OT01V789821059,1776604084021.303,outbound-rtp,COT01_98_profile-id=0,video,video,789821059,T01,975602,936,true,1,0,160,160,25106,8,4,SV286,0,0,0,3,[object Object],bandwidth,1,0,0,r1,494991882,3.501,0,18.581872999999998
OT01V3535764396,1776604084221.445,outbound-rtp,COT01_98_profile-id=0,video,video,3535764396,T01,1171447,2086,true,0,0,587,587,240203,5,6,SV286,0,0,0,1,[object Object],bandwidth,1,0,0,r0,3857691580,10.758,0,4.602854
OT01V479650129,1776604084221.445,outbound-rtp,COT01_98_profile-id=0,video,video,479650129,T01,0,1,true,2,0,0,0,283,0,0,SV286,0,0,0,0,[object Object],bandwidth,1,0,0,r2,275910177,0,0,0
OT01V789821059,1776604084221.445,outbound-rtp,COT01_98_profile-id=0,video,video,789821059,T01,1012280,971,true,1,0,166,166,25946,8,4,SV286,0,0,0,3,[object Object],bandwidth,1,0,0,r1,494991882,3.628,0,18.581917
OT01V3535764396,1776604084221.445,outbound-rtp,COT01_98_profile-id=0,video,video,3535764396,T01,1171447,2086,true,0,0,587,587,240203,5,6,SV286,0,0,0,1,[object Object],bandwidth,1,0,0,r0,3857691580,10.758,0,4.602854
OT01V479650129,1776604084221.445,outbound-rtp,COT01_98_profile-id=0,video,video,479650129,T01,0,1,true,2,0,0,0,283,0,0,SV286,0,0,0,0,[object Object],bandwidth,1,0,0,r2,275910177,0,0,0
OT01V789821059,1776604084221.445,outbound-rtp,COT01_98_profile-id=0,video,video,789821059,T01,1012280,971,true,1,0,166,166,25946,8,4,SV286,0,0,0,3,[object Object],bandwidth,1,0,0,r1,494991882,3.628,0,18.581917
OT01V3535764396,1776604084421.308,outbound-rtp,COT01_98_profile-id=0,video,video,3535764396,T01,1178293,2094,true,0,0,592,592,240395,5,6,SV286,0,0,0,1,[object Object],bandwidth,1,0,0,r0,3857691580,10.832,0,4.602861
OT01V479650129,1776604084421.308,outbound-rtp,COT01_98_profile-id=0,video,video,479650129,T01,0,1,true,2,0,0,0,283,0,0,SV286,0,0,0,0,[object Object],bandwidth,1,0,0,r2,275910177,0,0,0
OT01V789821059,1776604084421.308,outbound-rtp,COT01_98_profile-id=0,video,video,789821059,T01,1049192,1006,true,1,0,172,172,26786,8,4,SV286,0,0,0,3,[object Object],bandwidth,1,0,0,r1,494991882,3.748,0,18.581931
OT01V3535764396,1776604084421.308,outbound-rtp,COT01_98_profile-id=0,video,video,3535764396,T01,1178293,2094,true,0,0,592,592,240395,5,6,SV286,0,0,0,1,[object Object],bandwidth,1,0,0,r0,3857691580,10.832,0,4.602861
OT01V479650129,1776604084421.308,outbound-rtp,COT01_98_profile-id=0,video,video,479650129,T01,0,1,true,2,0,0,0,283,0,0,SV286,0,0,0,0,[object Object],bandwidth,1,0,0,r2,275910177,0,0,0
OT01V789821059,1776604084421.308,outbound-rtp,COT01_98_profile-id=0,video,video,789821059,T01,1049192,1006,true,1,0,172,172,26786,8,4,SV286,0,0,0,3,[object Object],bandwidth,1,0,0,r1,494991882,3.748,0,18.581931
OT01V3535764396,1776604084621.397,outbound-rtp,COT01_98_profile-id=0,video,video,3535764396,T01,1186715,2105,true,0,0,598,598,240914,5,6,SV286,0,0,0,1,[object Object],bandwidth,1,0,0,r0,3857691580,10.918,0,4.602869999999999
OT01V479650129,1776604084621.397,outbound-rtp,COT01_98_profile-id=0,video,video,479650129,T01,0,1,true,2,0,0,0,283,0,0,SV286,0,0,0,0,[object Object],bandwidth,1,0,0,r2,275910177,0,0,0
OT01V789821059,1776604084621.397,outbound-rtp,COT01_98_profile-id=0,video,video,789821059,T01,1085186,1044,true,1,0,178,178,28973,8,4,SV286,0,0,0,3,[object Object],bandwidth,1,0,0,r1,494991882,3.859,0,18.581975
OT01V3535764396,1776604084621.397,outbound-rtp,COT01_98_profile-id=0,video,video,3535764396,T01,1186715,2105,true,0,0,598,598,240914,5,6,SV286,0,0,0,1,[object Object],bandwidth,1,0,0,r0,3857691580,10.918,0,4.602869999999999
OT01V479650129,1776604084621.397,outbound-rtp,COT01_98_profile-id=0,video,video,479650129,T01,0,1,true,2,0,0,0,283,0,0,SV286,0,0,0,0,[object Object],bandwidth,1,0,0,r2,275910177,0,0,0
OT01V789821059,1776604084621.397,outbound-rtp,COT01_98_profile-id=0,video,video,789821059,T01,1085186,1044,true,1,0,178,178,28973,8,4,SV286,0,0,0,3,[object Object],bandwidth,1,0,0,r1,494991882,3.859,0,18.581975
OT01V3535764396,1776604084821.36,outbound-rtp,COT01_98_profile-id=0,video,video,3535764396,T01,1195615,2116,true,0,0,604,604,241178,5,6,SV286,0,0,0,1,[object Object],bandwidth,1,0,0,r0,3857691580,11.014,0,4.6028839999999995
OT01V479650129,1776604084821.36,outbound-rtp,COT01_98_profile-id=0,video,video,479650129,T01,0,1,true,2,0,0,0,283,0,0,SV286,0,0,0,0,[object Object],bandwidth,1,0,0,r2,275910177,0,0,0
OT01V789821059,1776604084821.36,outbound-rtp,COT01_98_profile-id=0,video,video,789821059,T01,1119202,1091,true,1,0,184,184,33671,8,4,SV286,0,0,0,3,[object Object],bandwidth,1,0,0,r1,494991882,3.986,0,18.582043
OT01V3535764396,1776604084821.36,outbound-rtp,COT01_98_profile-id=0,video,video,3535764396,T01,1195615,2116,true,0,0,604,604,241178,5,6,SV286,0,0,0,1,[object Object],bandwidth,1,0,0,r0,3857691580,11.014,0,4.6028839999999995
OT01V479650129,1776604084821.36,outbound-rtp,COT01_98_profile-id=0,video,video,479650129,T01,0,1,true,2,0,0,0,283,0,0,SV286,0,0,0,0,[object Object],bandwidth,1,0,0,r2,275910177,0,0,0
OT01V789821059,1776604084821.36,outbound-rtp,COT01_98_profile-id=0,video,video,789821059,T01,1119202,1091,true,1,0,184,184,33671,8,4,SV286,0,0,0,3,[object Object],bandwidth,1,0,0,r1,494991882,3.986,0,18.582043
OT01V3535764396,1776604085021.329,outbound-rtp,COT01_98_profile-id=0,video,video,3535764396,T01,1203623,2125,true,0,0,610,610,241394,5,6,SV286,0,0,0,1,[object Object],bandwidth,1,0,0,r0,3857691580,11.09,0,4.6028899999999995
OT01V479650129,1776604085021.329,outbound-rtp,COT01_98_profile-id=0,video,video,479650129,T01,0,1,true,2,0,0,0,283,0,0,SV286,0,0,0,0,[object Object],bandwidth,1,0,0,r2,275910177,0,0,0
OT01V789821059,1776604085021.329,outbound-rtp,COT01_98_profile-id=0,video,video,789821059,T01,1160949,1130,true,1,0,191,191,34607,8,4,SV286,0,0,0,3,[object Object],bandwidth,1,0,0,r1,494991882,4.105,0,18.582089
OT01V3535764396,1776604085021.329,outbound-rtp,COT01_98_profile-id=0,video,video,3535764396,T01,1203623,2125,true,0,0,610,610,241394,5,6,SV286,0,0,0,1,[object Object],bandwidth,1,0,0,r0,3857691580,11.09,0,4.6028899999999995
OT01V479650129,1776604085021.329,outbound-rtp,COT01_98_profile-id=0,video,video,479650129,T01,0,1,true,2,0,0,0,283,0,0,SV286,0,0,0,0,[object Object],bandwidth,1,0,0,r2,275910177,0,0,0
OT01V789821059,1776604085021.329,outbound-rtp,COT01_98_profile-id=0,video,video,789821059,T01,1160949,1130,true,1,0,191,191,34607,8,4,SV286,0,0,0,3,[object Object],bandwidth,1,0,0,r1,494991882,4.105,0,18.582089
OT01V3535764396,1776604085221.415,outbound-rtp,COT01_98_profile-id=0,video,video,3535764396,T01,1211790,2134,true,0,0,614,614,241614,6,7,SV286,0,0,0,1,[object Object],bandwidth,1,0,0,r0,3857691580,11.165,0,4.614546
OT01V479650129,1776604085221.415,outbound-rtp,COT01_98_profile-id=0,video,video,479650129,T01,0,1,true,2,0,0,0,283,0,0,SV286,0,0,0,0,[object Object],bandwidth,1,0,0,r2,275910177,0,0,0
OT01V789821059,1776604085221.415,outbound-rtp,COT01_98_profile-id=0,video,video,789821059,T01,1205367,1176,true,1,0,196,196,37245,8,5,SV286,0,0,0,4,[object Object],bandwidth,1,0,0,r1,494991882,4.21,0,19.468246999999998
OT01V3535764396,1776604085221.415,outbound-rtp,COT01_98_profile-id=0,video,video,3535764396,T01,1211790,2134,true,0,0,614,614,241614,6,7,SV286,0,0,0,1,[object Object],bandwidth,1,0,0,r0,3857691580,11.165,0,4.614546
OT01V479650129,1776604085221.415,outbound-rtp,COT01_98_profile-id=0,video,video,479650129,T01,0,1,true,2,0,0,0,283,0,0,SV286,0,0,0,0,[object Object],bandwidth,1,0,0,r2,275910177,0,0,0
OT01V789821059,1776604085221.415,outbound-rtp,COT01_98_profile-id=0,video,video,789821059,T01,1205367,1176,true,1,0,196,196,37245,8,5,SV286,0,0,0,4,[object Object],bandwidth,1,0,0,r1,494991882,4.21,0,19.468246999999998
OT01V3535764396,1776604085421.376,outbound-rtp,COT01_98_profile-id=0,video,video,3535764396,T01,1219795,2144,true,0,0,619,619,241854,6,7,SV286,0,0,0,1,[object Object],bandwidth,1,0,0,r0,3857691580,11.241,0,4.623041
OT01V479650129,1776604085421.376,outbound-rtp,COT01_98_profile-id=0,video,video,479650129,T01,0,1,true,2,0,0,0,283,0,0,SV286,0,0,0,0,[object Object],bandwidth,1,0,0,r2,275910177,0,0,0
OT01V789821059,1776604085421.376,outbound-rtp,COT01_98_profile-id=0,video,video,789821059,T01,1235489,1204,true,1,0,202,202,37917,8,5,SV286,0,0,0,4,[object Object],bandwidth,1,0,0,r1,494991882,4.341,0,19.503023
OT01V3535764396,1776604085421.376,outbound-rtp,COT01_98_profile-id=0,video,video,3535764396,T01,1219795,2144,true,0,0,619,619,241854,6,7,SV286,0,0,0,1,[object Object],bandwidth,1,0,0,r0,3857691580,11.241,0,4.623041
OT01V479650129,1776604085421.376,outbound-rtp,COT01_98_profile-id=0,video,video,479650129,T01,0,1,true,2,0,0,0,283,0,0,SV286,0,0,0,0,[object Object],bandwidth,1,0,0,r2,275910177,0,0,0
OT01V789821059,1776604085421.376,outbound-rtp,COT01_98_profile-id=0,video,video,789821059,T01,1235489,1204,true,1,0,202,202,37917,8,5,SV286,0,0,0,4,[object Object],bandwidth,1,0,0,r1,494991882,4.341,0,19.503023
OT01V3535764396,1776604085621.436,outbound-rtp,COT01_98_profile-id=0,video,video,3535764396,T01,1222912,2149,true,0,0,622,622,241974,6,7,SV286,0,0,0,1,[object Object],bandwidth,1,0,0,r0,3857691580,11.285,0,4.623048
OT01V479650129,1776604085621.436,outbound-rtp,COT01_98_profile-id=0,video,video,479650129,T01,0,1,true,2,0,0,0,283,0,0,SV286,0,0,0,0,[object Object],bandwidth,1,0,0,r2,275910177,0,0,0
OT01V789821059,1776604085621.436,outbound-rtp,COT01_98_profile-id=0,video,video,789821059,T01,1280329,1246,true,1,0,208,208,38925,8,5,SV286,0,0,0,4,[object Object],bandwidth,1,0,0,r1,494991882,4.461,0,19.503090999999998
OT01V3535764396,1776604085621.436,outbound-rtp,COT01_98_profile-id=0,video,video,3535764396,T01,1222912,2149,true,0,0,622,622,241974,6,7,SV286,0,0,0,1,[object Object],bandwidth,1,0,0,r0,3857691580,11.285,0,4.623048
OT01V479650129,1776604085621.436,outbound-rtp,COT01_98_profile-id=0,video,video,479650129,T01,0,1,true,2,0,0,0,283,0,0,SV286,0,0,0,0,[object Object],bandwidth,1,0,0,r2,275910177,0,0,0
OT01V789821059,1776604085621.436,outbound-rtp,COT01_98_profile-id=0,video,video,789821059,T01,1280329,1246,true,1,0,208,208,38925,8,5,SV286,0,0,0,4,[object Object],bandwidth,1,0,0,r1,494991882,4.461,0,19.503090999999998
OT01V3535764396,1776604085821.31,outbound-rtp,COT01_98_profile-id=0,video,video,3535764396,T01,1230536,2158,true,0,0,627,627,242190,6,7,SV286,0,0,0,1,[object Object],bandwidth,1,0,0,r0,3857691580,11.372,0,4.623062
OT01V479650129,1776604085821.31,outbound-rtp,COT01_98_profile-id=0,video,video,479650129,T01,0,1,true,2,0,0,0,283,0,0,SV286,0,0,0,0,[object Object],bandwidth,1,0,0,r2,275910177,0,0,0
OT01V789821059,1776604085821.31,outbound-rtp,COT01_98_profile-id=0,video,video,789821059,T01,1323331,1286,true,1,0,214,214,39885,8,5,SV286,0,0,0,4,[object Object],bandwidth,1,0,0,r1,494991882,4.583,0,19.503142999999998
OT01V3535764396,1776604085821.31,outbound-rtp,COT01_98_profile-id=0,video,video,3535764396,T01,1230536,2158,true,0,0,627,627,242190,6,7,SV286,0,0,0,1,[object Object],bandwidth,1,0,0,r0,3857691580,11.372,0,4.623062
OT01V479650129,1776604085821.31,outbound-rtp,COT01_98_profile-id=0,video,video,479650129,T01,0,1,true,2,0,0,0,283,0,0,SV286,0,0,0,0,[object Object],bandwidth,1,0,0,r2,275910177,0,0,0
OT01V789821059,1776604085821.31,outbound-rtp,COT01_98_profile-id=0,video,video,789821059,T01,1323331,1286,true,1,0,214,214,39885,8,5,SV286,0,0,0,4,[object Object],bandwidth,1,0,0,r1,494991882,4.583,0,19.503142999999998
OT01V3535764396,1776604086021.268,outbound-rtp,COT01_98_profile-id=0,video,video,3535764396,T01,1240519,2169,true,0,0,633,633,242454,6,7,SV286,0,0,0,1,[object Object],bandwidth,1,0,0,r0,3857691580,11.456,0,4.623066
OT01V479650129,1776604086021.268,outbound-rtp,COT01_98_profile-id=0,video,video,479650129,T01,0,1,true,2,0,0,0,283,0,0,SV286,0,0,0,0,[object Object],bandwidth,1,0,0,r2,275910177,0,0,0
OT01V789821059,1776604086021.268,outbound-rtp,COT01_98_profile-id=0,video,video,789821059,T01,1367424,1329,true,1,0,221,221,40917,8,5,SV286,0,0,0,4,[object Object],bandwidth,1,0,0,r1,494991882,4.709,0,19.503187999999998
OT01V3535764396,1776604086021.268,outbound-rtp,COT01_98_profile-id=0,video,video,3535764396,T01,1240519,2169,true,0,0,633,633,242454,6,7,SV286,0,0,0,1,[object Object],bandwidth,1,0,0,r0,3857691580,11.456,0,4.623066
OT01V479650129,1776604086021.268,outbound-rtp,COT01_98_profile-id=0,video,video,479650129,T01,0,1,true,2,0,0,0,283,0,0,SV286,0,0,0,0,[object Object],bandwidth,1,0,0,r2,275910177,0,0,0
OT01V789821059,1776604086021.268,outbound-rtp,COT01_98_profile-id=0,video,video,789821059,T01,1367424,1329,true,1,0,221,221,40917,8,5,SV286,0,0,0,4,[object Object],bandwidth,1,0,0,r1,494991882,4.709,0,19.503187999999998
OT01V3535764396,1776604086221.331,outbound-rtp,COT01_98_profile-id=0,video,video,3535764396,T01,1244758,2175,true,0,0,637,637,242598,6,7,SV286,0,0,0,1,[object Object],bandwidth,1,0,0,r0,3857691580,11.505,0,4.623072
OT01V479650129,1776604086221.331,outbound-rtp,COT01_98_profile-id=0,video,video,479650129,T01,0,1,true,2,0,0,0,283,0,0,SV286,0,0,0,0,[object Object],bandwidth,1,0,0,r2,275910177,0,0,0
OT01V789821059,1776604086221.331,outbound-rtp,COT01_98_profile-id=0,video,video,789821059,T01,1407233,1366,true,1,0,227,227,41805,8,5,SV286,0,0,0,4,[object Object],bandwidth,1,0,0,r1,494991882,4.826,0,19.503235
OT01V3535764396,1776604086221.331,outbound-rtp,COT01_98_profile-id=0,video,video,3535764396,T01,1244758,2175,true,0,0,637,637,242598,6,7,SV286,0,0,0,1,[object Object],bandwidth,1,0,0,r0,3857691580,11.505,0,4.623072
OT01V479650129,1776604086221.331,outbound-rtp,COT01_98_profile-id=0,video,video,479650129,T01,0,1,true,2,0,0,0,283,0,0,SV286,0,0,0,0,[object Object],bandwidth,1,0,0,r2,275910177,0,0,0
OT01V789821059,1776604086221.331,outbound-rtp,COT01_98_profile-id=0,video,video,789821059,T01,1407233,1366,true,1,0,227,227,41805,8,5,SV286,0,0,0,4,[object Object],bandwidth,1,0,0,r1,494991882,4.826,0,19.503235
OT01V3535764396,1776604086421.284,outbound-rtp,COT01_98_profile-id=0,video,video,3535764396,T01,1250399,2181,true,0,0,642,642,242746,6,8,SV286,0,0,0,1,[object Object],none,2,0,0,r0,3857691580,11.598,0,4.6288849999999995
OT01V479650129,1776604086421.284,outbound-rtp,COT01_98_profile-id=0,video,video,479650129,T01,5775,6,true,2,0,3,3,423,1,1,SV286,0,0,0,0,[object Object],none,2,0,0,r2,275910177,0.095,0,0.09886199999999999
OT01V789821059,1776604086421.284,outbound-rtp,COT01_98_profile-id=0,video,video,789821059,T01,1446022,1401,true,1,0,233,233,42645,8,6,SV286,0,0,0,4,[object Object],none,2,0,0,r1,494991882,4.957,0,19.668589
OT01V3535764396,1776604086421.284,outbound-rtp,COT01_98_profile-id=0,video,video,3535764396,T01,1250399,2181,true,0,0,642,642,242746,6,8,SV286,0,0,0,1,[object Object],none,2,0,0,r0,3857691580,11.598,0,4.6288849999999995
OT01V479650129,1776604086421.284,outbound-rtp,COT01_98_profile-id=0,video,video,479650129,T01,5775,6,true,2,0,3,3,423,1,1,SV286,0,0,0,0,[object Object],none,2,0,0,r2,275910177,0.095,0,0.09886199999999999
OT01V789821059,1776604086421.284,outbound-rtp,COT01_98_profile-id=0,video,video,789821059,T01,1446022,1401,true,1,0,233,233,42645,8,6,SV286,0,0,0,4,[object Object],none,2,0,0,r1,494991882,4.957,0,19.668589
OT01V3535764396,1776604086621.266,outbound-rtp,COT01_98_profile-id=0,video,video,3535764396,T01,1256663,2189,true,0,0,647,647,242938,6,8,SV286,0,0,0,1,[object Object],none,2,0,0,r0,3857691580,11.694,0,4.74168
OT01V479650129,1776604086621.266,outbound-rtp,COT01_98_profile-id=0,video,video,479650129,T01,38012,34,true,2,0,7,7,1211,2,1,SV286,0,0,0,0,[object Object],none,2,0,0,r2,275910177,0.2,0,4.359836
OT01V789821059,1776604086621.266,outbound-rtp,COT01_98_profile-id=0,video,video,789821059,T01,1470458,1424,true,1,0,237,237,43201,8,6,SV286,0,0,0,4,[object Object],none,2,0,0,r1,494991882,5.046,0,20.744322
OT01V3535764396,1776604086621.266,outbound-rtp,COT01_98_profile-id=0,video,video,3535764396,T01,1256663,2189,true,0,0,647,647,242938,6,8,SV286,0,0,0,1,[object Object],none,2,0,0,r0,3857691580,11.694,0,4.74168
OT01V479650129,1776604086621.266,outbound-rtp,COT01_98_profile-id=0,video,video,479650129,T01,38012,34,true,2,0,7,7,1211,2,1,SV286,0,0,0,0,[object Object],none,2,0,0,r2,275910177,0.2,0,4.359836
OT01V789821059,1776604086621.266,outbound-rtp,COT01_98_profile-id=0,video,video,789821059,T01,1470458,1424,true,1,0,237,237,43201,8,6,SV286,0,0,0,4,[object Object],none,2,0,0,r1,494991882,5.046,0,20.744322
OT01V3535764396,1776604086821.339,outbound-rtp,COT01_98_profile-id=0,video,video,3535764396,T01,1261330,2196,true,0,0,651,651,243106,6,8,SV286,0,0,0,1,[object Object],none,2,0,0,r0,3857691580,11.78,0,4.773028
OT01V479650129,1776604086821.339,outbound-rtp,COT01_98_profile-id=0,video,video,479650129,T01,68624,62,true,2,0,9,9,1995,2,1,SV286,0,0,0,0,[object Object],none,2,0,0,r2,275910177,0.234,0,11.131997
OT01V789821059,1776604086821.339,outbound-rtp,COT01_98_profile-id=0,video,video,789821059,T01,1496252,1448,true,1,0,242,242,43777,8,6,SV286,0,0,0,4,[object Object],none,2,0,0,r1,494991882,5.167,0,20.928673
OT01V3535764396,1776604086821.339,outbound-rtp,COT01_98_profile-id=0,video,video,3535764396,T01,1261330,2196,true,0,0,651,651,243106,6,8,SV286,0,0,0,1,[object Object],none,2,0,0,r0,3857691580,11.78,0,4.773028
OT01V479650129,1776604086821.339,outbound-rtp,COT01_98_profile-id=0,video,video,479650129,T01,68624,62,true,2,0,9,9,1995,2,1,SV286,0,0,0,0,[object Object],none,2,0,0,r2,275910177,0.234,0,11.131997
OT01V789821059,1776604086821.339,outbound-rtp,COT01_98_profile-id=0,video,video,789821059,T01,1496252,1448,true,1,0,242,242,43777,8,6,SV286,0,0,0,4,[object Object],none,2,0,0,r1,494991882,5.167,0,20.928673
OT01V3535764396,1776604087021.293,outbound-rtp,COT01_98_profile-id=0,video,video,3535764396,T01,1265073,2201,true,0,0,656,656,243226,6,8,SV286,0,0,0,1,[object Object],none,2,0,0,r0,3857691580,11.875,0,4.808605
OT01V479650129,1776604087021.293,outbound-rtp,COT01_98_profile-id=0,video,video,479650129,T01,105214,95,true,2,0,11,11,2919,3,1,SV286,0,0,0,0,[object Object],none,2,0,0,r2,275910177,0.29,0,21.305152
OT01V789821059,1776604087021.293,outbound-rtp,COT01_98_profile-id=0,video,video,789821059,T01,1518754,1470,true,1,0,248,248,44305,8,6,SV286,0,0,0,4,[object Object],none,2,0,0,r1,494991882,5.31,0,21.454952
OT01V3535764396,1776604087021.293,outbound-rtp,COT01_98_profile-id=0,video,video,3535764396,T01,1265073,2201,true,0,0,656,656,243226,6,8,SV286,0,0,0,1,[object Object],none,2,0,0,r0,3857691580,11.875,0,4.808605
OT01V479650129,1776604087021.293,outbound-rtp,COT01_98_profile-id=0,video,video,479650129,T01,105214,95,true,2,0,11,11,2919,3,1,SV286,0,0,0,0,[object Object],none,2,0,0,r2,275910177,0.29,0,21.305152
OT01V789821059,1776604087021.293,outbound-rtp,COT01_98_profile-id=0,video,video,789821059,T01,1518754,1470,true,1,0,248,248,44305,8,6,SV286,0,0,0,4,[object Object],none,2,0,0,r1,494991882,5.31,0,21.454952
OT01V3535764396,1776604087221.268,outbound-rtp,COT01_98_profile-id=0,video,video,3535764396,T01,1268656,2207,true,0,0,661,661,243370,6,8,SV286,0,0,0,1,[object Object],none,2,0,0,r0,3857691580,11.988,0,4.913781999999999
OT01V479650129,1776604087221.268,outbound-rtp,COT01_98_profile-id=0,video,video,479650129,T01,138269,124,true,2,0,14,14,3731,4,1,SV286,0,0,0,0,[object Object],none,2,0,0,r2,275910177,0.355,0,28.379208
OT01V789821059,1776604087221.268,outbound-rtp,COT01_98_profile-id=0,video,video,789821059,T01,1532152,1483,true,1,0,253,253,44617,8,6,SV286,0,0,0,4,[object Object],none,2,0,0,r1,494991882,5.432,0,21.632382999999997
OT01V3535764396,1776604087221.268,outbound-rtp,COT01_98_profile-id=0,video,video,3535764396,T01,1268656,2207,true,0,0,661,661,243370,6,8,SV286,0,0,0,1,[object Object],none,2,0,0,r0,3857691580,11.988,0,4.913781999999999
OT01V479650129,1776604087221.268,outbound-rtp,COT01_98_profile-id=0,video,video,479650129,T01,138269,124,true,2,0,14,14,3731,4,1,SV286,0,0,0,0,[object Object],none,2,0,0,r2,275910177,0.355,0,28.379208
OT01V789821059,1776604087221.268,outbound-rtp,COT01_98_profile-id=0,video,video,789821059,T01,1532152,1483,true,1,0,253,253,44617,8,6,SV286,0,0,0,4,[object Object],none,2,0,0,r1,494991882,5.432,0,21.632382999999997
OT01V3535764396,1776604087421.238,outbound-rtp,COT01_98_profile-id=0,video,video,3535764396,T01,1273958,2213,true,0,0,666,666,243514,6,8,SV286,0,0,0,1,[object Object],none,2,0,0,r0,3857691580,12.077,0,5.042879999999999
OT01V479650129,1776604087421.238,outbound-rtp,COT01_98_profile-id=0,video,video,479650129,T01,174661,156,true,2,0,15,15,4627,5,1,SV286,0,0,0,0,[object Object],none,2,0,0,r2,275910177,0.377,0,38.023075
OT01V789821059,1776604087421.238,outbound-rtp,COT01_98_profile-id=0,video,video,789821059,T01,1553917,1503,true,1,0,257,257,45097,8,6,SV286,0,0,0,4,[object Object],none,2,0,0,r1,494991882,5.527,0,22.295137999999998
OT01V3535764396,1776604087421.238,outbound-rtp,COT01_98_profile-id=0,video,video,3535764396,T01,1273958,2213,true,0,0,666,666,243514,6,8,SV286,0,0,0,1,[object Object],none,2,0,0,r0,3857691580,12.077,0,5.042879999999999
OT01V479650129,1776604087421.238,outbound-rtp,COT01_98_profile-id=0,video,video,479650129,T01,174661,156,true,2,0,15,15,4627,5,1,SV286,0,0,0,0,[object Object],none,2,0,0,r2,275910177,0.377,0,38.023075
OT01V789821059,1776604087421.238,outbound-rtp,COT01_98_profile-id=0,video,video,789821059,T01,1553917,1503,true,1,0,257,257,45097,8,6,SV286,0,0,0,4,[object Object],none,2,0,0,r1,494991882,5.527,0,22.295137999999998
OT01V3535764396,1776604087621.433,outbound-rtp,COT01_98_profile-id=0,video,video,3535764396,T01,1280405,2223,true,0,0,671,671,243754,6,8,SV286,0,0,0,1,[object Object],none,2,0,0,r0,3857691580,12.184,0,5.18048
OT01V479650129,1776604087621.433,outbound-rtp,COT01_98_profile-id=0,video,video,479650129,T01,216786,194,true,2,0,17,17,5539,6,1,SV286,0,0,0,0,[object Object],none,2,0,0,r2,275910177,0.439,0,45.373334
OT01V789821059,1776604087621.433,outbound-rtp,COT01_98_profile-id=0,video,video,789821059,T01,1571191,1520,true,1,0,261,261,45505,8,6,SV286,0,0,0,4,[object Object],none,2,0,0,r1,494991882,5.617,0,22.467876999999998
OT01V3535764396,1776604087621.433,outbound-rtp,COT01_98_profile-id=0,video,video,3535764396,T01,1280405,2223,true,0,0,671,671,243754,6,8,SV286,0,0,0,1,[object Object],none,2,0,0,r0,3857691580,12.184,0,5.18048
OT01V479650129,1776604087621.433,outbound-rtp,COT01_98_profile-id=0,video,video,479650129,T01,216786,194,true,2,0,17,17,5539,6,1,SV286,0,0,0,0,[object Object],none,2,0,0,r2,275910177,0.439,0,45.373334
OT01V789821059,1776604087621.433,outbound-rtp,COT01_98_profile-id=0,video,video,789821059,T01,1571191,1520,true,1,0,261,261,45505,8,6,SV286,0,0,0,4,[object Object],none,2,0,0,r1,494991882,5.617,0,22.467876999999998
OT01V3535764396,1776604087821.302,outbound-rtp,COT01_98_profile-id=0,video,video,3535764396,T01,1283808,2228,true,0,0,675,675,243874,6,8,SV286,0,0,0,1,[object Object],none,2,0,0,r0,3857691580,12.281,0,5.180483
OT01V479650129,1776604087821.302,outbound-rtp,COT01_98_profile-id=0,video,video,479650129,T01,254029,228,true,2,0,19,19,6355,6,1,SV286,0,0,0,0,[object Object],none,2,0,0,r2,275910177,0.523,0,48.635345
OT01V789821059,1776604087821.302,outbound-rtp,COT01_98_profile-id=0,video,video,789821059,T01,1588052,1537,true,1,0,265,265,45913,8,6,SV286,0,0,0,4,[object Object],none,2,0,0,r1,494991882,5.744,0,22.638686
OT01V3535764396,1776604087821.302,outbound-rtp,COT01_98_profile-id=0,video,video,3535764396,T01,1283808,2228,true,0,0,675,675,243874,6,8,SV286,0,0,0,1,[object Object],none,2,0,0,r0,3857691580,12.281,0,5.180483
OT01V479650129,1776604087821.302,outbound-rtp,COT01_98_profile-id=0,video,video,479650129,T01,254029,228,true,2,0,19,19,6355,6,1,SV286,0,0,0,0,[object Object],none,2,0,0,r2,275910177,0.523,0,48.635345
OT01V789821059,1776604087821.302,outbound-rtp,COT01_98_profile-id=0,video,video,789821059,T01,1588052,1537,true,1,0,265,265,45913,8,6,SV286,0,0,0,4,[object Object],none,2,0,0,r1,494991882,5.744,0,22.638686
OT01V3535764396,1776604088021.405,outbound-rtp,COT01_98_profile-id=0,video,video,3535764396,T01,1288817,2235,true,0,0,681,681,244042,6,8,SV286,0,0,0,1,[object Object],none,2,0,0,r0,3857691580,12.396,0,5.18196
OT01V479650129,1776604088021.405,outbound-rtp,COT01_98_profile-id=0,video,video,479650129,T01,278288,249,true,2,0,21,21,6859,7,1,SV286,0,0,0,0,[object Object],none,2,0,0,r2,275910177,0.567,0,48.797982
OT01V789821059,1776604088021.405,outbound-rtp,COT01_98_profile-id=0,video,video,789821059,T01,1603851,1553,true,1,0,270,270,46297,8,6,SV286,0,0,0,4,[object Object],none,2,0,0,r1,494991882,5.86,0,22.638697999999998
OT01V3535764396,1776604088021.405,outbound-rtp,COT01_98_profile-id=0,video,video,3535764396,T01,1288817,2235,true,0,0,681,681,244042,6,8,SV286,0,0,0,1,[object Object],none,2,0,0,r0,3857691580,12.396,0,5.18196
OT01V479650129,1776604088021.405,outbound-rtp,COT01_98_profile-id=0,video,video,479650129,T01,278288,249,true,2,0,21,21,6859,7,1,SV286,0,0,0,0,[object Object],none,2,0,0,r2,275910177,0.567,0,48.797982
OT01V789821059,1776604088021.405,outbound-rtp,COT01_98_profile-id=0,video,video,789821059,T01,1603851,1553,true,1,0,270,270,46297,8,6,SV286,0,0,0,4,[object Object],none,2,0,0,r1,494991882,5.86,0,22.638697999999998
OT01V3535764396,1776604088221.29,outbound-rtp,COT01_98_profile-id=0,video,video,3535764396,T01,1293359,2242,true,0,0,687,687,244210,6,8,SV286,0,0,0,1,[object Object],none,2,0,0,r0,3857691580,12.545,0,5.181964
OT01V479650129,1776604088221.29,outbound-rtp,COT01_98_profile-id=0,video,video,479650129,T01,296575,266,true,2,0,23,23,7267,7,1,SV286,0,0,0,0,[object Object],none,2,0,0,r2,275910177,0.645,0,48.797987
OT01V789821059,1776604088221.29,outbound-rtp,COT01_98_profile-id=0,video,video,789821059,T01,1619554,1567,true,1,0,274,274,46633,8,6,SV286,0,0,0,4,[object Object],none,2,0,0,r1,494991882,5.964,0,22.638707999999998
OT01V3535764396,1776604088221.29,outbound-rtp,COT01_98_profile-id=0,video,video,3535764396,T01,1293359,2242,true,0,0,687,687,244210,6,8,SV286,0,0,0,1,[object Object],none,2,0,0,r0,3857691580,12.545,0,5.181964
OT01V479650129,1776604088221.29,outbound-rtp,COT01_98_profile-id=0,video,video,479650129,T01,296575,266,true,2,0,23,23,7267,7,1,SV286,0,0,0,0,[object Object],none,2,0,0,r2,275910177,0.645,0,48.797987
OT01V789821059,1776604088221.29,outbound-rtp,COT01_98_profile-id=0,video,video,789821059,T01,1619554,1567,true,1,0,274,274,46633,8,6,SV286,0,0,0,4,[object Object],none,2,0,0,r1,494991882,5.964,0,22.638707999999998



id,timestamp,type,bytesReceived,bytesSent,dtlsCipher,dtlsRole,dtlsState,iceLocalUsernameFragment,iceRole,iceState,localCertificateId,packetsReceived,packetsSent,remoteCertificateId,selectedCandidatePairChanges,selectedCandidatePairId,srtpCipher,tlsVersion
T01,1776604060221.276,transport,770,751,TLS_ECDHE_ECDSA_WITH_CHACHA20_POLY1305_SHA256,client,connected,bt2f,controlling,connected,CF0E:54:EC:B0:3D:7D:53:DD:36:47:1A:A7:F4:B2:2F:2F:94:6D:0E:62:69:0A:35:3B:08:42:66:52:4A:34:37:B1,2,2,CF4C:EB:DC:1C:6C:22:8D:7B:26:43:FC:2F:9D:5E:91:61:94:9E:73:57:D2:32:03:93:AF:F8:AD:D0:06:28:22:76,1,CP62BEZfzu_lI7/fGVq,AEAD_AES_256_GCM,FEFD
T01,1776604060221.276,transport,770,751,TLS_ECDHE_ECDSA_WITH_CHACHA20_POLY1305_SHA256,client,connected,bt2f,controlling,connected,CF0E:54:EC:B0:3D:7D:53:DD:36:47:1A:A7:F4:B2:2F:2F:94:6D:0E:62:69:0A:35:3B:08:42:66:52:4A:34:37:B1,2,2,CF4C:EB:DC:1C:6C:22:8D:7B:26:43:FC:2F:9D:5E:91:61:94:9E:73:57:D2:32:03:93:AF:F8:AD:D0:06:28:22:76,1,CP62BEZfzu_lI7/fGVq,AEAD_AES_256_GCM,FEFD
T01,1776604060421.433,transport,854,10100,TLS_ECDHE_ECDSA_WITH_CHACHA20_POLY1305_SHA256,client,connected,bt2f,controlling,connected,CF0E:54:EC:B0:3D:7D:53:DD:36:47:1A:A7:F4:B2:2F:2F:94:6D:0E:62:69:0A:35:3B:08:42:66:52:4A:34:37:B1,4,13,CF4C:EB:DC:1C:6C:22:8D:7B:26:43:FC:2F:9D:5E:91:61:94:9E:73:57:D2:32:03:93:AF:F8:AD:D0:06:28:22:76,1,CP62BEZfzu_lI7/fGVq,AEAD_AES_256_GCM,FEFD
T01,1776604060421.433,transport,854,10100,TLS_ECDHE_ECDSA_WITH_CHACHA20_POLY1305_SHA256,client,connected,bt2f,controlling,connected,CF0E:54:EC:B0:3D:7D:53:DD:36:47:1A:A7:F4:B2:2F:2F:94:6D:0E:62:69:0A:35:3B:08:42:66:52:4A:34:37:B1,4,13,CF4C:EB:DC:1C:6C:22:8D:7B:26:43:FC:2F:9D:5E:91:61:94:9E:73:57:D2:32:03:93:AF:F8:AD:D0:06:28:22:76,1,CP62BEZfzu_lI7/fGVq,AEAD_AES_256_GCM,FEFD
T01,1776604060621.381,transport,946,14825,TLS_ECDHE_ECDSA_WITH_CHACHA20_POLY1305_SHA256,client,connected,bt2f,controlling,connected,CF0E:54:EC:B0:3D:7D:53:DD:36:47:1A:A7:F4:B2:2F:2F:94:6D:0E:62:69:0A:35:3B:08:42:66:52:4A:34:37:B1,6,18,CF4C:EB:DC:1C:6C:22:8D:7B:26:43:FC:2F:9D:5E:91:61:94:9E:73:57:D2:32:03:93:AF:F8:AD:D0:06:28:22:76,1,CP62BEZfzu_lI7/fGVq,AEAD_AES_256_GCM,FEFD
T01,1776604060621.381,transport,946,14825,TLS_ECDHE_ECDSA_WITH_CHACHA20_POLY1305_SHA256,client,connected,bt2f,controlling,connected,CF0E:54:EC:B0:3D:7D:53:DD:36:47:1A:A7:F4:B2:2F:2F:94:6D:0E:62:69:0A:35:3B:08:42:66:52:4A:34:37:B1,6,18,CF4C:EB:DC:1C:6C:22:8D:7B:26:43:FC:2F:9D:5E:91:61:94:9E:73:57:D2:32:03:93:AF:F8:AD:D0:06:28:22:76,1,CP62BEZfzu_lI7/fGVq,AEAD_AES_256_GCM,FEFD
T01,1776604060821.471,transport,1138,23462,TLS_ECDHE_ECDSA_WITH_CHACHA20_POLY1305_SHA256,client,connected,bt2f,controlling,connected,CF0E:54:EC:B0:3D:7D:53:DD:36:47:1A:A7:F4:B2:2F:2F:94:6D:0E:62:69:0A:35:3B:08:42:66:52:4A:34:37:B1,9,30,CF4C:EB:DC:1C:6C:22:8D:7B:26:43:FC:2F:9D:5E:91:61:94:9E:73:57:D2:32:03:93:AF:F8:AD:D0:06:28:22:76,1,CP62BEZfzu_lI7/fGVq,AEAD_AES_256_GCM,FEFD
T01,1776604060821.471,transport,1138,23462,TLS_ECDHE_ECDSA_WITH_CHACHA20_POLY1305_SHA256,client,connected,bt2f,controlling,connected,CF0E:54:EC:B0:3D:7D:53:DD:36:47:1A:A7:F4:B2:2F:2F:94:6D:0E:62:69:0A:35:3B:08:42:66:52:4A:34:37:B1,9,30,CF4C:EB:DC:1C:6C:22:8D:7B:26:43:FC:2F:9D:5E:91:61:94:9E:73:57:D2:32:03:93:AF:F8:AD:D0:06:28:22:76,1,CP62BEZfzu_lI7/fGVq,AEAD_AES_256_GCM,FEFD
T01,1776604061021.387,transport,1238,32364,TLS_ECDHE_ECDSA_WITH_CHACHA20_POLY1305_SHA256,client,connected,bt2f,controlling,connected,CF0E:54:EC:B0:3D:7D:53:DD:36:47:1A:A7:F4:B2:2F:2F:94:6D:0E:62:69:0A:35:3B:08:42:66:52:4A:34:37:B1,11,42,CF4C:EB:DC:1C:6C:22:8D:7B:26:43:FC:2F:9D:5E:91:61:94:9E:73:57:D2:32:03:93:AF:F8:AD:D0:06:28:22:76,1,CP62BEZfzu_lI7/fGVq,AEAD_AES_256_GCM,FEFD
T01,1776604061021.387,transport,1238,32364,TLS_ECDHE_ECDSA_WITH_CHACHA20_POLY1305_SHA256,client,connected,bt2f,controlling,connected,CF0E:54:EC:B0:3D:7D:53:DD:36:47:1A:A7:F4:B2:2F:2F:94:6D:0E:62:69:0A:35:3B:08:42:66:52:4A:34:37:B1,11,42,CF4C:EB:DC:1C:6C:22:8D:7B:26:43:FC:2F:9D:5E:91:61:94:9E:73:57:D2:32:03:93:AF:F8:AD:D0:06:28:22:76,1,CP62BEZfzu_lI7/fGVq,AEAD_AES_256_GCM,FEFD
T01,1776604061221.423,transport,1334,37928,TLS_ECDHE_ECDSA_WITH_CHACHA20_POLY1305_SHA256,client,connected,bt2f,controlling,connected,CF0E:54:EC:B0:3D:7D:53:DD:36:47:1A:A7:F4:B2:2F:2F:94:6D:0E:62:69:0A:35:3B:08:42:66:52:4A:34:37:B1,13,50,CF4C:EB:DC:1C:6C:22:8D:7B:26:43:FC:2F:9D:5E:91:61:94:9E:73:57:D2:32:03:93:AF:F8:AD:D0:06:28:22:76,1,CP62BEZfzu_lI7/fGVq,AEAD_AES_256_GCM,FEFD
T01,1776604061221.423,transport,1334,37928,TLS_ECDHE_ECDSA_WITH_CHACHA20_POLY1305_SHA256,client,connected,bt2f,controlling,connected,CF0E:54:EC:B0:3D:7D:53:DD:36:47:1A:A7:F4:B2:2F:2F:94:6D:0E:62:69:0A:35:3B:08:42:66:52:4A:34:37:B1,13,50,CF4C:EB:DC:1C:6C:22:8D:7B:26:43:FC:2F:9D:5E:91:61:94:9E:73:57:D2:32:03:93:AF:F8:AD:D0:06:28:22:76,1,CP62BEZfzu_lI7/fGVq,AEAD_AES_256_GCM,FEFD
T01,1776604061421.323,transport,1430,45159,TLS_ECDHE_ECDSA_WITH_CHACHA20_POLY1305_SHA256,client,connected,bt2f,controlling,connected,CF0E:54:EC:B0:3D:7D:53:DD:36:47:1A:A7:F4:B2:2F:2F:94:6D:0E:62:69:0A:35:3B:08:42:66:52:4A:34:37:B1,15,63,CF4C:EB:DC:1C:6C:22:8D:7B:26:43:FC:2F:9D:5E:91:61:94:9E:73:57:D2:32:03:93:AF:F8:AD:D0:06:28:22:76,1,CP62BEZfzu_lI7/fGVq,AEAD_AES_256_GCM,FEFD
T01,1776604061421.323,transport,1430,45159,TLS_ECDHE_ECDSA_WITH_CHACHA20_POLY1305_SHA256,client,connected,bt2f,controlling,connected,CF0E:54:EC:B0:3D:7D:53:DD:36:47:1A:A7:F4:B2:2F:2F:94:6D:0E:62:69:0A:35:3B:08:42:66:52:4A:34:37:B1,15,63,CF4C:EB:DC:1C:6C:22:8D:7B:26:43:FC:2F:9D:5E:91:61:94:9E:73:57:D2:32:03:93:AF:F8:AD:D0:06:28:22:76,1,CP62BEZfzu_lI7/fGVq,AEAD_AES_256_GCM,FEFD
T01,1776604061621.486,transport,1534,51794,TLS_ECDHE_ECDSA_WITH_CHACHA20_POLY1305_SHA256,client,connected,bt2f,controlling,connected,CF0E:54:EC:B0:3D:7D:53:DD:36:47:1A:A7:F4:B2:2F:2F:94:6D:0E:62:69:0A:35:3B:08:42:66:52:4A:34:37:B1,17,75,CF4C:EB:DC:1C:6C:22:8D:7B:26:43:FC:2F:9D:5E:91:61:94:9E:73:57:D2:32:03:93:AF:F8:AD:D0:06:28:22:76,1,CP62BEZfzu_lI7/fGVq,AEAD_AES_256_GCM,FEFD
T01,1776604061621.486,transport,1534,51794,TLS_ECDHE_ECDSA_WITH_CHACHA20_POLY1305_SHA256,client,connected,bt2f,controlling,connected,CF0E:54:EC:B0:3D:7D:53:DD:36:47:1A:A7:F4:B2:2F:2F:94:6D:0E:62:69:0A:35:3B:08:42:66:52:4A:34:37:B1,17,75,CF4C:EB:DC:1C:6C:22:8D:7B:26:43:FC:2F:9D:5E:91:61:94:9E:73:57:D2:32:03:93:AF:F8:AD:D0:06:28:22:76,1,CP62BEZfzu_lI7/fGVq,AEAD_AES_256_GCM,FEFD
T01,1776604061821.398,transport,1734,59858,TLS_ECDHE_ECDSA_WITH_CHACHA20_POLY1305_SHA256,client,connected,bt2f,controlling,connected,CF0E:54:EC:B0:3D:7D:53:DD:36:47:1A:A7:F4:B2:2F:2F:94:6D:0E:62:69:0A:35:3B:08:42:66:52:4A:34:37:B1,20,97,CF4C:EB:DC:1C:6C:22:8D:7B:26:43:FC:2F:9D:5E:91:61:94:9E:73:57:D2:32:03:93:AF:F8:AD:D0:06:28:22:76,1,CP62BEZfzu_lI7/fGVq,AEAD_AES_256_GCM,FEFD
T01,1776604061821.398,transport,1734,59858,TLS_ECDHE_ECDSA_WITH_CHACHA20_POLY1305_SHA256,client,connected,bt2f,controlling,connected,CF0E:54:EC:B0:3D:7D:53:DD:36:47:1A:A7:F4:B2:2F:2F:94:6D:0E:62:69:0A:35:3B:08:42:66:52:4A:34:37:B1,20,97,CF4C:EB:DC:1C:6C:22:8D:7B:26:43:FC:2F:9D:5E:91:61:94:9E:73:57:D2:32:03:93:AF:F8:AD:D0:06:28:22:76,1,CP62BEZfzu_lI7/fGVq,AEAD_AES_256_GCM,FEFD
T01,1776604062021.554,transport,1838,67724,TLS_ECDHE_ECDSA_WITH_CHACHA20_POLY1305_SHA256,client,connected,bt2f,controlling,connected,CF0E:54:EC:B0:3D:7D:53:DD:36:47:1A:A7:F4:B2:2F:2F:94:6D:0E:62:69:0A:35:3B:08:42:66:52:4A:34:37:B1,22,114,CF4C:EB:DC:1C:6C:22:8D:7B:26:43:FC:2F:9D:5E:91:61:94:9E:73:57:D2:32:03:93:AF:F8:AD:D0:06:28:22:76,1,CP62BEZfzu_lI7/fGVq,AEAD_AES_256_GCM,FEFD
T01,1776604062021.554,transport,1838,67724,TLS_ECDHE_ECDSA_WITH_CHACHA20_POLY1305_SHA256,client,connected,bt2f,controlling,connected,CF0E:54:EC:B0:3D:7D:53:DD:36:47:1A:A7:F4:B2:2F:2F:94:6D:0E:62:69:0A:35:3B:08:42:66:52:4A:34:37:B1,22,114,CF4C:EB:DC:1C:6C:22:8D:7B:26:43:FC:2F:9D:5E:91:61:94:9E:73:57:D2:32:03:93:AF:F8:AD:D0:06:28:22:76,1,CP62BEZfzu_lI7/fGVq,AEAD_AES_256_GCM,FEFD
T01,1776604062221.339,transport,1946,76459,TLS_ECDHE_ECDSA_WITH_CHACHA20_POLY1305_SHA256,client,connected,bt2f,controlling,connected,CF0E:54:EC:B0:3D:7D:53:DD:36:47:1A:A7:F4:B2:2F:2F:94:6D:0E:62:69:0A:35:3B:08:42:66:52:4A:34:37:B1,24,133,CF4C:EB:DC:1C:6C:22:8D:7B:26:43:FC:2F:9D:5E:91:61:94:9E:73:57:D2:32:03:93:AF:F8:AD:D0:06:28:22:76,1,CP62BEZfzu_lI7/fGVq,AEAD_AES_256_GCM,FEFD
T01,1776604062221.339,transport,1946,76459,TLS_ECDHE_ECDSA_WITH_CHACHA20_POLY1305_SHA256,client,connected,bt2f,controlling,connected,CF0E:54:EC:B0:3D:7D:53:DD:36:47:1A:A7:F4:B2:2F:2F:94:6D:0E:62:69:0A:35:3B:08:42:66:52:4A:34:37:B1,24,133,CF4C:EB:DC:1C:6C:22:8D:7B:26:43:FC:2F:9D:5E:91:61:94:9E:73:57:D2:32:03:93:AF:F8:AD:D0:06:28:22:76,1,CP62BEZfzu_lI7/fGVq,AEAD_AES_256_GCM,FEFD
T01,1776604062421.412,transport,2050,85418,TLS_ECDHE_ECDSA_WITH_CHACHA20_POLY1305_SHA256,client,connected,bt2f,controlling,connected,CF0E:54:EC:B0:3D:7D:53:DD:36:47:1A:A7:F4:B2:2F:2F:94:6D:0E:62:69:0A:35:3B:08:42:66:52:4A:34:37:B1,26,153,CF4C:EB:DC:1C:6C:22:8D:7B:26:43:FC:2F:9D:5E:91:61:94:9E:73:57:D2:32:03:93:AF:F8:AD:D0:06:28:22:76,1,CP62BEZfzu_lI7/fGVq,AEAD_AES_256_GCM,FEFD
T01,1776604062421.412,transport,2050,85418,TLS_ECDHE_ECDSA_WITH_CHACHA20_POLY1305_SHA256,client,connected,bt2f,controlling,connected,CF0E:54:EC:B0:3D:7D:53:DD:36:47:1A:A7:F4:B2:2F:2F:94:6D:0E:62:69:0A:35:3B:08:42:66:52:4A:34:37:B1,26,153,CF4C:EB:DC:1C:6C:22:8D:7B:26:43:FC:2F:9D:5E:91:61:94:9E:73:57:D2:32:03:93:AF:F8:AD:D0:06:28:22:76,1,CP62BEZfzu_lI7/fGVq,AEAD_AES_256_GCM,FEFD
T01,1776604062621.441,transport,2154,92964,TLS_ECDHE_ECDSA_WITH_CHACHA20_POLY1305_SHA256,client,connected,bt2f,controlling,connected,CF0E:54:EC:B0:3D:7D:53:DD:36:47:1A:A7:F4:B2:2F:2F:94:6D:0E:62:69:0A:35:3B:08:42:66:52:4A:34:37:B1,28,172,CF4C:EB:DC:1C:6C:22:8D:7B:26:43:FC:2F:9D:5E:91:61:94:9E:73:57:D2:32:03:93:AF:F8:AD:D0:06:28:22:76,1,CP62BEZfzu_lI7/fGVq,AEAD_AES_256_GCM,FEFD
T01,1776604062621.441,transport,2154,92964,TLS_ECDHE_ECDSA_WITH_CHACHA20_POLY1305_SHA256,client,connected,bt2f,controlling,connected,CF0E:54:EC:B0:3D:7D:53:DD:36:47:1A:A7:F4:B2:2F:2F:94:6D:0E:62:69:0A:35:3B:08:42:66:52:4A:34:37:B1,28,172,CF4C:EB:DC:1C:6C:22:8D:7B:26:43:FC:2F:9D:5E:91:61:94:9E:73:57:D2:32:03:93:AF:F8:AD:D0:06:28:22:76,1,CP62BEZfzu_lI7/fGVq,AEAD_AES_256_GCM,FEFD
T01,1776604062821.456,transport,2258,102268,TLS_ECDHE_ECDSA_WITH_CHACHA20_POLY1305_SHA256,client,connected,bt2f,controlling,connected,CF0E:54:EC:B0:3D:7D:53:DD:36:47:1A:A7:F4:B2:2F:2F:94:6D:0E:62:69:0A:35:3B:08:42:66:52:4A:34:37:B1,30,189,CF4C:EB:DC:1C:6C:22:8D:7B:26:43:FC:2F:9D:5E:91:61:94:9E:73:57:D2:32:03:93:AF:F8:AD:D0:06:28:22:76,1,CP62BEZfzu_lI7/fGVq,AEAD_AES_256_GCM,FEFD
T01,1776604062821.456,transport,2258,102268,TLS_ECDHE_ECDSA_WITH_CHACHA20_POLY1305_SHA256,client,connected,bt2f,controlling,connected,CF0E:54:EC:B0:3D:7D:53:DD:36:47:1A:A7:F4:B2:2F:2F:94:6D:0E:62:69:0A:35:3B:08:42:66:52:4A:34:37:B1,30,189,CF4C:EB:DC:1C:6C:22:8D:7B:26:43:FC:2F:9D:5E:91:61:94:9E:73:57:D2:32:03:93:AF:F8:AD:D0:06:28:22:76,1,CP62BEZfzu_lI7/fGVq,AEAD_AES_256_GCM,FEFD
T01,1776604063021.422,transport,2458,111125,TLS_ECDHE_ECDSA_WITH_CHACHA20_POLY1305_SHA256,client,connected,bt2f,controlling,connected,CF0E:54:EC:B0:3D:7D:53:DD:36:47:1A:A7:F4:B2:2F:2F:94:6D:0E:62:69:0A:35:3B:08:42:66:52:4A:34:37:B1,33,210,CF4C:EB:DC:1C:6C:22:8D:7B:26:43:FC:2F:9D:5E:91:61:94:9E:73:57:D2:32:03:93:AF:F8:AD:D0:06:28:22:76,1,CP62BEZfzu_lI7/fGVq,AEAD_AES_256_GCM,FEFD
T01,1776604063021.422,transport,2458,111125,TLS_ECDHE_ECDSA_WITH_CHACHA20_POLY1305_SHA256,client,connected,bt2f,controlling,connected,CF0E:54:EC:B0:3D:7D:53:DD:36:47:1A:A7:F4:B2:2F:2F:94:6D:0E:62:69:0A:35:3B:08:42:66:52:4A:34:37:B1,33,210,CF4C:EB:DC:1C:6C:22:8D:7B:26:43:FC:2F:9D:5E:91:61:94:9E:73:57:D2:32:03:93:AF:F8:AD:D0:06:28:22:76,1,CP62BEZfzu_lI7/fGVq,AEAD_AES_256_GCM,FEFD
T01,1776604063221.364,transport,2566,120049,TLS_ECDHE_ECDSA_WITH_CHACHA20_POLY1305_SHA256,client,connected,bt2f,controlling,connected,CF0E:54:EC:B0:3D:7D:53:DD:36:47:1A:A7:F4:B2:2F:2F:94:6D:0E:62:69:0A:35:3B:08:42:66:52:4A:34:37:B1,35,226,CF4C:EB:DC:1C:6C:22:8D:7B:26:43:FC:2F:9D:5E:91:61:94:9E:73:57:D2:32:03:93:AF:F8:AD:D0:06:28:22:76,1,CP62BEZfzu_lI7/fGVq,AEAD_AES_256_GCM,FEFD
T01,1776604063221.364,transport,2566,120049,TLS_ECDHE_ECDSA_WITH_CHACHA20_POLY1305_SHA256,client,connected,bt2f,controlling,connected,CF0E:54:EC:B0:3D:7D:53:DD:36:47:1A:A7:F4:B2:2F:2F:94:6D:0E:62:69:0A:35:3B:08:42:66:52:4A:34:37:B1,35,226,CF4C:EB:DC:1C:6C:22:8D:7B:26:43:FC:2F:9D:5E:91:61:94:9E:73:57:D2:32:03:93:AF:F8:AD:D0:06:28:22:76,1,CP62BEZfzu_lI7/fGVq,AEAD_AES_256_GCM,FEFD
T01,1776604063421.365,transport,2670,129745,TLS_ECDHE_ECDSA_WITH_CHACHA20_POLY1305_SHA256,client,connected,bt2f,controlling,connected,CF0E:54:EC:B0:3D:7D:53:DD:36:47:1A:A7:F4:B2:2F:2F:94:6D:0E:62:69:0A:35:3B:08:42:66:52:4A:34:37:B1,37,244,CF4C:EB:DC:1C:6C:22:8D:7B:26:43:FC:2F:9D:5E:91:61:94:9E:73:57:D2:32:03:93:AF:F8:AD:D0:06:28:22:76,1,CP62BEZfzu_lI7/fGVq,AEAD_AES_256_GCM,FEFD
T01,1776604063421.365,transport,2670,129745,TLS_ECDHE_ECDSA_WITH_CHACHA20_POLY1305_SHA256,client,connected,bt2f,controlling,connected,CF0E:54:EC:B0:3D:7D:53:DD:36:47:1A:A7:F4:B2:2F:2F:94:6D:0E:62:69:0A:35:3B:08:42:66:52:4A:34:37:B1,37,244,CF4C:EB:DC:1C:6C:22:8D:7B:26:43:FC:2F:9D:5E:91:61:94:9E:73:57:D2:32:03:93:AF:F8:AD:D0:06:28:22:76,1,CP62BEZfzu_lI7/fGVq,AEAD_AES_256_GCM,FEFD
T01,1776604063621.367,transport,2770,137936,TLS_ECDHE_ECDSA_WITH_CHACHA20_POLY1305_SHA256,client,connected,bt2f,controlling,connected,CF0E:54:EC:B0:3D:7D:53:DD:36:47:1A:A7:F4:B2:2F:2F:94:6D:0E:62:69:0A:35:3B:08:42:66:52:4A:34:37:B1,39,257,CF4C:EB:DC:1C:6C:22:8D:7B:26:43:FC:2F:9D:5E:91:61:94:9E:73:57:D2:32:03:93:AF:F8:AD:D0:06:28:22:76,1,CP62BEZfzu_lI7/fGVq,AEAD_AES_256_GCM,FEFD
T01,1776604063621.367,transport,2770,137936,TLS_ECDHE_ECDSA_WITH_CHACHA20_POLY1305_SHA256,client,connected,bt2f,controlling,connected,CF0E:54:EC:B0:3D:7D:53:DD:36:47:1A:A7:F4:B2:2F:2F:94:6D:0E:62:69:0A:35:3B:08:42:66:52:4A:34:37:B1,39,257,CF4C:EB:DC:1C:6C:22:8D:7B:26:43:FC:2F:9D:5E:91:61:94:9E:73:57:D2:32:03:93:AF:F8:AD:D0:06:28:22:76,1,CP62BEZfzu_lI7/fGVq,AEAD_AES_256_GCM,FEFD
T01,1776604063821.498,transport,2874,147850,TLS_ECDHE_ECDSA_WITH_CHACHA20_POLY1305_SHA256,client,connected,bt2f,controlling,connected,CF0E:54:EC:B0:3D:7D:53:DD:36:47:1A:A7:F4:B2:2F:2F:94:6D:0E:62:69:0A:35:3B:08:42:66:52:4A:34:37:B1,41,276,CF4C:EB:DC:1C:6C:22:8D:7B:26:43:FC:2F:9D:5E:91:61:94:9E:73:57:D2:32:03:93:AF:F8:AD:D0:06:28:22:76,1,CP62BEZfzu_lI7/fGVq,AEAD_AES_256_GCM,FEFD
T01,1776604063821.498,transport,2874,147850,TLS_ECDHE_ECDSA_WITH_CHACHA20_POLY1305_SHA256,client,connected,bt2f,controlling,connected,CF0E:54:EC:B0:3D:7D:53:DD:36:47:1A:A7:F4:B2:2F:2F:94:6D:0E:62:69:0A:35:3B:08:42:66:52:4A:34:37:B1,41,276,CF4C:EB:DC:1C:6C:22:8D:7B:26:43:FC:2F:9D:5E:91:61:94:9E:73:57:D2:32:03:93:AF:F8:AD:D0:06:28:22:76,1,CP62BEZfzu_lI7/fGVq,AEAD_AES_256_GCM,FEFD
T01,1776604064021.461,transport,2974,156616,TLS_ECDHE_ECDSA_WITH_CHACHA20_POLY1305_SHA256,client,connected,bt2f,controlling,connected,CF0E:54:EC:B0:3D:7D:53:DD:36:47:1A:A7:F4:B2:2F:2F:94:6D:0E:62:69:0A:35:3B:08:42:66:52:4A:34:37:B1,43,292,CF4C:EB:DC:1C:6C:22:8D:7B:26:43:FC:2F:9D:5E:91:61:94:9E:73:57:D2:32:03:93:AF:F8:AD:D0:06:28:22:76,1,CP62BEZfzu_lI7/fGVq,AEAD_AES_256_GCM,FEFD
T01,1776604064021.461,transport,2974,156616,TLS_ECDHE_ECDSA_WITH_CHACHA20_POLY1305_SHA256,client,connected,bt2f,controlling,connected,CF0E:54:EC:B0:3D:7D:53:DD:36:47:1A:A7:F4:B2:2F:2F:94:6D:0E:62:69:0A:35:3B:08:42:66:52:4A:34:37:B1,43,292,CF4C:EB:DC:1C:6C:22:8D:7B:26:43:FC:2F:9D:5E:91:61:94:9E:73:57:D2:32:03:93:AF:F8:AD:D0:06:28:22:76,1,CP62BEZfzu_lI7/fGVq,AEAD_AES_256_GCM,FEFD
T01,1776604064221.444,transport,3090,165845,TLS_ECDHE_ECDSA_WITH_CHACHA20_POLY1305_SHA256,client,connected,bt2f,controlling,connected,CF0E:54:EC:B0:3D:7D:53:DD:36:47:1A:A7:F4:B2:2F:2F:94:6D:0E:62:69:0A:35:3B:08:42:66:52:4A:34:37:B1,45,324,CF4C:EB:DC:1C:6C:22:8D:7B:26:43:FC:2F:9D:5E:91:61:94:9E:73:57:D2:32:03:93:AF:F8:AD:D0:06:28:22:76,1,CP62BEZfzu_lI7/fGVq,AEAD_AES_256_GCM,FEFD
T01,1776604064221.444,transport,3090,165845,TLS_ECDHE_ECDSA_WITH_CHACHA20_POLY1305_SHA256,client,connected,bt2f,controlling,connected,CF0E:54:EC:B0:3D:7D:53:DD:36:47:1A:A7:F4:B2:2F:2F:94:6D:0E:62:69:0A:35:3B:08:42:66:52:4A:34:37:B1,45,324,CF4C:EB:DC:1C:6C:22:8D:7B:26:43:FC:2F:9D:5E:91:61:94:9E:73:57:D2:32:03:93:AF:F8:AD:D0:06:28:22:76,1,CP62BEZfzu_lI7/fGVq,AEAD_AES_256_GCM,FEFD
T01,1776604064421.47,transport,3210,175580,TLS_ECDHE_ECDSA_WITH_CHACHA20_POLY1305_SHA256,client,connected,bt2f,controlling,connected,CF0E:54:EC:B0:3D:7D:53:DD:36:47:1A:A7:F4:B2:2F:2F:94:6D:0E:62:69:0A:35:3B:08:42:66:52:4A:34:37:B1,47,357,CF4C:EB:DC:1C:6C:22:8D:7B:26:43:FC:2F:9D:5E:91:61:94:9E:73:57:D2:32:03:93:AF:F8:AD:D0:06:28:22:76,1,CP62BEZfzu_lI7/fGVq,AEAD_AES_256_GCM,FEFD
T01,1776604064421.47,transport,3210,175580,TLS_ECDHE_ECDSA_WITH_CHACHA20_POLY1305_SHA256,client,connected,bt2f,controlling,connected,CF0E:54:EC:B0:3D:7D:53:DD:36:47:1A:A7:F4:B2:2F:2F:94:6D:0E:62:69:0A:35:3B:08:42:66:52:4A:34:37:B1,47,357,CF4C:EB:DC:1C:6C:22:8D:7B:26:43:FC:2F:9D:5E:91:61:94:9E:73:57:D2:32:03:93:AF:F8:AD:D0:06:28:22:76,1,CP62BEZfzu_lI7/fGVq,AEAD_AES_256_GCM,FEFD
T01,1776604064621.466,transport,3426,185315,TLS_ECDHE_ECDSA_WITH_CHACHA20_POLY1305_SHA256,client,connected,bt2f,controlling,connected,CF0E:54:EC:B0:3D:7D:53:DD:36:47:1A:A7:F4:B2:2F:2F:94:6D:0E:62:69:0A:35:3B:08:42:66:52:4A:34:37:B1,50,390,CF4C:EB:DC:1C:6C:22:8D:7B:26:43:FC:2F:9D:5E:91:61:94:9E:73:57:D2:32:03:93:AF:F8:AD:D0:06:28:22:76,1,CP62BEZfzu_lI7/fGVq,AEAD_AES_256_GCM,FEFD
T01,1776604064621.466,transport,3426,185315,TLS_ECDHE_ECDSA_WITH_CHACHA20_POLY1305_SHA256,client,connected,bt2f,controlling,connected,CF0E:54:EC:B0:3D:7D:53:DD:36:47:1A:A7:F4:B2:2F:2F:94:6D:0E:62:69:0A:35:3B:08:42:66:52:4A:34:37:B1,50,390,CF4C:EB:DC:1C:6C:22:8D:7B:26:43:FC:2F:9D:5E:91:61:94:9E:73:57:D2:32:03:93:AF:F8:AD:D0:06:28:22:76,1,CP62BEZfzu_lI7/fGVq,AEAD_AES_256_GCM,FEFD
T01,1776604064821.469,transport,3546,195345,TLS_ECDHE_ECDSA_WITH_CHACHA20_POLY1305_SHA256,client,connected,bt2f,controlling,connected,CF0E:54:EC:B0:3D:7D:53:DD:36:47:1A:A7:F4:B2:2F:2F:94:6D:0E:62:69:0A:35:3B:08:42:66:52:4A:34:37:B1,52,424,CF4C:EB:DC:1C:6C:22:8D:7B:26:43:FC:2F:9D:5E:91:61:94:9E:73:57:D2:32:03:93:AF:F8:AD:D0:06:28:22:76,1,CP62BEZfzu_lI7/fGVq,AEAD_AES_256_GCM,FEFD
T01,1776604064821.469,transport,3546,195345,TLS_ECDHE_ECDSA_WITH_CHACHA20_POLY1305_SHA256,client,connected,bt2f,controlling,connected,CF0E:54:EC:B0:3D:7D:53:DD:36:47:1A:A7:F4:B2:2F:2F:94:6D:0E:62:69:0A:35:3B:08:42:66:52:4A:34:37:B1,52,424,CF4C:EB:DC:1C:6C:22:8D:7B:26:43:FC:2F:9D:5E:91:61:94:9E:73:57:D2:32:03:93:AF:F8:AD:D0:06:28:22:76,1,CP62BEZfzu_lI7/fGVq,AEAD_AES_256_GCM,FEFD
T01,1776604065021.268,transport,3666,207125,TLS_ECDHE_ECDSA_WITH_CHACHA20_POLY1305_SHA256,client,connected,bt2f,controlling,connected,CF0E:54:EC:B0:3D:7D:53:DD:36:47:1A:A7:F4:B2:2F:2F:94:6D:0E:62:69:0A:35:3B:08:42:66:52:4A:34:37:B1,54,458,CF4C:EB:DC:1C:6C:22:8D:7B:26:43:FC:2F:9D:5E:91:61:94:9E:73:57:D2:32:03:93:AF:F8:AD:D0:06:28:22:76,1,CP62BEZfzu_lI7/fGVq,AEAD_AES_256_GCM,FEFD
T01,1776604065021.268,transport,3666,207125,TLS_ECDHE_ECDSA_WITH_CHACHA20_POLY1305_SHA256,client,connected,bt2f,controlling,connected,CF0E:54:EC:B0:3D:7D:53:DD:36:47:1A:A7:F4:B2:2F:2F:94:6D:0E:62:69:0A:35:3B:08:42:66:52:4A:34:37:B1,54,458,CF4C:EB:DC:1C:6C:22:8D:7B:26:43:FC:2F:9D:5E:91:61:94:9E:73:57:D2:32:03:93:AF:F8:AD:D0:06:28:22:76,1,CP62BEZfzu_lI7/fGVq,AEAD_AES_256_GCM,FEFD
T01,1776604065221.447,transport,3774,217502,TLS_ECDHE_ECDSA_WITH_CHACHA20_POLY1305_SHA256,client,connected,bt2f,controlling,connected,CF0E:54:EC:B0:3D:7D:53:DD:36:47:1A:A7:F4:B2:2F:2F:94:6D:0E:62:69:0A:35:3B:08:42:66:52:4A:34:37:B1,56,471,CF4C:EB:DC:1C:6C:22:8D:7B:26:43:FC:2F:9D:5E:91:61:94:9E:73:57:D2:32:03:93:AF:F8:AD:D0:06:28:22:76,1,CP62BEZfzu_lI7/fGVq,AEAD_AES_256_GCM,FEFD
T01,1776604065221.447,transport,3774,217502,TLS_ECDHE_ECDSA_WITH_CHACHA20_POLY1305_SHA256,client,connected,bt2f,controlling,connected,CF0E:54:EC:B0:3D:7D:53:DD:36:47:1A:A7:F4:B2:2F:2F:94:6D:0E:62:69:0A:35:3B:08:42:66:52:4A:34:37:B1,56,471,CF4C:EB:DC:1C:6C:22:8D:7B:26:43:FC:2F:9D:5E:91:61:94:9E:73:57:D2:32:03:93:AF:F8:AD:D0:06:28:22:76,1,CP62BEZfzu_lI7/fGVq,AEAD_AES_256_GCM,FEFD
T01,1776604065421.414,transport,3878,227108,TLS_ECDHE_ECDSA_WITH_CHACHA20_POLY1305_SHA256,client,connected,bt2f,controlling,connected,CF0E:54:EC:B0:3D:7D:53:DD:36:47:1A:A7:F4:B2:2F:2F:94:6D:0E:62:69:0A:35:3B:08:42:66:52:4A:34:37:B1,58,492,CF4C:EB:DC:1C:6C:22:8D:7B:26:43:FC:2F:9D:5E:91:61:94:9E:73:57:D2:32:03:93:AF:F8:AD:D0:06:28:22:76,1,CP62BEZfzu_lI7/fGVq,AEAD_AES_256_GCM,FEFD
T01,1776604065421.414,transport,3878,227108,TLS_ECDHE_ECDSA_WITH_CHACHA20_POLY1305_SHA256,client,connected,bt2f,controlling,connected,CF0E:54:EC:B0:3D:7D:53:DD:36:47:1A:A7:F4:B2:2F:2F:94:6D:0E:62:69:0A:35:3B:08:42:66:52:4A:34:37:B1,58,492,CF4C:EB:DC:1C:6C:22:8D:7B:26:43:FC:2F:9D:5E:91:61:94:9E:73:57:D2:32:03:93:AF:F8:AD:D0:06:28:22:76,1,CP62BEZfzu_lI7/fGVq,AEAD_AES_256_GCM,FEFD
T01,1776604065621.368,transport,3990,239595,TLS_ECDHE_ECDSA_WITH_CHACHA20_POLY1305_SHA256,client,connected,bt2f,controlling,connected,CF0E:54:EC:B0:3D:7D:53:DD:36:47:1A:A7:F4:B2:2F:2F:94:6D:0E:62:69:0A:35:3B:08:42:66:52:4A:34:37:B1,60,520,CF4C:EB:DC:1C:6C:22:8D:7B:26:43:FC:2F:9D:5E:91:61:94:9E:73:57:D2:32:03:93:AF:F8:AD:D0:06:28:22:76,1,CP62BEZfzu_lI7/fGVq,AEAD_AES_256_GCM,FEFD
T01,1776604065621.368,transport,3990,239595,TLS_ECDHE_ECDSA_WITH_CHACHA20_POLY1305_SHA256,client,connected,bt2f,controlling,connected,CF0E:54:EC:B0:3D:7D:53:DD:36:47:1A:A7:F4:B2:2F:2F:94:6D:0E:62:69:0A:35:3B:08:42:66:52:4A:34:37:B1,60,520,CF4C:EB:DC:1C:6C:22:8D:7B:26:43:FC:2F:9D:5E:91:61:94:9E:73:57:D2:32:03:93:AF:F8:AD:D0:06:28:22:76,1,CP62BEZfzu_lI7/fGVq,AEAD_AES_256_GCM,FEFD
T01,1776604065821.453,transport,4198,250270,TLS_ECDHE_ECDSA_WITH_CHACHA20_POLY1305_SHA256,client,connected,bt2f,controlling,connected,CF0E:54:EC:B0:3D:7D:53:DD:36:47:1A:A7:F4:B2:2F:2F:94:6D:0E:62:69:0A:35:3B:08:42:66:52:4A:34:37:B1,63,543,CF4C:EB:DC:1C:6C:22:8D:7B:26:43:FC:2F:9D:5E:91:61:94:9E:73:57:D2:32:03:93:AF:F8:AD:D0:06:28:22:76,1,CP62BEZfzu_lI7/fGVq,AEAD_AES_256_GCM,FEFD
T01,1776604065821.453,transport,4198,250270,TLS_ECDHE_ECDSA_WITH_CHACHA20_POLY1305_SHA256,client,connected,bt2f,controlling,connected,CF0E:54:EC:B0:3D:7D:53:DD:36:47:1A:A7:F4:B2:2F:2F:94:6D:0E:62:69:0A:35:3B:08:42:66:52:4A:34:37:B1,63,543,CF4C:EB:DC:1C:6C:22:8D:7B:26:43:FC:2F:9D:5E:91:61:94:9E:73:57:D2:32:03:93:AF:F8:AD:D0:06:28:22:76,1,CP62BEZfzu_lI7/fGVq,AEAD_AES_256_GCM,FEFD
T01,1776604066021.349,transport,4306,259045,TLS_ECDHE_ECDSA_WITH_CHACHA20_POLY1305_SHA256,client,connected,bt2f,controlling,connected,CF0E:54:EC:B0:3D:7D:53:DD:36:47:1A:A7:F4:B2:2F:2F:94:6D:0E:62:69:0A:35:3B:08:42:66:52:4A:34:37:B1,65,563,CF4C:EB:DC:1C:6C:22:8D:7B:26:43:FC:2F:9D:5E:91:61:94:9E:73:57:D2:32:03:93:AF:F8:AD:D0:06:28:22:76,1,CP62BEZfzu_lI7/fGVq,AEAD_AES_256_GCM,FEFD
T01,1776604066021.349,transport,4306,259045,TLS_ECDHE_ECDSA_WITH_CHACHA20_POLY1305_SHA256,client,connected,bt2f,controlling,connected,CF0E:54:EC:B0:3D:7D:53:DD:36:47:1A:A7:F4:B2:2F:2F:94:6D:0E:62:69:0A:35:3B:08:42:66:52:4A:34:37:B1,65,563,CF4C:EB:DC:1C:6C:22:8D:7B:26:43:FC:2F:9D:5E:91:61:94:9E:73:57:D2:32:03:93:AF:F8:AD:D0:06:28:22:76,1,CP62BEZfzu_lI7/fGVq,AEAD_AES_256_GCM,FEFD
T01,1776604066221.496,transport,4422,271325,TLS_ECDHE_ECDSA_WITH_CHACHA20_POLY1305_SHA256,client,connected,bt2f,controlling,connected,CF0E:54:EC:B0:3D:7D:53:DD:36:47:1A:A7:F4:B2:2F:2F:94:6D:0E:62:69:0A:35:3B:08:42:66:52:4A:34:37:B1,67,589,CF4C:EB:DC:1C:6C:22:8D:7B:26:43:FC:2F:9D:5E:91:61:94:9E:73:57:D2:32:03:93:AF:F8:AD:D0:06:28:22:76,1,CP62BEZfzu_lI7/fGVq,AEAD_AES_256_GCM,FEFD
T01,1776604066221.496,transport,4422,271325,TLS_ECDHE_ECDSA_WITH_CHACHA20_POLY1305_SHA256,client,connected,bt2f,controlling,connected,CF0E:54:EC:B0:3D:7D:53:DD:36:47:1A:A7:F4:B2:2F:2F:94:6D:0E:62:69:0A:35:3B:08:42:66:52:4A:34:37:B1,67,589,CF4C:EB:DC:1C:6C:22:8D:7B:26:43:FC:2F:9D:5E:91:61:94:9E:73:57:D2:32:03:93:AF:F8:AD:D0:06:28:22:76,1,CP62BEZfzu_lI7/fGVq,AEAD_AES_256_GCM,FEFD
T01,1776604066421.482,transport,4530,282193,TLS_ECDHE_ECDSA_WITH_CHACHA20_POLY1305_SHA256,client,connected,bt2f,controlling,connected,CF0E:54:EC:B0:3D:7D:53:DD:36:47:1A:A7:F4:B2:2F:2F:94:6D:0E:62:69:0A:35:3B:08:42:66:52:4A:34:37:B1,69,618,CF4C:EB:DC:1C:6C:22:8D:7B:26:43:FC:2F:9D:5E:91:61:94:9E:73:57:D2:32:03:93:AF:F8:AD:D0:06:28:22:76,1,CP62BEZfzu_lI7/fGVq,AEAD_AES_256_GCM,FEFD
T01,1776604066421.482,transport,4530,282193,TLS_ECDHE_ECDSA_WITH_CHACHA20_POLY1305_SHA256,client,connected,bt2f,controlling,connected,CF0E:54:EC:B0:3D:7D:53:DD:36:47:1A:A7:F4:B2:2F:2F:94:6D:0E:62:69:0A:35:3B:08:42:66:52:4A:34:37:B1,69,618,CF4C:EB:DC:1C:6C:22:8D:7B:26:43:FC:2F:9D:5E:91:61:94:9E:73:57:D2:32:03:93:AF:F8:AD:D0:06:28:22:76,1,CP62BEZfzu_lI7/fGVq,AEAD_AES_256_GCM,FEFD
T01,1776604066621.357,transport,4638,294312,TLS_ECDHE_ECDSA_WITH_CHACHA20_POLY1305_SHA256,client,connected,bt2f,controlling,connected,CF0E:54:EC:B0:3D:7D:53:DD:36:47:1A:A7:F4:B2:2F:2F:94:6D:0E:62:69:0A:35:3B:08:42:66:52:4A:34:37:B1,71,638,CF4C:EB:DC:1C:6C:22:8D:7B:26:43:FC:2F:9D:5E:91:61:94:9E:73:57:D2:32:03:93:AF:F8:AD:D0:06:28:22:76,1,CP62BEZfzu_lI7/fGVq,AEAD_AES_256_GCM,FEFD
T01,1776604066621.357,transport,4638,294312,TLS_ECDHE_ECDSA_WITH_CHACHA20_POLY1305_SHA256,client,connected,bt2f,controlling,connected,CF0E:54:EC:B0:3D:7D:53:DD:36:47:1A:A7:F4:B2:2F:2F:94:6D:0E:62:69:0A:35:3B:08:42:66:52:4A:34:37:B1,71,638,CF4C:EB:DC:1C:6C:22:8D:7B:26:43:FC:2F:9D:5E:91:61:94:9E:73:57:D2:32:03:93:AF:F8:AD:D0:06:28:22:76,1,CP62BEZfzu_lI7/fGVq,AEAD_AES_256_GCM,FEFD
T01,1776604066821.482,transport,4754,306232,TLS_ECDHE_ECDSA_WITH_CHACHA20_POLY1305_SHA256,client,connected,bt2f,controlling,connected,CF0E:54:EC:B0:3D:7D:53:DD:36:47:1A:A7:F4:B2:2F:2F:94:6D:0E:62:69:0A:35:3B:08:42:66:52:4A:34:37:B1,73,664,CF4C:EB:DC:1C:6C:22:8D:7B:26:43:FC:2F:9D:5E:91:61:94:9E:73:57:D2:32:03:93:AF:F8:AD:D0:06:28:22:76,1,CP62BEZfzu_lI7/fGVq,AEAD_AES_256_GCM,FEFD
T01,1776604066821.482,transport,4754,306232,TLS_ECDHE_ECDSA_WITH_CHACHA20_POLY1305_SHA256,client,connected,bt2f,controlling,connected,CF0E:54:EC:B0:3D:7D:53:DD:36:47:1A:A7:F4:B2:2F:2F:94:6D:0E:62:69:0A:35:3B:08:42:66:52:4A:34:37:B1,73,664,CF4C:EB:DC:1C:6C:22:8D:7B:26:43:FC:2F:9D:5E:91:61:94:9E:73:57:D2:32:03:93:AF:F8:AD:D0:06:28:22:76,1,CP62BEZfzu_lI7/fGVq,AEAD_AES_256_GCM,FEFD
T01,1776604067021.396,transport,4962,318213,TLS_ECDHE_ECDSA_WITH_CHACHA20_POLY1305_SHA256,client,connected,bt2f,controlling,connected,CF0E:54:EC:B0:3D:7D:53:DD:36:47:1A:A7:F4:B2:2F:2F:94:6D:0E:62:69:0A:35:3B:08:42:66:52:4A:34:37:B1,76,690,CF4C:EB:DC:1C:6C:22:8D:7B:26:43:FC:2F:9D:5E:91:61:94:9E:73:57:D2:32:03:93:AF:F8:AD:D0:06:28:22:76,1,CP62BEZfzu_lI7/fGVq,AEAD_AES_256_GCM,FEFD
T01,1776604067021.396,transport,4962,318213,TLS_ECDHE_ECDSA_WITH_CHACHA20_POLY1305_SHA256,client,connected,bt2f,controlling,connected,CF0E:54:EC:B0:3D:7D:53:DD:36:47:1A:A7:F4:B2:2F:2F:94:6D:0E:62:69:0A:35:3B:08:42:66:52:4A:34:37:B1,76,690,CF4C:EB:DC:1C:6C:22:8D:7B:26:43:FC:2F:9D:5E:91:61:94:9E:73:57:D2:32:03:93:AF:F8:AD:D0:06:28:22:76,1,CP62BEZfzu_lI7/fGVq,AEAD_AES_256_GCM,FEFD
T01,1776604067221.46,transport,5078,330749,TLS_ECDHE_ECDSA_WITH_CHACHA20_POLY1305_SHA256,client,connected,bt2f,controlling,connected,CF0E:54:EC:B0:3D:7D:53:DD:36:47:1A:A7:F4:B2:2F:2F:94:6D:0E:62:69:0A:35:3B:08:42:66:52:4A:34:37:B1,78,718,CF4C:EB:DC:1C:6C:22:8D:7B:26:43:FC:2F:9D:5E:91:61:94:9E:73:57:D2:32:03:93:AF:F8:AD:D0:06:28:22:76,1,CP62BEZfzu_lI7/fGVq,AEAD_AES_256_GCM,FEFD
T01,1776604067221.46,transport,5078,330749,TLS_ECDHE_ECDSA_WITH_CHACHA20_POLY1305_SHA256,client,connected,bt2f,controlling,connected,CF0E:54:EC:B0:3D:7D:53:DD:36:47:1A:A7:F4:B2:2F:2F:94:6D:0E:62:69:0A:35:3B:08:42:66:52:4A:34:37:B1,78,718,CF4C:EB:DC:1C:6C:22:8D:7B:26:43:FC:2F:9D:5E:91:61:94:9E:73:57:D2:32:03:93:AF:F8:AD:D0:06:28:22:76,1,CP62BEZfzu_lI7/fGVq,AEAD_AES_256_GCM,FEFD
T01,1776604067421.404,transport,5194,341855,TLS_ECDHE_ECDSA_WITH_CHACHA20_POLY1305_SHA256,client,connected,bt2f,controlling,connected,CF0E:54:EC:B0:3D:7D:53:DD:36:47:1A:A7:F4:B2:2F:2F:94:6D:0E:62:69:0A:35:3B:08:42:66:52:4A:34:37:B1,80,743,CF4C:EB:DC:1C:6C:22:8D:7B:26:43:FC:2F:9D:5E:91:61:94:9E:73:57:D2:32:03:93:AF:F8:AD:D0:06:28:22:76,1,CP62BEZfzu_lI7/fGVq,AEAD_AES_256_GCM,FEFD
T01,1776604067421.404,transport,5194,341855,TLS_ECDHE_ECDSA_WITH_CHACHA20_POLY1305_SHA256,client,connected,bt2f,controlling,connected,CF0E:54:EC:B0:3D:7D:53:DD:36:47:1A:A7:F4:B2:2F:2F:94:6D:0E:62:69:0A:35:3B:08:42:66:52:4A:34:37:B1,80,743,CF4C:EB:DC:1C:6C:22:8D:7B:26:43:FC:2F:9D:5E:91:61:94:9E:73:57:D2:32:03:93:AF:F8:AD:D0:06:28:22:76,1,CP62BEZfzu_lI7/fGVq,AEAD_AES_256_GCM,FEFD
T01,1776604067621.364,transport,5306,355673,TLS_ECDHE_ECDSA_WITH_CHACHA20_POLY1305_SHA256,client,connected,bt2f,controlling,connected,CF0E:54:EC:B0:3D:7D:53:DD:36:47:1A:A7:F4:B2:2F:2F:94:6D:0E:62:69:0A:35:3B:08:42:66:52:4A:34:37:B1,82,774,CF4C:EB:DC:1C:6C:22:8D:7B:26:43:FC:2F:9D:5E:91:61:94:9E:73:57:D2:32:03:93:AF:F8:AD:D0:06:28:22:76,1,CP62BEZfzu_lI7/fGVq,AEAD_AES_256_GCM,FEFD
T01,1776604067621.364,transport,5306,355673,TLS_ECDHE_ECDSA_WITH_CHACHA20_POLY1305_SHA256,client,connected,bt2f,controlling,connected,CF0E:54:EC:B0:3D:7D:53:DD:36:47:1A:A7:F4:B2:2F:2F:94:6D:0E:62:69:0A:35:3B:08:42:66:52:4A:34:37:B1,82,774,CF4C:EB:DC:1C:6C:22:8D:7B:26:43:FC:2F:9D:5E:91:61:94:9E:73:57:D2:32:03:93:AF:F8:AD:D0:06:28:22:76,1,CP62BEZfzu_lI7/fGVq,AEAD_AES_256_GCM,FEFD
T01,1776604067821.243,transport,5422,367784,TLS_ECDHE_ECDSA_WITH_CHACHA20_POLY1305_SHA256,client,connected,bt2f,controlling,connected,CF0E:54:EC:B0:3D:7D:53:DD:36:47:1A:A7:F4:B2:2F:2F:94:6D:0E:62:69:0A:35:3B:08:42:66:52:4A:34:37:B1,84,802,CF4C:EB:DC:1C:6C:22:8D:7B:26:43:FC:2F:9D:5E:91:61:94:9E:73:57:D2:32:03:93:AF:F8:AD:D0:06:28:22:76,1,CP62BEZfzu_lI7/fGVq,AEAD_AES_256_GCM,FEFD
T01,1776604067821.243,transport,5422,367784,TLS_ECDHE_ECDSA_WITH_CHACHA20_POLY1305_SHA256,client,connected,bt2f,controlling,connected,CF0E:54:EC:B0:3D:7D:53:DD:36:47:1A:A7:F4:B2:2F:2F:94:6D:0E:62:69:0A:35:3B:08:42:66:52:4A:34:37:B1,84,802,CF4C:EB:DC:1C:6C:22:8D:7B:26:43:FC:2F:9D:5E:91:61:94:9E:73:57:D2:32:03:93:AF:F8:AD:D0:06:28:22:76,1,CP62BEZfzu_lI7/fGVq,AEAD_AES_256_GCM,FEFD
T01,1776604068021.352,transport,5530,381693,TLS_ECDHE_ECDSA_WITH_CHACHA20_POLY1305_SHA256,client,connected,bt2f,controlling,connected,CF0E:54:EC:B0:3D:7D:53:DD:36:47:1A:A7:F4:B2:2F:2F:94:6D:0E:62:69:0A:35:3B:08:42:66:52:4A:34:37:B1,86,819,CF4C:EB:DC:1C:6C:22:8D:7B:26:43:FC:2F:9D:5E:91:61:94:9E:73:57:D2:32:03:93:AF:F8:AD:D0:06:28:22:76,1,CP62BEZfzu_lI7/fGVq,AEAD_AES_256_GCM,FEFD
T01,1776604068021.352,transport,5530,381693,TLS_ECDHE_ECDSA_WITH_CHACHA20_POLY1305_SHA256,client,connected,bt2f,controlling,connected,CF0E:54:EC:B0:3D:7D:53:DD:36:47:1A:A7:F4:B2:2F:2F:94:6D:0E:62:69:0A:35:3B:08:42:66:52:4A:34:37:B1,86,819,CF4C:EB:DC:1C:6C:22:8D:7B:26:43:FC:2F:9D:5E:91:61:94:9E:73:57:D2:32:03:93:AF:F8:AD:D0:06:28:22:76,1,CP62BEZfzu_lI7/fGVq,AEAD_AES_256_GCM,FEFD
T01,1776604068221.461,transport,5734,392947,TLS_ECDHE_ECDSA_WITH_CHACHA20_POLY1305_SHA256,client,connected,bt2f,controlling,connected,CF0E:54:EC:B0:3D:7D:53:DD:36:47:1A:A7:F4:B2:2F:2F:94:6D:0E:62:69:0A:35:3B:08:42:66:52:4A:34:37:B1,89,835,CF4C:EB:DC:1C:6C:22:8D:7B:26:43:FC:2F:9D:5E:91:61:94:9E:73:57:D2:32:03:93:AF:F8:AD:D0:06:28:22:76,1,CP62BEZfzu_lI7/fGVq,AEAD_AES_256_GCM,FEFD
T01,1776604068221.461,transport,5734,392947,TLS_ECDHE_ECDSA_WITH_CHACHA20_POLY1305_SHA256,client,connected,bt2f,controlling,connected,CF0E:54:EC:B0:3D:7D:53:DD:36:47:1A:A7:F4:B2:2F:2F:94:6D:0E:62:69:0A:35:3B:08:42:66:52:4A:34:37:B1,89,835,CF4C:EB:DC:1C:6C:22:8D:7B:26:43:FC:2F:9D:5E:91:61:94:9E:73:57:D2:32:03:93:AF:F8:AD:D0:06:28:22:76,1,CP62BEZfzu_lI7/fGVq,AEAD_AES_256_GCM,FEFD
T01,1776604068421.32,transport,5850,408206,TLS_ECDHE_ECDSA_WITH_CHACHA20_POLY1305_SHA256,client,connected,bt2f,controlling,connected,CF0E:54:EC:B0:3D:7D:53:DD:36:47:1A:A7:F4:B2:2F:2F:94:6D:0E:62:69:0A:35:3B:08:42:66:52:4A:34:37:B1,91,874,CF4C:EB:DC:1C:6C:22:8D:7B:26:43:FC:2F:9D:5E:91:61:94:9E:73:57:D2:32:03:93:AF:F8:AD:D0:06:28:22:76,1,CP62BEZfzu_lI7/fGVq,AEAD_AES_256_GCM,FEFD
T01,1776604068421.32,transport,5850,408206,TLS_ECDHE_ECDSA_WITH_CHACHA20_POLY1305_SHA256,client,connected,bt2f,controlling,connected,CF0E:54:EC:B0:3D:7D:53:DD:36:47:1A:A7:F4:B2:2F:2F:94:6D:0E:62:69:0A:35:3B:08:42:66:52:4A:34:37:B1,91,874,CF4C:EB:DC:1C:6C:22:8D:7B:26:43:FC:2F:9D:5E:91:61:94:9E:73:57:D2:32:03:93:AF:F8:AD:D0:06:28:22:76,1,CP62BEZfzu_lI7/fGVq,AEAD_AES_256_GCM,FEFD
T01,1776604068621.359,transport,5970,420324,TLS_ECDHE_ECDSA_WITH_CHACHA20_POLY1305_SHA256,client,connected,bt2f,controlling,connected,CF0E:54:EC:B0:3D:7D:53:DD:36:47:1A:A7:F4:B2:2F:2F:94:6D:0E:62:69:0A:35:3B:08:42:66:52:4A:34:37:B1,93,900,CF4C:EB:DC:1C:6C:22:8D:7B:26:43:FC:2F:9D:5E:91:61:94:9E:73:57:D2:32:03:93:AF:F8:AD:D0:06:28:22:76,1,CP62BEZfzu_lI7/fGVq,AEAD_AES_256_GCM,FEFD
T01,1776604068621.359,transport,5970,420324,TLS_ECDHE_ECDSA_WITH_CHACHA20_POLY1305_SHA256,client,connected,bt2f,controlling,connected,CF0E:54:EC:B0:3D:7D:53:DD:36:47:1A:A7:F4:B2:2F:2F:94:6D:0E:62:69:0A:35:3B:08:42:66:52:4A:34:37:B1,93,900,CF4C:EB:DC:1C:6C:22:8D:7B:26:43:FC:2F:9D:5E:91:61:94:9E:73:57:D2:32:03:93:AF:F8:AD:D0:06:28:22:76,1,CP62BEZfzu_lI7/fGVq,AEAD_AES_256_GCM,FEFD
T01,1776604068821.369,transport,6086,433854,TLS_ECDHE_ECDSA_WITH_CHACHA20_POLY1305_SHA256,client,connected,bt2f,controlling,connected,CF0E:54:EC:B0:3D:7D:53:DD:36:47:1A:A7:F4:B2:2F:2F:94:6D:0E:62:69:0A:35:3B:08:42:66:52:4A:34:37:B1,95,937,CF4C:EB:DC:1C:6C:22:8D:7B:26:43:FC:2F:9D:5E:91:61:94:9E:73:57:D2:32:03:93:AF:F8:AD:D0:06:28:22:76,1,CP62BEZfzu_lI7/fGVq,AEAD_AES_256_GCM,FEFD
T01,1776604068821.369,transport,6086,433854,TLS_ECDHE_ECDSA_WITH_CHACHA20_POLY1305_SHA256,client,connected,bt2f,controlling,connected,CF0E:54:EC:B0:3D:7D:53:DD:36:47:1A:A7:F4:B2:2F:2F:94:6D:0E:62:69:0A:35:3B:08:42:66:52:4A:34:37:B1,95,937,CF4C:EB:DC:1C:6C:22:8D:7B:26:43:FC:2F:9D:5E:91:61:94:9E:73:57:D2:32:03:93:AF:F8:AD:D0:06:28:22:76,1,CP62BEZfzu_lI7/fGVq,AEAD_AES_256_GCM,FEFD
T01,1776604069021.503,transport,6206,447598,TLS_ECDHE_ECDSA_WITH_CHACHA20_POLY1305_SHA256,client,connected,bt2f,controlling,connected,CF0E:54:EC:B0:3D:7D:53:DD:36:47:1A:A7:F4:B2:2F:2F:94:6D:0E:62:69:0A:35:3B:08:42:66:52:4A:34:37:B1,97,969,CF4C:EB:DC:1C:6C:22:8D:7B:26:43:FC:2F:9D:5E:91:61:94:9E:73:57:D2:32:03:93:AF:F8:AD:D0:06:28:22:76,1,CP62BEZfzu_lI7/fGVq,AEAD_AES_256_GCM,FEFD
T01,1776604069021.503,transport,6206,447598,TLS_ECDHE_ECDSA_WITH_CHACHA20_POLY1305_SHA256,client,connected,bt2f,controlling,connected,CF0E:54:EC:B0:3D:7D:53:DD:36:47:1A:A7:F4:B2:2F:2F:94:6D:0E:62:69:0A:35:3B:08:42:66:52:4A:34:37:B1,97,969,CF4C:EB:DC:1C:6C:22:8D:7B:26:43:FC:2F:9D:5E:91:61:94:9E:73:57:D2:32:03:93:AF:F8:AD:D0:06:28:22:76,1,CP62BEZfzu_lI7/fGVq,AEAD_AES_256_GCM,FEFD
T01,1776604069221.342,transport,6326,463903,TLS_ECDHE_ECDSA_WITH_CHACHA20_POLY1305_SHA256,client,connected,bt2f,controlling,connected,CF0E:54:EC:B0:3D:7D:53:DD:36:47:1A:A7:F4:B2:2F:2F:94:6D:0E:62:69:0A:35:3B:08:42:66:52:4A:34:37:B1,99,1006,CF4C:EB:DC:1C:6C:22:8D:7B:26:43:FC:2F:9D:5E:91:61:94:9E:73:57:D2:32:03:93:AF:F8:AD:D0:06:28:22:76,1,CP62BEZfzu_lI7/fGVq,AEAD_AES_256_GCM,FEFD
T01,1776604069221.342,transport,6326,463903,TLS_ECDHE_ECDSA_WITH_CHACHA20_POLY1305_SHA256,client,connected,bt2f,controlling,connected,CF0E:54:EC:B0:3D:7D:53:DD:36:47:1A:A7:F4:B2:2F:2F:94:6D:0E:62:69:0A:35:3B:08:42:66:52:4A:34:37:B1,99,1006,CF4C:EB:DC:1C:6C:22:8D:7B:26:43:FC:2F:9D:5E:91:61:94:9E:73:57:D2:32:03:93:AF:F8:AD:D0:06:28:22:76,1,CP62BEZfzu_lI7/fGVq,AEAD_AES_256_GCM,FEFD
T01,1776604069421.389,transport,6446,475986,TLS_ECDHE_ECDSA_WITH_CHACHA20_POLY1305_SHA256,client,connected,bt2f,controlling,connected,CF0E:54:EC:B0:3D:7D:53:DD:36:47:1A:A7:F4:B2:2F:2F:94:6D:0E:62:69:0A:35:3B:08:42:66:52:4A:34:37:B1,101,1035,CF4C:EB:DC:1C:6C:22:8D:7B:26:43:FC:2F:9D:5E:91:61:94:9E:73:57:D2:32:03:93:AF:F8:AD:D0:06:28:22:76,1,CP62BEZfzu_lI7/fGVq,AEAD_AES_256_GCM,FEFD
T01,1776604069421.389,transport,6446,475986,TLS_ECDHE_ECDSA_WITH_CHACHA20_POLY1305_SHA256,client,connected,bt2f,controlling,connected,CF0E:54:EC:B0:3D:7D:53:DD:36:47:1A:A7:F4:B2:2F:2F:94:6D:0E:62:69:0A:35:3B:08:42:66:52:4A:34:37:B1,101,1035,CF4C:EB:DC:1C:6C:22:8D:7B:26:43:FC:2F:9D:5E:91:61:94:9E:73:57:D2:32:03:93:AF:F8:AD:D0:06:28:22:76,1,CP62BEZfzu_lI7/fGVq,AEAD_AES_256_GCM,FEFD
T01,1776604069621.459,transport,6658,490762,TLS_ECDHE_ECDSA_WITH_CHACHA20_POLY1305_SHA256,client,connected,bt2f,controlling,connected,CF0E:54:EC:B0:3D:7D:53:DD:36:47:1A:A7:F4:B2:2F:2F:94:6D:0E:62:69:0A:35:3B:08:42:66:52:4A:34:37:B1,104,1065,CF4C:EB:DC:1C:6C:22:8D:7B:26:43:FC:2F:9D:5E:91:61:94:9E:73:57:D2:32:03:93:AF:F8:AD:D0:06:28:22:76,1,CP62BEZfzu_lI7/fGVq,AEAD_AES_256_GCM,FEFD
T01,1776604069621.459,transport,6658,490762,TLS_ECDHE_ECDSA_WITH_CHACHA20_POLY1305_SHA256,client,connected,bt2f,controlling,connected,CF0E:54:EC:B0:3D:7D:53:DD:36:47:1A:A7:F4:B2:2F:2F:94:6D:0E:62:69:0A:35:3B:08:42:66:52:4A:34:37:B1,104,1065,CF4C:EB:DC:1C:6C:22:8D:7B:26:43:FC:2F:9D:5E:91:61:94:9E:73:57:D2:32:03:93:AF:F8:AD:D0:06:28:22:76,1,CP62BEZfzu_lI7/fGVq,AEAD_AES_256_GCM,FEFD
T01,1776604069821.331,transport,6778,505956,TLS_ECDHE_ECDSA_WITH_CHACHA20_POLY1305_SHA256,client,connected,bt2f,controlling,connected,CF0E:54:EC:B0:3D:7D:53:DD:36:47:1A:A7:F4:B2:2F:2F:94:6D:0E:62:69:0A:35:3B:08:42:66:52:4A:34:37:B1,106,1098,CF4C:EB:DC:1C:6C:22:8D:7B:26:43:FC:2F:9D:5E:91:61:94:9E:73:57:D2:32:03:93:AF:F8:AD:D0:06:28:22:76,1,CP62BEZfzu_lI7/fGVq,AEAD_AES_256_GCM,FEFD
T01,1776604069821.331,transport,6778,505956,TLS_ECDHE_ECDSA_WITH_CHACHA20_POLY1305_SHA256,client,connected,bt2f,controlling,connected,CF0E:54:EC:B0:3D:7D:53:DD:36:47:1A:A7:F4:B2:2F:2F:94:6D:0E:62:69:0A:35:3B:08:42:66:52:4A:34:37:B1,106,1098,CF4C:EB:DC:1C:6C:22:8D:7B:26:43:FC:2F:9D:5E:91:61:94:9E:73:57:D2:32:03:93:AF:F8:AD:D0:06:28:22:76,1,CP62BEZfzu_lI7/fGVq,AEAD_AES_256_GCM,FEFD
T01,1776604070021.295,transport,6902,521465,TLS_ECDHE_ECDSA_WITH_CHACHA20_POLY1305_SHA256,client,connected,bt2f,controlling,connected,CF0E:54:EC:B0:3D:7D:53:DD:36:47:1A:A7:F4:B2:2F:2F:94:6D:0E:62:69:0A:35:3B:08:42:66:52:4A:34:37:B1,108,1134,CF4C:EB:DC:1C:6C:22:8D:7B:26:43:FC:2F:9D:5E:91:61:94:9E:73:57:D2:32:03:93:AF:F8:AD:D0:06:28:22:76,1,CP62BEZfzu_lI7/fGVq,AEAD_AES_256_GCM,FEFD
T01,1776604070021.295,transport,6902,521465,TLS_ECDHE_ECDSA_WITH_CHACHA20_POLY1305_SHA256,client,connected,bt2f,controlling,connected,CF0E:54:EC:B0:3D:7D:53:DD:36:47:1A:A7:F4:B2:2F:2F:94:6D:0E:62:69:0A:35:3B:08:42:66:52:4A:34:37:B1,108,1134,CF4C:EB:DC:1C:6C:22:8D:7B:26:43:FC:2F:9D:5E:91:61:94:9E:73:57:D2:32:03:93:AF:F8:AD:D0:06:28:22:76,1,CP62BEZfzu_lI7/fGVq,AEAD_AES_256_GCM,FEFD
T01,1776604070221.417,transport,7006,536845,TLS_ECDHE_ECDSA_WITH_CHACHA20_POLY1305_SHA256,client,connected,bt2f,controlling,connected,CF0E:54:EC:B0:3D:7D:53:DD:36:47:1A:A7:F4:B2:2F:2F:94:6D:0E:62:69:0A:35:3B:08:42:66:52:4A:34:37:B1,110,1150,CF4C:EB:DC:1C:6C:22:8D:7B:26:43:FC:2F:9D:5E:91:61:94:9E:73:57:D2:32:03:93:AF:F8:AD:D0:06:28:22:76,1,CP62BEZfzu_lI7/fGVq,AEAD_AES_256_GCM,FEFD
T01,1776604070221.417,transport,7006,536845,TLS_ECDHE_ECDSA_WITH_CHACHA20_POLY1305_SHA256,client,connected,bt2f,controlling,connected,CF0E:54:EC:B0:3D:7D:53:DD:36:47:1A:A7:F4:B2:2F:2F:94:6D:0E:62:69:0A:35:3B:08:42:66:52:4A:34:37:B1,110,1150,CF4C:EB:DC:1C:6C:22:8D:7B:26:43:FC:2F:9D:5E:91:61:94:9E:73:57:D2:32:03:93:AF:F8:AD:D0:06:28:22:76,1,CP62BEZfzu_lI7/fGVq,AEAD_AES_256_GCM,FEFD
T01,1776604070421.378,transport,7106,554398,TLS_ECDHE_ECDSA_WITH_CHACHA20_POLY1305_SHA256,client,connected,bt2f,controlling,connected,CF0E:54:EC:B0:3D:7D:53:DD:36:47:1A:A7:F4:B2:2F:2F:94:6D:0E:62:69:0A:35:3B:08:42:66:52:4A:34:37:B1,112,1168,CF4C:EB:DC:1C:6C:22:8D:7B:26:43:FC:2F:9D:5E:91:61:94:9E:73:57:D2:32:03:93:AF:F8:AD:D0:06:28:22:76,1,CP62BEZfzu_lI7/fGVq,AEAD_AES_256_GCM,FEFD
T01,1776604070421.378,transport,7106,554398,TLS_ECDHE_ECDSA_WITH_CHACHA20_POLY1305_SHA256,client,connected,bt2f,controlling,connected,CF0E:54:EC:B0:3D:7D:53:DD:36:47:1A:A7:F4:B2:2F:2F:94:6D:0E:62:69:0A:35:3B:08:42:66:52:4A:34:37:B1,112,1168,CF4C:EB:DC:1C:6C:22:8D:7B:26:43:FC:2F:9D:5E:91:61:94:9E:73:57:D2:32:03:93:AF:F8:AD:D0:06:28:22:76,1,CP62BEZfzu_lI7/fGVq,AEAD_AES_256_GCM,FEFD
T01,1776604070621.411,transport,7210,569102,TLS_ECDHE_ECDSA_WITH_CHACHA20_POLY1305_SHA256,client,connected,bt2f,controlling,connected,CF0E:54:EC:B0:3D:7D:53:DD:36:47:1A:A7:F4:B2:2F:2F:94:6D:0E:62:69:0A:35:3B:08:42:66:52:4A:34:37:B1,114,1184,CF4C:EB:DC:1C:6C:22:8D:7B:26:43:FC:2F:9D:5E:91:61:94:9E:73:57:D2:32:03:93:AF:F8:AD:D0:06:28:22:76,1,CP62BEZfzu_lI7/fGVq,AEAD_AES_256_GCM,FEFD
T01,1776604070621.411,transport,7210,569102,TLS_ECDHE_ECDSA_WITH_CHACHA20_POLY1305_SHA256,client,connected,bt2f,controlling,connected,CF0E:54:EC:B0:3D:7D:53:DD:36:47:1A:A7:F4:B2:2F:2F:94:6D:0E:62:69:0A:35:3B:08:42:66:52:4A:34:37:B1,114,1184,CF4C:EB:DC:1C:6C:22:8D:7B:26:43:FC:2F:9D:5E:91:61:94:9E:73:57:D2:32:03:93:AF:F8:AD:D0:06:28:22:76,1,CP62BEZfzu_lI7/fGVq,AEAD_AES_256_GCM,FEFD
T01,1776604070821.23,transport,7314,585907,TLS_ECDHE_ECDSA_WITH_CHACHA20_POLY1305_SHA256,client,connected,bt2f,controlling,connected,CF0E:54:EC:B0:3D:7D:53:DD:36:47:1A:A7:F4:B2:2F:2F:94:6D:0E:62:69:0A:35:3B:08:42:66:52:4A:34:37:B1,116,1202,CF4C:EB:DC:1C:6C:22:8D:7B:26:43:FC:2F:9D:5E:91:61:94:9E:73:57:D2:32:03:93:AF:F8:AD:D0:06:28:22:76,1,CP62BEZfzu_lI7/fGVq,AEAD_AES_256_GCM,FEFD
T01,1776604070821.23,transport,7314,585907,TLS_ECDHE_ECDSA_WITH_CHACHA20_POLY1305_SHA256,client,connected,bt2f,controlling,connected,CF0E:54:EC:B0:3D:7D:53:DD:36:47:1A:A7:F4:B2:2F:2F:94:6D:0E:62:69:0A:35:3B:08:42:66:52:4A:34:37:B1,116,1202,CF4C:EB:DC:1C:6C:22:8D:7B:26:43:FC:2F:9D:5E:91:61:94:9E:73:57:D2:32:03:93:AF:F8:AD:D0:06:28:22:76,1,CP62BEZfzu_lI7/fGVq,AEAD_AES_256_GCM,FEFD
T01,1776604071021.363,transport,7514,602002,TLS_ECDHE_ECDSA_WITH_CHACHA20_POLY1305_SHA256,client,connected,bt2f,controlling,connected,CF0E:54:EC:B0:3D:7D:53:DD:36:47:1A:A7:F4:B2:2F:2F:94:6D:0E:62:69:0A:35:3B:08:42:66:52:4A:34:37:B1,119,1218,CF4C:EB:DC:1C:6C:22:8D:7B:26:43:FC:2F:9D:5E:91:61:94:9E:73:57:D2:32:03:93:AF:F8:AD:D0:06:28:22:76,1,CP62BEZfzu_lI7/fGVq,AEAD_AES_256_GCM,FEFD
T01,1776604071021.363,transport,7514,602002,TLS_ECDHE_ECDSA_WITH_CHACHA20_POLY1305_SHA256,client,connected,bt2f,controlling,connected,CF0E:54:EC:B0:3D:7D:53:DD:36:47:1A:A7:F4:B2:2F:2F:94:6D:0E:62:69:0A:35:3B:08:42:66:52:4A:34:37:B1,119,1218,CF4C:EB:DC:1C:6C:22:8D:7B:26:43:FC:2F:9D:5E:91:61:94:9E:73:57:D2:32:03:93:AF:F8:AD:D0:06:28:22:76,1,CP62BEZfzu_lI7/fGVq,AEAD_AES_256_GCM,FEFD
T01,1776604071221.431,transport,7618,618724,TLS_ECDHE_ECDSA_WITH_CHACHA20_POLY1305_SHA256,client,connected,bt2f,controlling,connected,CF0E:54:EC:B0:3D:7D:53:DD:36:47:1A:A7:F4:B2:2F:2F:94:6D:0E:62:69:0A:35:3B:08:42:66:52:4A:34:37:B1,121,1235,CF4C:EB:DC:1C:6C:22:8D:7B:26:43:FC:2F:9D:5E:91:61:94:9E:73:57:D2:32:03:93:AF:F8:AD:D0:06:28:22:76,1,CP62BEZfzu_lI7/fGVq,AEAD_AES_256_GCM,FEFD
T01,1776604071221.431,transport,7618,618724,TLS_ECDHE_ECDSA_WITH_CHACHA20_POLY1305_SHA256,client,connected,bt2f,controlling,connected,CF0E:54:EC:B0:3D:7D:53:DD:36:47:1A:A7:F4:B2:2F:2F:94:6D:0E:62:69:0A:35:3B:08:42:66:52:4A:34:37:B1,121,1235,CF4C:EB:DC:1C:6C:22:8D:7B:26:43:FC:2F:9D:5E:91:61:94:9E:73:57:D2:32:03:93:AF:F8:AD:D0:06:28:22:76,1,CP62BEZfzu_lI7/fGVq,AEAD_AES_256_GCM,FEFD
T01,1776604071421.416,transport,7722,634849,TLS_ECDHE_ECDSA_WITH_CHACHA20_POLY1305_SHA256,client,connected,bt2f,controlling,connected,CF0E:54:EC:B0:3D:7D:53:DD:36:47:1A:A7:F4:B2:2F:2F:94:6D:0E:62:69:0A:35:3B:08:42:66:52:4A:34:37:B1,123,1253,CF4C:EB:DC:1C:6C:22:8D:7B:26:43:FC:2F:9D:5E:91:61:94:9E:73:57:D2:32:03:93:AF:F8:AD:D0:06:28:22:76,1,CP62BEZfzu_lI7/fGVq,AEAD_AES_256_GCM,FEFD
T01,1776604071421.416,transport,7722,634849,TLS_ECDHE_ECDSA_WITH_CHACHA20_POLY1305_SHA256,client,connected,bt2f,controlling,connected,CF0E:54:EC:B0:3D:7D:53:DD:36:47:1A:A7:F4:B2:2F:2F:94:6D:0E:62:69:0A:35:3B:08:42:66:52:4A:34:37:B1,123,1253,CF4C:EB:DC:1C:6C:22:8D:7B:26:43:FC:2F:9D:5E:91:61:94:9E:73:57:D2:32:03:93:AF:F8:AD:D0:06:28:22:76,1,CP62BEZfzu_lI7/fGVq,AEAD_AES_256_GCM,FEFD
T01,1776604071621.388,transport,7826,652064,TLS_ECDHE_ECDSA_WITH_CHACHA20_POLY1305_SHA256,client,connected,bt2f,controlling,connected,CF0E:54:EC:B0:3D:7D:53:DD:36:47:1A:A7:F4:B2:2F:2F:94:6D:0E:62:69:0A:35:3B:08:42:66:52:4A:34:37:B1,125,1271,CF4C:EB:DC:1C:6C:22:8D:7B:26:43:FC:2F:9D:5E:91:61:94:9E:73:57:D2:32:03:93:AF:F8:AD:D0:06:28:22:76,1,CP62BEZfzu_lI7/fGVq,AEAD_AES_256_GCM,FEFD
T01,1776604071621.388,transport,7826,652064,TLS_ECDHE_ECDSA_WITH_CHACHA20_POLY1305_SHA256,client,connected,bt2f,controlling,connected,CF0E:54:EC:B0:3D:7D:53:DD:36:47:1A:A7:F4:B2:2F:2F:94:6D:0E:62:69:0A:35:3B:08:42:66:52:4A:34:37:B1,125,1271,CF4C:EB:DC:1C:6C:22:8D:7B:26:43:FC:2F:9D:5E:91:61:94:9E:73:57:D2:32:03:93:AF:F8:AD:D0:06:28:22:76,1,CP62BEZfzu_lI7/fGVq,AEAD_AES_256_GCM,FEFD
T01,1776604071821.306,transport,7930,668822,TLS_ECDHE_ECDSA_WITH_CHACHA20_POLY1305_SHA256,client,connected,bt2f,controlling,connected,CF0E:54:EC:B0:3D:7D:53:DD:36:47:1A:A7:F4:B2:2F:2F:94:6D:0E:62:69:0A:35:3B:08:42:66:52:4A:34:37:B1,127,1289,CF4C:EB:DC:1C:6C:22:8D:7B:26:43:FC:2F:9D:5E:91:61:94:9E:73:57:D2:32:03:93:AF:F8:AD:D0:06:28:22:76,1,CP62BEZfzu_lI7/fGVq,AEAD_AES_256_GCM,FEFD
T01,1776604071821.306,transport,7930,668822,TLS_ECDHE_ECDSA_WITH_CHACHA20_POLY1305_SHA256,client,connected,bt2f,controlling,connected,CF0E:54:EC:B0:3D:7D:53:DD:36:47:1A:A7:F4:B2:2F:2F:94:6D:0E:62:69:0A:35:3B:08:42:66:52:4A:34:37:B1,127,1289,CF4C:EB:DC:1C:6C:22:8D:7B:26:43:FC:2F:9D:5E:91:61:94:9E:73:57:D2:32:03:93:AF:F8:AD:D0:06:28:22:76,1,CP62BEZfzu_lI7/fGVq,AEAD_AES_256_GCM,FEFD
T01,1776604072021.276,transport,8158,691700,TLS_ECDHE_ECDSA_WITH_CHACHA20_POLY1305_SHA256,client,connected,bt2f,controlling,connected,CF0E:54:EC:B0:3D:7D:53:DD:36:47:1A:A7:F4:B2:2F:2F:94:6D:0E:62:69:0A:35:3B:08:42:66:52:4A:34:37:B1,130,1312,CF4C:EB:DC:1C:6C:22:8D:7B:26:43:FC:2F:9D:5E:91:61:94:9E:73:57:D2:32:03:93:AF:F8:AD:D0:06:28:22:76,1,CP62BEZfzu_lI7/fGVq,AEAD_AES_256_GCM,FEFD
T01,1776604072021.276,transport,8158,691700,TLS_ECDHE_ECDSA_WITH_CHACHA20_POLY1305_SHA256,client,connected,bt2f,controlling,connected,CF0E:54:EC:B0:3D:7D:53:DD:36:47:1A:A7:F4:B2:2F:2F:94:6D:0E:62:69:0A:35:3B:08:42:66:52:4A:34:37:B1,130,1312,CF4C:EB:DC:1C:6C:22:8D:7B:26:43:FC:2F:9D:5E:91:61:94:9E:73:57:D2:32:03:93:AF:F8:AD:D0:06:28:22:76,1,CP62BEZfzu_lI7/fGVq,AEAD_AES_256_GCM,FEFD
T01,1776604072221.336,transport,8266,709781,TLS_ECDHE_ECDSA_WITH_CHACHA20_POLY1305_SHA256,client,connected,bt2f,controlling,connected,CF0E:54:EC:B0:3D:7D:53:DD:36:47:1A:A7:F4:B2:2F:2F:94:6D:0E:62:69:0A:35:3B:08:42:66:52:4A:34:37:B1,132,1332,CF4C:EB:DC:1C:6C:22:8D:7B:26:43:FC:2F:9D:5E:91:61:94:9E:73:57:D2:32:03:93:AF:F8:AD:D0:06:28:22:76,1,CP62BEZfzu_lI7/fGVq,AEAD_AES_256_GCM,FEFD
T01,1776604072221.336,transport,8266,709781,TLS_ECDHE_ECDSA_WITH_CHACHA20_POLY1305_SHA256,client,connected,bt2f,controlling,connected,CF0E:54:EC:B0:3D:7D:53:DD:36:47:1A:A7:F4:B2:2F:2F:94:6D:0E:62:69:0A:35:3B:08:42:66:52:4A:34:37:B1,132,1332,CF4C:EB:DC:1C:6C:22:8D:7B:26:43:FC:2F:9D:5E:91:61:94:9E:73:57:D2:32:03:93:AF:F8:AD:D0:06:28:22:76,1,CP62BEZfzu_lI7/fGVq,AEAD_AES_256_GCM,FEFD
T01,1776604072421.433,transport,8370,732765,TLS_ECDHE_ECDSA_WITH_CHACHA20_POLY1305_SHA256,client,connected,bt2f,controlling,connected,CF0E:54:EC:B0:3D:7D:53:DD:36:47:1A:A7:F4:B2:2F:2F:94:6D:0E:62:69:0A:35:3B:08:42:66:52:4A:34:37:B1,134,1357,CF4C:EB:DC:1C:6C:22:8D:7B:26:43:FC:2F:9D:5E:91:61:94:9E:73:57:D2:32:03:93:AF:F8:AD:D0:06:28:22:76,1,CP62BEZfzu_lI7/fGVq,AEAD_AES_256_GCM,FEFD
T01,1776604072421.433,transport,8370,732765,TLS_ECDHE_ECDSA_WITH_CHACHA20_POLY1305_SHA256,client,connected,bt2f,controlling,connected,CF0E:54:EC:B0:3D:7D:53:DD:36:47:1A:A7:F4:B2:2F:2F:94:6D:0E:62:69:0A:35:3B:08:42:66:52:4A:34:37:B1,134,1357,CF4C:EB:DC:1C:6C:22:8D:7B:26:43:FC:2F:9D:5E:91:61:94:9E:73:57:D2:32:03:93:AF:F8:AD:D0:06:28:22:76,1,CP62BEZfzu_lI7/fGVq,AEAD_AES_256_GCM,FEFD
T01,1776604072621.362,transport,8478,751222,TLS_ECDHE_ECDSA_WITH_CHACHA20_POLY1305_SHA256,client,connected,bt2f,controlling,connected,CF0E:54:EC:B0:3D:7D:53:DD:36:47:1A:A7:F4:B2:2F:2F:94:6D:0E:62:69:0A:35:3B:08:42:66:52:4A:34:37:B1,136,1376,CF4C:EB:DC:1C:6C:22:8D:7B:26:43:FC:2F:9D:5E:91:61:94:9E:73:57:D2:32:03:93:AF:F8:AD:D0:06:28:22:76,1,CP62BEZfzu_lI7/fGVq,AEAD_AES_256_GCM,FEFD
T01,1776604072621.362,transport,8478,751222,TLS_ECDHE_ECDSA_WITH_CHACHA20_POLY1305_SHA256,client,connected,bt2f,controlling,connected,CF0E:54:EC:B0:3D:7D:53:DD:36:47:1A:A7:F4:B2:2F:2F:94:6D:0E:62:69:0A:35:3B:08:42:66:52:4A:34:37:B1,136,1376,CF4C:EB:DC:1C:6C:22:8D:7B:26:43:FC:2F:9D:5E:91:61:94:9E:73:57:D2:32:03:93:AF:F8:AD:D0:06:28:22:76,1,CP62BEZfzu_lI7/fGVq,AEAD_AES_256_GCM,FEFD
T01,1776604072821.375,transport,8582,773655,TLS_ECDHE_ECDSA_WITH_CHACHA20_POLY1305_SHA256,client,connected,bt2f,controlling,connected,CF0E:54:EC:B0:3D:7D:53:DD:36:47:1A:A7:F4:B2:2F:2F:94:6D:0E:62:69:0A:35:3B:08:42:66:52:4A:34:37:B1,138,1399,CF4C:EB:DC:1C:6C:22:8D:7B:26:43:FC:2F:9D:5E:91:61:94:9E:73:57:D2:32:03:93:AF:F8:AD:D0:06:28:22:76,1,CP62BEZfzu_lI7/fGVq,AEAD_AES_256_GCM,FEFD
T01,1776604072821.375,transport,8582,773655,TLS_ECDHE_ECDSA_WITH_CHACHA20_POLY1305_SHA256,client,connected,bt2f,controlling,connected,CF0E:54:EC:B0:3D:7D:53:DD:36:47:1A:A7:F4:B2:2F:2F:94:6D:0E:62:69:0A:35:3B:08:42:66:52:4A:34:37:B1,138,1399,CF4C:EB:DC:1C:6C:22:8D:7B:26:43:FC:2F:9D:5E:91:61:94:9E:73:57:D2:32:03:93:AF:F8:AD:D0:06:28:22:76,1,CP62BEZfzu_lI7/fGVq,AEAD_AES_256_GCM,FEFD
T01,1776604073021.381,transport,8810,792491,TLS_ECDHE_ECDSA_WITH_CHACHA20_POLY1305_SHA256,client,connected,bt2f,controlling,connected,CF0E:54:EC:B0:3D:7D:53:DD:36:47:1A:A7:F4:B2:2F:2F:94:6D:0E:62:69:0A:35:3B:08:42:66:52:4A:34:37:B1,141,1419,CF4C:EB:DC:1C:6C:22:8D:7B:26:43:FC:2F:9D:5E:91:61:94:9E:73:57:D2:32:03:93:AF:F8:AD:D0:06:28:22:76,1,CP62BEZfzu_lI7/fGVq,AEAD_AES_256_GCM,FEFD
T01,1776604073021.381,transport,8810,792491,TLS_ECDHE_ECDSA_WITH_CHACHA20_POLY1305_SHA256,client,connected,bt2f,controlling,connected,CF0E:54:EC:B0:3D:7D:53:DD:36:47:1A:A7:F4:B2:2F:2F:94:6D:0E:62:69:0A:35:3B:08:42:66:52:4A:34:37:B1,141,1419,CF4C:EB:DC:1C:6C:22:8D:7B:26:43:FC:2F:9D:5E:91:61:94:9E:73:57:D2:32:03:93:AF:F8:AD:D0:06:28:22:76,1,CP62BEZfzu_lI7/fGVq,AEAD_AES_256_GCM,FEFD
T01,1776604073221.287,transport,8918,812004,TLS_ECDHE_ECDSA_WITH_CHACHA20_POLY1305_SHA256,client,connected,bt2f,controlling,connected,CF0E:54:EC:B0:3D:7D:53:DD:36:47:1A:A7:F4:B2:2F:2F:94:6D:0E:62:69:0A:35:3B:08:42:66:52:4A:34:37:B1,143,1440,CF4C:EB:DC:1C:6C:22:8D:7B:26:43:FC:2F:9D:5E:91:61:94:9E:73:57:D2:32:03:93:AF:F8:AD:D0:06:28:22:76,1,CP62BEZfzu_lI7/fGVq,AEAD_AES_256_GCM,FEFD
T01,1776604073221.287,transport,8918,812004,TLS_ECDHE_ECDSA_WITH_CHACHA20_POLY1305_SHA256,client,connected,bt2f,controlling,connected,CF0E:54:EC:B0:3D:7D:53:DD:36:47:1A:A7:F4:B2:2F:2F:94:6D:0E:62:69:0A:35:3B:08:42:66:52:4A:34:37:B1,143,1440,CF4C:EB:DC:1C:6C:22:8D:7B:26:43:FC:2F:9D:5E:91:61:94:9E:73:57:D2:32:03:93:AF:F8:AD:D0:06:28:22:76,1,CP62BEZfzu_lI7/fGVq,AEAD_AES_256_GCM,FEFD
T01,1776604073421.289,transport,9022,824389,TLS_ECDHE_ECDSA_WITH_CHACHA20_POLY1305_SHA256,client,connected,bt2f,controlling,connected,CF0E:54:EC:B0:3D:7D:53:DD:36:47:1A:A7:F4:B2:2F:2F:94:6D:0E:62:69:0A:35:3B:08:42:66:52:4A:34:37:B1,145,1454,CF4C:EB:DC:1C:6C:22:8D:7B:26:43:FC:2F:9D:5E:91:61:94:9E:73:57:D2:32:03:93:AF:F8:AD:D0:06:28:22:76,1,CP62BEZfzu_lI7/fGVq,AEAD_AES_256_GCM,FEFD
T01,1776604073421.289,transport,9022,824389,TLS_ECDHE_ECDSA_WITH_CHACHA20_POLY1305_SHA256,client,connected,bt2f,controlling,connected,CF0E:54:EC:B0:3D:7D:53:DD:36:47:1A:A7:F4:B2:2F:2F:94:6D:0E:62:69:0A:35:3B:08:42:66:52:4A:34:37:B1,145,1454,CF4C:EB:DC:1C:6C:22:8D:7B:26:43:FC:2F:9D:5E:91:61:94:9E:73:57:D2:32:03:93:AF:F8:AD:D0:06:28:22:76,1,CP62BEZfzu_lI7/fGVq,AEAD_AES_256_GCM,FEFD
T01,1776604073621.31,transport,9122,842585,TLS_ECDHE_ECDSA_WITH_CHACHA20_POLY1305_SHA256,client,connected,bt2f,controlling,connected,CF0E:54:EC:B0:3D:7D:53:DD:36:47:1A:A7:F4:B2:2F:2F:94:6D:0E:62:69:0A:35:3B:08:42:66:52:4A:34:37:B1,147,1473,CF4C:EB:DC:1C:6C:22:8D:7B:26:43:FC:2F:9D:5E:91:61:94:9E:73:57:D2:32:03:93:AF:F8:AD:D0:06:28:22:76,1,CP62BEZfzu_lI7/fGVq,AEAD_AES_256_GCM,FEFD
T01,1776604073621.31,transport,9122,842585,TLS_ECDHE_ECDSA_WITH_CHACHA20_POLY1305_SHA256,client,connected,bt2f,controlling,connected,CF0E:54:EC:B0:3D:7D:53:DD:36:47:1A:A7:F4:B2:2F:2F:94:6D:0E:62:69:0A:35:3B:08:42:66:52:4A:34:37:B1,147,1473,CF4C:EB:DC:1C:6C:22:8D:7B:26:43:FC:2F:9D:5E:91:61:94:9E:73:57:D2:32:03:93:AF:F8:AD:D0:06:28:22:76,1,CP62BEZfzu_lI7/fGVq,AEAD_AES_256_GCM,FEFD
T01,1776604073821.29,transport,9226,863154,TLS_ECDHE_ECDSA_WITH_CHACHA20_POLY1305_SHA256,client,connected,bt2f,controlling,connected,CF0E:54:EC:B0:3D:7D:53:DD:36:47:1A:A7:F4:B2:2F:2F:94:6D:0E:62:69:0A:35:3B:08:42:66:52:4A:34:37:B1,149,1494,CF4C:EB:DC:1C:6C:22:8D:7B:26:43:FC:2F:9D:5E:91:61:94:9E:73:57:D2:32:03:93:AF:F8:AD:D0:06:28:22:76,1,CP62BEZfzu_lI7/fGVq,AEAD_AES_256_GCM,FEFD
T01,1776604073821.29,transport,9226,863154,TLS_ECDHE_ECDSA_WITH_CHACHA20_POLY1305_SHA256,client,connected,bt2f,controlling,connected,CF0E:54:EC:B0:3D:7D:53:DD:36:47:1A:A7:F4:B2:2F:2F:94:6D:0E:62:69:0A:35:3B:08:42:66:52:4A:34:37:B1,149,1494,CF4C:EB:DC:1C:6C:22:8D:7B:26:43:FC:2F:9D:5E:91:61:94:9E:73:57:D2:32:03:93:AF:F8:AD:D0:06:28:22:76,1,CP62BEZfzu_lI7/fGVq,AEAD_AES_256_GCM,FEFD
T01,1776604074021.327,transport,9334,885884,TLS_ECDHE_ECDSA_WITH_CHACHA20_POLY1305_SHA256,client,connected,bt2f,controlling,connected,CF0E:54:EC:B0:3D:7D:53:DD:36:47:1A:A7:F4:B2:2F:2F:94:6D:0E:62:69:0A:35:3B:08:42:66:52:4A:34:37:B1,151,1516,CF4C:EB:DC:1C:6C:22:8D:7B:26:43:FC:2F:9D:5E:91:61:94:9E:73:57:D2:32:03:93:AF:F8:AD:D0:06:28:22:76,1,CP62BEZfzu_lI7/fGVq,AEAD_AES_256_GCM,FEFD
T01,1776604074021.327,transport,9334,885884,TLS_ECDHE_ECDSA_WITH_CHACHA20_POLY1305_SHA256,client,connected,bt2f,controlling,connected,CF0E:54:EC:B0:3D:7D:53:DD:36:47:1A:A7:F4:B2:2F:2F:94:6D:0E:62:69:0A:35:3B:08:42:66:52:4A:34:37:B1,151,1516,CF4C:EB:DC:1C:6C:22:8D:7B:26:43:FC:2F:9D:5E:91:61:94:9E:73:57:D2:32:03:93:AF:F8:AD:D0:06:28:22:76,1,CP62BEZfzu_lI7/fGVq,AEAD_AES_256_GCM,FEFD
T01,1776604074221.315,transport,9442,903698,TLS_ECDHE_ECDSA_WITH_CHACHA20_POLY1305_SHA256,client,connected,bt2f,controlling,connected,CF0E:54:EC:B0:3D:7D:53:DD:36:47:1A:A7:F4:B2:2F:2F:94:6D:0E:62:69:0A:35:3B:08:42:66:52:4A:34:37:B1,153,1536,CF4C:EB:DC:1C:6C:22:8D:7B:26:43:FC:2F:9D:5E:91:61:94:9E:73:57:D2:32:03:93:AF:F8:AD:D0:06:28:22:76,1,CP62BEZfzu_lI7/fGVq,AEAD_AES_256_GCM,FEFD
T01,1776604074221.315,transport,9442,903698,TLS_ECDHE_ECDSA_WITH_CHACHA20_POLY1305_SHA256,client,connected,bt2f,controlling,connected,CF0E:54:EC:B0:3D:7D:53:DD:36:47:1A:A7:F4:B2:2F:2F:94:6D:0E:62:69:0A:35:3B:08:42:66:52:4A:34:37:B1,153,1536,CF4C:EB:DC:1C:6C:22:8D:7B:26:43:FC:2F:9D:5E:91:61:94:9E:73:57:D2:32:03:93:AF:F8:AD:D0:06:28:22:76,1,CP62BEZfzu_lI7/fGVq,AEAD_AES_256_GCM,FEFD
T01,1776604074421.339,transport,9730,929790,TLS_ECDHE_ECDSA_WITH_CHACHA20_POLY1305_SHA256,client,connected,bt2f,controlling,connected,CF0E:54:EC:B0:3D:7D:53:DD:36:47:1A:A7:F4:B2:2F:2F:94:6D:0E:62:69:0A:35:3B:08:42:66:52:4A:34:37:B1,157,1564,CF4C:EB:DC:1C:6C:22:8D:7B:26:43:FC:2F:9D:5E:91:61:94:9E:73:57:D2:32:03:93:AF:F8:AD:D0:06:28:22:76,1,CP62BEZfzu_lI7/fGVq,AEAD_AES_256_GCM,FEFD
T01,1776604074421.339,transport,9730,929790,TLS_ECDHE_ECDSA_WITH_CHACHA20_POLY1305_SHA256,client,connected,bt2f,controlling,connected,CF0E:54:EC:B0:3D:7D:53:DD:36:47:1A:A7:F4:B2:2F:2F:94:6D:0E:62:69:0A:35:3B:08:42:66:52:4A:34:37:B1,157,1564,CF4C:EB:DC:1C:6C:22:8D:7B:26:43:FC:2F:9D:5E:91:61:94:9E:73:57:D2:32:03:93:AF:F8:AD:D0:06:28:22:76,1,CP62BEZfzu_lI7/fGVq,AEAD_AES_256_GCM,FEFD
T01,1776604074621.358,transport,9842,951783,TLS_ECDHE_ECDSA_WITH_CHACHA20_POLY1305_SHA256,client,connected,bt2f,controlling,connected,CF0E:54:EC:B0:3D:7D:53:DD:36:47:1A:A7:F4:B2:2F:2F:94:6D:0E:62:69:0A:35:3B:08:42:66:52:4A:34:37:B1,159,1584,CF4C:EB:DC:1C:6C:22:8D:7B:26:43:FC:2F:9D:5E:91:61:94:9E:73:57:D2:32:03:93:AF:F8:AD:D0:06:28:22:76,1,CP62BEZfzu_lI7/fGVq,AEAD_AES_256_GCM,FEFD
T01,1776604074621.358,transport,9842,951783,TLS_ECDHE_ECDSA_WITH_CHACHA20_POLY1305_SHA256,client,connected,bt2f,controlling,connected,CF0E:54:EC:B0:3D:7D:53:DD:36:47:1A:A7:F4:B2:2F:2F:94:6D:0E:62:69:0A:35:3B:08:42:66:52:4A:34:37:B1,159,1584,CF4C:EB:DC:1C:6C:22:8D:7B:26:43:FC:2F:9D:5E:91:61:94:9E:73:57:D2:32:03:93:AF:F8:AD:D0:06:28:22:76,1,CP62BEZfzu_lI7/fGVq,AEAD_AES_256_GCM,FEFD
T01,1776604074821.35,transport,9946,970454,TLS_ECDHE_ECDSA_WITH_CHACHA20_POLY1305_SHA256,client,connected,bt2f,controlling,connected,CF0E:54:EC:B0:3D:7D:53:DD:36:47:1A:A7:F4:B2:2F:2F:94:6D:0E:62:69:0A:35:3B:08:42:66:52:4A:34:37:B1,161,1602,CF4C:EB:DC:1C:6C:22:8D:7B:26:43:FC:2F:9D:5E:91:61:94:9E:73:57:D2:32:03:93:AF:F8:AD:D0:06:28:22:76,1,CP62BEZfzu_lI7/fGVq,AEAD_AES_256_GCM,FEFD
T01,1776604074821.35,transport,9946,970454,TLS_ECDHE_ECDSA_WITH_CHACHA20_POLY1305_SHA256,client,connected,bt2f,controlling,connected,CF0E:54:EC:B0:3D:7D:53:DD:36:47:1A:A7:F4:B2:2F:2F:94:6D:0E:62:69:0A:35:3B:08:42:66:52:4A:34:37:B1,161,1602,CF4C:EB:DC:1C:6C:22:8D:7B:26:43:FC:2F:9D:5E:91:61:94:9E:73:57:D2:32:03:93:AF:F8:AD:D0:06:28:22:76,1,CP62BEZfzu_lI7/fGVq,AEAD_AES_256_GCM,FEFD
T01,1776604075021.363,transport,10054,992895,TLS_ECDHE_ECDSA_WITH_CHACHA20_POLY1305_SHA256,client,connected,bt2f,controlling,connected,CF0E:54:EC:B0:3D:7D:53:DD:36:47:1A:A7:F4:B2:2F:2F:94:6D:0E:62:69:0A:35:3B:08:42:66:52:4A:34:37:B1,163,1624,CF4C:EB:DC:1C:6C:22:8D:7B:26:43:FC:2F:9D:5E:91:61:94:9E:73:57:D2:32:03:93:AF:F8:AD:D0:06:28:22:76,1,CP62BEZfzu_lI7/fGVq,AEAD_AES_256_GCM,FEFD
T01,1776604075021.363,transport,10054,992895,TLS_ECDHE_ECDSA_WITH_CHACHA20_POLY1305_SHA256,client,connected,bt2f,controlling,connected,CF0E:54:EC:B0:3D:7D:53:DD:36:47:1A:A7:F4:B2:2F:2F:94:6D:0E:62:69:0A:35:3B:08:42:66:52:4A:34:37:B1,163,1624,CF4C:EB:DC:1C:6C:22:8D:7B:26:43:FC:2F:9D:5E:91:61:94:9E:73:57:D2:32:03:93:AF:F8:AD:D0:06:28:22:76,1,CP62BEZfzu_lI7/fGVq,AEAD_AES_256_GCM,FEFD
T01,1776604075221.344,transport,10166,1014847,TLS_ECDHE_ECDSA_WITH_CHACHA20_POLY1305_SHA256,client,connected,bt2f,controlling,connected,CF0E:54:EC:B0:3D:7D:53:DD:36:47:1A:A7:F4:B2:2F:2F:94:6D:0E:62:69:0A:35:3B:08:42:66:52:4A:34:37:B1,165,1647,CF4C:EB:DC:1C:6C:22:8D:7B:26:43:FC:2F:9D:5E:91:61:94:9E:73:57:D2:32:03:93:AF:F8:AD:D0:06:28:22:76,1,CP62BEZfzu_lI7/fGVq,AEAD_AES_256_GCM,FEFD
T01,1776604075221.344,transport,10166,1014847,TLS_ECDHE_ECDSA_WITH_CHACHA20_POLY1305_SHA256,client,connected,bt2f,controlling,connected,CF0E:54:EC:B0:3D:7D:53:DD:36:47:1A:A7:F4:B2:2F:2F:94:6D:0E:62:69:0A:35:3B:08:42:66:52:4A:34:37:B1,165,1647,CF4C:EB:DC:1C:6C:22:8D:7B:26:43:FC:2F:9D:5E:91:61:94:9E:73:57:D2:32:03:93:AF:F8:AD:D0:06:28:22:76,1,CP62BEZfzu_lI7/fGVq,AEAD_AES_256_GCM,FEFD
T01,1776604075421.453,transport,10222,1038930,TLS_ECDHE_ECDSA_WITH_CHACHA20_POLY1305_SHA256,client,connected,bt2f,controlling,connected,CF0E:54:EC:B0:3D:7D:53:DD:36:47:1A:A7:F4:B2:2F:2F:94:6D:0E:62:69:0A:35:3B:08:42:66:52:4A:34:37:B1,166,1669,CF4C:EB:DC:1C:6C:22:8D:7B:26:43:FC:2F:9D:5E:91:61:94:9E:73:57:D2:32:03:93:AF:F8:AD:D0:06:28:22:76,1,CP62BEZfzu_lI7/fGVq,AEAD_AES_256_GCM,FEFD
T01,1776604075421.453,transport,10222,1038930,TLS_ECDHE_ECDSA_WITH_CHACHA20_POLY1305_SHA256,client,connected,bt2f,controlling,connected,CF0E:54:EC:B0:3D:7D:53:DD:36:47:1A:A7:F4:B2:2F:2F:94:6D:0E:62:69:0A:35:3B:08:42:66:52:4A:34:37:B1,166,1669,CF4C:EB:DC:1C:6C:22:8D:7B:26:43:FC:2F:9D:5E:91:61:94:9E:73:57:D2:32:03:93:AF:F8:AD:D0:06:28:22:76,1,CP62BEZfzu_lI7/fGVq,AEAD_AES_256_GCM,FEFD
T01,1776604075621.425,transport,10482,1061389,TLS_ECDHE_ECDSA_WITH_CHACHA20_POLY1305_SHA256,client,connected,bt2f,controlling,connected,CF0E:54:EC:B0:3D:7D:53:DD:36:47:1A:A7:F4:B2:2F:2F:94:6D:0E:62:69:0A:35:3B:08:42:66:52:4A:34:37:B1,169,1692,CF4C:EB:DC:1C:6C:22:8D:7B:26:43:FC:2F:9D:5E:91:61:94:9E:73:57:D2:32:03:93:AF:F8:AD:D0:06:28:22:76,1,CP62BEZfzu_lI7/fGVq,AEAD_AES_256_GCM,FEFD
T01,1776604075621.425,transport,10482,1061389,TLS_ECDHE_ECDSA_WITH_CHACHA20_POLY1305_SHA256,client,connected,bt2f,controlling,connected,CF0E:54:EC:B0:3D:7D:53:DD:36:47:1A:A7:F4:B2:2F:2F:94:6D:0E:62:69:0A:35:3B:08:42:66:52:4A:34:37:B1,169,1692,CF4C:EB:DC:1C:6C:22:8D:7B:26:43:FC:2F:9D:5E:91:61:94:9E:73:57:D2:32:03:93:AF:F8:AD:D0:06:28:22:76,1,CP62BEZfzu_lI7/fGVq,AEAD_AES_256_GCM,FEFD
T01,1776604075821.377,transport,10590,1085565,TLS_ECDHE_ECDSA_WITH_CHACHA20_POLY1305_SHA256,client,connected,bt2f,controlling,connected,CF0E:54:EC:B0:3D:7D:53:DD:36:47:1A:A7:F4:B2:2F:2F:94:6D:0E:62:69:0A:35:3B:08:42:66:52:4A:34:37:B1,171,1716,CF4C:EB:DC:1C:6C:22:8D:7B:26:43:FC:2F:9D:5E:91:61:94:9E:73:57:D2:32:03:93:AF:F8:AD:D0:06:28:22:76,1,CP62BEZfzu_lI7/fGVq,AEAD_AES_256_GCM,FEFD
T01,1776604075821.377,transport,10590,1085565,TLS_ECDHE_ECDSA_WITH_CHACHA20_POLY1305_SHA256,client,connected,bt2f,controlling,connected,CF0E:54:EC:B0:3D:7D:53:DD:36:47:1A:A7:F4:B2:2F:2F:94:6D:0E:62:69:0A:35:3B:08:42:66:52:4A:34:37:B1,171,1716,CF4C:EB:DC:1C:6C:22:8D:7B:26:43:FC:2F:9D:5E:91:61:94:9E:73:57:D2:32:03:93:AF:F8:AD:D0:06:28:22:76,1,CP62BEZfzu_lI7/fGVq,AEAD_AES_256_GCM,FEFD
T01,1776604076021.377,transport,10702,1111939,TLS_ECDHE_ECDSA_WITH_CHACHA20_POLY1305_SHA256,client,connected,bt2f,controlling,connected,CF0E:54:EC:B0:3D:7D:53:DD:36:47:1A:A7:F4:B2:2F:2F:94:6D:0E:62:69:0A:35:3B:08:42:66:52:4A:34:37:B1,173,1742,CF4C:EB:DC:1C:6C:22:8D:7B:26:43:FC:2F:9D:5E:91:61:94:9E:73:57:D2:32:03:93:AF:F8:AD:D0:06:28:22:76,1,CP62BEZfzu_lI7/fGVq,AEAD_AES_256_GCM,FEFD
T01,1776604076021.377,transport,10702,1111939,TLS_ECDHE_ECDSA_WITH_CHACHA20_POLY1305_SHA256,client,connected,bt2f,controlling,connected,CF0E:54:EC:B0:3D:7D:53:DD:36:47:1A:A7:F4:B2:2F:2F:94:6D:0E:62:69:0A:35:3B:08:42:66:52:4A:34:37:B1,173,1742,CF4C:EB:DC:1C:6C:22:8D:7B:26:43:FC:2F:9D:5E:91:61:94:9E:73:57:D2:32:03:93:AF:F8:AD:D0:06:28:22:76,1,CP62BEZfzu_lI7/fGVq,AEAD_AES_256_GCM,FEFD
T01,1776604076221.438,transport,10806,1133688,TLS_ECDHE_ECDSA_WITH_CHACHA20_POLY1305_SHA256,client,connected,bt2f,controlling,connected,CF0E:54:EC:B0:3D:7D:53:DD:36:47:1A:A7:F4:B2:2F:2F:94:6D:0E:62:69:0A:35:3B:08:42:66:52:4A:34:37:B1,175,1763,CF4C:EB:DC:1C:6C:22:8D:7B:26:43:FC:2F:9D:5E:91:61:94:9E:73:57:D2:32:03:93:AF:F8:AD:D0:06:28:22:76,1,CP62BEZfzu_lI7/fGVq,AEAD_AES_256_GCM,FEFD
T01,1776604076221.438,transport,10806,1133688,TLS_ECDHE_ECDSA_WITH_CHACHA20_POLY1305_SHA256,client,connected,bt2f,controlling,connected,CF0E:54:EC:B0:3D:7D:53:DD:36:47:1A:A7:F4:B2:2F:2F:94:6D:0E:62:69:0A:35:3B:08:42:66:52:4A:34:37:B1,175,1763,CF4C:EB:DC:1C:6C:22:8D:7B:26:43:FC:2F:9D:5E:91:61:94:9E:73:57:D2:32:03:93:AF:F8:AD:D0:06:28:22:76,1,CP62BEZfzu_lI7/fGVq,AEAD_AES_256_GCM,FEFD
T01,1776604076421.415,transport,10918,1160417,TLS_ECDHE_ECDSA_WITH_CHACHA20_POLY1305_SHA256,client,connected,bt2f,controlling,connected,CF0E:54:EC:B0:3D:7D:53:DD:36:47:1A:A7:F4:B2:2F:2F:94:6D:0E:62:69:0A:35:3B:08:42:66:52:4A:34:37:B1,177,1792,CF4C:EB:DC:1C:6C:22:8D:7B:26:43:FC:2F:9D:5E:91:61:94:9E:73:57:D2:32:03:93:AF:F8:AD:D0:06:28:22:76,1,CP62BEZfzu_lI7/fGVq,AEAD_AES_256_GCM,FEFD
T01,1776604076421.415,transport,10918,1160417,TLS_ECDHE_ECDSA_WITH_CHACHA20_POLY1305_SHA256,client,connected,bt2f,controlling,connected,CF0E:54:EC:B0:3D:7D:53:DD:36:47:1A:A7:F4:B2:2F:2F:94:6D:0E:62:69:0A:35:3B:08:42:66:52:4A:34:37:B1,177,1792,CF4C:EB:DC:1C:6C:22:8D:7B:26:43:FC:2F:9D:5E:91:61:94:9E:73:57:D2:32:03:93:AF:F8:AD:D0:06:28:22:76,1,CP62BEZfzu_lI7/fGVq,AEAD_AES_256_GCM,FEFD
T01,1776604076621.36,transport,11034,1184120,TLS_ECDHE_ECDSA_WITH_CHACHA20_POLY1305_SHA256,client,connected,bt2f,controlling,connected,CF0E:54:EC:B0:3D:7D:53:DD:36:47:1A:A7:F4:B2:2F:2F:94:6D:0E:62:69:0A:35:3B:08:42:66:52:4A:34:37:B1,179,1817,CF4C:EB:DC:1C:6C:22:8D:7B:26:43:FC:2F:9D:5E:91:61:94:9E:73:57:D2:32:03:93:AF:F8:AD:D0:06:28:22:76,1,CP62BEZfzu_lI7/fGVq,AEAD_AES_256_GCM,FEFD
T01,1776604076621.36,transport,11034,1184120,TLS_ECDHE_ECDSA_WITH_CHACHA20_POLY1305_SHA256,client,connected,bt2f,controlling,connected,CF0E:54:EC:B0:3D:7D:53:DD:36:47:1A:A7:F4:B2:2F:2F:94:6D:0E:62:69:0A:35:3B:08:42:66:52:4A:34:37:B1,179,1817,CF4C:EB:DC:1C:6C:22:8D:7B:26:43:FC:2F:9D:5E:91:61:94:9E:73:57:D2:32:03:93:AF:F8:AD:D0:06:28:22:76,1,CP62BEZfzu_lI7/fGVq,AEAD_AES_256_GCM,FEFD
T01,1776604076821.346,transport,11150,1210104,TLS_ECDHE_ECDSA_WITH_CHACHA20_POLY1305_SHA256,client,connected,bt2f,controlling,connected,CF0E:54:EC:B0:3D:7D:53:DD:36:47:1A:A7:F4:B2:2F:2F:94:6D:0E:62:69:0A:35:3B:08:42:66:52:4A:34:37:B1,181,1843,CF4C:EB:DC:1C:6C:22:8D:7B:26:43:FC:2F:9D:5E:91:61:94:9E:73:57:D2:32:03:93:AF:F8:AD:D0:06:28:22:76,1,CP62BEZfzu_lI7/fGVq,AEAD_AES_256_GCM,FEFD
T01,1776604076821.346,transport,11150,1210104,TLS_ECDHE_ECDSA_WITH_CHACHA20_POLY1305_SHA256,client,connected,bt2f,controlling,connected,CF0E:54:EC:B0:3D:7D:53:DD:36:47:1A:A7:F4:B2:2F:2F:94:6D:0E:62:69:0A:35:3B:08:42:66:52:4A:34:37:B1,181,1843,CF4C:EB:DC:1C:6C:22:8D:7B:26:43:FC:2F:9D:5E:91:61:94:9E:73:57:D2:32:03:93:AF:F8:AD:D0:06:28:22:76,1,CP62BEZfzu_lI7/fGVq,AEAD_AES_256_GCM,FEFD
T01,1776604077021.304,transport,11402,1238167,TLS_ECDHE_ECDSA_WITH_CHACHA20_POLY1305_SHA256,client,connected,bt2f,controlling,connected,CF0E:54:EC:B0:3D:7D:53:DD:36:47:1A:A7:F4:B2:2F:2F:94:6D:0E:62:69:0A:35:3B:08:42:66:52:4A:34:37:B1,184,1871,CF4C:EB:DC:1C:6C:22:8D:7B:26:43:FC:2F:9D:5E:91:61:94:9E:73:57:D2:32:03:93:AF:F8:AD:D0:06:28:22:76,1,CP62BEZfzu_lI7/fGVq,AEAD_AES_256_GCM,FEFD
T01,1776604077021.304,transport,11402,1238167,TLS_ECDHE_ECDSA_WITH_CHACHA20_POLY1305_SHA256,client,connected,bt2f,controlling,connected,CF0E:54:EC:B0:3D:7D:53:DD:36:47:1A:A7:F4:B2:2F:2F:94:6D:0E:62:69:0A:35:3B:08:42:66:52:4A:34:37:B1,184,1871,CF4C:EB:DC:1C:6C:22:8D:7B:26:43:FC:2F:9D:5E:91:61:94:9E:73:57:D2:32:03:93:AF:F8:AD:D0:06:28:22:76,1,CP62BEZfzu_lI7/fGVq,AEAD_AES_256_GCM,FEFD
T01,1776604077221.281,transport,11514,1264284,TLS_ECDHE_ECDSA_WITH_CHACHA20_POLY1305_SHA256,client,connected,bt2f,controlling,connected,CF0E:54:EC:B0:3D:7D:53:DD:36:47:1A:A7:F4:B2:2F:2F:94:6D:0E:62:69:0A:35:3B:08:42:66:52:4A:34:37:B1,186,1898,CF4C:EB:DC:1C:6C:22:8D:7B:26:43:FC:2F:9D:5E:91:61:94:9E:73:57:D2:32:03:93:AF:F8:AD:D0:06:28:22:76,1,CP62BEZfzu_lI7/fGVq,AEAD_AES_256_GCM,FEFD
T01,1776604077221.281,transport,11514,1264284,TLS_ECDHE_ECDSA_WITH_CHACHA20_POLY1305_SHA256,client,connected,bt2f,controlling,connected,CF0E:54:EC:B0:3D:7D:53:DD:36:47:1A:A7:F4:B2:2F:2F:94:6D:0E:62:69:0A:35:3B:08:42:66:52:4A:34:37:B1,186,1898,CF4C:EB:DC:1C:6C:22:8D:7B:26:43:FC:2F:9D:5E:91:61:94:9E:73:57:D2:32:03:93:AF:F8:AD:D0:06:28:22:76,1,CP62BEZfzu_lI7/fGVq,AEAD_AES_256_GCM,FEFD
T01,1776604077421.324,transport,11630,1289228,TLS_ECDHE_ECDSA_WITH_CHACHA20_POLY1305_SHA256,client,connected,bt2f,controlling,connected,CF0E:54:EC:B0:3D:7D:53:DD:36:47:1A:A7:F4:B2:2F:2F:94:6D:0E:62:69:0A:35:3B:08:42:66:52:4A:34:37:B1,188,1923,CF4C:EB:DC:1C:6C:22:8D:7B:26:43:FC:2F:9D:5E:91:61:94:9E:73:57:D2:32:03:93:AF:F8:AD:D0:06:28:22:76,1,CP62BEZfzu_lI7/fGVq,AEAD_AES_256_GCM,FEFD
T01,1776604077421.324,transport,11630,1289228,TLS_ECDHE_ECDSA_WITH_CHACHA20_POLY1305_SHA256,client,connected,bt2f,controlling,connected,CF0E:54:EC:B0:3D:7D:53:DD:36:47:1A:A7:F4:B2:2F:2F:94:6D:0E:62:69:0A:35:3B:08:42:66:52:4A:34:37:B1,188,1923,CF4C:EB:DC:1C:6C:22:8D:7B:26:43:FC:2F:9D:5E:91:61:94:9E:73:57:D2:32:03:93:AF:F8:AD:D0:06:28:22:76,1,CP62BEZfzu_lI7/fGVq,AEAD_AES_256_GCM,FEFD
T01,1776604077621.353,transport,11742,1317713,TLS_ECDHE_ECDSA_WITH_CHACHA20_POLY1305_SHA256,client,connected,bt2f,controlling,connected,CF0E:54:EC:B0:3D:7D:53:DD:36:47:1A:A7:F4:B2:2F:2F:94:6D:0E:62:69:0A:35:3B:08:42:66:52:4A:34:37:B1,190,1952,CF4C:EB:DC:1C:6C:22:8D:7B:26:43:FC:2F:9D:5E:91:61:94:9E:73:57:D2:32:03:93:AF:F8:AD:D0:06:28:22:76,1,CP62BEZfzu_lI7/fGVq,AEAD_AES_256_GCM,FEFD
T01,1776604077621.353,transport,11742,1317713,TLS_ECDHE_ECDSA_WITH_CHACHA20_POLY1305_SHA256,client,connected,bt2f,controlling,connected,CF0E:54:EC:B0:3D:7D:53:DD:36:47:1A:A7:F4:B2:2F:2F:94:6D:0E:62:69:0A:35:3B:08:42:66:52:4A:34:37:B1,190,1952,CF4C:EB:DC:1C:6C:22:8D:7B:26:43:FC:2F:9D:5E:91:61:94:9E:73:57:D2:32:03:93:AF:F8:AD:D0:06:28:22:76,1,CP62BEZfzu_lI7/fGVq,AEAD_AES_256_GCM,FEFD
T01,1776604077821.287,transport,11854,1347597,TLS_ECDHE_ECDSA_WITH_CHACHA20_POLY1305_SHA256,client,connected,bt2f,controlling,connected,CF0E:54:EC:B0:3D:7D:53:DD:36:47:1A:A7:F4:B2:2F:2F:94:6D:0E:62:69:0A:35:3B:08:42:66:52:4A:34:37:B1,192,1979,CF4C:EB:DC:1C:6C:22:8D:7B:26:43:FC:2F:9D:5E:91:61:94:9E:73:57:D2:32:03:93:AF:F8:AD:D0:06:28:22:76,1,CP62BEZfzu_lI7/fGVq,AEAD_AES_256_GCM,FEFD
T01,1776604077821.287,transport,11854,1347597,TLS_ECDHE_ECDSA_WITH_CHACHA20_POLY1305_SHA256,client,connected,bt2f,controlling,connected,CF0E:54:EC:B0:3D:7D:53:DD:36:47:1A:A7:F4:B2:2F:2F:94:6D:0E:62:69:0A:35:3B:08:42:66:52:4A:34:37:B1,192,1979,CF4C:EB:DC:1C:6C:22:8D:7B:26:43:FC:2F:9D:5E:91:61:94:9E:73:57:D2:32:03:93:AF:F8:AD:D0:06:28:22:76,1,CP62BEZfzu_lI7/fGVq,AEAD_AES_256_GCM,FEFD
T01,1776604078021.32,transport,12114,1375537,TLS_ECDHE_ECDSA_WITH_CHACHA20_POLY1305_SHA256,client,connected,bt2f,controlling,connected,CF0E:54:EC:B0:3D:7D:53:DD:36:47:1A:A7:F4:B2:2F:2F:94:6D:0E:62:69:0A:35:3B:08:42:66:52:4A:34:37:B1,195,2005,CF4C:EB:DC:1C:6C:22:8D:7B:26:43:FC:2F:9D:5E:91:61:94:9E:73:57:D2:32:03:93:AF:F8:AD:D0:06:28:22:76,1,CP62BEZfzu_lI7/fGVq,AEAD_AES_256_GCM,FEFD
T01,1776604078021.32,transport,12114,1375537,TLS_ECDHE_ECDSA_WITH_CHACHA20_POLY1305_SHA256,client,connected,bt2f,controlling,connected,CF0E:54:EC:B0:3D:7D:53:DD:36:47:1A:A7:F4:B2:2F:2F:94:6D:0E:62:69:0A:35:3B:08:42:66:52:4A:34:37:B1,195,2005,CF4C:EB:DC:1C:6C:22:8D:7B:26:43:FC:2F:9D:5E:91:61:94:9E:73:57:D2:32:03:93:AF:F8:AD:D0:06:28:22:76,1,CP62BEZfzu_lI7/fGVq,AEAD_AES_256_GCM,FEFD
T01,1776604078221.415,transport,12258,1402735,TLS_ECDHE_ECDSA_WITH_CHACHA20_POLY1305_SHA256,client,connected,bt2f,controlling,connected,CF0E:54:EC:B0:3D:7D:53:DD:36:47:1A:A7:F4:B2:2F:2F:94:6D:0E:62:69:0A:35:3B:08:42:66:52:4A:34:37:B1,198,2033,CF4C:EB:DC:1C:6C:22:8D:7B:26:43:FC:2F:9D:5E:91:61:94:9E:73:57:D2:32:03:93:AF:F8:AD:D0:06:28:22:76,1,CP62BEZfzu_lI7/fGVq,AEAD_AES_256_GCM,FEFD
T01,1776604078221.415,transport,12258,1402735,TLS_ECDHE_ECDSA_WITH_CHACHA20_POLY1305_SHA256,client,connected,bt2f,controlling,connected,CF0E:54:EC:B0:3D:7D:53:DD:36:47:1A:A7:F4:B2:2F:2F:94:6D:0E:62:69:0A:35:3B:08:42:66:52:4A:34:37:B1,198,2033,CF4C:EB:DC:1C:6C:22:8D:7B:26:43:FC:2F:9D:5E:91:61:94:9E:73:57:D2:32:03:93:AF:F8:AD:D0:06:28:22:76,1,CP62BEZfzu_lI7/fGVq,AEAD_AES_256_GCM,FEFD
T01,1776604078421.327,transport,12374,1430158,TLS_ECDHE_ECDSA_WITH_CHACHA20_POLY1305_SHA256,client,connected,bt2f,controlling,connected,CF0E:54:EC:B0:3D:7D:53:DD:36:47:1A:A7:F4:B2:2F:2F:94:6D:0E:62:69:0A:35:3B:08:42:66:52:4A:34:37:B1,200,2058,CF4C:EB:DC:1C:6C:22:8D:7B:26:43:FC:2F:9D:5E:91:61:94:9E:73:57:D2:32:03:93:AF:F8:AD:D0:06:28:22:76,1,CP62BEZfzu_lI7/fGVq,AEAD_AES_256_GCM,FEFD
T01,1776604078421.327,transport,12374,1430158,TLS_ECDHE_ECDSA_WITH_CHACHA20_POLY1305_SHA256,client,connected,bt2f,controlling,connected,CF0E:54:EC:B0:3D:7D:53:DD:36:47:1A:A7:F4:B2:2F:2F:94:6D:0E:62:69:0A:35:3B:08:42:66:52:4A:34:37:B1,200,2058,CF4C:EB:DC:1C:6C:22:8D:7B:26:43:FC:2F:9D:5E:91:61:94:9E:73:57:D2:32:03:93:AF:F8:AD:D0:06:28:22:76,1,CP62BEZfzu_lI7/fGVq,AEAD_AES_256_GCM,FEFD
T01,1776604078621.446,transport,12486,1459797,TLS_ECDHE_ECDSA_WITH_CHACHA20_POLY1305_SHA256,client,connected,bt2f,controlling,connected,CF0E:54:EC:B0:3D:7D:53:DD:36:47:1A:A7:F4:B2:2F:2F:94:6D:0E:62:69:0A:35:3B:08:42:66:52:4A:34:37:B1,202,2086,CF4C:EB:DC:1C:6C:22:8D:7B:26:43:FC:2F:9D:5E:91:61:94:9E:73:57:D2:32:03:93:AF:F8:AD:D0:06:28:22:76,1,CP62BEZfzu_lI7/fGVq,AEAD_AES_256_GCM,FEFD
T01,1776604078621.446,transport,12486,1459797,TLS_ECDHE_ECDSA_WITH_CHACHA20_POLY1305_SHA256,client,connected,bt2f,controlling,connected,CF0E:54:EC:B0:3D:7D:53:DD:36:47:1A:A7:F4:B2:2F:2F:94:6D:0E:62:69:0A:35:3B:08:42:66:52:4A:34:37:B1,202,2086,CF4C:EB:DC:1C:6C:22:8D:7B:26:43:FC:2F:9D:5E:91:61:94:9E:73:57:D2:32:03:93:AF:F8:AD:D0:06:28:22:76,1,CP62BEZfzu_lI7/fGVq,AEAD_AES_256_GCM,FEFD
T01,1776604078821.393,transport,12602,1490602,TLS_ECDHE_ECDSA_WITH_CHACHA20_POLY1305_SHA256,client,connected,bt2f,controlling,connected,CF0E:54:EC:B0:3D:7D:53:DD:36:47:1A:A7:F4:B2:2F:2F:94:6D:0E:62:69:0A:35:3B:08:42:66:52:4A:34:37:B1,204,2116,CF4C:EB:DC:1C:6C:22:8D:7B:26:43:FC:2F:9D:5E:91:61:94:9E:73:57:D2:32:03:93:AF:F8:AD:D0:06:28:22:76,1,CP62BEZfzu_lI7/fGVq,AEAD_AES_256_GCM,FEFD
T01,1776604078821.393,transport,12602,1490602,TLS_ECDHE_ECDSA_WITH_CHACHA20_POLY1305_SHA256,client,connected,bt2f,controlling,connected,CF0E:54:EC:B0:3D:7D:53:DD:36:47:1A:A7:F4:B2:2F:2F:94:6D:0E:62:69:0A:35:3B:08:42:66:52:4A:34:37:B1,204,2116,CF4C:EB:DC:1C:6C:22:8D:7B:26:43:FC:2F:9D:5E:91:61:94:9E:73:57:D2:32:03:93:AF:F8:AD:D0:06:28:22:76,1,CP62BEZfzu_lI7/fGVq,AEAD_AES_256_GCM,FEFD
T01,1776604079021.452,transport,12718,1520129,TLS_ECDHE_ECDSA_WITH_CHACHA20_POLY1305_SHA256,client,connected,bt2f,controlling,connected,CF0E:54:EC:B0:3D:7D:53:DD:36:47:1A:A7:F4:B2:2F:2F:94:6D:0E:62:69:0A:35:3B:08:42:66:52:4A:34:37:B1,206,2145,CF4C:EB:DC:1C:6C:22:8D:7B:26:43:FC:2F:9D:5E:91:61:94:9E:73:57:D2:32:03:93:AF:F8:AD:D0:06:28:22:76,1,CP62BEZfzu_lI7/fGVq,AEAD_AES_256_GCM,FEFD
T01,1776604079021.452,transport,12718,1520129,TLS_ECDHE_ECDSA_WITH_CHACHA20_POLY1305_SHA256,client,connected,bt2f,controlling,connected,CF0E:54:EC:B0:3D:7D:53:DD:36:47:1A:A7:F4:B2:2F:2F:94:6D:0E:62:69:0A:35:3B:08:42:66:52:4A:34:37:B1,206,2145,CF4C:EB:DC:1C:6C:22:8D:7B:26:43:FC:2F:9D:5E:91:61:94:9E:73:57:D2:32:03:93:AF:F8:AD:D0:06:28:22:76,1,CP62BEZfzu_lI7/fGVq,AEAD_AES_256_GCM,FEFD
T01,1776604079221.331,transport,12834,1557118,TLS_ECDHE_ECDSA_WITH_CHACHA20_POLY1305_SHA256,client,connected,bt2f,controlling,connected,CF0E:54:EC:B0:3D:7D:53:DD:36:47:1A:A7:F4:B2:2F:2F:94:6D:0E:62:69:0A:35:3B:08:42:66:52:4A:34:37:B1,208,2179,CF4C:EB:DC:1C:6C:22:8D:7B:26:43:FC:2F:9D:5E:91:61:94:9E:73:57:D2:32:03:93:AF:F8:AD:D0:06:28:22:76,1,CP62BEZfzu_lI7/fGVq,AEAD_AES_256_GCM,FEFD
T01,1776604079221.331,transport,12834,1557118,TLS_ECDHE_ECDSA_WITH_CHACHA20_POLY1305_SHA256,client,connected,bt2f,controlling,connected,CF0E:54:EC:B0:3D:7D:53:DD:36:47:1A:A7:F4:B2:2F:2F:94:6D:0E:62:69:0A:35:3B:08:42:66:52:4A:34:37:B1,208,2179,CF4C:EB:DC:1C:6C:22:8D:7B:26:43:FC:2F:9D:5E:91:61:94:9E:73:57:D2:32:03:93:AF:F8:AD:D0:06:28:22:76,1,CP62BEZfzu_lI7/fGVq,AEAD_AES_256_GCM,FEFD
T01,1776604079421.295,transport,12950,1582979,TLS_ECDHE_ECDSA_WITH_CHACHA20_POLY1305_SHA256,client,connected,bt2f,controlling,connected,CF0E:54:EC:B0:3D:7D:53:DD:36:47:1A:A7:F4:B2:2F:2F:94:6D:0E:62:69:0A:35:3B:08:42:66:52:4A:34:37:B1,210,2204,CF4C:EB:DC:1C:6C:22:8D:7B:26:43:FC:2F:9D:5E:91:61:94:9E:73:57:D2:32:03:93:AF:F8:AD:D0:06:28:22:76,1,CP62BEZfzu_lI7/fGVq,AEAD_AES_256_GCM,FEFD
T01,1776604079421.295,transport,12950,1582979,TLS_ECDHE_ECDSA_WITH_CHACHA20_POLY1305_SHA256,client,connected,bt2f,controlling,connected,CF0E:54:EC:B0:3D:7D:53:DD:36:47:1A:A7:F4:B2:2F:2F:94:6D:0E:62:69:0A:35:3B:08:42:66:52:4A:34:37:B1,210,2204,CF4C:EB:DC:1C:6C:22:8D:7B:26:43:FC:2F:9D:5E:91:61:94:9E:73:57:D2:32:03:93:AF:F8:AD:D0:06:28:22:76,1,CP62BEZfzu_lI7/fGVq,AEAD_AES_256_GCM,FEFD
T01,1776604079621.342,transport,13214,1615129,TLS_ECDHE_ECDSA_WITH_CHACHA20_POLY1305_SHA256,client,connected,bt2f,controlling,connected,CF0E:54:EC:B0:3D:7D:53:DD:36:47:1A:A7:F4:B2:2F:2F:94:6D:0E:62:69:0A:35:3B:08:42:66:52:4A:34:37:B1,213,2234,CF4C:EB:DC:1C:6C:22:8D:7B:26:43:FC:2F:9D:5E:91:61:94:9E:73:57:D2:32:03:93:AF:F8:AD:D0:06:28:22:76,1,CP62BEZfzu_lI7/fGVq,AEAD_AES_256_GCM,FEFD
T01,1776604079621.342,transport,13214,1615129,TLS_ECDHE_ECDSA_WITH_CHACHA20_POLY1305_SHA256,client,connected,bt2f,controlling,connected,CF0E:54:EC:B0:3D:7D:53:DD:36:47:1A:A7:F4:B2:2F:2F:94:6D:0E:62:69:0A:35:3B:08:42:66:52:4A:34:37:B1,213,2234,CF4C:EB:DC:1C:6C:22:8D:7B:26:43:FC:2F:9D:5E:91:61:94:9E:73:57:D2:32:03:93:AF:F8:AD:D0:06:28:22:76,1,CP62BEZfzu_lI7/fGVq,AEAD_AES_256_GCM,FEFD
T01,1776604079821.286,transport,13330,1647960,TLS_ECDHE_ECDSA_WITH_CHACHA20_POLY1305_SHA256,client,connected,bt2f,controlling,connected,CF0E:54:EC:B0:3D:7D:53:DD:36:47:1A:A7:F4:B2:2F:2F:94:6D:0E:62:69:0A:35:3B:08:42:66:52:4A:34:37:B1,215,2266,CF4C:EB:DC:1C:6C:22:8D:7B:26:43:FC:2F:9D:5E:91:61:94:9E:73:57:D2:32:03:93:AF:F8:AD:D0:06:28:22:76,1,CP62BEZfzu_lI7/fGVq,AEAD_AES_256_GCM,FEFD
T01,1776604079821.286,transport,13330,1647960,TLS_ECDHE_ECDSA_WITH_CHACHA20_POLY1305_SHA256,client,connected,bt2f,controlling,connected,CF0E:54:EC:B0:3D:7D:53:DD:36:47:1A:A7:F4:B2:2F:2F:94:6D:0E:62:69:0A:35:3B:08:42:66:52:4A:34:37:B1,215,2266,CF4C:EB:DC:1C:6C:22:8D:7B:26:43:FC:2F:9D:5E:91:61:94:9E:73:57:D2:32:03:93:AF:F8:AD:D0:06:28:22:76,1,CP62BEZfzu_lI7/fGVq,AEAD_AES_256_GCM,FEFD
T01,1776604080021.338,transport,13454,1682354,TLS_ECDHE_ECDSA_WITH_CHACHA20_POLY1305_SHA256,client,connected,bt2f,controlling,connected,CF0E:54:EC:B0:3D:7D:53:DD:36:47:1A:A7:F4:B2:2F:2F:94:6D:0E:62:69:0A:35:3B:08:42:66:52:4A:34:37:B1,217,2305,CF4C:EB:DC:1C:6C:22:8D:7B:26:43:FC:2F:9D:5E:91:61:94:9E:73:57:D2:32:03:93:AF:F8:AD:D0:06:28:22:76,1,CP62BEZfzu_lI7/fGVq,AEAD_AES_256_GCM,FEFD
T01,1776604080021.338,transport,13454,1682354,TLS_ECDHE_ECDSA_WITH_CHACHA20_POLY1305_SHA256,client,connected,bt2f,controlling,connected,CF0E:54:EC:B0:3D:7D:53:DD:36:47:1A:A7:F4:B2:2F:2F:94:6D:0E:62:69:0A:35:3B:08:42:66:52:4A:34:37:B1,217,2305,CF4C:EB:DC:1C:6C:22:8D:7B:26:43:FC:2F:9D:5E:91:61:94:9E:73:57:D2:32:03:93:AF:F8:AD:D0:06:28:22:76,1,CP62BEZfzu_lI7/fGVq,AEAD_AES_256_GCM,FEFD
T01,1776604080221.306,transport,13578,1718663,TLS_ECDHE_ECDSA_WITH_CHACHA20_POLY1305_SHA256,client,connected,bt2f,controlling,connected,CF0E:54:EC:B0:3D:7D:53:DD:36:47:1A:A7:F4:B2:2F:2F:94:6D:0E:62:69:0A:35:3B:08:42:66:52:4A:34:37:B1,219,2343,CF4C:EB:DC:1C:6C:22:8D:7B:26:43:FC:2F:9D:5E:91:61:94:9E:73:57:D2:32:03:93:AF:F8:AD:D0:06:28:22:76,1,CP62BEZfzu_lI7/fGVq,AEAD_AES_256_GCM,FEFD
T01,1776604080221.306,transport,13578,1718663,TLS_ECDHE_ECDSA_WITH_CHACHA20_POLY1305_SHA256,client,connected,bt2f,controlling,connected,CF0E:54:EC:B0:3D:7D:53:DD:36:47:1A:A7:F4:B2:2F:2F:94:6D:0E:62:69:0A:35:3B:08:42:66:52:4A:34:37:B1,219,2343,CF4C:EB:DC:1C:6C:22:8D:7B:26:43:FC:2F:9D:5E:91:61:94:9E:73:57:D2:32:03:93:AF:F8:AD:D0:06:28:22:76,1,CP62BEZfzu_lI7/fGVq,AEAD_AES_256_GCM,FEFD
T01,1776604080421.377,transport,13698,1749019,TLS_ECDHE_ECDSA_WITH_CHACHA20_POLY1305_SHA256,client,connected,bt2f,controlling,connected,CF0E:54:EC:B0:3D:7D:53:DD:36:47:1A:A7:F4:B2:2F:2F:94:6D:0E:62:69:0A:35:3B:08:42:66:52:4A:34:37:B1,221,2372,CF4C:EB:DC:1C:6C:22:8D:7B:26:43:FC:2F:9D:5E:91:61:94:9E:73:57:D2:32:03:93:AF:F8:AD:D0:06:28:22:76,1,CP62BEZfzu_lI7/fGVq,AEAD_AES_256_GCM,FEFD
T01,1776604080421.377,transport,13698,1749019,TLS_ECDHE_ECDSA_WITH_CHACHA20_POLY1305_SHA256,client,connected,bt2f,controlling,connected,CF0E:54:EC:B0:3D:7D:53:DD:36:47:1A:A7:F4:B2:2F:2F:94:6D:0E:62:69:0A:35:3B:08:42:66:52:4A:34:37:B1,221,2372,CF4C:EB:DC:1C:6C:22:8D:7B:26:43:FC:2F:9D:5E:91:61:94:9E:73:57:D2:32:03:93:AF:F8:AD:D0:06:28:22:76,1,CP62BEZfzu_lI7/fGVq,AEAD_AES_256_GCM,FEFD
T01,1776604080621.411,transport,13962,1782328,TLS_ECDHE_ECDSA_WITH_CHACHA20_POLY1305_SHA256,client,connected,bt2f,controlling,connected,CF0E:54:EC:B0:3D:7D:53:DD:36:47:1A:A7:F4:B2:2F:2F:94:6D:0E:62:69:0A:35:3B:08:42:66:52:4A:34:37:B1,224,2404,CF4C:EB:DC:1C:6C:22:8D:7B:26:43:FC:2F:9D:5E:91:61:94:9E:73:57:D2:32:03:93:AF:F8:AD:D0:06:28:22:76,1,CP62BEZfzu_lI7/fGVq,AEAD_AES_256_GCM,FEFD
T01,1776604080621.411,transport,13962,1782328,TLS_ECDHE_ECDSA_WITH_CHACHA20_POLY1305_SHA256,client,connected,bt2f,controlling,connected,CF0E:54:EC:B0:3D:7D:53:DD:36:47:1A:A7:F4:B2:2F:2F:94:6D:0E:62:69:0A:35:3B:08:42:66:52:4A:34:37:B1,224,2404,CF4C:EB:DC:1C:6C:22:8D:7B:26:43:FC:2F:9D:5E:91:61:94:9E:73:57:D2:32:03:93:AF:F8:AD:D0:06:28:22:76,1,CP62BEZfzu_lI7/fGVq,AEAD_AES_256_GCM,FEFD
T01,1776604080821.362,transport,14082,1817721,TLS_ECDHE_ECDSA_WITH_CHACHA20_POLY1305_SHA256,client,connected,bt2f,controlling,connected,CF0E:54:EC:B0:3D:7D:53:DD:36:47:1A:A7:F4:B2:2F:2F:94:6D:0E:62:69:0A:35:3B:08:42:66:52:4A:34:37:B1,226,2438,CF4C:EB:DC:1C:6C:22:8D:7B:26:43:FC:2F:9D:5E:91:61:94:9E:73:57:D2:32:03:93:AF:F8:AD:D0:06:28:22:76,1,CP62BEZfzu_lI7/fGVq,AEAD_AES_256_GCM,FEFD
T01,1776604080821.362,transport,14082,1817721,TLS_ECDHE_ECDSA_WITH_CHACHA20_POLY1305_SHA256,client,connected,bt2f,controlling,connected,CF0E:54:EC:B0:3D:7D:53:DD:36:47:1A:A7:F4:B2:2F:2F:94:6D:0E:62:69:0A:35:3B:08:42:66:52:4A:34:37:B1,226,2438,CF4C:EB:DC:1C:6C:22:8D:7B:26:43:FC:2F:9D:5E:91:61:94:9E:73:57:D2:32:03:93:AF:F8:AD:D0:06:28:22:76,1,CP62BEZfzu_lI7/fGVq,AEAD_AES_256_GCM,FEFD
T01,1776604081021.417,transport,14206,1853891,TLS_ECDHE_ECDSA_WITH_CHACHA20_POLY1305_SHA256,client,connected,bt2f,controlling,connected,CF0E:54:EC:B0:3D:7D:53:DD:36:47:1A:A7:F4:B2:2F:2F:94:6D:0E:62:69:0A:35:3B:08:42:66:52:4A:34:37:B1,228,2474,CF4C:EB:DC:1C:6C:22:8D:7B:26:43:FC:2F:9D:5E:91:61:94:9E:73:57:D2:32:03:93:AF:F8:AD:D0:06:28:22:76,1,CP62BEZfzu_lI7/fGVq,AEAD_AES_256_GCM,FEFD
T01,1776604081021.417,transport,14206,1853891,TLS_ECDHE_ECDSA_WITH_CHACHA20_POLY1305_SHA256,client,connected,bt2f,controlling,connected,CF0E:54:EC:B0:3D:7D:53:DD:36:47:1A:A7:F4:B2:2F:2F:94:6D:0E:62:69:0A:35:3B:08:42:66:52:4A:34:37:B1,228,2474,CF4C:EB:DC:1C:6C:22:8D:7B:26:43:FC:2F:9D:5E:91:61:94:9E:73:57:D2:32:03:93:AF:F8:AD:D0:06:28:22:76,1,CP62BEZfzu_lI7/fGVq,AEAD_AES_256_GCM,FEFD
T01,1776604081221.46,transport,14326,1890544,TLS_ECDHE_ECDSA_WITH_CHACHA20_POLY1305_SHA256,client,connected,bt2f,controlling,connected,CF0E:54:EC:B0:3D:7D:53:DD:36:47:1A:A7:F4:B2:2F:2F:94:6D:0E:62:69:0A:35:3B:08:42:66:52:4A:34:37:B1,230,2511,CF4C:EB:DC:1C:6C:22:8D:7B:26:43:FC:2F:9D:5E:91:61:94:9E:73:57:D2:32:03:93:AF:F8:AD:D0:06:28:22:76,1,CP62BEZfzu_lI7/fGVq,AEAD_AES_256_GCM,FEFD
T01,1776604081221.46,transport,14326,1890544,TLS_ECDHE_ECDSA_WITH_CHACHA20_POLY1305_SHA256,client,connected,bt2f,controlling,connected,CF0E:54:EC:B0:3D:7D:53:DD:36:47:1A:A7:F4:B2:2F:2F:94:6D:0E:62:69:0A:35:3B:08:42:66:52:4A:34:37:B1,230,2511,CF4C:EB:DC:1C:6C:22:8D:7B:26:43:FC:2F:9D:5E:91:61:94:9E:73:57:D2:32:03:93:AF:F8:AD:D0:06:28:22:76,1,CP62BEZfzu_lI7/fGVq,AEAD_AES_256_GCM,FEFD
T01,1776604081421.38,transport,14450,1932456,TLS_ECDHE_ECDSA_WITH_CHACHA20_POLY1305_SHA256,client,connected,bt2f,controlling,connected,CF0E:54:EC:B0:3D:7D:53:DD:36:47:1A:A7:F4:B2:2F:2F:94:6D:0E:62:69:0A:35:3B:08:42:66:52:4A:34:37:B1,232,2553,CF4C:EB:DC:1C:6C:22:8D:7B:26:43:FC:2F:9D:5E:91:61:94:9E:73:57:D2:32:03:93:AF:F8:AD:D0:06:28:22:76,1,CP62BEZfzu_lI7/fGVq,AEAD_AES_256_GCM,FEFD
T01,1776604081421.38,transport,14450,1932456,TLS_ECDHE_ECDSA_WITH_CHACHA20_POLY1305_SHA256,client,connected,bt2f,controlling,connected,CF0E:54:EC:B0:3D:7D:53:DD:36:47:1A:A7:F4:B2:2F:2F:94:6D:0E:62:69:0A:35:3B:08:42:66:52:4A:34:37:B1,232,2553,CF4C:EB:DC:1C:6C:22:8D:7B:26:43:FC:2F:9D:5E:91:61:94:9E:73:57:D2:32:03:93:AF:F8:AD:D0:06:28:22:76,1,CP62BEZfzu_lI7/fGVq,AEAD_AES_256_GCM,FEFD
T01,1776604081621.415,transport,14574,1963894,TLS_ECDHE_ECDSA_WITH_CHACHA20_POLY1305_SHA256,client,connected,bt2f,controlling,connected,CF0E:54:EC:B0:3D:7D:53:DD:36:47:1A:A7:F4:B2:2F:2F:94:6D:0E:62:69:0A:35:3B:08:42:66:52:4A:34:37:B1,234,2582,CF4C:EB:DC:1C:6C:22:8D:7B:26:43:FC:2F:9D:5E:91:61:94:9E:73:57:D2:32:03:93:AF:F8:AD:D0:06:28:22:76,1,CP62BEZfzu_lI7/fGVq,AEAD_AES_256_GCM,FEFD
T01,1776604081621.415,transport,14574,1963894,TLS_ECDHE_ECDSA_WITH_CHACHA20_POLY1305_SHA256,client,connected,bt2f,controlling,connected,CF0E:54:EC:B0:3D:7D:53:DD:36:47:1A:A7:F4:B2:2F:2F:94:6D:0E:62:69:0A:35:3B:08:42:66:52:4A:34:37:B1,234,2582,CF4C:EB:DC:1C:6C:22:8D:7B:26:43:FC:2F:9D:5E:91:61:94:9E:73:57:D2:32:03:93:AF:F8:AD:D0:06:28:22:76,1,CP62BEZfzu_lI7/fGVq,AEAD_AES_256_GCM,FEFD
T01,1776604081821.459,transport,14698,2001658,TLS_ECDHE_ECDSA_WITH_CHACHA20_POLY1305_SHA256,client,connected,bt2f,controlling,connected,CF0E:54:EC:B0:3D:7D:53:DD:36:47:1A:A7:F4:B2:2F:2F:94:6D:0E:62:69:0A:35:3B:08:42:66:52:4A:34:37:B1,236,2621,CF4C:EB:DC:1C:6C:22:8D:7B:26:43:FC:2F:9D:5E:91:61:94:9E:73:57:D2:32:03:93:AF:F8:AD:D0:06:28:22:76,1,CP62BEZfzu_lI7/fGVq,AEAD_AES_256_GCM,FEFD
T01,1776604081821.459,transport,14698,2001658,TLS_ECDHE_ECDSA_WITH_CHACHA20_POLY1305_SHA256,client,connected,bt2f,controlling,connected,CF0E:54:EC:B0:3D:7D:53:DD:36:47:1A:A7:F4:B2:2F:2F:94:6D:0E:62:69:0A:35:3B:08:42:66:52:4A:34:37:B1,236,2621,CF4C:EB:DC:1C:6C:22:8D:7B:26:43:FC:2F:9D:5E:91:61:94:9E:73:57:D2:32:03:93:AF:F8:AD:D0:06:28:22:76,1,CP62BEZfzu_lI7/fGVq,AEAD_AES_256_GCM,FEFD
T01,1776604082021.424,transport,14994,2045279,TLS_ECDHE_ECDSA_WITH_CHACHA20_POLY1305_SHA256,client,connected,bt2f,controlling,connected,CF0E:54:EC:B0:3D:7D:53:DD:36:47:1A:A7:F4:B2:2F:2F:94:6D:0E:62:69:0A:35:3B:08:42:66:52:4A:34:37:B1,240,2661,CF4C:EB:DC:1C:6C:22:8D:7B:26:43:FC:2F:9D:5E:91:61:94:9E:73:57:D2:32:03:93:AF:F8:AD:D0:06:28:22:76,1,CP62BEZfzu_lI7/fGVq,AEAD_AES_256_GCM,FEFD
T01,1776604082021.424,transport,14994,2045279,TLS_ECDHE_ECDSA_WITH_CHACHA20_POLY1305_SHA256,client,connected,bt2f,controlling,connected,CF0E:54:EC:B0:3D:7D:53:DD:36:47:1A:A7:F4:B2:2F:2F:94:6D:0E:62:69:0A:35:3B:08:42:66:52:4A:34:37:B1,240,2661,CF4C:EB:DC:1C:6C:22:8D:7B:26:43:FC:2F:9D:5E:91:61:94:9E:73:57:D2:32:03:93:AF:F8:AD:D0:06:28:22:76,1,CP62BEZfzu_lI7/fGVq,AEAD_AES_256_GCM,FEFD
T01,1776604082221.334,transport,15118,2077817,TLS_ECDHE_ECDSA_WITH_CHACHA20_POLY1305_SHA256,client,connected,bt2f,controlling,connected,CF0E:54:EC:B0:3D:7D:53:DD:36:47:1A:A7:F4:B2:2F:2F:94:6D:0E:62:69:0A:35:3B:08:42:66:52:4A:34:37:B1,242,2691,CF4C:EB:DC:1C:6C:22:8D:7B:26:43:FC:2F:9D:5E:91:61:94:9E:73:57:D2:32:03:93:AF:F8:AD:D0:06:28:22:76,1,CP62BEZfzu_lI7/fGVq,AEAD_AES_256_GCM,FEFD
T01,1776604082221.334,transport,15118,2077817,TLS_ECDHE_ECDSA_WITH_CHACHA20_POLY1305_SHA256,client,connected,bt2f,controlling,connected,CF0E:54:EC:B0:3D:7D:53:DD:36:47:1A:A7:F4:B2:2F:2F:94:6D:0E:62:69:0A:35:3B:08:42:66:52:4A:34:37:B1,242,2691,CF4C:EB:DC:1C:6C:22:8D:7B:26:43:FC:2F:9D:5E:91:61:94:9E:73:57:D2:32:03:93:AF:F8:AD:D0:06:28:22:76,1,CP62BEZfzu_lI7/fGVq,AEAD_AES_256_GCM,FEFD
T01,1776604082421.389,transport,15238,2118178,TLS_ECDHE_ECDSA_WITH_CHACHA20_POLY1305_SHA256,client,connected,bt2f,controlling,connected,CF0E:54:EC:B0:3D:7D:53:DD:36:47:1A:A7:F4:B2:2F:2F:94:6D:0E:62:69:0A:35:3B:08:42:66:52:4A:34:37:B1,244,2729,CF4C:EB:DC:1C:6C:22:8D:7B:26:43:FC:2F:9D:5E:91:61:94:9E:73:57:D2:32:03:93:AF:F8:AD:D0:06:28:22:76,1,CP62BEZfzu_lI7/fGVq,AEAD_AES_256_GCM,FEFD
T01,1776604082421.389,transport,15238,2118178,TLS_ECDHE_ECDSA_WITH_CHACHA20_POLY1305_SHA256,client,connected,bt2f,controlling,connected,CF0E:54:EC:B0:3D:7D:53:DD:36:47:1A:A7:F4:B2:2F:2F:94:6D:0E:62:69:0A:35:3B:08:42:66:52:4A:34:37:B1,244,2729,CF4C:EB:DC:1C:6C:22:8D:7B:26:43:FC:2F:9D:5E:91:61:94:9E:73:57:D2:32:03:93:AF:F8:AD:D0:06:28:22:76,1,CP62BEZfzu_lI7/fGVq,AEAD_AES_256_GCM,FEFD
T01,1776604082621.37,transport,15366,2159762,TLS_ECDHE_ECDSA_WITH_CHACHA20_POLY1305_SHA256,client,connected,bt2f,controlling,connected,CF0E:54:EC:B0:3D:7D:53:DD:36:47:1A:A7:F4:B2:2F:2F:94:6D:0E:62:69:0A:35:3B:08:42:66:52:4A:34:37:B1,246,2769,CF4C:EB:DC:1C:6C:22:8D:7B:26:43:FC:2F:9D:5E:91:61:94:9E:73:57:D2:32:03:93:AF:F8:AD:D0:06:28:22:76,1,CP62BEZfzu_lI7/fGVq,AEAD_AES_256_GCM,FEFD
T01,1776604082621.37,transport,15366,2159762,TLS_ECDHE_ECDSA_WITH_CHACHA20_POLY1305_SHA256,client,connected,bt2f,controlling,connected,CF0E:54:EC:B0:3D:7D:53:DD:36:47:1A:A7:F4:B2:2F:2F:94:6D:0E:62:69:0A:35:3B:08:42:66:52:4A:34:37:B1,246,2769,CF4C:EB:DC:1C:6C:22:8D:7B:26:43:FC:2F:9D:5E:91:61:94:9E:73:57:D2:32:03:93:AF:F8:AD:D0:06:28:22:76,1,CP62BEZfzu_lI7/fGVq,AEAD_AES_256_GCM,FEFD
T01,1776604082821.367,transport,15490,2199219,TLS_ECDHE_ECDSA_WITH_CHACHA20_POLY1305_SHA256,client,connected,bt2f,controlling,connected,CF0E:54:EC:B0:3D:7D:53:DD:36:47:1A:A7:F4:B2:2F:2F:94:6D:0E:62:69:0A:35:3B:08:42:66:52:4A:34:37:B1,248,2805,CF4C:EB:DC:1C:6C:22:8D:7B:26:43:FC:2F:9D:5E:91:61:94:9E:73:57:D2:32:03:93:AF:F8:AD:D0:06:28:22:76,1,CP62BEZfzu_lI7/fGVq,AEAD_AES_256_GCM,FEFD
T01,1776604082821.367,transport,15490,2199219,TLS_ECDHE_ECDSA_WITH_CHACHA20_POLY1305_SHA256,client,connected,bt2f,controlling,connected,CF0E:54:EC:B0:3D:7D:53:DD:36:47:1A:A7:F4:B2:2F:2F:94:6D:0E:62:69:0A:35:3B:08:42:66:52:4A:34:37:B1,248,2805,CF4C:EB:DC:1C:6C:22:8D:7B:26:43:FC:2F:9D:5E:91:61:94:9E:73:57:D2:32:03:93:AF:F8:AD:D0:06:28:22:76,1,CP62BEZfzu_lI7/fGVq,AEAD_AES_256_GCM,FEFD
T01,1776604083021.369,transport,15618,2243160,TLS_ECDHE_ECDSA_WITH_CHACHA20_POLY1305_SHA256,client,connected,bt2f,controlling,connected,CF0E:54:EC:B0:3D:7D:53:DD:36:47:1A:A7:F4:B2:2F:2F:94:6D:0E:62:69:0A:35:3B:08:42:66:52:4A:34:37:B1,250,2851,CF4C:EB:DC:1C:6C:22:8D:7B:26:43:FC:2F:9D:5E:91:61:94:9E:73:57:D2:32:03:93:AF:F8:AD:D0:06:28:22:76,1,CP62BEZfzu_lI7/fGVq,AEAD_AES_256_GCM,FEFD
T01,1776604083021.369,transport,15618,2243160,TLS_ECDHE_ECDSA_WITH_CHACHA20_POLY1305_SHA256,client,connected,bt2f,controlling,connected,CF0E:54:EC:B0:3D:7D:53:DD:36:47:1A:A7:F4:B2:2F:2F:94:6D:0E:62:69:0A:35:3B:08:42:66:52:4A:34:37:B1,250,2851,CF4C:EB:DC:1C:6C:22:8D:7B:26:43:FC:2F:9D:5E:91:61:94:9E:73:57:D2:32:03:93:AF:F8:AD:D0:06:28:22:76,1,CP62BEZfzu_lI7/fGVq,AEAD_AES_256_GCM,FEFD
T01,1776604083221.362,transport,15750,2285204,TLS_ECDHE_ECDSA_WITH_CHACHA20_POLY1305_SHA256,client,connected,bt2f,controlling,connected,CF0E:54:EC:B0:3D:7D:53:DD:36:47:1A:A7:F4:B2:2F:2F:94:6D:0E:62:69:0A:35:3B:08:42:66:52:4A:34:37:B1,252,2893,CF4C:EB:DC:1C:6C:22:8D:7B:26:43:FC:2F:9D:5E:91:61:94:9E:73:57:D2:32:03:93:AF:F8:AD:D0:06:28:22:76,1,CP62BEZfzu_lI7/fGVq,AEAD_AES_256_GCM,FEFD
T01,1776604083221.362,transport,15750,2285204,TLS_ECDHE_ECDSA_WITH_CHACHA20_POLY1305_SHA256,client,connected,bt2f,controlling,connected,CF0E:54:EC:B0:3D:7D:53:DD:36:47:1A:A7:F4:B2:2F:2F:94:6D:0E:62:69:0A:35:3B:08:42:66:52:4A:34:37:B1,252,2893,CF4C:EB:DC:1C:6C:22:8D:7B:26:43:FC:2F:9D:5E:91:61:94:9E:73:57:D2:32:03:93:AF:F8:AD:D0:06:28:22:76,1,CP62BEZfzu_lI7/fGVq,AEAD_AES_256_GCM,FEFD
T01,1776604083421.263,transport,16026,2327438,TLS_ECDHE_ECDSA_WITH_CHACHA20_POLY1305_SHA256,client,connected,bt2f,controlling,connected,CF0E:54:EC:B0:3D:7D:53:DD:36:47:1A:A7:F4:B2:2F:2F:94:6D:0E:62:69:0A:35:3B:08:42:66:52:4A:34:37:B1,255,2936,CF4C:EB:DC:1C:6C:22:8D:7B:26:43:FC:2F:9D:5E:91:61:94:9E:73:57:D2:32:03:93:AF:F8:AD:D0:06:28:22:76,1,CP62BEZfzu_lI7/fGVq,AEAD_AES_256_GCM,FEFD
T01,1776604083421.263,transport,16026,2327438,TLS_ECDHE_ECDSA_WITH_CHACHA20_POLY1305_SHA256,client,connected,bt2f,controlling,connected,CF0E:54:EC:B0:3D:7D:53:DD:36:47:1A:A7:F4:B2:2F:2F:94:6D:0E:62:69:0A:35:3B:08:42:66:52:4A:34:37:B1,255,2936,CF4C:EB:DC:1C:6C:22:8D:7B:26:43:FC:2F:9D:5E:91:61:94:9E:73:57:D2:32:03:93:AF:F8:AD:D0:06:28:22:76,1,CP62BEZfzu_lI7/fGVq,AEAD_AES_256_GCM,FEFD
T01,1776604083621.35,transport,16150,2371764,TLS_ECDHE_ECDSA_WITH_CHACHA20_POLY1305_SHA256,client,connected,bt2f,controlling,connected,CF0E:54:EC:B0:3D:7D:53:DD:36:47:1A:A7:F4:B2:2F:2F:94:6D:0E:62:69:0A:35:3B:08:42:66:52:4A:34:37:B1,257,2981,CF4C:EB:DC:1C:6C:22:8D:7B:26:43:FC:2F:9D:5E:91:61:94:9E:73:57:D2:32:03:93:AF:F8:AD:D0:06:28:22:76,1,CP62BEZfzu_lI7/fGVq,AEAD_AES_256_GCM,FEFD
T01,1776604083621.35,transport,16150,2371764,TLS_ECDHE_ECDSA_WITH_CHACHA20_POLY1305_SHA256,client,connected,bt2f,controlling,connected,CF0E:54:EC:B0:3D:7D:53:DD:36:47:1A:A7:F4:B2:2F:2F:94:6D:0E:62:69:0A:35:3B:08:42:66:52:4A:34:37:B1,257,2981,CF4C:EB:DC:1C:6C:22:8D:7B:26:43:FC:2F:9D:5E:91:61:94:9E:73:57:D2:32:03:93:AF:F8:AD:D0:06:28:22:76,1,CP62BEZfzu_lI7/fGVq,AEAD_AES_256_GCM,FEFD
T01,1776604083821.351,transport,16290,2414685,TLS_ECDHE_ECDSA_WITH_CHACHA20_POLY1305_SHA256,client,connected,bt2f,controlling,connected,CF0E:54:EC:B0:3D:7D:53:DD:36:47:1A:A7:F4:B2:2F:2F:94:6D:0E:62:69:0A:35:3B:08:42:66:52:4A:34:37:B1,259,3029,CF4C:EB:DC:1C:6C:22:8D:7B:26:43:FC:2F:9D:5E:91:61:94:9E:73:57:D2:32:03:93:AF:F8:AD:D0:06:28:22:76,1,CP62BEZfzu_lI7/fGVq,AEAD_AES_256_GCM,FEFD
T01,1776604083821.351,transport,16290,2414685,TLS_ECDHE_ECDSA_WITH_CHACHA20_POLY1305_SHA256,client,connected,bt2f,controlling,connected,CF0E:54:EC:B0:3D:7D:53:DD:36:47:1A:A7:F4:B2:2F:2F:94:6D:0E:62:69:0A:35:3B:08:42:66:52:4A:34:37:B1,259,3029,CF4C:EB:DC:1C:6C:22:8D:7B:26:43:FC:2F:9D:5E:91:61:94:9E:73:57:D2:32:03:93:AF:F8:AD:D0:06:28:22:76,1,CP62BEZfzu_lI7/fGVq,AEAD_AES_256_GCM,FEFD
T01,1776604084021.303,transport,16418,2459630,TLS_ECDHE_ECDSA_WITH_CHACHA20_POLY1305_SHA256,client,connected,bt2f,controlling,connected,CF0E:54:EC:B0:3D:7D:53:DD:36:47:1A:A7:F4:B2:2F:2F:94:6D:0E:62:69:0A:35:3B:08:42:66:52:4A:34:37:B1,261,3075,CF4C:EB:DC:1C:6C:22:8D:7B:26:43:FC:2F:9D:5E:91:61:94:9E:73:57:D2:32:03:93:AF:F8:AD:D0:06:28:22:76,1,CP62BEZfzu_lI7/fGVq,AEAD_AES_256_GCM,FEFD
T01,1776604084021.303,transport,16418,2459630,TLS_ECDHE_ECDSA_WITH_CHACHA20_POLY1305_SHA256,client,connected,bt2f,controlling,connected,CF0E:54:EC:B0:3D:7D:53:DD:36:47:1A:A7:F4:B2:2F:2F:94:6D:0E:62:69:0A:35:3B:08:42:66:52:4A:34:37:B1,261,3075,CF4C:EB:DC:1C:6C:22:8D:7B:26:43:FC:2F:9D:5E:91:61:94:9E:73:57:D2:32:03:93:AF:F8:AD:D0:06:28:22:76,1,CP62BEZfzu_lI7/fGVq,AEAD_AES_256_GCM,FEFD
T01,1776604084221.445,transport,16554,2504038,TLS_ECDHE_ECDSA_WITH_CHACHA20_POLY1305_SHA256,client,connected,bt2f,controlling,connected,CF0E:54:EC:B0:3D:7D:53:DD:36:47:1A:A7:F4:B2:2F:2F:94:6D:0E:62:69:0A:35:3B:08:42:66:52:4A:34:37:B1,263,3118,CF4C:EB:DC:1C:6C:22:8D:7B:26:43:FC:2F:9D:5E:91:61:94:9E:73:57:D2:32:03:93:AF:F8:AD:D0:06:28:22:76,1,CP62BEZfzu_lI7/fGVq,AEAD_AES_256_GCM,FEFD
T01,1776604084221.445,transport,16554,2504038,TLS_ECDHE_ECDSA_WITH_CHACHA20_POLY1305_SHA256,client,connected,bt2f,controlling,connected,CF0E:54:EC:B0:3D:7D:53:DD:36:47:1A:A7:F4:B2:2F:2F:94:6D:0E:62:69:0A:35:3B:08:42:66:52:4A:34:37:B1,263,3118,CF4C:EB:DC:1C:6C:22:8D:7B:26:43:FC:2F:9D:5E:91:61:94:9E:73:57:D2:32:03:93:AF:F8:AD:D0:06:28:22:76,1,CP62BEZfzu_lI7/fGVq,AEAD_AES_256_GCM,FEFD
T01,1776604084421.308,transport,16682,2549636,TLS_ECDHE_ECDSA_WITH_CHACHA20_POLY1305_SHA256,client,connected,bt2f,controlling,connected,CF0E:54:EC:B0:3D:7D:53:DD:36:47:1A:A7:F4:B2:2F:2F:94:6D:0E:62:69:0A:35:3B:08:42:66:52:4A:34:37:B1,265,3163,CF4C:EB:DC:1C:6C:22:8D:7B:26:43:FC:2F:9D:5E:91:61:94:9E:73:57:D2:32:03:93:AF:F8:AD:D0:06:28:22:76,1,CP62BEZfzu_lI7/fGVq,AEAD_AES_256_GCM,FEFD
T01,1776604084421.308,transport,16682,2549636,TLS_ECDHE_ECDSA_WITH_CHACHA20_POLY1305_SHA256,client,connected,bt2f,controlling,connected,CF0E:54:EC:B0:3D:7D:53:DD:36:47:1A:A7:F4:B2:2F:2F:94:6D:0E:62:69:0A:35:3B:08:42:66:52:4A:34:37:B1,265,3163,CF4C:EB:DC:1C:6C:22:8D:7B:26:43:FC:2F:9D:5E:91:61:94:9E:73:57:D2:32:03:93:AF:F8:AD:D0:06:28:22:76,1,CP62BEZfzu_lI7/fGVq,AEAD_AES_256_GCM,FEFD
T01,1776604084621.397,transport,16962,2597602,TLS_ECDHE_ECDSA_WITH_CHACHA20_POLY1305_SHA256,client,connected,bt2f,controlling,connected,CF0E:54:EC:B0:3D:7D:53:DD:36:47:1A:A7:F4:B2:2F:2F:94:6D:0E:62:69:0A:35:3B:08:42:66:52:4A:34:37:B1,268,3213,CF4C:EB:DC:1C:6C:22:8D:7B:26:43:FC:2F:9D:5E:91:61:94:9E:73:57:D2:32:03:93:AF:F8:AD:D0:06:28:22:76,1,CP62BEZfzu_lI7/fGVq,AEAD_AES_256_GCM,FEFD
T01,1776604084621.397,transport,16962,2597602,TLS_ECDHE_ECDSA_WITH_CHACHA20_POLY1305_SHA256,client,connected,bt2f,controlling,connected,CF0E:54:EC:B0:3D:7D:53:DD:36:47:1A:A7:F4:B2:2F:2F:94:6D:0E:62:69:0A:35:3B:08:42:66:52:4A:34:37:B1,268,3213,CF4C:EB:DC:1C:6C:22:8D:7B:26:43:FC:2F:9D:5E:91:61:94:9E:73:57:D2:32:03:93:AF:F8:AD:D0:06:28:22:76,1,CP62BEZfzu_lI7/fGVq,AEAD_AES_256_GCM,FEFD
T01,1776604084821.36,transport,17106,2646408,TLS_ECDHE_ECDSA_WITH_CHACHA20_POLY1305_SHA256,client,connected,bt2f,controlling,connected,CF0E:54:EC:B0:3D:7D:53:DD:36:47:1A:A7:F4:B2:2F:2F:94:6D:0E:62:69:0A:35:3B:08:42:66:52:4A:34:37:B1,270,3271,CF4C:EB:DC:1C:6C:22:8D:7B:26:43:FC:2F:9D:5E:91:61:94:9E:73:57:D2:32:03:93:AF:F8:AD:D0:06:28:22:76,1,CP62BEZfzu_lI7/fGVq,AEAD_AES_256_GCM,FEFD
T01,1776604084821.36,transport,17106,2646408,TLS_ECDHE_ECDSA_WITH_CHACHA20_POLY1305_SHA256,client,connected,bt2f,controlling,connected,CF0E:54:EC:B0:3D:7D:53:DD:36:47:1A:A7:F4:B2:2F:2F:94:6D:0E:62:69:0A:35:3B:08:42:66:52:4A:34:37:B1,270,3271,CF4C:EB:DC:1C:6C:22:8D:7B:26:43:FC:2F:9D:5E:91:61:94:9E:73:57:D2:32:03:93:AF:F8:AD:D0:06:28:22:76,1,CP62BEZfzu_lI7/fGVq,AEAD_AES_256_GCM,FEFD
T01,1776604085021.329,transport,17246,2698311,TLS_ECDHE_ECDSA_WITH_CHACHA20_POLY1305_SHA256,client,connected,bt2f,controlling,connected,CF0E:54:EC:B0:3D:7D:53:DD:36:47:1A:A7:F4:B2:2F:2F:94:6D:0E:62:69:0A:35:3B:08:42:66:52:4A:34:37:B1,272,3322,CF4C:EB:DC:1C:6C:22:8D:7B:26:43:FC:2F:9D:5E:91:61:94:9E:73:57:D2:32:03:93:AF:F8:AD:D0:06:28:22:76,1,CP62BEZfzu_lI7/fGVq,AEAD_AES_256_GCM,FEFD
T01,1776604085021.329,transport,17246,2698311,TLS_ECDHE_ECDSA_WITH_CHACHA20_POLY1305_SHA256,client,connected,bt2f,controlling,connected,CF0E:54:EC:B0:3D:7D:53:DD:36:47:1A:A7:F4:B2:2F:2F:94:6D:0E:62:69:0A:35:3B:08:42:66:52:4A:34:37:B1,272,3322,CF4C:EB:DC:1C:6C:22:8D:7B:26:43:FC:2F:9D:5E:91:61:94:9E:73:57:D2:32:03:93:AF:F8:AD:D0:06:28:22:76,1,CP62BEZfzu_lI7/fGVq,AEAD_AES_256_GCM,FEFD
T01,1776604085221.415,transport,17414,2754634,TLS_ECDHE_ECDSA_WITH_CHACHA20_POLY1305_SHA256,client,connected,bt2f,controlling,connected,CF0E:54:EC:B0:3D:7D:53:DD:36:47:1A:A7:F4:B2:2F:2F:94:6D:0E:62:69:0A:35:3B:08:42:66:52:4A:34:37:B1,275,3377,CF4C:EB:DC:1C:6C:22:8D:7B:26:43:FC:2F:9D:5E:91:61:94:9E:73:57:D2:32:03:93:AF:F8:AD:D0:06:28:22:76,1,CP62BEZfzu_lI7/fGVq,AEAD_AES_256_GCM,FEFD
T01,1776604085221.415,transport,17414,2754634,TLS_ECDHE_ECDSA_WITH_CHACHA20_POLY1305_SHA256,client,connected,bt2f,controlling,connected,CF0E:54:EC:B0:3D:7D:53:DD:36:47:1A:A7:F4:B2:2F:2F:94:6D:0E:62:69:0A:35:3B:08:42:66:52:4A:34:37:B1,275,3377,CF4C:EB:DC:1C:6C:22:8D:7B:26:43:FC:2F:9D:5E:91:61:94:9E:73:57:D2:32:03:93:AF:F8:AD:D0:06:28:22:76,1,CP62BEZfzu_lI7/fGVq,AEAD_AES_256_GCM,FEFD
T01,1776604085421.376,transport,17546,2794401,TLS_ECDHE_ECDSA_WITH_CHACHA20_POLY1305_SHA256,client,connected,bt2f,controlling,connected,CF0E:54:EC:B0:3D:7D:53:DD:36:47:1A:A7:F4:B2:2F:2F:94:6D:0E:62:69:0A:35:3B:08:42:66:52:4A:34:37:B1,277,3417,CF4C:EB:DC:1C:6C:22:8D:7B:26:43:FC:2F:9D:5E:91:61:94:9E:73:57:D2:32:03:93:AF:F8:AD:D0:06:28:22:76,1,CP62BEZfzu_lI7/fGVq,AEAD_AES_256_GCM,FEFD
T01,1776604085421.376,transport,17546,2794401,TLS_ECDHE_ECDSA_WITH_CHACHA20_POLY1305_SHA256,client,connected,bt2f,controlling,connected,CF0E:54:EC:B0:3D:7D:53:DD:36:47:1A:A7:F4:B2:2F:2F:94:6D:0E:62:69:0A:35:3B:08:42:66:52:4A:34:37:B1,277,3417,CF4C:EB:DC:1C:6C:22:8D:7B:26:43:FC:2F:9D:5E:91:61:94:9E:73:57:D2:32:03:93:AF:F8:AD:D0:06:28:22:76,1,CP62BEZfzu_lI7/fGVq,AEAD_AES_256_GCM,FEFD
T01,1776604085621.436,transport,17670,2844298,TLS_ECDHE_ECDSA_WITH_CHACHA20_POLY1305_SHA256,client,connected,bt2f,controlling,connected,CF0E:54:EC:B0:3D:7D:53:DD:36:47:1A:A7:F4:B2:2F:2F:94:6D:0E:62:69:0A:35:3B:08:42:66:52:4A:34:37:B1,279,3465,CF4C:EB:DC:1C:6C:22:8D:7B:26:43:FC:2F:9D:5E:91:61:94:9E:73:57:D2:32:03:93:AF:F8:AD:D0:06:28:22:76,1,CP62BEZfzu_lI7/fGVq,AEAD_AES_256_GCM,FEFD
T01,1776604085621.436,transport,17670,2844298,TLS_ECDHE_ECDSA_WITH_CHACHA20_POLY1305_SHA256,client,connected,bt2f,controlling,connected,CF0E:54:EC:B0:3D:7D:53:DD:36:47:1A:A7:F4:B2:2F:2F:94:6D:0E:62:69:0A:35:3B:08:42:66:52:4A:34:37:B1,279,3465,CF4C:EB:DC:1C:6C:22:8D:7B:26:43:FC:2F:9D:5E:91:61:94:9E:73:57:D2:32:03:93:AF:F8:AD:D0:06:28:22:76,1,CP62BEZfzu_lI7/fGVq,AEAD_AES_256_GCM,FEFD
T01,1776604085821.31,transport,17810,2896944,TLS_ECDHE_ECDSA_WITH_CHACHA20_POLY1305_SHA256,client,connected,bt2f,controlling,connected,CF0E:54:EC:B0:3D:7D:53:DD:36:47:1A:A7:F4:B2:2F:2F:94:6D:0E:62:69:0A:35:3B:08:42:66:52:4A:34:37:B1,281,3515,CF4C:EB:DC:1C:6C:22:8D:7B:26:43:FC:2F:9D:5E:91:61:94:9E:73:57:D2:32:03:93:AF:F8:AD:D0:06:28:22:76,1,CP62BEZfzu_lI7/fGVq,AEAD_AES_256_GCM,FEFD
T01,1776604085821.31,transport,17810,2896944,TLS_ECDHE_ECDSA_WITH_CHACHA20_POLY1305_SHA256,client,connected,bt2f,controlling,connected,CF0E:54:EC:B0:3D:7D:53:DD:36:47:1A:A7:F4:B2:2F:2F:94:6D:0E:62:69:0A:35:3B:08:42:66:52:4A:34:37:B1,281,3515,CF4C:EB:DC:1C:6C:22:8D:7B:26:43:FC:2F:9D:5E:91:61:94:9E:73:57:D2:32:03:93:AF:F8:AD:D0:06:28:22:76,1,CP62BEZfzu_lI7/fGVq,AEAD_AES_256_GCM,FEFD
T01,1776604086021.268,transport,18090,2953348,TLS_ECDHE_ECDSA_WITH_CHACHA20_POLY1305_SHA256,client,connected,bt2f,controlling,connected,CF0E:54:EC:B0:3D:7D:53:DD:36:47:1A:A7:F4:B2:2F:2F:94:6D:0E:62:69:0A:35:3B:08:42:66:52:4A:34:37:B1,284,3571,CF4C:EB:DC:1C:6C:22:8D:7B:26:43:FC:2F:9D:5E:91:61:94:9E:73:57:D2:32:03:93:AF:F8:AD:D0:06:28:22:76,1,CP62BEZfzu_lI7/fGVq,AEAD_AES_256_GCM,FEFD
T01,1776604086021.268,transport,18090,2953348,TLS_ECDHE_ECDSA_WITH_CHACHA20_POLY1305_SHA256,client,connected,bt2f,controlling,connected,CF0E:54:EC:B0:3D:7D:53:DD:36:47:1A:A7:F4:B2:2F:2F:94:6D:0E:62:69:0A:35:3B:08:42:66:52:4A:34:37:B1,284,3571,CF4C:EB:DC:1C:6C:22:8D:7B:26:43:FC:2F:9D:5E:91:61:94:9E:73:57:D2:32:03:93:AF:F8:AD:D0:06:28:22:76,1,CP62BEZfzu_lI7/fGVq,AEAD_AES_256_GCM,FEFD
T01,1776604086221.331,transport,18234,2999176,TLS_ECDHE_ECDSA_WITH_CHACHA20_POLY1305_SHA256,client,connected,bt2f,controlling,connected,CF0E:54:EC:B0:3D:7D:53:DD:36:47:1A:A7:F4:B2:2F:2F:94:6D:0E:62:69:0A:35:3B:08:42:66:52:4A:34:37:B1,286,3615,CF4C:EB:DC:1C:6C:22:8D:7B:26:43:FC:2F:9D:5E:91:61:94:9E:73:57:D2:32:03:93:AF:F8:AD:D0:06:28:22:76,1,CP62BEZfzu_lI7/fGVq,AEAD_AES_256_GCM,FEFD
T01,1776604086221.331,transport,18234,2999176,TLS_ECDHE_ECDSA_WITH_CHACHA20_POLY1305_SHA256,client,connected,bt2f,controlling,connected,CF0E:54:EC:B0:3D:7D:53:DD:36:47:1A:A7:F4:B2:2F:2F:94:6D:0E:62:69:0A:35:3B:08:42:66:52:4A:34:37:B1,286,3615,CF4C:EB:DC:1C:6C:22:8D:7B:26:43:FC:2F:9D:5E:91:61:94:9E:73:57:D2:32:03:93:AF:F8:AD:D0:06:28:22:76,1,CP62BEZfzu_lI7/fGVq,AEAD_AES_256_GCM,FEFD
T01,1776604086421.284,transport,18362,3051389,TLS_ECDHE_ECDSA_WITH_CHACHA20_POLY1305_SHA256,client,connected,bt2f,controlling,connected,CF0E:54:EC:B0:3D:7D:53:DD:36:47:1A:A7:F4:B2:2F:2F:94:6D:0E:62:69:0A:35:3B:08:42:66:52:4A:34:37:B1,288,3663,CF4C:EB:DC:1C:6C:22:8D:7B:26:43:FC:2F:9D:5E:91:61:94:9E:73:57:D2:32:03:93:AF:F8:AD:D0:06:28:22:76,1,CP62BEZfzu_lI7/fGVq,AEAD_AES_256_GCM,FEFD
T01,1776604086421.284,transport,18362,3051389,TLS_ECDHE_ECDSA_WITH_CHACHA20_POLY1305_SHA256,client,connected,bt2f,controlling,connected,CF0E:54:EC:B0:3D:7D:53:DD:36:47:1A:A7:F4:B2:2F:2F:94:6D:0E:62:69:0A:35:3B:08:42:66:52:4A:34:37:B1,288,3663,CF4C:EB:DC:1C:6C:22:8D:7B:26:43:FC:2F:9D:5E:91:61:94:9E:73:57:D2:32:03:93:AF:F8:AD:D0:06:28:22:76,1,CP62BEZfzu_lI7/fGVq,AEAD_AES_256_GCM,FEFD
T01,1776604086621.266,transport,18510,3116866,TLS_ECDHE_ECDSA_WITH_CHACHA20_POLY1305_SHA256,client,connected,bt2f,controlling,connected,CF0E:54:EC:B0:3D:7D:53:DD:36:47:1A:A7:F4:B2:2F:2F:94:6D:0E:62:69:0A:35:3B:08:42:66:52:4A:34:37:B1,290,3723,CF4C:EB:DC:1C:6C:22:8D:7B:26:43:FC:2F:9D:5E:91:61:94:9E:73:57:D2:32:03:93:AF:F8:AD:D0:06:28:22:76,1,CP62BEZfzu_lI7/fGVq,AEAD_AES_256_GCM,FEFD
T01,1776604086621.266,transport,18510,3116866,TLS_ECDHE_ECDSA_WITH_CHACHA20_POLY1305_SHA256,client,connected,bt2f,controlling,connected,CF0E:54:EC:B0:3D:7D:53:DD:36:47:1A:A7:F4:B2:2F:2F:94:6D:0E:62:69:0A:35:3B:08:42:66:52:4A:34:37:B1,290,3723,CF4C:EB:DC:1C:6C:22:8D:7B:26:43:FC:2F:9D:5E:91:61:94:9E:73:57:D2:32:03:93:AF:F8:AD:D0:06:28:22:76,1,CP62BEZfzu_lI7/fGVq,AEAD_AES_256_GCM,FEFD
T01,1776604086821.339,transport,18658,3180531,TLS_ECDHE_ECDSA_WITH_CHACHA20_POLY1305_SHA256,client,connected,bt2f,controlling,connected,CF0E:54:EC:B0:3D:7D:53:DD:36:47:1A:A7:F4:B2:2F:2F:94:6D:0E:62:69:0A:35:3B:08:42:66:52:4A:34:37:B1,292,3784,CF4C:EB:DC:1C:6C:22:8D:7B:26:43:FC:2F:9D:5E:91:61:94:9E:73:57:D2:32:03:93:AF:F8:AD:D0:06:28:22:76,1,CP62BEZfzu_lI7/fGVq,AEAD_AES_256_GCM,FEFD
T01,1776604086821.339,transport,18658,3180531,TLS_ECDHE_ECDSA_WITH_CHACHA20_POLY1305_SHA256,client,connected,bt2f,controlling,connected,CF0E:54:EC:B0:3D:7D:53:DD:36:47:1A:A7:F4:B2:2F:2F:94:6D:0E:62:69:0A:35:3B:08:42:66:52:4A:34:37:B1,292,3784,CF4C:EB:DC:1C:6C:22:8D:7B:26:43:FC:2F:9D:5E:91:61:94:9E:73:57:D2:32:03:93:AF:F8:AD:D0:06:28:22:76,1,CP62BEZfzu_lI7/fGVq,AEAD_AES_256_GCM,FEFD
T01,1776604087021.293,transport,18806,3245958,TLS_ECDHE_ECDSA_WITH_CHACHA20_POLY1305_SHA256,client,connected,bt2f,controlling,connected,CF0E:54:EC:B0:3D:7D:53:DD:36:47:1A:A7:F4:B2:2F:2F:94:6D:0E:62:69:0A:35:3B:08:42:66:52:4A:34:37:B1,294,3845,CF4C:EB:DC:1C:6C:22:8D:7B:26:43:FC:2F:9D:5E:91:61:94:9E:73:57:D2:32:03:93:AF:F8:AD:D0:06:28:22:76,1,CP62BEZfzu_lI7/fGVq,AEAD_AES_256_GCM,FEFD
T01,1776604087021.293,transport,18806,3245958,TLS_ECDHE_ECDSA_WITH_CHACHA20_POLY1305_SHA256,client,connected,bt2f,controlling,connected,CF0E:54:EC:B0:3D:7D:53:DD:36:47:1A:A7:F4:B2:2F:2F:94:6D:0E:62:69:0A:35:3B:08:42:66:52:4A:34:37:B1,294,3845,CF4C:EB:DC:1C:6C:22:8D:7B:26:43:FC:2F:9D:5E:91:61:94:9E:73:57:D2:32:03:93:AF:F8:AD:D0:06:28:22:76,1,CP62BEZfzu_lI7/fGVq,AEAD_AES_256_GCM,FEFD
T01,1776604087221.268,transport,19122,3298030,TLS_ECDHE_ECDSA_WITH_CHACHA20_POLY1305_SHA256,client,connected,bt2f,controlling,connected,CF0E:54:EC:B0:3D:7D:53:DD:36:47:1A:A7:F4:B2:2F:2F:94:6D:0E:62:69:0A:35:3B:08:42:66:52:4A:34:37:B1,297,3893,CF4C:EB:DC:1C:6C:22:8D:7B:26:43:FC:2F:9D:5E:91:61:94:9E:73:57:D2:32:03:93:AF:F8:AD:D0:06:28:22:76,1,CP62BEZfzu_lI7/fGVq,AEAD_AES_256_GCM,FEFD
T01,1776604087221.268,transport,19122,3298030,TLS_ECDHE_ECDSA_WITH_CHACHA20_POLY1305_SHA256,client,connected,bt2f,controlling,connected,CF0E:54:EC:B0:3D:7D:53:DD:36:47:1A:A7:F4:B2:2F:2F:94:6D:0E:62:69:0A:35:3B:08:42:66:52:4A:34:37:B1,297,3893,CF4C:EB:DC:1C:6C:22:8D:7B:26:43:FC:2F:9D:5E:91:61:94:9E:73:57:D2:32:03:93:AF:F8:AD:D0:06:28:22:76,1,CP62BEZfzu_lI7/fGVq,AEAD_AES_256_GCM,FEFD
T01,1776604087421.238,transport,19258,3364189,TLS_ECDHE_ECDSA_WITH_CHACHA20_POLY1305_SHA256,client,connected,bt2f,controlling,connected,CF0E:54:EC:B0:3D:7D:53:DD:36:47:1A:A7:F4:B2:2F:2F:94:6D:0E:62:69:0A:35:3B:08:42:66:52:4A:34:37:B1,299,3954,CF4C:EB:DC:1C:6C:22:8D:7B:26:43:FC:2F:9D:5E:91:61:94:9E:73:57:D2:32:03:93:AF:F8:AD:D0:06:28:22:76,1,CP62BEZfzu_lI7/fGVq,AEAD_AES_256_GCM,FEFD
T01,1776604087421.238,transport,19258,3364189,TLS_ECDHE_ECDSA_WITH_CHACHA20_POLY1305_SHA256,client,connected,bt2f,controlling,connected,CF0E:54:EC:B0:3D:7D:53:DD:36:47:1A:A7:F4:B2:2F:2F:94:6D:0E:62:69:0A:35:3B:08:42:66:52:4A:34:37:B1,299,3954,CF4C:EB:DC:1C:6C:22:8D:7B:26:43:FC:2F:9D:5E:91:61:94:9E:73:57:D2:32:03:93:AF:F8:AD:D0:06:28:22:76,1,CP62BEZfzu_lI7/fGVq,AEAD_AES_256_GCM,FEFD
T01,1776604087621.433,transport,19406,3432695,TLS_ECDHE_ECDSA_WITH_CHACHA20_POLY1305_SHA256,client,connected,bt2f,controlling,connected,CF0E:54:EC:B0:3D:7D:53:DD:36:47:1A:A7:F4:B2:2F:2F:94:6D:0E:62:69:0A:35:3B:08:42:66:52:4A:34:37:B1,301,4020,CF4C:EB:DC:1C:6C:22:8D:7B:26:43:FC:2F:9D:5E:91:61:94:9E:73:57:D2:32:03:93:AF:F8:AD:D0:06:28:22:76,1,CP62BEZfzu_lI7/fGVq,AEAD_AES_256_GCM,FEFD
T01,1776604087621.433,transport,19406,3432695,TLS_ECDHE_ECDSA_WITH_CHACHA20_POLY1305_SHA256,client,connected,bt2f,controlling,connected,CF0E:54:EC:B0:3D:7D:53:DD:36:47:1A:A7:F4:B2:2F:2F:94:6D:0E:62:69:0A:35:3B:08:42:66:52:4A:34:37:B1,301,4020,CF4C:EB:DC:1C:6C:22:8D:7B:26:43:FC:2F:9D:5E:91:61:94:9E:73:57:D2:32:03:93:AF:F8:AD:D0:06:28:22:76,1,CP62BEZfzu_lI7/fGVq,AEAD_AES_256_GCM,FEFD
T01,1776604087821.302,transport,19554,3492502,TLS_ECDHE_ECDSA_WITH_CHACHA20_POLY1305_SHA256,client,connected,bt2f,controlling,connected,CF0E:54:EC:B0:3D:7D:53:DD:36:47:1A:A7:F4:B2:2F:2F:94:6D:0E:62:69:0A:35:3B:08:42:66:52:4A:34:37:B1,303,4077,CF4C:EB:DC:1C:6C:22:8D:7B:26:43:FC:2F:9D:5E:91:61:94:9E:73:57:D2:32:03:93:AF:F8:AD:D0:06:28:22:76,1,CP62BEZfzu_lI7/fGVq,AEAD_AES_256_GCM,FEFD
T01,1776604087821.302,transport,19554,3492502,TLS_ECDHE_ECDSA_WITH_CHACHA20_POLY1305_SHA256,client,connected,bt2f,controlling,connected,CF0E:54:EC:B0:3D:7D:53:DD:36:47:1A:A7:F4:B2:2F:2F:94:6D:0E:62:69:0A:35:3B:08:42:66:52:4A:34:37:B1,303,4077,CF4C:EB:DC:1C:6C:22:8D:7B:26:43:FC:2F:9D:5E:91:61:94:9E:73:57:D2:32:03:93:AF:F8:AD:D0:06:28:22:76,1,CP62BEZfzu_lI7/fGVq,AEAD_AES_256_GCM,FEFD
T01,1776604088021.405,transport,19686,3539449,TLS_ECDHE_ECDSA_WITH_CHACHA20_POLY1305_SHA256,client,connected,bt2f,controlling,connected,CF0E:54:EC:B0:3D:7D:53:DD:36:47:1A:A7:F4:B2:2F:2F:94:6D:0E:62:69:0A:35:3B:08:42:66:52:4A:34:37:B1,305,4123,CF4C:EB:DC:1C:6C:22:8D:7B:26:43:FC:2F:9D:5E:91:61:94:9E:73:57:D2:32:03:93:AF:F8:AD:D0:06:28:22:76,1,CP62BEZfzu_lI7/fGVq,AEAD_AES_256_GCM,FEFD
T01,1776604088021.405,transport,19686,3539449,TLS_ECDHE_ECDSA_WITH_CHACHA20_POLY1305_SHA256,client,connected,bt2f,controlling,connected,CF0E:54:EC:B0:3D:7D:53:DD:36:47:1A:A7:F4:B2:2F:2F:94:6D:0E:62:69:0A:35:3B:08:42:66:52:4A:34:37:B1,305,4123,CF4C:EB:DC:1C:6C:22:8D:7B:26:43:FC:2F:9D:5E:91:61:94:9E:73:57:D2:32:03:93:AF:F8:AD:D0:06:28:22:76,1,CP62BEZfzu_lI7/fGVq,AEAD_AES_256_GCM,FEFD
T01,1776604088221.29,transport,19806,3579561,TLS_ECDHE_ECDSA_WITH_CHACHA20_POLY1305_SHA256,client,connected,bt2f,controlling,connected,CF0E:54:EC:B0:3D:7D:53:DD:36:47:1A:A7:F4:B2:2F:2F:94:6D:0E:62:69:0A:35:3B:08:42:66:52:4A:34:37:B1,307,4162,CF4C:EB:DC:1C:6C:22:8D:7B:26:43:FC:2F:9D:5E:91:61:94:9E:73:57:D2:32:03:93:AF:F8:AD:D0:06:28:22:76,1,CP62BEZfzu_lI7/fGVq,AEAD_AES_256_GCM,FEFD
T01,1776604088221.29,transport,19806,3579561,TLS_ECDHE_ECDSA_WITH_CHACHA20_POLY1305_SHA256,client,connected,bt2f,controlling,connected,CF0E:54:EC:B0:3D:7D:53:DD:36:47:1A:A7:F4:B2:2F:2F:94:6D:0E:62:69:0A:35:3B:08:42:66:52:4A:34:37:B1,307,4162,CF4C:EB:DC:1C:6C:22:8D:7B:26:43:FC:2F:9D:5E:91:61:94:9E:73:57:D2:32:03:93:AF:F8:AD:D0:06:28:22:76,1,CP62BEZfzu_lI7/fGVq,AEAD_AES_256_GCM,FEFD

track,timestamp,framerate,width,height
0,1776604060221,30,1920,1080
0,1776604060421,30,1920,1080
0,1776604060621,30,1920,1080
0,1776604060822,30,1920,1080
0,1776604061022,30,1920,1080
0,1776604061222,30,1920,1080
0,1776604061421,30,1920,1080
0,1776604061622,30,1920,1080
0,1776604061822,30,1920,1080
0,1776604062021,30,1920,1080
0,1776604062222,30,1920,1080
0,1776604062422,30,1920,1080
0,1776604062622,30,1920,1080
0,1776604062822,30,1920,1080
0,1776604063022,30,1920,1080
0,1776604063222,30,1920,1080
0,1776604063422,30,1920,1080
0,1776604063622,30,1920,1080
0,1776604063822,30,1920,1080
0,1776604064022,30,1920,1080
0,1776604064222,30,1920,1080
0,1776604064422,30,1920,1080
0,1776604064622,30,1920,1080
0,1776604064822,30,1920,1080
0,1776604065021,30,1920,1080
0,1776604065222,30,1920,1080
0,1776604065422,30,1920,1080
0,1776604065622,30,1920,1080
0,1776604065822,30,1920,1080
0,1776604066022,30,1920,1080
0,1776604066222,30,1920,1080
0,1776604066422,30,1920,1080
0,1776604066622,30,1920,1080
0,1776604066822,30,1920,1080
0,1776604067022,30,1920,1080
0,1776604067222,30,1920,1080
0,1776604067421,30,1920,1080
0,1776604067621,30,1920,1080
0,1776604067821,30,1920,1080
0,1776604068021,30,1920,1080
0,1776604068222,30,1920,1080
0,1776604068421,30,1920,1080
0,1776604068622,30,1920,1080
0,1776604068822,30,1920,1080
0,1776604069022,30,1920,1080
0,1776604069222,30,1920,1080
0,1776604069422,30,1920,1080
0,1776604069622,30,1920,1080
0,1776604069822,30,1920,1080
0,1776604070021,30,1920,1080
0,1776604070222,30,1920,1080
0,1776604070422,30,1920,1080
0,1776604070622,30,1920,1080
0,1776604070821,30,1920,1080
0,1776604071021,30,1920,1080
0,1776604071222,30,1920,1080
0,1776604071422,30,1920,1080
0,1776604071622,30,1920,1080
0,1776604071821,30,1920,1080
0,1776604072021,30,1920,1080
0,1776604072222,30,1920,1080
0,1776604072422,30,1920,1080
0,1776604072621,30,1920,1080
0,1776604072822,30,1920,1080
0,1776604073022,30,1920,1080
0,1776604073221,30,1920,1080
0,1776604073421,30,1920,1080
0,1776604073621,30,1920,1080
0,1776604073821,30,1920,1080
0,1776604074021,30,1920,1080
0,1776604074222,30,1920,1080
0,1776604074422,30,1920,1080
0,1776604074622,30,1920,1080
0,1776604074821,30,1920,1080
0,1776604075021,30,1920,1080
0,1776604075222,30,1920,1080
0,1776604075422,30,1920,1080
0,1776604075622,30,1920,1080
0,1776604075822,30,1920,1080
0,1776604076022,30,1920,1080
0,1776604076222,30,1920,1080
0,1776604076422,30,1920,1080
0,1776604076622,30,1920,1080
0,1776604076822,30,1920,1080
0,1776604077021,30,1920,1080
0,1776604077221,30,1920,1080
0,1776604077422,30,1920,1080
0,1776604077622,30,1920,1080
0,1776604077822,30,1920,1080
0,1776604078021,30,1920,1080
0,1776604078221,30,1920,1080
0,1776604078421,30,1920,1080
0,1776604078622,30,1920,1080
0,1776604078822,30,1920,1080
0,1776604079022,30,1920,1080
0,1776604079222,30,1920,1080
0,1776604079421,30,1920,1080
0,1776604079621,30,1920,1080
0,1776604079821,30,1920,1080
0,1776604080022,30,1920,1080
0,1776604080221,30,1920,1080
0,1776604080422,30,1920,1080
0,1776604080622,30,1920,1080
0,1776604080822,30,1920,1080
0,1776604081022,30,1920,1080
0,1776604081222,30,1920,1080
0,1776604081422,30,1920,1080
0,1776604081622,30,1920,1080
0,1776604081822,30,1920,1080
0,1776604082021,30,1920,1080
0,1776604082222,30,1920,1080
0,1776604082422,30,1920,1080
0,1776604082622,30,1920,1080
0,1776604082822,30,1920,1080
0,1776604083022,30,1920,1080
0,1776604083222,30,1920,1080
0,1776604083421,30,1920,1080
0,1776604083621,30,1920,1080
0,1776604083822,30,1920,1080
0,1776604084021,30,1920,1080
0,1776604084222,30,1920,1080
0,1776604084421,30,1920,1080
0,1776604084622,30,1920,1080
0,1776604084821,30,1920,1080
0,1776604085021,30,1920,1080
0,1776604085222,30,1920,1080
0,1776604085422,30,1920,1080
0,1776604085622,30,1920,1080
0,1776604085821,30,1920,1080
0,1776604086021,30,1920,1080
0,1776604086221,30,1920,1080
0,1776604086421,30,1920,1080
0,1776604086621,30,1920,1080
0,1776604086821,30,1920,1080
0,1776604087021,30,1920,1080
0,1776604087221,30,1920,1080
0,1776604087421,30,1920,1080
0,1776604087622,30,1920,1080
0,1776604087821,30,1920,1080
0,1776604088022,30,1920,1080
0,1776604088221,30,1920,1080