id,timestamp,type,codecId,kind,mediaType,ssrc,transportId,bytesSent,packetsSent,active,encodingIndex,firCount,framesEncoded,framesSent,headerBytesSent,hugeFramesSent,keyFramesEncoded,mediaSourceId,mid,nackCount,packetsSentWithEct1,pliCount,qualityLimitationDurations,qualityLimitationReason,qualityLimitationResolutionChanges,retransmittedBytesSent,retransmittedPacketsSent,rid,rtxSsrc,totalEncodeTime,totalEncodedBytesTarget,totalPacketSendDelay
OT01V116991794,1776274538246.416,outbound-rtp,COT01_45_level-idx=5;profile=0;tier=0,video,video,116991794,T01,0,0,true,1,0,0,0,0,0,0,SV194,0,0,0,0,[object Object],bandwidth,0,0,0,r1,3376560845,0,0,0
OT01V2044194314,1776274538246.416,outbound-rtp,COT01_45_level-idx=5;profile=0;tier=0,video,video,2044194314,T01,0,0,true,0,0,0,0,0,0,0,SV194,0,0,0,0,[object Object],bandwidth,0,0,0,r0,4169616129,0,0,0
OT01V2953312151,1776274538246.416,outbound-rtp,COT01_45_level-idx=5;profile=0;tier=0,video,video,2953312151,T01,0,0,true,2,0,0,0,0,0,0,SV194,0,0,0,0,[object Object],bandwidth,0,0,0,r2,3339353029,0,0,0
OT01V116991794,1776274538246.416,outbound-rtp,COT01_45_level-idx=5;profile=0;tier=0,video,video,116991794,T01,0,0,true,1,0,0,0,0,0,0,SV194,0,0,0,0,[object Object],bandwidth,0,0,0,r1,3376560845,0,0,0
OT01V2044194314,1776274538246.416,outbound-rtp,COT01_45_level-idx=5;profile=0;tier=0,video,video,2044194314,T01,0,0,true,0,0,0,0,0,0,0,SV194,0,0,0,0,[object Object],bandwidth,0,0,0,r0,4169616129,0,0,0
OT01V2953312151,1776274538246.416,outbound-rtp,COT01_45_level-idx=5;profile=0;tier=0,video,video,2953312151,T01,0,0,true,2,0,0,0,0,0,0,SV194,0,0,0,0,[object Object],bandwidth,0,0,0,r2,3339353029,0,0,0
OT01V116991794,1776274538446.429,outbound-rtp,COT01_45_level-idx=5;profile=0;tier=0,video,video,116991794,T01,0,0,true,1,0,0,0,0,0,0,SV194,0,0,0,0,[object Object],bandwidth,0,0,0,r1,3376560845,0,0,0
OT01V2044194314,1776274538446.429,outbound-rtp,COT01_45_level-idx=5;profile=0;tier=0,video,video,2044194314,T01,8015,11,true,0,0,5,5,890,1,2,SV194,0,0,0,1,[object Object],bandwidth,0,0,0,r0,4169616129,0.168,0,0.130326
OT01V2953312151,1776274538446.429,outbound-rtp,COT01_45_level-idx=5;profile=0;tier=0,video,video,2953312151,T01,0,1,true,2,0,0,0,283,0,0,SV194,0,0,0,0,[object Object],bandwidth,0,0,0,r2,3339353029,0,0,0
OT01V116991794,1776274538446.429,outbound-rtp,COT01_45_level-idx=5;profile=0;tier=0,video,video,116991794,T01,0,0,true,1,0,0,0,0,0,0,SV194,0,0,0,0,[object Object],bandwidth,0,0,0,r1,3376560845,0,0,0
OT01V2044194314,1776274538446.429,outbound-rtp,COT01_45_level-idx=5;profile=0;tier=0,video,video,2044194314,T01,8015,11,true,0,0,5,5,890,1,2,SV194,0,0,0,1,[object Object],bandwidth,0,0,0,r0,4169616129,0.168,0,0.130326
OT01V2953312151,1776274538446.429,outbound-rtp,COT01_45_level-idx=5;profile=0;tier=0,video,video,2953312151,T01,0,1,true,2,0,0,0,283,0,0,SV194,0,0,0,0,[object Object],bandwidth,0,0,0,r2,3339353029,0,0,0
OT01V116991794,1776274538646.749,outbound-rtp,COT01_45_level-idx=5;profile=0;tier=0,video,video,116991794,T01,0,0,true,1,0,0,0,0,0,0,SV194,0,0,0,0,[object Object],bandwidth,0,0,0,r1,3376560845,0,0,0
OT01V2044194314,1776274538646.749,outbound-rtp,COT01_45_level-idx=5;profile=0;tier=0,video,video,2044194314,T01,12300,16,true,0,0,11,11,1078,1,2,SV194,0,0,0,1,[object Object],bandwidth,0,0,0,r0,4169616129,0.292,0,0.9087069999999999
OT01V2953312151,1776274538646.749,outbound-rtp,COT01_45_level-idx=5;profile=0;tier=0,video,video,2953312151,T01,0,1,true,2,0,0,0,283,0,0,SV194,0,0,0,0,[object Object],bandwidth,0,0,0,r2,3339353029,0,0,0
OT01V116991794,1776274538646.749,outbound-rtp,COT01_45_level-idx=5;profile=0;tier=0,video,video,116991794,T01,0,0,true,1,0,0,0,0,0,0,SV194,0,0,0,0,[object Object],bandwidth,0,0,0,r1,3376560845,0,0,0
OT01V2044194314,1776274538646.749,outbound-rtp,COT01_45_level-idx=5;profile=0;tier=0,video,video,2044194314,T01,12300,16,true,0,0,11,11,1078,1,2,SV194,0,0,0,1,[object Object],bandwidth,0,0,0,r0,4169616129,0.292,0,0.9087069999999999
OT01V2953312151,1776274538646.749,outbound-rtp,COT01_45_level-idx=5;profile=0;tier=0,video,video,2953312151,T01,0,1,true,2,0,0,0,283,0,0,SV194,0,0,0,0,[object Object],bandwidth,0,0,0,r2,3339353029,0,0,0
OT01V116991794,1776274538846.577,outbound-rtp,COT01_45_level-idx=5;profile=0;tier=0,video,video,116991794,T01,0,0,true,1,0,0,0,0,0,0,SV194,0,0,0,0,[object Object],bandwidth,0,0,0,r1,3376560845,0,0,0
OT01V2044194314,1776274538846.577,outbound-rtp,COT01_45_level-idx=5;profile=0;tier=0,video,video,2044194314,T01,20481,28,true,0,0,15,15,1462,2,3,SV194,0,0,0,2,[object Object],bandwidth,0,0,0,r0,4169616129,0.364,0,2.7378679999999997
OT01V2953312151,1776274538846.577,outbound-rtp,COT01_45_level-idx=5;profile=0;tier=0,video,video,2953312151,T01,0,1,true,2,0,0,0,283,0,0,SV194,0,0,0,0,[object Object],bandwidth,0,0,0,r2,3339353029,0,0,0
OT01V116991794,1776274538846.577,outbound-rtp,COT01_45_level-idx=5;profile=0;tier=0,video,video,116991794,T01,0,0,true,1,0,0,0,0,0,0,SV194,0,0,0,0,[object Object],bandwidth,0,0,0,r1,3376560845,0,0,0
OT01V2044194314,1776274538846.577,outbound-rtp,COT01_45_level-idx=5;profile=0;tier=0,video,video,2044194314,T01,20481,28,true,0,0,15,15,1462,2,3,SV194,0,0,0,2,[object Object],bandwidth,0,0,0,r0,4169616129,0.364,0,2.7378679999999997
OT01V2953312151,1776274538846.577,outbound-rtp,COT01_45_level-idx=5;profile=0;tier=0,video,video,2953312151,T01,0,1,true,2,0,0,0,283,0,0,SV194,0,0,0,0,[object Object],bandwidth,0,0,0,r2,3339353029,0,0,0
OT01V116991794,1776274539046.535,outbound-rtp,COT01_45_level-idx=5;profile=0;tier=0,video,video,116991794,T01,0,0,true,1,0,0,0,0,0,0,SV194,0,0,0,0,[object Object],bandwidth,0,0,0,r1,3376560845,0,0,0
OT01V2044194314,1776274539046.535,outbound-rtp,COT01_45_level-idx=5;profile=0;tier=0,video,video,2044194314,T01,29646,40,true,0,0,18,18,1826,2,3,SV194,0,0,0,2,[object Object],bandwidth,0,0,0,r0,4169616129,0.407,0,3.629467
OT01V2953312151,1776274539046.535,outbound-rtp,COT01_45_level-idx=5;profile=0;tier=0,video,video,2953312151,T01,0,1,true,2,0,0,0,283,0,0,SV194,0,0,0,0,[object Object],bandwidth,0,0,0,r2,3339353029,0,0,0
OT01V116991794,1776274539046.535,outbound-rtp,COT01_45_level-idx=5;profile=0;tier=0,video,video,116991794,T01,0,0,true,1,0,0,0,0,0,0,SV194,0,0,0,0,[object Object],bandwidth,0,0,0,r1,3376560845,0,0,0
OT01V2044194314,1776274539046.535,outbound-rtp,COT01_45_level-idx=5;profile=0;tier=0,video,video,2044194314,T01,29646,40,true,0,0,18,18,1826,2,3,SV194,0,0,0,2,[object Object],bandwidth,0,0,0,r0,4169616129,0.407,0,3.629467
OT01V2953312151,1776274539046.535,outbound-rtp,COT01_45_level-idx=5;profile=0;tier=0,video,video,2953312151,T01,0,1,true,2,0,0,0,283,0,0,SV194,0,0,0,0,[object Object],bandwidth,0,0,0,r2,3339353029,0,0,0
OT01V116991794,1776274539246.499,outbound-rtp,COT01_45_level-idx=5;profile=0;tier=0,video,video,116991794,T01,0,0,true,1,0,0,0,0,0,0,SV194,0,0,0,0,[object Object],bandwidth,0,0,0,r1,3376560845,0,0,0
OT01V2044194314,1776274539246.499,outbound-rtp,COT01_45_level-idx=5;profile=0;tier=0,video,video,2044194314,T01,31985,47,true,0,0,21,21,2775,2,3,SV194,0,0,0,2,[object Object],bandwidth,0,0,0,r0,4169616129,0.468,0,3.6752659999999997
OT01V2953312151,1776274539246.499,outbound-rtp,COT01_45_level-idx=5;profile=0;tier=0,video,video,2953312151,T01,0,1,true,2,0,0,0,283,0,0,SV194,0,0,0,0,[object Object],bandwidth,0,0,0,r2,3339353029,0,0,0
OT01V116991794,1776274539246.499,outbound-rtp,COT01_45_level-idx=5;profile=0;tier=0,video,video,116991794,T01,0,0,true,1,0,0,0,0,0,0,SV194,0,0,0,0,[object Object],bandwidth,0,0,0,r1,3376560845,0,0,0
OT01V2044194314,1776274539246.499,outbound-rtp,COT01_45_level-idx=5;profile=0;tier=0,video,video,2044194314,T01,31985,47,true,0,0,21,21,2775,2,3,SV194,0,0,0,2,[object Object],bandwidth,0,0,0,r0,4169616129,0.468,0,3.6752659999999997
OT01V2953312151,1776274539246.499,outbound-rtp,COT01_45_level-idx=5;profile=0;tier=0,video,video,2953312151,T01,0,1,true,2,0,0,0,283,0,0,SV194,0,0,0,0,[object Object],bandwidth,0,0,0,r2,3339353029,0,0,0
OT01V116991794,1776274539446.429,outbound-rtp,COT01_45_level-idx=5;profile=0;tier=0,video,video,116991794,T01,0,0,true,1,0,0,0,0,0,0,SV194,0,0,0,0,[object Object],bandwidth,0,0,0,r1,3376560845,0,0,0
OT01V2044194314,1776274539446.429,outbound-rtp,COT01_45_level-idx=5;profile=0;tier=0,video,video,2044194314,T01,38001,61,true,0,0,26,26,4673,2,3,SV194,0,0,0,2,[object Object],bandwidth,0,0,0,r0,4169616129,0.545,0,3.6964989999999998
OT01V2953312151,1776274539446.429,outbound-rtp,COT01_45_level-idx=5;profile=0;tier=0,video,video,2953312151,T01,0,1,true,2,0,0,0,283,0,0,SV194,0,0,0,0,[object Object],bandwidth,0,0,0,r2,3339353029,0,0,0
OT01V116991794,1776274539446.429,outbound-rtp,COT01_45_level-idx=5;profile=0;tier=0,video,video,116991794,T01,0,0,true,1,0,0,0,0,0,0,SV194,0,0,0,0,[object Object],bandwidth,0,0,0,r1,3376560845,0,0,0
OT01V2044194314,1776274539446.429,outbound-rtp,COT01_45_level-idx=5;profile=0;tier=0,video,video,2044194314,T01,38001,61,true,0,0,26,26,4673,2,3,SV194,0,0,0,2,[object Object],bandwidth,0,0,0,r0,4169616129,0.545,0,3.6964989999999998
OT01V2953312151,1776274539446.429,outbound-rtp,COT01_45_level-idx=5;profile=0;tier=0,video,video,2953312151,T01,0,1,true,2,0,0,0,283,0,0,SV194,0,0,0,0,[object Object],bandwidth,0,0,0,r2,3339353029,0,0,0
OT01V116991794,1776274539646.568,outbound-rtp,COT01_45_level-idx=5;profile=0;tier=0,video,video,116991794,T01,0,0,true,1,0,0,0,0,0,0,SV194,0,0,0,0,[object Object],bandwidth,0,0,0,r1,3376560845,0,0,0
OT01V2044194314,1776274539646.568,outbound-rtp,COT01_45_level-idx=5;profile=0;tier=0,video,video,2044194314,T01,42963,79,true,0,0,32,32,7687,2,3,SV194,0,0,0,2,[object Object],bandwidth,0,0,0,r0,4169616129,0.631,0,3.7272939999999997
OT01V2953312151,1776274539646.568,outbound-rtp,COT01_45_level-idx=5;profile=0;tier=0,video,video,2953312151,T01,0,1,true,2,0,0,0,283,0,0,SV194,0,0,0,0,[object Object],bandwidth,0,0,0,r2,3339353029,0,0,0
OT01V116991794,1776274539646.568,outbound-rtp,COT01_45_level-idx=5;profile=0;tier=0,video,video,116991794,T01,0,0,true,1,0,0,0,0,0,0,SV194,0,0,0,0,[object Object],bandwidth,0,0,0,r1,3376560845,0,0,0
OT01V2044194314,1776274539646.568,outbound-rtp,COT01_45_level-idx=5;profile=0;tier=0,video,video,2044194314,T01,42963,79,true,0,0,32,32,7687,2,3,SV194,0,0,0,2,[object Object],bandwidth,0,0,0,r0,4169616129,0.631,0,3.7272939999999997
OT01V2953312151,1776274539646.568,outbound-rtp,COT01_45_level-idx=5;profile=0;tier=0,video,video,2953312151,T01,0,1,true,2,0,0,0,283,0,0,SV194,0,0,0,0,[object Object],bandwidth,0,0,0,r2,3339353029,0,0,0
OT01V116991794,1776274539846.562,outbound-rtp,COT01_45_level-idx=5;profile=0;tier=0,video,video,116991794,T01,0,0,true,1,0,0,0,0,0,0,SV194,0,0,0,0,[object Object],bandwidth,0,0,0,r1,3376560845,0,0,0
OT01V2044194314,1776274539846.562,outbound-rtp,COT01_45_level-idx=5;profile=0;tier=0,video,video,2044194314,T01,49398,96,true,0,0,37,37,10422,2,3,SV194,0,0,0,2,[object Object],bandwidth,0,0,0,r0,4169616129,0.72,0,3.75908
OT01V2953312151,1776274539846.562,outbound-rtp,COT01_45_level-idx=5;profile=0;tier=0,video,video,2953312151,T01,0,1,true,2,0,0,0,283,0,0,SV194,0,0,0,0,[object Object],bandwidth,0,0,0,r2,3339353029,0,0,0
OT01V116991794,1776274539846.562,outbound-rtp,COT01_45_level-idx=5;profile=0;tier=0,video,video,116991794,T01,0,0,true,1,0,0,0,0,0,0,SV194,0,0,0,0,[object Object],bandwidth,0,0,0,r1,3376560845,0,0,0
OT01V2044194314,1776274539846.562,outbound-rtp,COT01_45_level-idx=5;profile=0;tier=0,video,video,2044194314,T01,49398,96,true,0,0,37,37,10422,2,3,SV194,0,0,0,2,[object Object],bandwidth,0,0,0,r0,4169616129,0.72,0,3.75908
OT01V2953312151,1776274539846.562,outbound-rtp,COT01_45_level-idx=5;profile=0;tier=0,video,video,2953312151,T01,0,1,true,2,0,0,0,283,0,0,SV194,0,0,0,0,[object Object],bandwidth,0,0,0,r2,3339353029,0,0,0
OT01V116991794,1776274540046.548,outbound-rtp,COT01_45_level-idx=5;profile=0;tier=0,video,video,116991794,T01,0,0,true,1,0,0,0,0,0,0,SV194,0,0,0,0,[object Object],bandwidth,0,0,0,r1,3376560845,0,0,0
OT01V2044194314,1776274540046.548,outbound-rtp,COT01_45_level-idx=5;profile=0;tier=0,video,video,2044194314,T01,53454,108,true,0,0,41,41,12013,2,3,SV194,0,0,0,2,[object Object],bandwidth,0,0,0,r0,4169616129,0.787,0,3.850447
OT01V2953312151,1776274540046.548,outbound-rtp,COT01_45_level-idx=5;profile=0;tier=0,video,video,2953312151,T01,0,1,true,2,0,0,0,283,0,0,SV194,0,0,0,0,[object Object],bandwidth,0,0,0,r2,3339353029,0,0,0
OT01V116991794,1776274540046.548,outbound-rtp,COT01_45_level-idx=5;profile=0;tier=0,video,video,116991794,T01,0,0,true,1,0,0,0,0,0,0,SV194,0,0,0,0,[object Object],bandwidth,0,0,0,r1,3376560845,0,0,0
OT01V2044194314,1776274540046.548,outbound-rtp,COT01_45_level-idx=5;profile=0;tier=0,video,video,2044194314,T01,53454,108,true,0,0,41,41,12013,2,3,SV194,0,0,0,2,[object Object],bandwidth,0,0,0,r0,4169616129,0.787,0,3.850447
OT01V2953312151,1776274540046.548,outbound-rtp,COT01_45_level-idx=5;profile=0;tier=0,video,video,2953312151,T01,0,1,true,2,0,0,0,283,0,0,SV194,0,0,0,0,[object Object],bandwidth,0,0,0,r2,3339353029,0,0,0
OT01V116991794,1776274540246.384,outbound-rtp,COT01_45_level-idx=5;profile=0;tier=0,video,video,116991794,T01,0,0,true,1,0,0,0,0,0,0,SV194,0,0,0,0,[object Object],bandwidth,0,0,0,r1,3376560845,0,0,0
OT01V2044194314,1776274540246.384,outbound-rtp,COT01_45_level-idx=5;profile=0;tier=0,video,video,2044194314,T01,56379,130,true,0,0,45,45,16896,2,3,SV194,0,0,0,2,[object Object],bandwidth,0,0,0,r0,4169616129,0.871,0,3.850449
OT01V2953312151,1776274540246.384,outbound-rtp,COT01_45_level-idx=5;profile=0;tier=0,video,video,2953312151,T01,0,1,true,2,0,0,0,283,0,0,SV194,0,0,0,0,[object Object],bandwidth,0,0,0,r2,3339353029,0,0,0
OT01V116991794,1776274540246.384,outbound-rtp,COT01_45_level-idx=5;profile=0;tier=0,video,video,116991794,T01,0,0,true,1,0,0,0,0,0,0,SV194,0,0,0,0,[object Object],bandwidth,0,0,0,r1,3376560845,0,0,0
OT01V2044194314,1776274540246.384,outbound-rtp,COT01_45_level-idx=5;profile=0;tier=0,video,video,2044194314,T01,56379,130,true,0,0,45,45,16896,2,3,SV194,0,0,0,2,[object Object],bandwidth,0,0,0,r0,4169616129,0.871,0,3.850449
OT01V2953312151,1776274540246.384,outbound-rtp,COT01_45_level-idx=5;profile=0;tier=0,video,video,2953312151,T01,0,1,true,2,0,0,0,283,0,0,SV194,0,0,0,0,[object Object],bandwidth,0,0,0,r2,3339353029,0,0,0
OT01V116991794,1776274540446.43,outbound-rtp,COT01_45_level-idx=5;profile=0;tier=0,video,video,116991794,T01,0,0,true,1,0,0,0,0,0,0,SV194,0,0,0,0,[object Object],bandwidth,0,0,0,r1,3376560845,0,0,0
OT01V2044194314,1776274540446.43,outbound-rtp,COT01_45_level-idx=5;profile=0;tier=0,video,video,2044194314,T01,60579,148,true,0,0,49,49,20663,2,3,SV194,0,0,0,2,[object Object],bandwidth,0,0,0,r0,4169616129,0.933,0,3.8504509999999996
OT01V2953312151,1776274540446.43,outbound-rtp,COT01_45_level-idx=5;profile=0;tier=0,video,video,2953312151,T01,0,1,true,2,0,0,0,283,0,0,SV194,0,0,0,0,[object Object],bandwidth,0,0,0,r2,3339353029,0,0,0
OT01V116991794,1776274540446.43,outbound-rtp,COT01_45_level-idx=5;profile=0;tier=0,video,video,116991794,T01,0,0,true,1,0,0,0,0,0,0,SV194,0,0,0,0,[object Object],bandwidth,0,0,0,r1,3376560845,0,0,0
OT01V2044194314,1776274540446.43,outbound-rtp,COT01_45_level-idx=5;profile=0;tier=0,video,video,2044194314,T01,60579,148,true,0,0,49,49,20663,2,3,SV194,0,0,0,2,[object Object],bandwidth,0,0,0,r0,4169616129,0.933,0,3.8504509999999996
OT01V2953312151,1776274540446.43,outbound-rtp,COT01_45_level-idx=5;profile=0;tier=0,video,video,2953312151,T01,0,1,true,2,0,0,0,283,0,0,SV194,0,0,0,0,[object Object],bandwidth,0,0,0,r2,3339353029,0,0,0
OT01V116991794,1776274540646.573,outbound-rtp,COT01_45_level-idx=5;profile=0;tier=0,video,video,116991794,T01,0,0,true,1,0,0,0,0,0,0,SV194,0,0,0,0,[object Object],bandwidth,0,0,0,r1,3376560845,0,0,0
OT01V2044194314,1776274540646.573,outbound-rtp,COT01_45_level-idx=5;profile=0;tier=0,video,video,2044194314,T01,64754,170,true,0,0,55,55,25044,2,3,SV194,0,0,0,2,[object Object],bandwidth,0,0,0,r0,4169616129,1.016,0,3.8504549999999997
OT01V2953312151,1776274540646.573,outbound-rtp,COT01_45_level-idx=5;profile=0;tier=0,video,video,2953312151,T01,0,1,true,2,0,0,0,283,0,0,SV194,0,0,0,0,[object Object],bandwidth,0,0,0,r2,3339353029,0,0,0
OT01V116991794,1776274540646.573,outbound-rtp,COT01_45_level-idx=5;profile=0;tier=0,video,video,116991794,T01,0,0,true,1,0,0,0,0,0,0,SV194,0,0,0,0,[object Object],bandwidth,0,0,0,r1,3376560845,0,0,0
OT01V2044194314,1776274540646.573,outbound-rtp,COT01_45_level-idx=5;profile=0;tier=0,video,video,2044194314,T01,64754,170,true,0,0,55,55,25044,2,3,SV194,0,0,0,2,[object Object],bandwidth,0,0,0,r0,4169616129,1.016,0,3.8504549999999997
OT01V2953312151,1776274540646.573,outbound-rtp,COT01_45_level-idx=5;profile=0;tier=0,video,video,2953312151,T01,0,1,true,2,0,0,0,283,0,0,SV194,0,0,0,0,[object Object],bandwidth,0,0,0,r2,3339353029,0,0,0
OT01V116991794,1776274540846.571,outbound-rtp,COT01_45_level-idx=5;profile=0;tier=0,video,video,116991794,T01,0,0,true,1,0,0,0,0,0,0,SV194,0,0,0,0,[object Object],bandwidth,0,0,0,r1,3376560845,0,0,0
OT01V2044194314,1776274540846.571,outbound-rtp,COT01_45_level-idx=5;profile=0;tier=0,video,video,2044194314,T01,69243,191,true,0,0,61,61,28644,2,3,SV194,0,0,0,2,[object Object],bandwidth,0,0,0,r0,4169616129,1.116,0,3.8761729999999996
OT01V2953312151,1776274540846.571,outbound-rtp,COT01_45_level-idx=5;profile=0;tier=0,video,video,2953312151,T01,0,1,true,2,0,0,0,283,0,0,SV194,0,0,0,0,[object Object],bandwidth,0,0,0,r2,3339353029,0,0,0
OT01V116991794,1776274540846.571,outbound-rtp,COT01_45_level-idx=5;profile=0;tier=0,video,video,116991794,T01,0,0,true,1,0,0,0,0,0,0,SV194,0,0,0,0,[object Object],bandwidth,0,0,0,r1,3376560845,0,0,0
OT01V2044194314,1776274540846.571,outbound-rtp,COT01_45_level-idx=5;profile=0;tier=0,video,video,2044194314,T01,69243,191,true,0,0,61,61,28644,2,3,SV194,0,0,0,2,[object Object],bandwidth,0,0,0,r0,4169616129,1.116,0,3.8761729999999996
OT01V2953312151,1776274540846.571,outbound-rtp,COT01_45_level-idx=5;profile=0;tier=0,video,video,2953312151,T01,0,1,true,2,0,0,0,283,0,0,SV194,0,0,0,0,[object Object],bandwidth,0,0,0,r2,3339353029,0,0,0
OT01V116991794,1776274541046.584,outbound-rtp,COT01_45_level-idx=5;profile=0;tier=0,video,video,116991794,T01,0,0,true,1,0,0,0,0,0,0,SV194,0,0,0,0,[object Object],bandwidth,0,0,0,r1,3376560845,0,0,0
OT01V2044194314,1776274541046.584,outbound-rtp,COT01_45_level-idx=5;profile=0;tier=0,video,video,2044194314,T01,72628,212,true,0,0,65,65,33248,2,3,SV194,0,0,0,2,[object Object],bandwidth,0,0,0,r0,4169616129,1.193,0,3.8761769999999998
OT01V2953312151,1776274541046.584,outbound-rtp,COT01_45_level-idx=5;profile=0;tier=0,video,video,2953312151,T01,0,1,true,2,0,0,0,283,0,0,SV194,0,0,0,0,[object Object],bandwidth,0,0,0,r2,3339353029,0,0,0
OT01V116991794,1776274541046.584,outbound-rtp,COT01_45_level-idx=5;profile=0;tier=0,video,video,116991794,T01,0,0,true,1,0,0,0,0,0,0,SV194,0,0,0,0,[object Object],bandwidth,0,0,0,r1,3376560845,0,0,0
OT01V2044194314,1776274541046.584,outbound-rtp,COT01_45_level-idx=5;profile=0;tier=0,video,video,2044194314,T01,72628,212,true,0,0,65,65,33248,2,3,SV194,0,0,0,2,[object Object],bandwidth,0,0,0,r0,4169616129,1.193,0,3.8761769999999998
OT01V2953312151,1776274541046.584,outbound-rtp,COT01_45_level-idx=5;profile=0;tier=0,video,video,2953312151,T01,0,1,true,2,0,0,0,283,0,0,SV194,0,0,0,0,[object Object],bandwidth,0,0,0,r2,3339353029,0,0,0
OT01V116991794,1776274541246.397,outbound-rtp,COT01_45_level-idx=5;profile=0;tier=0,video,video,116991794,T01,0,0,true,1,0,0,0,0,0,0,SV194,0,0,0,0,[object Object],bandwidth,0,0,0,r1,3376560845,0,0,0
OT01V2044194314,1776274541246.397,outbound-rtp,COT01_45_level-idx=5;profile=0;tier=0,video,video,2044194314,T01,78729,229,true,0,0,70,70,35983,2,3,SV194,0,0,0,2,[object Object],bandwidth,0,0,0,r0,4169616129,1.281,0,3.906205
OT01V2953312151,1776274541246.397,outbound-rtp,COT01_45_level-idx=5;profile=0;tier=0,video,video,2953312151,T01,0,1,true,2,0,0,0,283,0,0,SV194,0,0,0,0,[object Object],bandwidth,0,0,0,r2,3339353029,0,0,0
OT01V116991794,1776274541246.397,outbound-rtp,COT01_45_level-idx=5;profile=0;tier=0,video,video,116991794,T01,0,0,true,1,0,0,0,0,0,0,SV194,0,0,0,0,[object Object],bandwidth,0,0,0,r1,3376560845,0,0,0
OT01V2044194314,1776274541246.397,outbound-rtp,COT01_45_level-idx=5;profile=0;tier=0,video,video,2044194314,T01,78729,229,true,0,0,70,70,35983,2,3,SV194,0,0,0,2,[object Object],bandwidth,0,0,0,r0,4169616129,1.281,0,3.906205
OT01V2953312151,1776274541246.397,outbound-rtp,COT01_45_level-idx=5;profile=0;tier=0,video,video,2953312151,T01,0,1,true,2,0,0,0,283,0,0,SV194,0,0,0,0,[object Object],bandwidth,0,0,0,r2,3339353029,0,0,0
OT01V116991794,1776274541446.591,outbound-rtp,COT01_45_level-idx=5;profile=0;tier=0,video,video,116991794,T01,0,0,true,1,0,0,0,0,0,0,SV194,0,0,0,0,[object Object],bandwidth,0,0,0,r1,3376560845,0,0,0
OT01V2044194314,1776274541446.591,outbound-rtp,COT01_45_level-idx=5;profile=0;tier=0,video,video,2044194314,T01,81497,254,true,0,0,75,75,41452,2,3,SV194,0,0,0,2,[object Object],bandwidth,0,0,0,r0,4169616129,1.372,0,3.9062099999999997
OT01V2953312151,1776274541446.591,outbound-rtp,COT01_45_level-idx=5;profile=0;tier=0,video,video,2953312151,T01,0,1,true,2,0,0,0,283,0,0,SV194,0,0,0,0,[object Object],bandwidth,0,0,0,r2,3339353029,0,0,0
OT01V116991794,1776274541446.591,outbound-rtp,COT01_45_level-idx=5;profile=0;tier=0,video,video,116991794,T01,0,0,true,1,0,0,0,0,0,0,SV194,0,0,0,0,[object Object],bandwidth,0,0,0,r1,3376560845,0,0,0
OT01V2044194314,1776274541446.591,outbound-rtp,COT01_45_level-idx=5;profile=0;tier=0,video,video,2044194314,T01,81497,254,true,0,0,75,75,41452,2,3,SV194,0,0,0,2,[object Object],bandwidth,0,0,0,r0,4169616129,1.372,0,3.9062099999999997
OT01V2953312151,1776274541446.591,outbound-rtp,COT01_45_level-idx=5;profile=0;tier=0,video,video,2953312151,T01,0,1,true,2,0,0,0,283,0,0,SV194,0,0,0,0,[object Object],bandwidth,0,0,0,r2,3339353029,0,0,0
OT01V116991794,1776274541646.524,outbound-rtp,COT01_45_level-idx=5;profile=0;tier=0,video,video,116991794,T01,0,0,true,1,0,0,0,0,0,0,SV194,0,0,0,0,[object Object],bandwidth,0,0,0,r1,3376560845,0,0,0
OT01V2044194314,1776274541646.524,outbound-rtp,COT01_45_level-idx=5;profile=0;tier=0,video,video,2044194314,T01,87534,275,true,0,0,81,81,45303,2,3,SV194,0,0,0,2,[object Object],bandwidth,0,0,0,r0,4169616129,1.483,0,3.90622
OT01V2953312151,1776274541646.524,outbound-rtp,COT01_45_level-idx=5;profile=0;tier=0,video,video,2953312151,T01,0,1,true,2,0,0,0,283,0,0,SV194,0,0,0,0,[object Object],bandwidth,0,0,0,r2,3339353029,0,0,0
OT01V116991794,1776274541646.524,outbound-rtp,COT01_45_level-idx=5;profile=0;tier=0,video,video,116991794,T01,0,0,true,1,0,0,0,0,0,0,SV194,0,0,0,0,[object Object],bandwidth,0,0,0,r1,3376560845,0,0,0
OT01V2044194314,1776274541646.524,outbound-rtp,COT01_45_level-idx=5;profile=0;tier=0,video,video,2044194314,T01,87534,275,true,0,0,81,81,45303,2,3,SV194,0,0,0,2,[object Object],bandwidth,0,0,0,r0,4169616129,1.483,0,3.90622
OT01V2953312151,1776274541646.524,outbound-rtp,COT01_45_level-idx=5;profile=0;tier=0,video,video,2953312151,T01,0,1,true,2,0,0,0,283,0,0,SV194,0,0,0,0,[object Object],bandwidth,0,0,0,r2,3339353029,0,0,0
OT01V116991794,1776274541846.752,outbound-rtp,COT01_45_level-idx=5;profile=0;tier=0,video,video,116991794,T01,0,0,true,1,0,0,0,0,0,0,SV194,0,0,0,0,[object Object],bandwidth,0,0,0,r1,3376560845,0,0,0
OT01V2044194314,1776274541846.752,outbound-rtp,COT01_45_level-idx=5;profile=0;tier=0,video,video,2044194314,T01,94445,293,true,0,0,87,87,47564,2,3,SV194,0,0,0,2,[object Object],bandwidth,0,0,0,r0,4169616129,1.586,0,3.9297
OT01V2953312151,1776274541846.752,outbound-rtp,COT01_45_level-idx=5;profile=0;tier=0,video,video,2953312151,T01,0,1,true,2,0,0,0,283,0,0,SV194,0,0,0,0,[object Object],bandwidth,0,0,0,r2,3339353029,0,0,0
OT01V116991794,1776274541846.752,outbound-rtp,COT01_45_level-idx=5;profile=0;tier=0,video,video,116991794,T01,0,0,true,1,0,0,0,0,0,0,SV194,0,0,0,0,[object Object],bandwidth,0,0,0,r1,3376560845,0,0,0
OT01V2044194314,1776274541846.752,outbound-rtp,COT01_45_level-idx=5;profile=0;tier=0,video,video,2044194314,T01,94445,293,true,0,0,87,87,47564,2,3,SV194,0,0,0,2,[object Object],bandwidth,0,0,0,r0,4169616129,1.586,0,3.9297
OT01V2953312151,1776274541846.752,outbound-rtp,COT01_45_level-idx=5;profile=0;tier=0,video,video,2953312151,T01,0,1,true,2,0,0,0,283,0,0,SV194,0,0,0,0,[object Object],bandwidth,0,0,0,r2,3339353029,0,0,0
OT01V116991794,1776274542046.437,outbound-rtp,COT01_45_level-idx=5;profile=0;tier=0,video,video,116991794,T01,0,0,true,1,0,0,0,0,0,0,SV194,0,0,0,0,[object Object],bandwidth,0,0,0,r1,3376560845,0,0,0
OT01V2044194314,1776274542046.437,outbound-rtp,COT01_45_level-idx=5;profile=0;tier=0,video,video,2044194314,T01,98763,311,true,0,0,92,92,51080,2,3,SV194,0,0,0,2,[object Object],bandwidth,0,0,0,r0,4169616129,1.677,0,3.929703
OT01V2953312151,1776274542046.437,outbound-rtp,COT01_45_level-idx=5;profile=0;tier=0,video,video,2953312151,T01,0,1,true,2,0,0,0,283,0,0,SV194,0,0,0,0,[object Object],bandwidth,0,0,0,r2,3339353029,0,0,0
OT01V116991794,1776274542046.437,outbound-rtp,COT01_45_level-idx=5;profile=0;tier=0,video,video,116991794,T01,0,0,true,1,0,0,0,0,0,0,SV194,0,0,0,0,[object Object],bandwidth,0,0,0,r1,3376560845,0,0,0
OT01V2044194314,1776274542046.437,outbound-rtp,COT01_45_level-idx=5;profile=0;tier=0,video,video,2044194314,T01,98763,311,true,0,0,92,92,51080,2,3,SV194,0,0,0,2,[object Object],bandwidth,0,0,0,r0,4169616129,1.677,0,3.929703
OT01V2953312151,1776274542046.437,outbound-rtp,COT01_45_level-idx=5;profile=0;tier=0,video,video,2953312151,T01,0,1,true,2,0,0,0,283,0,0,SV194,0,0,0,0,[object Object],bandwidth,0,0,0,r2,3339353029,0,0,0
OT01V116991794,1776274542246.4,outbound-rtp,COT01_45_level-idx=5;profile=0;tier=0,video,video,116991794,T01,0,0,true,1,0,0,0,0,0,0,SV194,0,0,0,0,[object Object],bandwidth,0,0,0,r1,3376560845,0,0,0
OT01V2044194314,1776274542246.4,outbound-rtp,COT01_45_level-idx=5;profile=0;tier=0,video,video,2044194314,T01,101819,338,true,0,0,97,97,57107,2,3,SV194,0,0,0,2,[object Object],bandwidth,0,0,0,r0,4169616129,1.765,0,3.9297039999999996
OT01V2953312151,1776274542246.4,outbound-rtp,COT01_45_level-idx=5;profile=0;tier=0,video,video,2953312151,T01,0,1,true,2,0,0,0,283,0,0,SV194,0,0,0,0,[object Object],bandwidth,0,0,0,r2,3339353029,0,0,0
OT01V116991794,1776274542246.4,outbound-rtp,COT01_45_level-idx=5;profile=0;tier=0,video,video,116991794,T01,0,0,true,1,0,0,0,0,0,0,SV194,0,0,0,0,[object Object],bandwidth,0,0,0,r1,3376560845,0,0,0
OT01V2044194314,1776274542246.4,outbound-rtp,COT01_45_level-idx=5;profile=0;tier=0,video,video,2044194314,T01,101819,338,true,0,0,97,97,57107,2,3,SV194,0,0,0,2,[object Object],bandwidth,0,0,0,r0,4169616129,1.765,0,3.9297039999999996
OT01V2953312151,1776274542246.4,outbound-rtp,COT01_45_level-idx=5;profile=0;tier=0,video,video,2953312151,T01,0,1,true,2,0,0,0,283,0,0,SV194,0,0,0,0,[object Object],bandwidth,0,0,0,r2,3339353029,0,0,0
OT01V116991794,1776274542446.424,outbound-rtp,COT01_45_level-idx=5;profile=0;tier=0,video,video,116991794,T01,0,0,true,1,0,0,0,0,0,0,SV194,0,0,0,0,[object Object],bandwidth,0,0,0,r1,3376560845,0,0,0
OT01V2044194314,1776274542446.424,outbound-rtp,COT01_45_level-idx=5;profile=0;tier=0,video,video,2044194314,T01,107580,358,true,0,0,103,103,60679,2,3,SV194,0,0,0,2,[object Object],bandwidth,0,0,0,r0,4169616129,1.869,0,3.929709
OT01V2953312151,1776274542446.424,outbound-rtp,COT01_45_level-idx=5;profile=0;tier=0,video,video,2953312151,T01,0,1,true,2,0,0,0,283,0,0,SV194,0,0,0,0,[object Object],bandwidth,0,0,0,r2,3339353029,0,0,0
OT01V116991794,1776274542446.424,outbound-rtp,COT01_45_level-idx=5;profile=0;tier=0,video,video,116991794,T01,0,0,true,1,0,0,0,0,0,0,SV194,0,0,0,0,[object Object],bandwidth,0,0,0,r1,3376560845,0,0,0
OT01V2044194314,1776274542446.424,outbound-rtp,COT01_45_level-idx=5;profile=0;tier=0,video,video,2044194314,T01,107580,358,true,0,0,103,103,60679,2,3,SV194,0,0,0,2,[object Object],bandwidth,0,0,0,r0,4169616129,1.869,0,3.929709
OT01V2953312151,1776274542446.424,outbound-rtp,COT01_45_level-idx=5;profile=0;tier=0,video,video,2953312151,T01,0,1,true,2,0,0,0,283,0,0,SV194,0,0,0,0,[object Object],bandwidth,0,0,0,r2,3339353029,0,0,0
OT01V116991794,1776274542646.589,outbound-rtp,COT01_45_level-idx=5;profile=0;tier=0,video,video,116991794,T01,0,0,true,1,0,0,0,0,0,0,SV194,0,0,0,0,[object Object],bandwidth,0,0,0,r1,3376560845,0,0,0
OT01V2044194314,1776274542646.589,outbound-rtp,COT01_45_level-idx=5;profile=0;tier=0,video,video,2044194314,T01,114032,386,true,0,0,110,110,65981,2,3,SV194,0,0,0,2,[object Object],bandwidth,0,0,0,r0,4169616129,1.983,0,3.929719
OT01V2953312151,1776274542646.589,outbound-rtp,COT01_45_level-idx=5;profile=0;tier=0,video,video,2953312151,T01,0,1,true,2,0,0,0,283,0,0,SV194,0,0,0,0,[object Object],bandwidth,0,0,0,r2,3339353029,0,0,0
OT01V116991794,1776274542646.589,outbound-rtp,COT01_45_level-idx=5;profile=0;tier=0,video,video,116991794,T01,0,0,true,1,0,0,0,0,0,0,SV194,0,0,0,0,[object Object],bandwidth,0,0,0,r1,3376560845,0,0,0
OT01V2044194314,1776274542646.589,outbound-rtp,COT01_45_level-idx=5;profile=0;tier=0,video,video,2044194314,T01,114032,386,true,0,0,110,110,65981,2,3,SV194,0,0,0,2,[object Object],bandwidth,0,0,0,r0,4169616129,1.983,0,3.929719
OT01V2953312151,1776274542646.589,outbound-rtp,COT01_45_level-idx=5;profile=0;tier=0,video,video,2953312151,T01,0,1,true,2,0,0,0,283,0,0,SV194,0,0,0,0,[object Object],bandwidth,0,0,0,r2,3339353029,0,0,0
OT01V116991794,1776274542846.481,outbound-rtp,COT01_45_level-idx=5;profile=0;tier=0,video,video,116991794,T01,0,0,true,1,0,0,0,0,0,0,SV194,0,0,0,0,[object Object],bandwidth,0,0,0,r1,3376560845,0,0,0
OT01V2044194314,1776274542846.481,outbound-rtp,COT01_45_level-idx=5;profile=0;tier=0,video,video,2044194314,T01,118967,403,true,0,0,116,116,68967,2,3,SV194,0,0,0,2,[object Object],bandwidth,0,0,0,r0,4169616129,2.097,0,3.929722
OT01V2953312151,1776274542846.481,outbound-rtp,COT01_45_level-idx=5;profile=0;tier=0,video,video,2953312151,T01,0,1,true,2,0,0,0,283,0,0,SV194,0,0,0,0,[object Object],bandwidth,0,0,0,r2,3339353029,0,0,0
OT01V116991794,1776274542846.481,outbound-rtp,COT01_45_level-idx=5;profile=0;tier=0,video,video,116991794,T01,0,0,true,1,0,0,0,0,0,0,SV194,0,0,0,0,[object Object],bandwidth,0,0,0,r1,3376560845,0,0,0
OT01V2044194314,1776274542846.481,outbound-rtp,COT01_45_level-idx=5;profile=0;tier=0,video,video,2044194314,T01,118967,403,true,0,0,116,116,68967,2,3,SV194,0,0,0,2,[object Object],bandwidth,0,0,0,r0,4169616129,2.097,0,3.929722
OT01V2953312151,1776274542846.481,outbound-rtp,COT01_45_level-idx=5;profile=0;tier=0,video,video,2953312151,T01,0,1,true,2,0,0,0,283,0,0,SV194,0,0,0,0,[object Object],bandwidth,0,0,0,r2,3339353029,0,0,0
OT01V116991794,1776274543046.602,outbound-rtp,COT01_45_level-idx=5;profile=0;tier=0,video,video,116991794,T01,0,0,true,1,0,0,0,0,0,0,SV194,0,0,0,0,[object Object],bandwidth,0,0,0,r1,3376560845,0,0,0
OT01V2044194314,1776274543046.602,outbound-rtp,COT01_45_level-idx=5;profile=0;tier=0,video,video,2044194314,T01,124168,430,true,0,0,121,121,74743,2,3,SV194,0,0,0,2,[object Object],bandwidth,0,0,0,r0,4169616129,2.179,0,3.92976
OT01V2953312151,1776274543046.602,outbound-rtp,COT01_45_level-idx=5;profile=0;tier=0,video,video,2953312151,T01,0,1,true,2,0,0,0,283,0,0,SV194,0,0,0,0,[object Object],bandwidth,0,0,0,r2,3339353029,0,0,0
OT01V116991794,1776274543046.602,outbound-rtp,COT01_45_level-idx=5;profile=0;tier=0,video,video,116991794,T01,0,0,true,1,0,0,0,0,0,0,SV194,0,0,0,0,[object Object],bandwidth,0,0,0,r1,3376560845,0,0,0
OT01V2044194314,1776274543046.602,outbound-rtp,COT01_45_level-idx=5;profile=0;tier=0,video,video,2044194314,T01,124168,430,true,0,0,121,121,74743,2,3,SV194,0,0,0,2,[object Object],bandwidth,0,0,0,r0,4169616129,2.179,0,3.92976
OT01V2953312151,1776274543046.602,outbound-rtp,COT01_45_level-idx=5;profile=0;tier=0,video,video,2953312151,T01,0,1,true,2,0,0,0,283,0,0,SV194,0,0,0,0,[object Object],bandwidth,0,0,0,r2,3339353029,0,0,0
OT01V116991794,1776274543246.464,outbound-rtp,COT01_45_level-idx=5;profile=0;tier=0,video,video,116991794,T01,0,0,true,1,0,0,0,0,0,0,SV194,0,0,0,0,[object Object],bandwidth,0,0,0,r1,3376560845,0,0,0
OT01V2044194314,1776274543246.464,outbound-rtp,COT01_45_level-idx=5;profile=0;tier=0,video,video,2044194314,T01,129836,447,true,0,0,126,126,77729,2,3,SV194,0,0,0,2,[object Object],bandwidth,0,0,0,r0,4169616129,2.268,0,3.9297799999999996
OT01V2953312151,1776274543246.464,outbound-rtp,COT01_45_level-idx=5;profile=0;tier=0,video,video,2953312151,T01,0,1,true,2,0,0,0,283,0,0,SV194,0,0,0,0,[object Object],bandwidth,0,0,0,r2,3339353029,0,0,0
OT01V116991794,1776274543246.464,outbound-rtp,COT01_45_level-idx=5;profile=0;tier=0,video,video,116991794,T01,0,0,true,1,0,0,0,0,0,0,SV194,0,0,0,0,[object Object],bandwidth,0,0,0,r1,3376560845,0,0,0
OT01V2044194314,1776274543246.464,outbound-rtp,COT01_45_level-idx=5;profile=0;tier=0,video,video,2044194314,T01,129836,447,true,0,0,126,126,77729,2,3,SV194,0,0,0,2,[object Object],bandwidth,0,0,0,r0,4169616129,2.268,0,3.9297799999999996
OT01V2953312151,1776274543246.464,outbound-rtp,COT01_45_level-idx=5;profile=0;tier=0,video,video,2953312151,T01,0,1,true,2,0,0,0,283,0,0,SV194,0,0,0,0,[object Object],bandwidth,0,0,0,r2,3339353029,0,0,0
OT01V116991794,1776274543446.45,outbound-rtp,COT01_45_level-idx=5;profile=0;tier=0,video,video,116991794,T01,0,0,true,1,0,0,0,0,0,0,SV194,0,0,0,0,[object Object],bandwidth,0,0,0,r1,3376560845,0,0,0
OT01V2044194314,1776274543446.45,outbound-rtp,COT01_45_level-idx=5;profile=0;tier=0,video,video,2044194314,T01,136339,468,true,0,0,132,132,81329,2,3,SV194,0,0,0,2,[object Object],bandwidth,0,0,0,r0,4169616129,2.364,0,3.976012
OT01V2953312151,1776274543446.45,outbound-rtp,COT01_45_level-idx=5;profile=0;tier=0,video,video,2953312151,T01,0,1,true,2,0,0,0,283,0,0,SV194,0,0,0,0,[object Object],bandwidth,0,0,0,r2,3339353029,0,0,0
OT01V116991794,1776274543446.45,outbound-rtp,COT01_45_level-idx=5;profile=0;tier=0,video,video,116991794,T01,0,0,true,1,0,0,0,0,0,0,SV194,0,0,0,0,[object Object],bandwidth,0,0,0,r1,3376560845,0,0,0
OT01V2044194314,1776274543446.45,outbound-rtp,COT01_45_level-idx=5;profile=0;tier=0,video,video,2044194314,T01,136339,468,true,0,0,132,132,81329,2,3,SV194,0,0,0,2,[object Object],bandwidth,0,0,0,r0,4169616129,2.364,0,3.976012
OT01V2953312151,1776274543446.45,outbound-rtp,COT01_45_level-idx=5;profile=0;tier=0,video,video,2953312151,T01,0,1,true,2,0,0,0,283,0,0,SV194,0,0,0,0,[object Object],bandwidth,0,0,0,r2,3339353029,0,0,0
OT01V116991794,1776274543646.564,outbound-rtp,COT01_45_level-idx=5;profile=0;tier=0,video,video,116991794,T01,0,0,true,1,0,0,0,0,0,0,SV194,0,0,0,0,[object Object],bandwidth,0,0,0,r1,3376560845,0,0,0
OT01V2044194314,1776274543646.564,outbound-rtp,COT01_45_level-idx=5;profile=0;tier=0,video,video,2044194314,T01,145474,486,true,0,0,139,139,83339,2,3,SV194,0,0,0,2,[object Object],bandwidth,0,0,0,r0,4169616129,2.492,0,3.97604
OT01V2953312151,1776274543646.564,outbound-rtp,COT01_45_level-idx=5;profile=0;tier=0,video,video,2953312151,T01,0,1,true,2,0,0,0,283,0,0,SV194,0,0,0,0,[object Object],bandwidth,0,0,0,r2,3339353029,0,0,0
OT01V116991794,1776274543646.564,outbound-rtp,COT01_45_level-idx=5;profile=0;tier=0,video,video,116991794,T01,0,0,true,1,0,0,0,0,0,0,SV194,0,0,0,0,[object Object],bandwidth,0,0,0,r1,3376560845,0,0,0
OT01V2044194314,1776274543646.564,outbound-rtp,COT01_45_level-idx=5;profile=0;tier=0,video,video,2044194314,T01,145474,486,true,0,0,139,139,83339,2,3,SV194,0,0,0,2,[object Object],bandwidth,0,0,0,r0,4169616129,2.492,0,3.97604
OT01V2953312151,1776274543646.564,outbound-rtp,COT01_45_level-idx=5;profile=0;tier=0,video,video,2953312151,T01,0,1,true,2,0,0,0,283,0,0,SV194,0,0,0,0,[object Object],bandwidth,0,0,0,r2,3339353029,0,0,0
OT01V116991794,1776274543846.569,outbound-rtp,COT01_45_level-idx=5;profile=0;tier=0,video,video,116991794,T01,0,0,true,1,0,0,0,0,0,0,SV194,0,0,0,0,[object Object],bandwidth,0,0,0,r1,3376560845,0,0,0
OT01V2044194314,1776274543846.569,outbound-rtp,COT01_45_level-idx=5;profile=0;tier=0,video,video,2044194314,T01,149561,512,true,0,0,144,144,89087,2,3,SV194,0,0,0,2,[object Object],bandwidth,0,0,0,r0,4169616129,2.571,0,3.976059
OT01V2953312151,1776274543846.569,outbound-rtp,COT01_45_level-idx=5;profile=0;tier=0,video,video,2953312151,T01,0,1,true,2,0,0,0,283,0,0,SV194,0,0,0,0,[object Object],bandwidth,0,0,0,r2,3339353029,0,0,0
OT01V116991794,1776274543846.569,outbound-rtp,COT01_45_level-idx=5;profile=0;tier=0,video,video,116991794,T01,0,0,true,1,0,0,0,0,0,0,SV194,0,0,0,0,[object Object],bandwidth,0,0,0,r1,3376560845,0,0,0
OT01V2044194314,1776274543846.569,outbound-rtp,COT01_45_level-idx=5;profile=0;tier=0,video,video,2044194314,T01,149561,512,true,0,0,144,144,89087,2,3,SV194,0,0,0,2,[object Object],bandwidth,0,0,0,r0,4169616129,2.571,0,3.976059
OT01V2953312151,1776274543846.569,outbound-rtp,COT01_45_level-idx=5;profile=0;tier=0,video,video,2953312151,T01,0,1,true,2,0,0,0,283,0,0,SV194,0,0,0,0,[object Object],bandwidth,0,0,0,r2,3339353029,0,0,0
OT01V116991794,1776274544046.632,outbound-rtp,COT01_45_level-idx=5;profile=0;tier=0,video,video,116991794,T01,0,0,true,1,0,0,0,0,0,0,SV194,0,0,0,0,[object Object],bandwidth,0,0,0,r1,3376560845,0,0,0
OT01V2044194314,1776274544046.632,outbound-rtp,COT01_45_level-idx=5;profile=0;tier=0,video,video,2044194314,T01,156721,535,true,0,0,149,149,93245,2,3,SV194,0,0,0,2,[object Object],bandwidth,0,0,0,r0,4169616129,2.646,0,3.976094
OT01V2953312151,1776274544046.632,outbound-rtp,COT01_45_level-idx=5;profile=0;tier=0,video,video,2953312151,T01,0,1,true,2,0,0,0,283,0,0,SV194,0,0,0,0,[object Object],bandwidth,0,0,0,r2,3339353029,0,0,0
OT01V116991794,1776274544046.632,outbound-rtp,COT01_45_level-idx=5;profile=0;tier=0,video,video,116991794,T01,0,0,true,1,0,0,0,0,0,0,SV194,0,0,0,0,[object Object],bandwidth,0,0,0,r1,3376560845,0,0,0
OT01V2044194314,1776274544046.632,outbound-rtp,COT01_45_level-idx=5;profile=0;tier=0,video,video,2044194314,T01,156721,535,true,0,0,149,149,93245,2,3,SV194,0,0,0,2,[object Object],bandwidth,0,0,0,r0,4169616129,2.646,0,3.976094
OT01V2953312151,1776274544046.632,outbound-rtp,COT01_45_level-idx=5;profile=0;tier=0,video,video,2953312151,T01,0,1,true,2,0,0,0,283,0,0,SV194,0,0,0,0,[object Object],bandwidth,0,0,0,r2,3339353029,0,0,0
OT01V116991794,1776274544246.403,outbound-rtp,COT01_45_level-idx=5;profile=0;tier=0,video,video,116991794,T01,0,0,true,1,0,0,0,0,0,0,SV194,0,0,0,0,[object Object],bandwidth,0,0,0,r1,3376560845,0,0,0
OT01V2044194314,1776274544246.403,outbound-rtp,COT01_45_level-idx=5;profile=0;tier=0,video,video,2044194314,T01,162501,556,true,0,0,155,155,96845,2,3,SV194,0,0,0,2,[object Object],bandwidth,0,0,0,r0,4169616129,2.759,0,4.01183
OT01V2953312151,1776274544246.403,outbound-rtp,COT01_45_level-idx=5;profile=0;tier=0,video,video,2953312151,T01,0,1,true,2,0,0,0,283,0,0,SV194,0,0,0,0,[object Object],bandwidth,0,0,0,r2,3339353029,0,0,0
OT01V116991794,1776274544246.403,outbound-rtp,COT01_45_level-idx=5;profile=0;tier=0,video,video,116991794,T01,0,0,true,1,0,0,0,0,0,0,SV194,0,0,0,0,[object Object],bandwidth,0,0,0,r1,3376560845,0,0,0
OT01V2044194314,1776274544246.403,outbound-rtp,COT01_45_level-idx=5;profile=0;tier=0,video,video,2044194314,T01,162501,556,true,0,0,155,155,96845,2,3,SV194,0,0,0,2,[object Object],bandwidth,0,0,0,r0,4169616129,2.759,0,4.01183
OT01V2953312151,1776274544246.403,outbound-rtp,COT01_45_level-idx=5;profile=0;tier=0,video,video,2953312151,T01,0,1,true,2,0,0,0,283,0,0,SV194,0,0,0,0,[object Object],bandwidth,0,0,0,r2,3339353029,0,0,0
OT01V116991794,1776274544446.392,outbound-rtp,COT01_45_level-idx=5;profile=0;tier=0,video,video,116991794,T01,0,0,true,1,0,0,0,0,0,0,SV194,0,0,0,0,[object Object],bandwidth,0,0,0,r1,3376560845,0,0,0
OT01V2044194314,1776274544446.392,outbound-rtp,COT01_45_level-idx=5;profile=0;tier=0,video,video,2044194314,T01,171120,575,true,0,0,161,161,99887,2,3,SV194,0,0,0,2,[object Object],bandwidth,0,0,0,r0,4169616129,2.869,0,4.0118529999999994
OT01V2953312151,1776274544446.392,outbound-rtp,COT01_45_level-idx=5;profile=0;tier=0,video,video,2953312151,T01,0,1,true,2,0,0,0,283,0,0,SV194,0,0,0,0,[object Object],bandwidth,0,0,0,r2,3339353029,0,0,0
OT01V116991794,1776274544446.392,outbound-rtp,COT01_45_level-idx=5;profile=0;tier=0,video,video,116991794,T01,0,0,true,1,0,0,0,0,0,0,SV194,0,0,0,0,[object Object],bandwidth,0,0,0,r1,3376560845,0,0,0
OT01V2044194314,1776274544446.392,outbound-rtp,COT01_45_level-idx=5;profile=0;tier=0,video,video,2044194314,T01,171120,575,true,0,0,161,161,99887,2,3,SV194,0,0,0,2,[object Object],bandwidth,0,0,0,r0,4169616129,2.869,0,4.0118529999999994
OT01V2953312151,1776274544446.392,outbound-rtp,COT01_45_level-idx=5;profile=0;tier=0,video,video,2953312151,T01,0,1,true,2,0,0,0,283,0,0,SV194,0,0,0,0,[object Object],bandwidth,0,0,0,r2,3339353029,0,0,0
OT01V116991794,1776274544646.522,outbound-rtp,COT01_45_level-idx=5;profile=0;tier=0,video,video,116991794,T01,0,0,true,1,0,0,0,0,0,0,SV194,0,0,0,0,[object Object],bandwidth,0,0,0,r1,3376560845,0,0,0
OT01V2044194314,1776274544646.522,outbound-rtp,COT01_45_level-idx=5;profile=0;tier=0,video,video,2044194314,T01,176101,605,true,0,0,167,167,106249,2,3,SV194,0,0,0,2,[object Object],bandwidth,0,0,0,r0,4169616129,2.96,0,4.0119
OT01V2953312151,1776274544646.522,outbound-rtp,COT01_45_level-idx=5;profile=0;tier=0,video,video,2953312151,T01,0,1,true,2,0,0,0,283,0,0,SV194,0,0,0,0,[object Object],bandwidth,0,0,0,r2,3339353029,0,0,0
OT01V116991794,1776274544646.522,outbound-rtp,COT01_45_level-idx=5;profile=0;tier=0,video,video,116991794,T01,0,0,true,1,0,0,0,0,0,0,SV194,0,0,0,0,[object Object],bandwidth,0,0,0,r1,3376560845,0,0,0
OT01V2044194314,1776274544646.522,outbound-rtp,COT01_45_level-idx=5;profile=0;tier=0,video,video,2044194314,T01,176101,605,true,0,0,167,167,106249,2,3,SV194,0,0,0,2,[object Object],bandwidth,0,0,0,r0,4169616129,2.96,0,4.0119
OT01V2953312151,1776274544646.522,outbound-rtp,COT01_45_level-idx=5;profile=0;tier=0,video,video,2953312151,T01,0,1,true,2,0,0,0,283,0,0,SV194,0,0,0,0,[object Object],bandwidth,0,0,0,r2,3339353029,0,0,0
OT01V116991794,1776274544846.504,outbound-rtp,COT01_45_level-idx=5;profile=0;tier=0,video,video,116991794,T01,0,0,true,1,0,0,0,0,0,0,SV194,0,0,0,0,[object Object],bandwidth,0,0,0,r1,3376560845,0,0,0
OT01V2044194314,1776274544846.504,outbound-rtp,COT01_45_level-idx=5;profile=0;tier=0,video,video,2044194314,T01,183530,634,true,0,0,173,173,112081,2,3,SV194,0,0,0,2,[object Object],bandwidth,0,0,0,r0,4169616129,3.063,0,4.011937
OT01V2953312151,1776274544846.504,outbound-rtp,COT01_45_level-idx=5;profile=0;tier=0,video,video,2953312151,T01,0,1,true,2,0,0,0,283,0,0,SV194,0,0,0,0,[object Object],bandwidth,0,0,0,r2,3339353029,0,0,0
OT01V116991794,1776274544846.504,outbound-rtp,COT01_45_level-idx=5;profile=0;tier=0,video,video,116991794,T01,0,0,true,1,0,0,0,0,0,0,SV194,0,0,0,0,[object Object],bandwidth,0,0,0,r1,3376560845,0,0,0
OT01V2044194314,1776274544846.504,outbound-rtp,COT01_45_level-idx=5;profile=0;tier=0,video,video,2044194314,T01,183530,634,true,0,0,173,173,112081,2,3,SV194,0,0,0,2,[object Object],bandwidth,0,0,0,r0,4169616129,3.063,0,4.011937
OT01V2953312151,1776274544846.504,outbound-rtp,COT01_45_level-idx=5;profile=0;tier=0,video,video,2953312151,T01,0,1,true,2,0,0,0,283,0,0,SV194,0,0,0,0,[object Object],bandwidth,0,0,0,r2,3339353029,0,0,0
OT01V116991794,1776274545046.563,outbound-rtp,COT01_45_level-idx=5;profile=0;tier=0,video,video,116991794,T01,0,0,true,1,0,0,0,0,0,0,SV194,0,0,0,0,[object Object],bandwidth,0,0,0,r1,3376560845,0,0,0
OT01V2044194314,1776274545046.563,outbound-rtp,COT01_45_level-idx=5;profile=0;tier=0,video,video,2044194314,T01,189301,656,true,0,0,179,179,116211,2,3,SV194,0,0,0,2,[object Object],bandwidth,0,0,0,r0,4169616129,3.156,0,4.0119549999999995
OT01V2953312151,1776274545046.563,outbound-rtp,COT01_45_level-idx=5;profile=0;tier=0,video,video,2953312151,T01,0,1,true,2,0,0,0,283,0,0,SV194,0,0,0,0,[object Object],bandwidth,0,0,0,r2,3339353029,0,0,0
OT01V116991794,1776274545046.563,outbound-rtp,COT01_45_level-idx=5;profile=0;tier=0,video,video,116991794,T01,0,0,true,1,0,0,0,0,0,0,SV194,0,0,0,0,[object Object],bandwidth,0,0,0,r1,3376560845,0,0,0
OT01V2044194314,1776274545046.563,outbound-rtp,COT01_45_level-idx=5;profile=0;tier=0,video,video,2044194314,T01,189301,656,true,0,0,179,179,116211,2,3,SV194,0,0,0,2,[object Object],bandwidth,0,0,0,r0,4169616129,3.156,0,4.0119549999999995
OT01V2953312151,1776274545046.563,outbound-rtp,COT01_45_level-idx=5;profile=0;tier=0,video,video,2953312151,T01,0,1,true,2,0,0,0,283,0,0,SV194,0,0,0,0,[object Object],bandwidth,0,0,0,r2,3339353029,0,0,0
OT01V116991794,1776274545246.405,outbound-rtp,COT01_45_level-idx=5;profile=0;tier=0,video,video,116991794,T01,0,0,true,1,0,0,0,0,0,0,SV194,0,0,0,0,[object Object],bandwidth,0,0,0,r1,3376560845,0,0,0
OT01V2044194314,1776274545246.405,outbound-rtp,COT01_45_level-idx=5;profile=0;tier=0,video,video,2044194314,T01,194812,680,true,0,0,184,184,121401,2,3,SV194,0,0,0,2,[object Object],bandwidth,0,0,0,r0,4169616129,3.239,0,4.011973
OT01V2953312151,1776274545246.405,outbound-rtp,COT01_45_level-idx=5;profile=0;tier=0,video,video,2953312151,T01,0,1,true,2,0,0,0,283,0,0,SV194,0,0,0,0,[object Object],bandwidth,0,0,0,r2,3339353029,0,0,0
OT01V116991794,1776274545246.405,outbound-rtp,COT01_45_level-idx=5;profile=0;tier=0,video,video,116991794,T01,0,0,true,1,0,0,0,0,0,0,SV194,0,0,0,0,[object Object],bandwidth,0,0,0,r1,3376560845,0,0,0
OT01V2044194314,1776274545246.405,outbound-rtp,COT01_45_level-idx=5;profile=0;tier=0,video,video,2044194314,T01,194812,680,true,0,0,184,184,121401,2,3,SV194,0,0,0,2,[object Object],bandwidth,0,0,0,r0,4169616129,3.239,0,4.011973
OT01V2953312151,1776274545246.405,outbound-rtp,COT01_45_level-idx=5;profile=0;tier=0,video,video,2953312151,T01,0,1,true,2,0,0,0,283,0,0,SV194,0,0,0,0,[object Object],bandwidth,0,0,0,r2,3339353029,0,0,0
OT01V116991794,1776274545446.45,outbound-rtp,COT01_45_level-idx=5;profile=0;tier=0,video,video,116991794,T01,0,0,true,1,0,0,0,0,0,0,SV194,0,0,0,0,[object Object],bandwidth,0,0,0,r1,3376560845,0,0,0
OT01V2044194314,1776274545446.45,outbound-rtp,COT01_45_level-idx=5;profile=0;tier=0,video,video,2044194314,T01,200017,709,true,0,0,189,189,127735,2,3,SV194,0,0,0,2,[object Object],bandwidth,0,0,0,r0,4169616129,3.311,0,4.0120059999999995
OT01V2953312151,1776274545446.45,outbound-rtp,COT01_45_level-idx=5;profile=0;tier=0,video,video,2953312151,T01,0,1,true,2,0,0,0,283,0,0,SV194,0,0,0,0,[object Object],bandwidth,0,0,0,r2,3339353029,0,0,0
OT01V116991794,1776274545446.45,outbound-rtp,COT01_45_level-idx=5;profile=0;tier=0,video,video,116991794,T01,0,0,true,1,0,0,0,0,0,0,SV194,0,0,0,0,[object Object],bandwidth,0,0,0,r1,3376560845,0,0,0
OT01V2044194314,1776274545446.45,outbound-rtp,COT01_45_level-idx=5;profile=0;tier=0,video,video,2044194314,T01,200017,709,true,0,0,189,189,127735,2,3,SV194,0,0,0,2,[object Object],bandwidth,0,0,0,r0,4169616129,3.311,0,4.0120059999999995
OT01V2953312151,1776274545446.45,outbound-rtp,COT01_45_level-idx=5;profile=0;tier=0,video,video,2953312151,T01,0,1,true,2,0,0,0,283,0,0,SV194,0,0,0,0,[object Object],bandwidth,0,0,0,r2,3339353029,0,0,0
OT01V116991794,1776274545646.664,outbound-rtp,COT01_45_level-idx=5;profile=0;tier=0,video,video,116991794,T01,0,0,true,1,0,0,0,0,0,0,SV194,0,0,0,0,[object Object],bandwidth,0,0,0,r1,3376560845,0,0,0
OT01V2044194314,1776274545646.664,outbound-rtp,COT01_45_level-idx=5;profile=0;tier=0,video,video,2044194314,T01,206953,735,true,0,0,196,196,132479,2,3,SV194,0,0,0,2,[object Object],bandwidth,0,0,0,r0,4169616129,3.421,0,4.01204
OT01V2953312151,1776274545646.664,outbound-rtp,COT01_45_level-idx=5;profile=0;tier=0,video,video,2953312151,T01,0,1,true,2,0,0,0,283,0,0,SV194,0,0,0,0,[object Object],bandwidth,0,0,0,r2,3339353029,0,0,0
OT01V116991794,1776274545646.664,outbound-rtp,COT01_45_level-idx=5;profile=0;tier=0,video,video,116991794,T01,0,0,true,1,0,0,0,0,0,0,SV194,0,0,0,0,[object Object],bandwidth,0,0,0,r1,3376560845,0,0,0
OT01V2044194314,1776274545646.664,outbound-rtp,COT01_45_level-idx=5;profile=0;tier=0,video,video,2044194314,T01,206953,735,true,0,0,196,196,132479,2,3,SV194,0,0,0,2,[object Object],bandwidth,0,0,0,r0,4169616129,3.421,0,4.01204
OT01V2953312151,1776274545646.664,outbound-rtp,COT01_45_level-idx=5;profile=0;tier=0,video,video,2953312151,T01,0,1,true,2,0,0,0,283,0,0,SV194,0,0,0,0,[object Object],bandwidth,0,0,0,r2,3339353029,0,0,0
OT01V116991794,1776274545846.539,outbound-rtp,COT01_45_level-idx=5;profile=0;tier=0,video,video,116991794,T01,0,0,true,1,0,0,0,0,0,0,SV194,0,0,0,0,[object Object],bandwidth,0,0,0,r1,3376560845,0,0,0
OT01V2044194314,1776274545846.539,outbound-rtp,COT01_45_level-idx=5;profile=0;tier=0,video,video,2044194314,T01,214746,765,true,0,0,202,202,138339,2,3,SV194,0,0,0,2,[object Object],bandwidth,0,0,0,r0,4169616129,3.517,0,4.102633
OT01V2953312151,1776274545846.539,outbound-rtp,COT01_45_level-idx=5;profile=0;tier=0,video,video,2953312151,T01,0,1,true,2,0,0,0,283,0,0,SV194,0,0,0,0,[object Object],bandwidth,0,0,0,r2,3339353029,0,0,0
OT01V116991794,1776274545846.539,outbound-rtp,COT01_45_level-idx=5;profile=0;tier=0,video,video,116991794,T01,0,0,true,1,0,0,0,0,0,0,SV194,0,0,0,0,[object Object],bandwidth,0,0,0,r1,3376560845,0,0,0
OT01V2044194314,1776274545846.539,outbound-rtp,COT01_45_level-idx=5;profile=0;tier=0,video,video,2044194314,T01,214746,765,true,0,0,202,202,138339,2,3,SV194,0,0,0,2,[object Object],bandwidth,0,0,0,r0,4169616129,3.517,0,4.102633
OT01V2953312151,1776274545846.539,outbound-rtp,COT01_45_level-idx=5;profile=0;tier=0,video,video,2953312151,T01,0,1,true,2,0,0,0,283,0,0,SV194,0,0,0,0,[object Object],bandwidth,0,0,0,r2,3339353029,0,0,0
OT01V116991794,1776274546046.595,outbound-rtp,COT01_45_level-idx=5;profile=0;tier=0,video,video,116991794,T01,0,0,true,1,0,0,0,0,0,0,SV194,0,0,0,0,[object Object],bandwidth,0,0,0,r1,3376560845,0,0,0
OT01V2044194314,1776274546046.595,outbound-rtp,COT01_45_level-idx=5;profile=0;tier=0,video,video,2044194314,T01,221714,790,true,0,0,208,208,143557,2,3,SV194,0,0,0,2,[object Object],bandwidth,0,0,0,r0,4169616129,3.607,0,4.102666999999999
OT01V2953312151,1776274546046.595,outbound-rtp,COT01_45_level-idx=5;profile=0;tier=0,video,video,2953312151,T01,0,1,true,2,0,0,0,283,0,0,SV194,0,0,0,0,[object Object],bandwidth,0,0,0,r2,3339353029,0,0,0
OT01V116991794,1776274546046.595,outbound-rtp,COT01_45_level-idx=5;profile=0;tier=0,video,video,116991794,T01,0,0,true,1,0,0,0,0,0,0,SV194,0,0,0,0,[object Object],bandwidth,0,0,0,r1,3376560845,0,0,0
OT01V2044194314,1776274546046.595,outbound-rtp,COT01_45_level-idx=5;profile=0;tier=0,video,video,2044194314,T01,221714,790,true,0,0,208,208,143557,2,3,SV194,0,0,0,2,[object Object],bandwidth,0,0,0,r0,4169616129,3.607,0,4.102666999999999
OT01V2953312151,1776274546046.595,outbound-rtp,COT01_45_level-idx=5;profile=0;tier=0,video,video,2953312151,T01,0,1,true,2,0,0,0,283,0,0,SV194,0,0,0,0,[object Object],bandwidth,0,0,0,r2,3339353029,0,0,0
OT01V116991794,1776274546246.466,outbound-rtp,COT01_45_level-idx=5;profile=0;tier=0,video,video,116991794,T01,0,0,true,1,0,0,0,0,0,0,SV194,0,0,0,0,[object Object],bandwidth,0,0,0,r1,3376560845,0,0,0
OT01V2044194314,1776274546246.466,outbound-rtp,COT01_45_level-idx=5;profile=0;tier=0,video,video,2044194314,T01,226983,820,true,0,0,213,213,149919,2,3,SV194,0,0,0,2,[object Object],bandwidth,0,0,0,r0,4169616129,3.693,0,4.102689
OT01V2953312151,1776274546246.466,outbound-rtp,COT01_45_level-idx=5;profile=0;tier=0,video,video,2953312151,T01,0,1,true,2,0,0,0,283,0,0,SV194,0,0,0,0,[object Object],bandwidth,0,0,0,r2,3339353029,0,0,0
OT01V116991794,1776274546246.466,outbound-rtp,COT01_45_level-idx=5;profile=0;tier=0,video,video,116991794,T01,0,0,true,1,0,0,0,0,0,0,SV194,0,0,0,0,[object Object],bandwidth,0,0,0,r1,3376560845,0,0,0
OT01V2044194314,1776274546246.466,outbound-rtp,COT01_45_level-idx=5;profile=0;tier=0,video,video,2044194314,T01,226983,820,true,0,0,213,213,149919,2,3,SV194,0,0,0,2,[object Object],bandwidth,0,0,0,r0,4169616129,3.693,0,4.102689
OT01V2953312151,1776274546246.466,outbound-rtp,COT01_45_level-idx=5;profile=0;tier=0,video,video,2953312151,T01,0,1,true,2,0,0,0,283,0,0,SV194,0,0,0,0,[object Object],bandwidth,0,0,0,r2,3339353029,0,0,0
OT01V116991794,1776274546446.457,outbound-rtp,COT01_45_level-idx=5;profile=0;tier=0,video,video,116991794,T01,0,0,true,1,0,0,0,0,0,0,SV194,0,0,0,0,[object Object],bandwidth,0,0,0,r1,3376560845,0,0,0
OT01V2044194314,1776274546446.457,outbound-rtp,COT01_45_level-idx=5;profile=0;tier=0,video,video,2044194314,T01,232790,851,true,0,0,218,218,156811,2,3,SV194,0,0,0,2,[object Object],bandwidth,0,0,0,r0,4169616129,3.771,0,4.102723
OT01V2953312151,1776274546446.457,outbound-rtp,COT01_45_level-idx=5;profile=0;tier=0,video,video,2953312151,T01,0,1,true,2,0,0,0,283,0,0,SV194,0,0,0,0,[object Object],bandwidth,0,0,0,r2,3339353029,0,0,0
OT01V116991794,1776274546446.457,outbound-rtp,COT01_45_level-idx=5;profile=0;tier=0,video,video,116991794,T01,0,0,true,1,0,0,0,0,0,0,SV194,0,0,0,0,[object Object],bandwidth,0,0,0,r1,3376560845,0,0,0
OT01V2044194314,1776274546446.457,outbound-rtp,COT01_45_level-idx=5;profile=0;tier=0,video,video,2044194314,T01,232790,851,true,0,0,218,218,156811,2,3,SV194,0,0,0,2,[object Object],bandwidth,0,0,0,r0,4169616129,3.771,0,4.102723
OT01V2953312151,1776274546446.457,outbound-rtp,COT01_45_level-idx=5;profile=0;tier=0,video,video,2953312151,T01,0,1,true,2,0,0,0,283,0,0,SV194,0,0,0,0,[object Object],bandwidth,0,0,0,r2,3339353029,0,0,0
OT01V116991794,1776274546646.482,outbound-rtp,COT01_45_level-idx=5;profile=0;tier=0,video,video,116991794,T01,0,0,true,1,0,0,0,0,0,0,SV194,0,0,0,0,[object Object],bandwidth,0,0,0,r1,3376560845,0,0,0
OT01V2044194314,1776274546646.482,outbound-rtp,COT01_45_level-idx=5;profile=0;tier=0,video,video,2044194314,T01,240017,879,true,0,0,225,225,162113,2,3,SV194,0,0,0,2,[object Object],bandwidth,0,0,0,r0,4169616129,3.878,0,4.1027499999999995
OT01V2953312151,1776274546646.482,outbound-rtp,COT01_45_level-idx=5;profile=0;tier=0,video,video,2953312151,T01,0,1,true,2,0,0,0,283,0,0,SV194,0,0,0,0,[object Object],bandwidth,0,0,0,r2,3339353029,0,0,0
OT01V116991794,1776274546646.482,outbound-rtp,COT01_45_level-idx=5;profile=0;tier=0,video,video,116991794,T01,0,0,true,1,0,0,0,0,0,0,SV194,0,0,0,0,[object Object],bandwidth,0,0,0,r1,3376560845,0,0,0
OT01V2044194314,1776274546646.482,outbound-rtp,COT01_45_level-idx=5;profile=0;tier=0,video,video,2044194314,T01,240017,879,true,0,0,225,225,162113,2,3,SV194,0,0,0,2,[object Object],bandwidth,0,0,0,r0,4169616129,3.878,0,4.1027499999999995
OT01V2953312151,1776274546646.482,outbound-rtp,COT01_45_level-idx=5;profile=0;tier=0,video,video,2953312151,T01,0,1,true,2,0,0,0,283,0,0,SV194,0,0,0,0,[object Object],bandwidth,0,0,0,r2,3339353029,0,0,0
OT01V116991794,1776274546846.504,outbound-rtp,COT01_45_level-idx=5;profile=0;tier=0,video,video,116991794,T01,0,0,true,1,0,0,0,0,0,0,SV194,0,0,0,0,[object Object],bandwidth,0,0,0,r1,3376560845,0,0,0
OT01V2044194314,1776274546846.504,outbound-rtp,COT01_45_level-idx=5;profile=0;tier=0,video,video,2044194314,T01,247211,910,true,0,0,231,231,168503,2,3,SV194,0,0,0,2,[object Object],bandwidth,0,0,0,r0,4169616129,3.978,0,4.10277
OT01V2953312151,1776274546846.504,outbound-rtp,COT01_45_level-idx=5;profile=0;tier=0,video,video,2953312151,T01,0,1,true,2,0,0,0,283,0,0,SV194,0,0,0,0,[object Object],bandwidth,0,0,0,r2,3339353029,0,0,0
OT01V116991794,1776274546846.504,outbound-rtp,COT01_45_level-idx=5;profile=0;tier=0,video,video,116991794,T01,0,0,true,1,0,0,0,0,0,0,SV194,0,0,0,0,[object Object],bandwidth,0,0,0,r1,3376560845,0,0,0
OT01V2044194314,1776274546846.504,outbound-rtp,COT01_45_level-idx=5;profile=0;tier=0,video,video,2044194314,T01,247211,910,true,0,0,231,231,168503,2,3,SV194,0,0,0,2,[object Object],bandwidth,0,0,0,r0,4169616129,3.978,0,4.10277
OT01V2953312151,1776274546846.504,outbound-rtp,COT01_45_level-idx=5;profile=0;tier=0,video,video,2953312151,T01,0,1,true,2,0,0,0,283,0,0,SV194,0,0,0,0,[object Object],bandwidth,0,0,0,r2,3339353029,0,0,0
OT01V116991794,1776274547046.554,outbound-rtp,COT01_45_level-idx=5;profile=0;tier=0,video,video,116991794,T01,0,0,true,1,0,0,0,0,0,0,SV194,0,0,0,0,[object Object],bandwidth,0,0,0,r1,3376560845,0,0,0
OT01V2044194314,1776274547046.554,outbound-rtp,COT01_45_level-idx=5;profile=0;tier=0,video,video,2044194314,T01,253564,945,true,0,0,237,237,176009,2,3,SV194,0,0,0,2,[object Object],bandwidth,0,0,0,r0,4169616129,4.075,0,4.102815
OT01V2953312151,1776274547046.554,outbound-rtp,COT01_45_level-idx=5;profile=0;tier=0,video,video,2953312151,T01,0,1,true,2,0,0,0,283,0,0,SV194,0,0,0,0,[object Object],bandwidth,0,0,0,r2,3339353029,0,0,0
OT01V116991794,1776274547046.554,outbound-rtp,COT01_45_level-idx=5;profile=0;tier=0,video,video,116991794,T01,0,0,true,1,0,0,0,0,0,0,SV194,0,0,0,0,[object Object],bandwidth,0,0,0,r1,3376560845,0,0,0
OT01V2044194314,1776274547046.554,outbound-rtp,COT01_45_level-idx=5;profile=0;tier=0,video,video,2044194314,T01,253564,945,true,0,0,237,237,176009,2,3,SV194,0,0,0,2,[object Object],bandwidth,0,0,0,r0,4169616129,4.075,0,4.102815
OT01V2953312151,1776274547046.554,outbound-rtp,COT01_45_level-idx=5;profile=0;tier=0,video,video,2953312151,T01,0,1,true,2,0,0,0,283,0,0,SV194,0,0,0,0,[object Object],bandwidth,0,0,0,r2,3339353029,0,0,0
OT01V116991794,1776274547246.391,outbound-rtp,COT01_45_level-idx=5;profile=0;tier=0,video,video,116991794,T01,0,0,true,1,0,0,0,0,0,0,SV194,0,0,0,0,[object Object],bandwidth,0,0,0,r1,3376560845,0,0,0
OT01V2044194314,1776274547246.391,outbound-rtp,COT01_45_level-idx=5;profile=0;tier=0,video,video,2044194314,T01,259436,976,true,0,0,242,242,182901,2,3,SV194,0,0,0,2,[object Object],bandwidth,0,0,0,r0,4169616129,4.163,0,4.102844999999999
OT01V2953312151,1776274547246.391,outbound-rtp,COT01_45_level-idx=5;profile=0;tier=0,video,video,2953312151,T01,0,1,true,2,0,0,0,283,0,0,SV194,0,0,0,0,[object Object],bandwidth,0,0,0,r2,3339353029,0,0,0
OT01V116991794,1776274547246.391,outbound-rtp,COT01_45_level-idx=5;profile=0;tier=0,video,video,116991794,T01,0,0,true,1,0,0,0,0,0,0,SV194,0,0,0,0,[object Object],bandwidth,0,0,0,r1,3376560845,0,0,0
OT01V2044194314,1776274547246.391,outbound-rtp,COT01_45_level-idx=5;profile=0;tier=0,video,video,2044194314,T01,259436,976,true,0,0,242,242,182901,2,3,SV194,0,0,0,2,[object Object],bandwidth,0,0,0,r0,4169616129,4.163,0,4.102844999999999
OT01V2953312151,1776274547246.391,outbound-rtp,COT01_45_level-idx=5;profile=0;tier=0,video,video,2953312151,T01,0,1,true,2,0,0,0,283,0,0,SV194,0,0,0,0,[object Object],bandwidth,0,0,0,r2,3339353029,0,0,0
OT01V116991794,1776274547446.427,outbound-rtp,COT01_45_level-idx=5;profile=0;tier=0,video,video,116991794,T01,0,0,true,1,0,0,0,0,0,0,SV194,0,0,0,0,[object Object],bandwidth,0,0,0,r1,3376560845,0,0,0
OT01V2044194314,1776274547446.427,outbound-rtp,COT01_45_level-idx=5;profile=0;tier=0,video,video,2044194314,T01,271927,996,true,0,0,248,248,184967,2,3,SV194,0,0,0,2,[object Object],bandwidth,0,0,0,r0,4169616129,4.258,0,4.102851
OT01V2953312151,1776274547446.427,outbound-rtp,COT01_45_level-idx=5;profile=0;tier=0,video,video,2953312151,T01,0,1,true,2,0,0,0,283,0,0,SV194,0,0,0,0,[object Object],bandwidth,0,0,0,r2,3339353029,0,0,0
OT01V116991794,1776274547446.427,outbound-rtp,COT01_45_level-idx=5;profile=0;tier=0,video,video,116991794,T01,0,0,true,1,0,0,0,0,0,0,SV194,0,0,0,0,[object Object],bandwidth,0,0,0,r1,3376560845,0,0,0
OT01V2044194314,1776274547446.427,outbound-rtp,COT01_45_level-idx=5;profile=0;tier=0,video,video,2044194314,T01,271927,996,true,0,0,248,248,184967,2,3,SV194,0,0,0,2,[object Object],bandwidth,0,0,0,r0,4169616129,4.258,0,4.102851
OT01V2953312151,1776274547446.427,outbound-rtp,COT01_45_level-idx=5;profile=0;tier=0,video,video,2953312151,T01,0,1,true,2,0,0,0,283,0,0,SV194,0,0,0,0,[object Object],bandwidth,0,0,0,r2,3339353029,0,0,0
OT01V116991794,1776274547646.452,outbound-rtp,COT01_45_level-idx=5;profile=0;tier=0,video,video,116991794,T01,0,0,true,1,0,0,0,0,0,0,SV194,0,0,0,0,[object Object],bandwidth,0,0,0,r1,3376560845,0,0,0
OT01V2044194314,1776274547646.452,outbound-rtp,COT01_45_level-idx=5;profile=0;tier=0,video,video,2044194314,T01,287042,1012,true,0,0,254,254,185415,2,3,SV194,0,0,0,2,[object Object],bandwidth,0,0,0,r0,4169616129,4.354,0,4.1028649999999995
OT01V2953312151,1776274547646.452,outbound-rtp,COT01_45_level-idx=5;profile=0;tier=0,video,video,2953312151,T01,0,1,true,2,0,0,0,283,0,0,SV194,0,0,0,0,[object Object],bandwidth,0,0,0,r2,3339353029,0,0,0
OT01V116991794,1776274547646.452,outbound-rtp,COT01_45_level-idx=5;profile=0;tier=0,video,video,116991794,T01,0,0,true,1,0,0,0,0,0,0,SV194,0,0,0,0,[object Object],bandwidth,0,0,0,r1,3376560845,0,0,0
OT01V2044194314,1776274547646.452,outbound-rtp,COT01_45_level-idx=5;profile=0;tier=0,video,video,2044194314,T01,287042,1012,true,0,0,254,254,185415,2,3,SV194,0,0,0,2,[object Object],bandwidth,0,0,0,r0,4169616129,4.354,0,4.1028649999999995
OT01V2953312151,1776274547646.452,outbound-rtp,COT01_45_level-idx=5;profile=0;tier=0,video,video,2953312151,T01,0,1,true,2,0,0,0,283,0,0,SV194,0,0,0,0,[object Object],bandwidth,0,0,0,r2,3339353029,0,0,0
OT01V116991794,1776274547846.474,outbound-rtp,COT01_45_level-idx=5;profile=0;tier=0,video,video,116991794,T01,0,0,true,1,0,0,0,0,0,0,SV194,0,0,0,0,[object Object],bandwidth,0,0,0,r1,3376560845,0,0,0
OT01V2044194314,1776274547846.474,outbound-rtp,COT01_45_level-idx=5;profile=0;tier=0,video,video,2044194314,T01,300148,1027,true,0,0,260,260,185835,2,3,SV194,0,0,0,2,[object Object],bandwidth,0,0,0,r0,4169616129,4.45,0,4.10287
OT01V2953312151,1776274547846.474,outbound-rtp,COT01_45_level-idx=5;profile=0;tier=0,video,video,2953312151,T01,0,1,true,2,0,0,0,283,0,0,SV194,0,0,0,0,[object Object],bandwidth,0,0,0,r2,3339353029,0,0,0
OT01V116991794,1776274547846.474,outbound-rtp,COT01_45_level-idx=5;profile=0;tier=0,video,video,116991794,T01,0,0,true,1,0,0,0,0,0,0,SV194,0,0,0,0,[object Object],bandwidth,0,0,0,r1,3376560845,0,0,0
OT01V2044194314,1776274547846.474,outbound-rtp,COT01_45_level-idx=5;profile=0;tier=0,video,video,2044194314,T01,300148,1027,true,0,0,260,260,185835,2,3,SV194,0,0,0,2,[object Object],bandwidth,0,0,0,r0,4169616129,4.45,0,4.10287
OT01V2953312151,1776274547846.474,outbound-rtp,COT01_45_level-idx=5;profile=0;tier=0,video,video,2953312151,T01,0,1,true,2,0,0,0,283,0,0,SV194,0,0,0,0,[object Object],bandwidth,0,0,0,r2,3339353029,0,0,0
OT01V116991794,1776274548046.531,outbound-rtp,COT01_45_level-idx=5;profile=0;tier=0,video,video,116991794,T01,0,0,true,1,0,0,0,0,0,0,SV194,0,0,0,0,[object Object],bandwidth,0,0,0,r1,3376560845,0,0,0
OT01V2044194314,1776274548046.531,outbound-rtp,COT01_45_level-idx=5;profile=0;tier=0,video,video,2044194314,T01,314039,1044,true,0,0,265,265,186311,2,3,SV194,0,0,0,2,[object Object],bandwidth,0,0,0,r0,4169616129,4.529,0,4.102876999999999
OT01V2953312151,1776274548046.531,outbound-rtp,COT01_45_level-idx=5;profile=0;tier=0,video,video,2953312151,T01,0,1,true,2,0,0,0,283,0,0,SV194,0,0,0,0,[object Object],bandwidth,0,0,0,r2,3339353029,0,0,0
OT01V116991794,1776274548046.531,outbound-rtp,COT01_45_level-idx=5;profile=0;tier=0,video,video,116991794,T01,0,0,true,1,0,0,0,0,0,0,SV194,0,0,0,0,[object Object],bandwidth,0,0,0,r1,3376560845,0,0,0
OT01V2044194314,1776274548046.531,outbound-rtp,COT01_45_level-idx=5;profile=0;tier=0,video,video,2044194314,T01,314039,1044,true,0,0,265,265,186311,2,3,SV194,0,0,0,2,[object Object],bandwidth,0,0,0,r0,4169616129,4.529,0,4.102876999999999
OT01V2953312151,1776274548046.531,outbound-rtp,COT01_45_level-idx=5;profile=0;tier=0,video,video,2953312151,T01,0,1,true,2,0,0,0,283,0,0,SV194,0,0,0,0,[object Object],bandwidth,0,0,0,r2,3339353029,0,0,0
OT01V116991794,1776274548246.425,outbound-rtp,COT01_45_level-idx=5;profile=0;tier=0,video,video,116991794,T01,0,0,true,1,0,0,0,0,0,0,SV194,0,0,0,0,[object Object],bandwidth,0,0,0,r1,3376560845,0,0,0
OT01V2044194314,1776274548246.425,outbound-rtp,COT01_45_level-idx=5;profile=0;tier=0,video,video,2044194314,T01,329208,1060,true,0,0,270,270,186759,2,3,SV194,0,0,0,2,[object Object],bandwidth,0,0,0,r0,4169616129,4.617,0,4.102881
OT01V2953312151,1776274548246.425,outbound-rtp,COT01_45_level-idx=5;profile=0;tier=0,video,video,2953312151,T01,0,1,true,2,0,0,0,283,0,0,SV194,0,0,0,0,[object Object],bandwidth,0,0,0,r2,3339353029,0,0,0
OT01V116991794,1776274548246.425,outbound-rtp,COT01_45_level-idx=5;profile=0;tier=0,video,video,116991794,T01,0,0,true,1,0,0,0,0,0,0,SV194,0,0,0,0,[object Object],bandwidth,0,0,0,r1,3376560845,0,0,0
OT01V2044194314,1776274548246.425,outbound-rtp,COT01_45_level-idx=5;profile=0;tier=0,video,video,2044194314,T01,329208,1060,true,0,0,270,270,186759,2,3,SV194,0,0,0,2,[object Object],bandwidth,0,0,0,r0,4169616129,4.617,0,4.102881
OT01V2953312151,1776274548246.425,outbound-rtp,COT01_45_level-idx=5;profile=0;tier=0,video,video,2953312151,T01,0,1,true,2,0,0,0,283,0,0,SV194,0,0,0,0,[object Object],bandwidth,0,0,0,r2,3339353029,0,0,0
OT01V116991794,1776274548446.438,outbound-rtp,COT01_45_level-idx=5;profile=0;tier=0,video,video,116991794,T01,0,0,true,1,0,0,0,0,0,0,SV194,0,0,0,0,[object Object],bandwidth,0,0,0,r1,3376560845,0,0,0
OT01V2044194314,1776274548446.438,outbound-rtp,COT01_45_level-idx=5;profile=0;tier=0,video,video,2044194314,T01,343715,1076,true,0,0,276,276,187207,2,3,SV194,0,0,0,2,[object Object],bandwidth,0,0,0,r0,4169616129,4.713,0,4.102885
OT01V2953312151,1776274548446.438,outbound-rtp,COT01_45_level-idx=5;profile=0;tier=0,video,video,2953312151,T01,0,1,true,2,0,0,0,283,0,0,SV194,0,0,0,0,[object Object],bandwidth,0,0,0,r2,3339353029,0,0,0
OT01V116991794,1776274548446.438,outbound-rtp,COT01_45_level-idx=5;profile=0;tier=0,video,video,116991794,T01,0,0,true,1,0,0,0,0,0,0,SV194,0,0,0,0,[object Object],bandwidth,0,0,0,r1,3376560845,0,0,0
OT01V2044194314,1776274548446.438,outbound-rtp,COT01_45_level-idx=5;profile=0;tier=0,video,video,2044194314,T01,343715,1076,true,0,0,276,276,187207,2,3,SV194,0,0,0,2,[object Object],bandwidth,0,0,0,r0,4169616129,4.713,0,4.102885
OT01V2953312151,1776274548446.438,outbound-rtp,COT01_45_level-idx=5;profile=0;tier=0,video,video,2953312151,T01,0,1,true,2,0,0,0,283,0,0,SV194,0,0,0,0,[object Object],bandwidth,0,0,0,r2,3339353029,0,0,0
OT01V116991794,1776274548646.594,outbound-rtp,COT01_45_level-idx=5;profile=0;tier=0,video,video,116991794,T01,0,0,true,1,0,0,0,0,0,0,SV194,0,0,0,0,[object Object],bandwidth,0,0,0,r1,3376560845,0,0,0
OT01V2044194314,1776274548646.594,outbound-rtp,COT01_45_level-idx=5;profile=0;tier=0,video,video,2044194314,T01,359506,1095,true,0,0,283,283,187739,2,3,SV194,0,0,0,2,[object Object],bandwidth,0,0,0,r0,4169616129,4.81,0,4.102897
OT01V2953312151,1776274548646.594,outbound-rtp,COT01_45_level-idx=5;profile=0;tier=0,video,video,2953312151,T01,0,1,true,2,0,0,0,283,0,0,SV194,0,0,0,0,[object Object],bandwidth,0,0,0,r2,3339353029,0,0,0
OT01V116991794,1776274548646.594,outbound-rtp,COT01_45_level-idx=5;profile=0;tier=0,video,video,116991794,T01,0,0,true,1,0,0,0,0,0,0,SV194,0,0,0,0,[object Object],bandwidth,0,0,0,r1,3376560845,0,0,0
OT01V2044194314,1776274548646.594,outbound-rtp,COT01_45_level-idx=5;profile=0;tier=0,video,video,2044194314,T01,359506,1095,true,0,0,283,283,187739,2,3,SV194,0,0,0,2,[object Object],bandwidth,0,0,0,r0,4169616129,4.81,0,4.102897
OT01V2953312151,1776274548646.594,outbound-rtp,COT01_45_level-idx=5;profile=0;tier=0,video,video,2953312151,T01,0,1,true,2,0,0,0,283,0,0,SV194,0,0,0,0,[object Object],bandwidth,0,0,0,r2,3339353029,0,0,0
OT01V116991794,1776274548846.552,outbound-rtp,COT01_45_level-idx=5;profile=0;tier=0,video,video,116991794,T01,0,0,true,1,0,0,0,0,0,0,SV194,0,0,0,0,[object Object],bandwidth,0,0,0,r1,3376560845,0,0,0
OT01V2044194314,1776274548846.552,outbound-rtp,COT01_45_level-idx=5;profile=0;tier=0,video,video,2044194314,T01,375242,1112,true,0,0,289,289,188215,2,3,SV194,0,0,0,2,[object Object],bandwidth,0,0,0,r0,4169616129,4.915,0,4.102897
OT01V2953312151,1776274548846.552,outbound-rtp,COT01_45_level-idx=5;profile=0;tier=0,video,video,2953312151,T01,0,1,true,2,0,0,0,283,0,0,SV194,0,0,0,0,[object Object],bandwidth,0,0,0,r2,3339353029,0,0,0
OT01V116991794,1776274548846.552,outbound-rtp,COT01_45_level-idx=5;profile=0;tier=0,video,video,116991794,T01,0,0,true,1,0,0,0,0,0,0,SV194,0,0,0,0,[object Object],bandwidth,0,0,0,r1,3376560845,0,0,0
OT01V2044194314,1776274548846.552,outbound-rtp,COT01_45_level-idx=5;profile=0;tier=0,video,video,2044194314,T01,375242,1112,true,0,0,289,289,188215,2,3,SV194,0,0,0,2,[object Object],bandwidth,0,0,0,r0,4169616129,4.915,0,4.102897
OT01V2953312151,1776274548846.552,outbound-rtp,COT01_45_level-idx=5;profile=0;tier=0,video,video,2953312151,T01,0,1,true,2,0,0,0,283,0,0,SV194,0,0,0,0,[object Object],bandwidth,0,0,0,r2,3339353029,0,0,0
OT01V116991794,1776274549046.613,outbound-rtp,COT01_45_level-idx=5;profile=0;tier=0,video,video,116991794,T01,0,0,true,1,0,0,0,0,0,0,SV194,0,0,0,0,[object Object],bandwidth,0,0,0,r1,3376560845,0,0,0
OT01V2044194314,1776274549046.613,outbound-rtp,COT01_45_level-idx=5;profile=0;tier=0,video,video,2044194314,T01,390126,1128,true,0,0,294,294,188663,2,3,SV194,0,0,0,2,[object Object],bandwidth,0,0,0,r0,4169616129,5.008,0,4.1029029999999995
OT01V2953312151,1776274549046.613,outbound-rtp,COT01_45_level-idx=5;profile=0;tier=0,video,video,2953312151,T01,0,1,true,2,0,0,0,283,0,0,SV194,0,0,0,0,[object Object],bandwidth,0,0,0,r2,3339353029,0,0,0
OT01V116991794,1776274549046.613,outbound-rtp,COT01_45_level-idx=5;profile=0;tier=0,video,video,116991794,T01,0,0,true,1,0,0,0,0,0,0,SV194,0,0,0,0,[object Object],bandwidth,0,0,0,r1,3376560845,0,0,0
OT01V2044194314,1776274549046.613,outbound-rtp,COT01_45_level-idx=5;profile=0;tier=0,video,video,2044194314,T01,390126,1128,true,0,0,294,294,188663,2,3,SV194,0,0,0,2,[object Object],bandwidth,0,0,0,r0,4169616129,5.008,0,4.1029029999999995
OT01V2953312151,1776274549046.613,outbound-rtp,COT01_45_level-idx=5;profile=0;tier=0,video,video,2953312151,T01,0,1,true,2,0,0,0,283,0,0,SV194,0,0,0,0,[object Object],bandwidth,0,0,0,r2,3339353029,0,0,0
OT01V116991794,1776274549246.426,outbound-rtp,COT01_45_level-idx=5;profile=0;tier=0,video,video,116991794,T01,0,0,true,1,0,0,0,0,0,0,SV194,0,0,0,0,[object Object],bandwidth,0,0,0,r1,3376560845,0,0,0
OT01V2044194314,1776274549246.426,outbound-rtp,COT01_45_level-idx=5;profile=0;tier=0,video,video,2044194314,T01,405659,1145,true,0,0,300,300,189139,2,3,SV194,0,0,0,2,[object Object],bandwidth,0,0,0,r0,4169616129,5.122,0,4.102905
OT01V2953312151,1776274549246.426,outbound-rtp,COT01_45_level-idx=5;profile=0;tier=0,video,video,2953312151,T01,0,1,true,2,0,0,0,283,0,0,SV194,0,0,0,0,[object Object],bandwidth,0,0,0,r2,3339353029,0,0,0
OT01V116991794,1776274549246.426,outbound-rtp,COT01_45_level-idx=5;profile=0;tier=0,video,video,116991794,T01,0,0,true,1,0,0,0,0,0,0,SV194,0,0,0,0,[object Object],bandwidth,0,0,0,r1,3376560845,0,0,0
OT01V2044194314,1776274549246.426,outbound-rtp,COT01_45_level-idx=5;profile=0;tier=0,video,video,2044194314,T01,405659,1145,true,0,0,300,300,189139,2,3,SV194,0,0,0,2,[object Object],bandwidth,0,0,0,r0,4169616129,5.122,0,4.102905
OT01V2953312151,1776274549246.426,outbound-rtp,COT01_45_level-idx=5;profile=0;tier=0,video,video,2953312151,T01,0,1,true,2,0,0,0,283,0,0,SV194,0,0,0,0,[object Object],bandwidth,0,0,0,r2,3339353029,0,0,0
OT01V116991794,1776274549446.426,outbound-rtp,COT01_45_level-idx=5;profile=0;tier=0,video,video,116991794,T01,0,0,true,1,0,0,0,0,0,0,SV194,0,0,0,0,[object Object],bandwidth,0,0,0,r1,3376560845,0,0,0
OT01V2044194314,1776274549446.426,outbound-rtp,COT01_45_level-idx=5;profile=0;tier=0,video,video,2044194314,T01,421676,1162,true,0,0,305,305,189615,2,3,SV194,0,0,0,2,[object Object],bandwidth,0,0,0,r0,4169616129,5.196,0,4.102913
OT01V2953312151,1776274549446.426,outbound-rtp,COT01_45_level-idx=5;profile=0;tier=0,video,video,2953312151,T01,0,1,true,2,0,0,0,283,0,0,SV194,0,0,0,0,[object Object],bandwidth,0,0,0,r2,3339353029,0,0,0
OT01V116991794,1776274549446.426,outbound-rtp,COT01_45_level-idx=5;profile=0;tier=0,video,video,116991794,T01,0,0,true,1,0,0,0,0,0,0,SV194,0,0,0,0,[object Object],bandwidth,0,0,0,r1,3376560845,0,0,0
OT01V2044194314,1776274549446.426,outbound-rtp,COT01_45_level-idx=5;profile=0;tier=0,video,video,2044194314,T01,421676,1162,true,0,0,305,305,189615,2,3,SV194,0,0,0,2,[object Object],bandwidth,0,0,0,r0,4169616129,5.196,0,4.102913
OT01V2953312151,1776274549446.426,outbound-rtp,COT01_45_level-idx=5;profile=0;tier=0,video,video,2953312151,T01,0,1,true,2,0,0,0,283,0,0,SV194,0,0,0,0,[object Object],bandwidth,0,0,0,r2,3339353029,0,0,0
OT01V116991794,1776274549646.492,outbound-rtp,COT01_45_level-idx=5;profile=0;tier=0,video,video,116991794,T01,0,0,true,1,0,0,0,0,0,0,SV194,0,0,0,0,[object Object],bandwidth,0,0,0,r1,3376560845,0,0,0
OT01V2044194314,1776274549646.492,outbound-rtp,COT01_45_level-idx=5;profile=0;tier=0,video,video,2044194314,T01,437971,1181,true,0,0,312,312,190147,2,3,SV194,0,0,0,2,[object Object],bandwidth,0,0,0,r0,4169616129,5.293,0,4.10292
OT01V2953312151,1776274549646.492,outbound-rtp,COT01_45_level-idx=5;profile=0;tier=0,video,video,2953312151,T01,0,1,true,2,0,0,0,283,0,0,SV194,0,0,0,0,[object Object],bandwidth,0,0,0,r2,3339353029,0,0,0
OT01V116991794,1776274549646.492,outbound-rtp,COT01_45_level-idx=5;profile=0;tier=0,video,video,116991794,T01,0,0,true,1,0,0,0,0,0,0,SV194,0,0,0,0,[object Object],bandwidth,0,0,0,r1,3376560845,0,0,0
OT01V2044194314,1776274549646.492,outbound-rtp,COT01_45_level-idx=5;profile=0;tier=0,video,video,2044194314,T01,437971,1181,true,0,0,312,312,190147,2,3,SV194,0,0,0,2,[object Object],bandwidth,0,0,0,r0,4169616129,5.293,0,4.10292
OT01V2953312151,1776274549646.492,outbound-rtp,COT01_45_level-idx=5;profile=0;tier=0,video,video,2953312151,T01,0,1,true,2,0,0,0,283,0,0,SV194,0,0,0,0,[object Object],bandwidth,0,0,0,r2,3339353029,0,0,0
OT01V116991794,1776274549846.44,outbound-rtp,COT01_45_level-idx=5;profile=0;tier=0,video,video,116991794,T01,4524,4,true,1,0,4,4,152,4,1,SV194,0,0,0,0,[object Object],bandwidth,1,0,0,r1,3376560845,0,0,0.10404
OT01V2044194314,1776274549846.44,outbound-rtp,COT01_45_level-idx=5;profile=0;tier=0,video,video,2044194314,T01,451991,1196,true,0,0,318,318,190599,3,4,SV194,0,0,0,2,[object Object],bandwidth,1,0,0,r0,4169616129,5.384,0,4.126771
OT01V2953312151,1776274549846.44,outbound-rtp,COT01_45_level-idx=5;profile=0;tier=0,video,video,2953312151,T01,0,1,true,2,0,0,0,283,0,0,SV194,0,0,0,0,[object Object],bandwidth,1,0,0,r2,3339353029,0,0,0
OT01V116991794,1776274549846.44,outbound-rtp,COT01_45_level-idx=5;profile=0;tier=0,video,video,116991794,T01,4524,4,true,1,0,4,4,152,4,1,SV194,0,0,0,0,[object Object],bandwidth,1,0,0,r1,3376560845,0,0,0.10404
OT01V2044194314,1776274549846.44,outbound-rtp,COT01_45_level-idx=5;profile=0;tier=0,video,video,2044194314,T01,451991,1196,true,0,0,318,318,190599,3,4,SV194,0,0,0,2,[object Object],bandwidth,1,0,0,r0,4169616129,5.384,0,4.126771
OT01V2953312151,1776274549846.44,outbound-rtp,COT01_45_level-idx=5;profile=0;tier=0,video,video,2953312151,T01,0,1,true,2,0,0,0,283,0,0,SV194,0,0,0,0,[object Object],bandwidth,1,0,0,r2,3339353029,0,0,0
OT01V116991794,1776274550046.426,outbound-rtp,COT01_45_level-idx=5;profile=0;tier=0,video,video,116991794,T01,16547,16,true,1,0,8,8,556,7,1,SV194,0,0,0,0,[object Object],bandwidth,1,0,0,r1,3376560845,0.052,0,1.678014
OT01V2044194314,1776274550046.426,outbound-rtp,COT01_45_level-idx=5;profile=0;tier=0,video,video,2044194314,T01,457369,1202,true,0,0,321,321,190791,3,4,SV194,0,0,0,2,[object Object],bandwidth,1,0,0,r0,4169616129,5.407,0,4.365937
OT01V2953312151,1776274550046.426,outbound-rtp,COT01_45_level-idx=5;profile=0;tier=0,video,video,2953312151,T01,0,1,true,2,0,0,0,283,0,0,SV194,0,0,0,0,[object Object],bandwidth,1,0,0,r2,3339353029,0,0,0
OT01V116991794,1776274550046.426,outbound-rtp,COT01_45_level-idx=5;profile=0;tier=0,video,video,116991794,T01,16547,16,true,1,0,8,8,556,7,1,SV194,0,0,0,0,[object Object],bandwidth,1,0,0,r1,3376560845,0.052,0,1.678014
OT01V2044194314,1776274550046.426,outbound-rtp,COT01_45_level-idx=5;profile=0;tier=0,video,video,2044194314,T01,457369,1202,true,0,0,321,321,190791,3,4,SV194,0,0,0,2,[object Object],bandwidth,1,0,0,r0,4169616129,5.407,0,4.365937
OT01V2953312151,1776274550046.426,outbound-rtp,COT01_45_level-idx=5;profile=0;tier=0,video,video,2953312151,T01,0,1,true,2,0,0,0,283,0,0,SV194,0,0,0,0,[object Object],bandwidth,1,0,0,r2,3339353029,0,0,0
OT01V116991794,1776274550246.432,outbound-rtp,COT01_45_level-idx=5;profile=0;tier=0,video,video,116991794,T01,28636,28,true,1,0,10,10,984,9,1,SV194,0,0,0,0,[object Object],bandwidth,1,0,0,r1,3376560845,0.052,0,2.885842
OT01V2044194314,1776274550246.432,outbound-rtp,COT01_45_level-idx=5;profile=0;tier=0,video,video,2044194314,T01,463585,1211,true,0,0,326,326,191063,3,4,SV194,0,0,0,2,[object Object],bandwidth,1,0,0,r0,4169616129,5.494,0,4.567468
OT01V2953312151,1776274550246.432,outbound-rtp,COT01_45_level-idx=5;profile=0;tier=0,video,video,2953312151,T01,0,1,true,2,0,0,0,283,0,0,SV194,0,0,0,0,[object Object],bandwidth,1,0,0,r2,3339353029,0,0,0
OT01V116991794,1776274550246.432,outbound-rtp,COT01_45_level-idx=5;profile=0;tier=0,video,video,116991794,T01,28636,28,true,1,0,10,10,984,9,1,SV194,0,0,0,0,[object Object],bandwidth,1,0,0,r1,3376560845,0.052,0,2.885842
OT01V2044194314,1776274550246.432,outbound-rtp,COT01_45_level-idx=5;profile=0;tier=0,video,video,2044194314,T01,463585,1211,true,0,0,326,326,191063,3,4,SV194,0,0,0,2,[object Object],bandwidth,1,0,0,r0,4169616129,5.494,0,4.567468
OT01V2953312151,1776274550246.432,outbound-rtp,COT01_45_level-idx=5;profile=0;tier=0,video,video,2953312151,T01,0,1,true,2,0,0,0,283,0,0,SV194,0,0,0,0,[object Object],bandwidth,1,0,0,r2,3339353029,0,0,0
OT01V116991794,1776274550446.396,outbound-rtp,COT01_45_level-idx=5;profile=0;tier=0,video,video,116991794,T01,41683,41,true,1,0,12,12,1452,11,1,SV194,0,0,0,0,[object Object],bandwidth,1,0,0,r1,3376560845,0.052,0,3.583512
OT01V2044194314,1776274550446.396,outbound-rtp,COT01_45_level-idx=5;profile=0;tier=0,video,video,2044194314,T01,467904,1218,true,0,0,330,330,191279,3,4,SV194,0,0,0,2,[object Object],bandwidth,1,0,0,r0,4169616129,5.534,0,4.720243
OT01V2953312151,1776274550446.396,outbound-rtp,COT01_45_level-idx=5;profile=0;tier=0,video,video,2953312151,T01,0,1,true,2,0,0,0,283,0,0,SV194,0,0,0,0,[object Object],bandwidth,1,0,0,r2,3339353029,0,0,0
OT01V116991794,1776274550446.396,outbound-rtp,COT01_45_level-idx=5;profile=0;tier=0,video,video,116991794,T01,41683,41,true,1,0,12,12,1452,11,1,SV194,0,0,0,0,[object Object],bandwidth,1,0,0,r1,3376560845,0.052,0,3.583512
OT01V2044194314,1776274550446.396,outbound-rtp,COT01_45_level-idx=5;profile=0;tier=0,video,video,2044194314,T01,467904,1218,true,0,0,330,330,191279,3,4,SV194,0,0,0,2,[object Object],bandwidth,1,0,0,r0,4169616129,5.534,0,4.720243
OT01V2953312151,1776274550446.396,outbound-rtp,COT01_45_level-idx=5;profile=0;tier=0,video,video,2953312151,T01,0,1,true,2,0,0,0,283,0,0,SV194,0,0,0,0,[object Object],bandwidth,1,0,0,r2,3339353029,0,0,0
OT01V116991794,1776274550646.43,outbound-rtp,COT01_45_level-idx=5;profile=0;tier=0,video,video,116991794,T01,49191,49,true,1,0,16,16,1708,15,1,SV194,0,0,0,0,[object Object],bandwidth,1,0,0,r1,3376560845,0.077,0,3.650677
OT01V2044194314,1776274550646.43,outbound-rtp,COT01_45_level-idx=5;profile=0;tier=0,video,video,2044194314,T01,478491,1229,true,0,0,336,336,191623,5,4,SV194,0,0,0,2,[object Object],bandwidth,1,0,0,r0,4169616129,5.602,0,4.908899
OT01V2953312151,1776274550646.43,outbound-rtp,COT01_45_level-idx=5;profile=0;tier=0,video,video,2953312151,T01,0,1,true,2,0,0,0,283,0,0,SV194,0,0,0,0,[object Object],bandwidth,1,0,0,r2,3339353029,0,0,0
OT01V116991794,1776274550646.43,outbound-rtp,COT01_45_level-idx=5;profile=0;tier=0,video,video,116991794,T01,49191,49,true,1,0,16,16,1708,15,1,SV194,0,0,0,0,[object Object],bandwidth,1,0,0,r1,3376560845,0.077,0,3.650677
OT01V2044194314,1776274550646.43,outbound-rtp,COT01_45_level-idx=5;profile=0;tier=0,video,video,2044194314,T01,478491,1229,true,0,0,336,336,191623,5,4,SV194,0,0,0,2,[object Object],bandwidth,1,0,0,r0,4169616129,5.602,0,4.908899
OT01V2953312151,1776274550646.43,outbound-rtp,COT01_45_level-idx=5;profile=0;tier=0,video,video,2953312151,T01,0,1,true,2,0,0,0,283,0,0,SV194,0,0,0,0,[object Object],bandwidth,1,0,0,r2,3339353029,0,0,0
OT01V116991794,1776274550846.424,outbound-rtp,COT01_45_level-idx=5;profile=0;tier=0,video,video,116991794,T01,60170,60,true,1,0,20,20,2056,18,1,SV194,0,0,0,0,[object Object],bandwidth,1,0,0,r1,3376560845,0.103,0,4.190342
OT01V2044194314,1776274550846.424,outbound-rtp,COT01_45_level-idx=5;profile=0;tier=0,video,video,2044194314,T01,485964,1238,true,0,0,341,341,191911,5,4,SV194,0,0,0,2,[object Object],bandwidth,1,0,0,r0,4169616129,5.673,0,5.2992919999999994
OT01V2953312151,1776274550846.424,outbound-rtp,COT01_45_level-idx=5;profile=0;tier=0,video,video,2953312151,T01,0,1,true,2,0,0,0,283,0,0,SV194,0,0,0,0,[object Object],bandwidth,1,0,0,r2,3339353029,0,0,0
OT01V116991794,1776274550846.424,outbound-rtp,COT01_45_level-idx=5;profile=0;tier=0,video,video,116991794,T01,60170,60,true,1,0,20,20,2056,18,1,SV194,0,0,0,0,[object Object],bandwidth,1,0,0,r1,3376560845,0.103,0,4.190342
OT01V2044194314,1776274550846.424,outbound-rtp,COT01_45_level-idx=5;profile=0;tier=0,video,video,2044194314,T01,485964,1238,true,0,0,341,341,191911,5,4,SV194,0,0,0,2,[object Object],bandwidth,1,0,0,r0,4169616129,5.673,0,5.2992919999999994
OT01V2953312151,1776274550846.424,outbound-rtp,COT01_45_level-idx=5;profile=0;tier=0,video,video,2953312151,T01,0,1,true,2,0,0,0,283,0,0,SV194,0,0,0,0,[object Object],bandwidth,1,0,0,r2,3339353029,0,0,0
OT01V116991794,1776274551046.409,outbound-rtp,COT01_45_level-idx=5;profile=0;tier=0,video,video,116991794,T01,72051,73,true,1,0,24,24,2464,21,1,SV194,0,0,0,0,[object Object],bandwidth,1,0,0,r1,3376560845,0.128,0,4.28653
OT01V2044194314,1776274551046.409,outbound-rtp,COT01_45_level-idx=5;profile=0;tier=0,video,video,2044194314,T01,492392,1246,true,0,0,345,345,192167,6,4,SV194,0,0,0,2,[object Object],bandwidth,1,0,0,r0,4169616129,5.704,0,5.332579
OT01V2953312151,1776274551046.409,outbound-rtp,COT01_45_level-idx=5;profile=0;tier=0,video,video,2953312151,T01,0,1,true,2,0,0,0,283,0,0,SV194,0,0,0,0,[object Object],bandwidth,1,0,0,r2,3339353029,0,0,0
OT01V116991794,1776274551046.409,outbound-rtp,COT01_45_level-idx=5;profile=0;tier=0,video,video,116991794,T01,72051,73,true,1,0,24,24,2464,21,1,SV194,0,0,0,0,[object Object],bandwidth,1,0,0,r1,3376560845,0.128,0,4.28653
OT01V2044194314,1776274551046.409,outbound-rtp,COT01_45_level-idx=5;profile=0;tier=0,video,video,2044194314,T01,492392,1246,true,0,0,345,345,192167,6,4,SV194,0,0,0,2,[object Object],bandwidth,1,0,0,r0,4169616129,5.704,0,5.332579
OT01V2953312151,1776274551046.409,outbound-rtp,COT01_45_level-idx=5;profile=0;tier=0,video,video,2953312151,T01,0,1,true,2,0,0,0,283,0,0,SV194,0,0,0,0,[object Object],bandwidth,1,0,0,r2,3339353029,0,0,0
OT01V116991794,1776274551246.416,outbound-rtp,COT01_45_level-idx=5;profile=0;tier=0,video,video,116991794,T01,82747,84,true,1,0,27,27,2820,23,1,SV194,0,0,0,0,[object Object],bandwidth,1,0,0,r1,3376560845,0.168,0,4.351353
OT01V2044194314,1776274551246.416,outbound-rtp,COT01_45_level-idx=5;profile=0;tier=0,video,video,2044194314,T01,495694,1251,true,0,0,348,348,192323,6,4,SV194,0,0,0,2,[object Object],bandwidth,1,0,0,r0,4169616129,5.762,0,5.33258
OT01V2953312151,1776274551246.416,outbound-rtp,COT01_45_level-idx=5;profile=0;tier=0,video,video,2953312151,T01,0,1,true,2,0,0,0,283,0,0,SV194,0,0,0,0,[object Object],bandwidth,1,0,0,r2,3339353029,0,0,0
OT01V116991794,1776274551246.416,outbound-rtp,COT01_45_level-idx=5;profile=0;tier=0,video,video,116991794,T01,82747,84,true,1,0,27,27,2820,23,1,SV194,0,0,0,0,[object Object],bandwidth,1,0,0,r1,3376560845,0.168,0,4.351353
OT01V2044194314,1776274551246.416,outbound-rtp,COT01_45_level-idx=5;profile=0;tier=0,video,video,2044194314,T01,495694,1251,true,0,0,348,348,192323,6,4,SV194,0,0,0,2,[object Object],bandwidth,1,0,0,r0,4169616129,5.762,0,5.33258
OT01V2953312151,1776274551246.416,outbound-rtp,COT01_45_level-idx=5;profile=0;tier=0,video,video,2953312151,T01,0,1,true,2,0,0,0,283,0,0,SV194,0,0,0,0,[object Object],bandwidth,1,0,0,r2,3339353029,0,0,0
OT01V116991794,1776274551446.495,outbound-rtp,COT01_45_level-idx=5;profile=0;tier=0,video,video,116991794,T01,96445,98,true,1,0,32,32,3272,25,1,SV194,0,0,0,0,[object Object],bandwidth,1,0,0,r1,3376560845,0.23,0,4.351362
OT01V2044194314,1776274551446.495,outbound-rtp,COT01_45_level-idx=5;profile=0;tier=0,video,video,2044194314,T01,502049,1258,true,0,0,351,351,192547,7,4,SV194,0,0,0,2,[object Object],bandwidth,1,0,0,r0,4169616129,5.821,0,5.332580999999999
OT01V2953312151,1776274551446.495,outbound-rtp,COT01_45_level-idx=5;profile=0;tier=0,video,video,2953312151,T01,0,1,true,2,0,0,0,283,0,0,SV194,0,0,0,0,[object Object],bandwidth,1,0,0,r2,3339353029,0,0,0
OT01V116991794,1776274551446.495,outbound-rtp,COT01_45_level-idx=5;profile=0;tier=0,video,video,116991794,T01,96445,98,true,1,0,32,32,3272,25,1,SV194,0,0,0,0,[object Object],bandwidth,1,0,0,r1,3376560845,0.23,0,4.351362
OT01V2044194314,1776274551446.495,outbound-rtp,COT01_45_level-idx=5;profile=0;tier=0,video,video,2044194314,T01,502049,1258,true,0,0,351,351,192547,7,4,SV194,0,0,0,2,[object Object],bandwidth,1,0,0,r0,4169616129,5.821,0,5.332580999999999
OT01V2953312151,1776274551446.495,outbound-rtp,COT01_45_level-idx=5;profile=0;tier=0,video,video,2953312151,T01,0,1,true,2,0,0,0,283,0,0,SV194,0,0,0,0,[object Object],bandwidth,1,0,0,r2,3339353029,0,0,0
OT01V116991794,1776274551646.485,outbound-rtp,COT01_45_level-idx=5;profile=0;tier=0,video,video,116991794,T01,111038,113,true,1,0,36,36,3752,28,1,SV194,0,0,0,0,[object Object],bandwidth,1,0,0,r1,3376560845,0.241,0,4.539504
OT01V2044194314,1776274551646.485,outbound-rtp,COT01_45_level-idx=5;profile=0;tier=0,video,video,2044194314,T01,504820,1264,true,0,0,356,356,192739,7,4,SV194,0,0,0,2,[object Object],bandwidth,1,0,0,r0,4169616129,5.882,0,5.332580999999999
OT01V2953312151,1776274551646.485,outbound-rtp,COT01_45_level-idx=5;profile=0;tier=0,video,video,2953312151,T01,0,1,true,2,0,0,0,283,0,0,SV194,0,0,0,0,[object Object],bandwidth,1,0,0,r2,3339353029,0,0,0
OT01V116991794,1776274551646.485,outbound-rtp,COT01_45_level-idx=5;profile=0;tier=0,video,video,116991794,T01,111038,113,true,1,0,36,36,3752,28,1,SV194,0,0,0,0,[object Object],bandwidth,1,0,0,r1,3376560845,0.241,0,4.539504
OT01V2044194314,1776274551646.485,outbound-rtp,COT01_45_level-idx=5;profile=0;tier=0,video,video,2044194314,T01,504820,1264,true,0,0,356,356,192739,7,4,SV194,0,0,0,2,[object Object],bandwidth,1,0,0,r0,4169616129,5.882,0,5.332580999999999
OT01V2953312151,1776274551646.485,outbound-rtp,COT01_45_level-idx=5;profile=0;tier=0,video,video,2953312151,T01,0,1,true,2,0,0,0,283,0,0,SV194,0,0,0,0,[object Object],bandwidth,1,0,0,r2,3339353029,0,0,0
OT01V116991794,1776274551846.552,outbound-rtp,COT01_45_level-idx=5;profile=0;tier=0,video,video,116991794,T01,120170,123,true,1,0,39,39,4072,30,1,SV194,0,0,0,0,[object Object],bandwidth,1,0,0,r1,3376560845,0.267,0,4.539509
OT01V2044194314,1776274551846.552,outbound-rtp,COT01_45_level-idx=5;profile=0;tier=0,video,video,2044194314,T01,515698,1277,true,0,0,361,361,193151,7,4,SV194,0,0,0,2,[object Object],bandwidth,1,0,0,r0,4169616129,5.966,0,5.332583
OT01V2953312151,1776274551846.552,outbound-rtp,COT01_45_level-idx=5;profile=0;tier=0,video,video,2953312151,T01,0,1,true,2,0,0,0,283,0,0,SV194,0,0,0,0,[object Object],bandwidth,1,0,0,r2,3339353029,0,0,0
OT01V116991794,1776274551846.552,outbound-rtp,COT01_45_level-idx=5;profile=0;tier=0,video,video,116991794,T01,120170,123,true,1,0,39,39,4072,30,1,SV194,0,0,0,0,[object Object],bandwidth,1,0,0,r1,3376560845,0.267,0,4.539509
OT01V2044194314,1776274551846.552,outbound-rtp,COT01_45_level-idx=5;profile=0;tier=0,video,video,2044194314,T01,515698,1277,true,0,0,361,361,193151,7,4,SV194,0,0,0,2,[object Object],bandwidth,1,0,0,r0,4169616129,5.966,0,5.332583
OT01V2953312151,1776274551846.552,outbound-rtp,COT01_45_level-idx=5;profile=0;tier=0,video,video,2953312151,T01,0,1,true,2,0,0,0,283,0,0,SV194,0,0,0,0,[object Object],bandwidth,1,0,0,r2,3339353029,0,0,0
OT01V116991794,1776274552046.38,outbound-rtp,COT01_45_level-idx=5;profile=0;tier=0,video,video,116991794,T01,133896,137,true,1,0,44,44,4520,35,1,SV194,0,0,0,0,[object Object],bandwidth,1,0,0,r1,3376560845,0.267,0,4.5971589999999996
OT01V2044194314,1776274552046.38,outbound-rtp,COT01_45_level-idx=5;profile=0;tier=0,video,video,2044194314,T01,522079,1287,true,0,0,367,367,193471,7,4,SV194,0,0,0,2,[object Object],bandwidth,1,0,0,r0,4169616129,6.036,0,5.338093
OT01V2953312151,1776274552046.38,outbound-rtp,COT01_45_level-idx=5;profile=0;tier=0,video,video,2953312151,T01,0,1,true,2,0,0,0,283,0,0,SV194,0,0,0,0,[object Object],bandwidth,1,0,0,r2,3339353029,0,0,0
OT01V116991794,1776274552046.38,outbound-rtp,COT01_45_level-idx=5;profile=0;tier=0,video,video,116991794,T01,133896,137,true,1,0,44,44,4520,35,1,SV194,0,0,0,0,[object Object],bandwidth,1,0,0,r1,3376560845,0.267,0,4.5971589999999996
OT01V2044194314,1776274552046.38,outbound-rtp,COT01_45_level-idx=5;profile=0;tier=0,video,video,2044194314,T01,522079,1287,true,0,0,367,367,193471,7,4,SV194,0,0,0,2,[object Object],bandwidth,1,0,0,r0,4169616129,6.036,0,5.338093
OT01V2953312151,1776274552046.38,outbound-rtp,COT01_45_level-idx=5;profile=0;tier=0,video,video,2953312151,T01,0,1,true,2,0,0,0,283,0,0,SV194,0,0,0,0,[object Object],bandwidth,1,0,0,r2,3339353029,0,0,0
OT01V116991794,1776274552246.394,outbound-rtp,COT01_45_level-idx=5;profile=0;tier=0,video,video,116991794,T01,140072,144,true,1,0,46,46,4744,36,1,SV194,0,0,0,0,[object Object],bandwidth,1,0,0,r1,3376560845,0.308,0,4.597163
OT01V2044194314,1776274552246.394,outbound-rtp,COT01_45_level-idx=5;profile=0;tier=0,video,video,2044194314,T01,533696,1300,true,0,0,372,372,193887,7,4,SV194,0,0,0,2,[object Object],bandwidth,1,0,0,r0,4169616129,6.107,0,5.338098
OT01V2953312151,1776274552246.394,outbound-rtp,COT01_45_level-idx=5;profile=0;tier=0,video,video,2953312151,T01,0,1,true,2,0,0,0,283,0,0,SV194,0,0,0,0,[object Object],bandwidth,1,0,0,r2,3339353029,0,0,0
OT01V116991794,1776274552246.394,outbound-rtp,COT01_45_level-idx=5;profile=0;tier=0,video,video,116991794,T01,140072,144,true,1,0,46,46,4744,36,1,SV194,0,0,0,0,[object Object],bandwidth,1,0,0,r1,3376560845,0.308,0,4.597163
OT01V2044194314,1776274552246.394,outbound-rtp,COT01_45_level-idx=5;profile=0;tier=0,video,video,2044194314,T01,533696,1300,true,0,0,372,372,193887,7,4,SV194,0,0,0,2,[object Object],bandwidth,1,0,0,r0,4169616129,6.107,0,5.338098
OT01V2953312151,1776274552246.394,outbound-rtp,COT01_45_level-idx=5;profile=0;tier=0,video,video,2953312151,T01,0,1,true,2,0,0,0,283,0,0,SV194,0,0,0,0,[object Object],bandwidth,1,0,0,r2,3339353029,0,0,0
OT01V116991794,1776274552446.398,outbound-rtp,COT01_45_level-idx=5;profile=0;tier=0,video,video,116991794,T01,159759,163,true,1,0,50,50,5368,40,2,SV194,0,0,0,1,[object Object],bandwidth,1,0,0,r1,3376560845,0.308,0,4.720886
OT01V2044194314,1776274552446.398,outbound-rtp,COT01_45_level-idx=5;profile=0;tier=0,video,video,2044194314,T01,539650,1308,true,0,0,376,376,194147,8,5,SV194,0,0,0,2,[object Object],bandwidth,1,0,0,r0,4169616129,6.171,0,5.363649
OT01V2953312151,1776274552446.398,outbound-rtp,COT01_45_level-idx=5;profile=0;tier=0,video,video,2953312151,T01,0,1,true,2,0,0,0,283,0,0,SV194,0,0,0,0,[object Object],bandwidth,1,0,0,r2,3339353029,0,0,0
OT01V116991794,1776274552446.398,outbound-rtp,COT01_45_level-idx=5;profile=0;tier=0,video,video,116991794,T01,159759,163,true,1,0,50,50,5368,40,2,SV194,0,0,0,1,[object Object],bandwidth,1,0,0,r1,3376560845,0.308,0,4.720886
OT01V2044194314,1776274552446.398,outbound-rtp,COT01_45_level-idx=5;profile=0;tier=0,video,video,2044194314,T01,539650,1308,true,0,0,376,376,194147,8,5,SV194,0,0,0,2,[object Object],bandwidth,1,0,0,r0,4169616129,6.171,0,5.363649
OT01V2953312151,1776274552446.398,outbound-rtp,COT01_45_level-idx=5;profile=0;tier=0,video,video,2953312151,T01,0,1,true,2,0,0,0,283,0,0,SV194,0,0,0,0,[object Object],bandwidth,1,0,0,r2,3339353029,0,0,0
OT01V116991794,1776274552646.451,outbound-rtp,COT01_45_level-idx=5;profile=0;tier=0,video,video,116991794,T01,170125,172,true,1,0,50,50,5628,40,2,SV194,0,0,0,1,[object Object],bandwidth,1,0,0,r1,3376560845,0.308,0,5.3561939999999995
OT01V2044194314,1776274552646.451,outbound-rtp,COT01_45_level-idx=5;profile=0;tier=0,video,video,2044194314,T01,544392,1314,true,0,0,379,379,194339,8,5,SV194,0,0,0,2,[object Object],bandwidth,1,0,0,r0,4169616129,6.206,0,5.413658
OT01V2953312151,1776274552646.451,outbound-rtp,COT01_45_level-idx=5;profile=0;tier=0,video,video,2953312151,T01,0,1,true,2,0,0,0,283,0,0,SV194,0,0,0,0,[object Object],bandwidth,1,0,0,r2,3339353029,0,0,0
OT01V116991794,1776274552646.451,outbound-rtp,COT01_45_level-idx=5;profile=0;tier=0,video,video,116991794,T01,170125,172,true,1,0,50,50,5628,40,2,SV194,0,0,0,1,[object Object],bandwidth,1,0,0,r1,3376560845,0.308,0,5.3561939999999995
OT01V2044194314,1776274552646.451,outbound-rtp,COT01_45_level-idx=5;profile=0;tier=0,video,video,2044194314,T01,544392,1314,true,0,0,379,379,194339,8,5,SV194,0,0,0,2,[object Object],bandwidth,1,0,0,r0,4169616129,6.206,0,5.413658
OT01V2953312151,1776274552646.451,outbound-rtp,COT01_45_level-idx=5;profile=0;tier=0,video,video,2953312151,T01,0,1,true,2,0,0,0,283,0,0,SV194,0,0,0,0,[object Object],bandwidth,1,0,0,r2,3339353029,0,0,0
OT01V116991794,1776274552846.442,outbound-rtp,COT01_45_level-idx=5;profile=0;tier=0,video,video,116991794,T01,179953,181,true,1,0,51,51,5916,41,2,SV194,0,0,0,1,[object Object],bandwidth,1,0,0,r1,3376560845,0.32,0,5.356401
OT01V2044194314,1776274552846.442,outbound-rtp,COT01_45_level-idx=5;profile=0;tier=0,video,video,2044194314,T01,556933,1327,true,0,0,381,381,194751,9,5,SV194,0,0,0,2,[object Object],bandwidth,1,0,0,r0,4169616129,6.237,0,5.413747
OT01V2953312151,1776274552846.442,outbound-rtp,COT01_45_level-idx=5;profile=0;tier=0,video,video,2953312151,T01,0,1,true,2,0,0,0,283,0,0,SV194,0,0,0,0,[object Object],bandwidth,1,0,0,r2,3339353029,0,0,0
OT01V116991794,1776274552846.442,outbound-rtp,COT01_45_level-idx=5;profile=0;tier=0,video,video,116991794,T01,179953,181,true,1,0,51,51,5916,41,2,SV194,0,0,0,1,[object Object],bandwidth,1,0,0,r1,3376560845,0.32,0,5.356401
OT01V2044194314,1776274552846.442,outbound-rtp,COT01_45_level-idx=5;profile=0;tier=0,video,video,2044194314,T01,556933,1327,true,0,0,381,381,194751,9,5,SV194,0,0,0,2,[object Object],bandwidth,1,0,0,r0,4169616129,6.237,0,5.413747
OT01V2953312151,1776274552846.442,outbound-rtp,COT01_45_level-idx=5;profile=0;tier=0,video,video,2953312151,T01,0,1,true,2,0,0,0,283,0,0,SV194,0,0,0,0,[object Object],bandwidth,1,0,0,r2,3339353029,0,0,0
OT01V116991794,1776274553046.417,outbound-rtp,COT01_45_level-idx=5;profile=0;tier=0,video,video,116991794,T01,188437,189,true,1,0,53,53,6172,42,2,SV194,0,0,0,1,[object Object],bandwidth,1,0,0,r1,3376560845,0.332,0,5.393962
OT01V2044194314,1776274553046.417,outbound-rtp,COT01_45_level-idx=5;profile=0;tier=0,video,video,2044194314,T01,571374,1343,true,0,0,383,383,195259,9,5,SV194,0,0,0,2,[object Object],bandwidth,1,0,0,r0,4169616129,6.256,0,5.4228749999999994
OT01V2953312151,1776274553046.417,outbound-rtp,COT01_45_level-idx=5;profile=0;tier=0,video,video,2953312151,T01,0,1,true,2,0,0,0,283,0,0,SV194,0,0,0,0,[object Object],bandwidth,1,0,0,r2,3339353029,0,0,0
OT01V116991794,1776274553046.417,outbound-rtp,COT01_45_level-idx=5;profile=0;tier=0,video,video,116991794,T01,188437,189,true,1,0,53,53,6172,42,2,SV194,0,0,0,1,[object Object],bandwidth,1,0,0,r1,3376560845,0.332,0,5.393962
OT01V2044194314,1776274553046.417,outbound-rtp,COT01_45_level-idx=5;profile=0;tier=0,video,video,2044194314,T01,571374,1343,true,0,0,383,383,195259,9,5,SV194,0,0,0,2,[object Object],bandwidth,1,0,0,r0,4169616129,6.256,0,5.4228749999999994
OT01V2953312151,1776274553046.417,outbound-rtp,COT01_45_level-idx=5;profile=0;tier=0,video,video,2953312151,T01,0,1,true,2,0,0,0,283,0,0,SV194,0,0,0,0,[object Object],bandwidth,1,0,0,r2,3339353029,0,0,0
OT01V116991794,1776274553246.434,outbound-rtp,COT01_45_level-idx=5;profile=0;tier=0,video,video,116991794,T01,200988,200,true,1,0,54,54,6524,43,2,SV194,0,0,0,1,[object Object],bandwidth,1,0,0,r1,3376560845,0.345,0,5.393972
OT01V2044194314,1776274553246.434,outbound-rtp,COT01_45_level-idx=5;profile=0;tier=0,video,video,2044194314,T01,579223,1352,true,0,0,385,385,195543,9,5,SV194,0,0,0,2,[object Object],bandwidth,1,0,0,r0,4169616129,6.3,0,5.422878
OT01V2953312151,1776274553246.434,outbound-rtp,COT01_45_level-idx=5;profile=0;tier=0,video,video,2953312151,T01,0,1,true,2,0,0,0,283,0,0,SV194,0,0,0,0,[object Object],bandwidth,1,0,0,r2,3339353029,0,0,0
OT01V116991794,1776274553246.434,outbound-rtp,COT01_45_level-idx=5;profile=0;tier=0,video,video,116991794,T01,200988,200,true,1,0,54,54,6524,43,2,SV194,0,0,0,1,[object Object],bandwidth,1,0,0,r1,3376560845,0.345,0,5.393972
OT01V2044194314,1776274553246.434,outbound-rtp,COT01_45_level-idx=5;profile=0;tier=0,video,video,2044194314,T01,579223,1352,true,0,0,385,385,195543,9,5,SV194,0,0,0,2,[object Object],bandwidth,1,0,0,r0,4169616129,6.3,0,5.422878
OT01V2953312151,1776274553246.434,outbound-rtp,COT01_45_level-idx=5;profile=0;tier=0,video,video,2953312151,T01,0,1,true,2,0,0,0,283,0,0,SV194,0,0,0,0,[object Object],bandwidth,1,0,0,r2,3339353029,0,0,0
OT01V116991794,1776274553446.45,outbound-rtp,COT01_45_level-idx=5;profile=0;tier=0,video,video,116991794,T01,207083,206,true,1,0,55,55,6716,43,2,SV194,0,0,0,1,[object Object],bandwidth,1,0,0,r1,3376560845,0.379,0,5.495349
OT01V2044194314,1776274553446.45,outbound-rtp,COT01_45_level-idx=5;profile=0;tier=0,video,video,2044194314,T01,593875,1368,true,0,0,389,389,196051,10,5,SV194,0,0,0,2,[object Object],bandwidth,1,0,0,r0,4169616129,6.366,0,5.42288
OT01V2953312151,1776274553446.45,outbound-rtp,COT01_45_level-idx=5;profile=0;tier=0,video,video,2953312151,T01,0,1,true,2,0,0,0,283,0,0,SV194,0,0,0,0,[object Object],bandwidth,1,0,0,r2,3339353029,0,0,0
OT01V116991794,1776274553446.45,outbound-rtp,COT01_45_level-idx=5;profile=0;tier=0,video,video,116991794,T01,207083,206,true,1,0,55,55,6716,43,2,SV194,0,0,0,1,[object Object],bandwidth,1,0,0,r1,3376560845,0.379,0,5.495349
OT01V2044194314,1776274553446.45,outbound-rtp,COT01_45_level-idx=5;profile=0;tier=0,video,video,2044194314,T01,593875,1368,true,0,0,389,389,196051,10,5,SV194,0,0,0,2,[object Object],bandwidth,1,0,0,r0,4169616129,6.366,0,5.42288
OT01V2953312151,1776274553446.45,outbound-rtp,COT01_45_level-idx=5;profile=0;tier=0,video,video,2953312151,T01,0,1,true,2,0,0,0,283,0,0,SV194,0,0,0,0,[object Object],bandwidth,1,0,0,r2,3339353029,0,0,0
OT01V116991794,1776274553646.409,outbound-rtp,COT01_45_level-idx=5;profile=0;tier=0,video,video,116991794,T01,221807,220,true,1,0,57,57,7164,45,2,SV194,0,0,0,1,[object Object],bandwidth,1,0,0,r1,3376560845,0.404,0,5.495354
OT01V2044194314,1776274553646.409,outbound-rtp,COT01_45_level-idx=5;profile=0;tier=0,video,video,2044194314,T01,603319,1378,true,0,0,392,392,196367,11,5,SV194,0,0,0,2,[object Object],bandwidth,1,0,0,r0,4169616129,6.406,0,5.422885
OT01V2953312151,1776274553646.409,outbound-rtp,COT01_45_level-idx=5;profile=0;tier=0,video,video,2953312151,T01,0,1,true,2,0,0,0,283,0,0,SV194,0,0,0,0,[object Object],bandwidth,1,0,0,r2,3339353029,0,0,0
OT01V116991794,1776274553646.409,outbound-rtp,COT01_45_level-idx=5;profile=0;tier=0,video,video,116991794,T01,221807,220,true,1,0,57,57,7164,45,2,SV194,0,0,0,1,[object Object],bandwidth,1,0,0,r1,3376560845,0.404,0,5.495354
OT01V2044194314,1776274553646.409,outbound-rtp,COT01_45_level-idx=5;profile=0;tier=0,video,video,2044194314,T01,603319,1378,true,0,0,392,392,196367,11,5,SV194,0,0,0,2,[object Object],bandwidth,1,0,0,r0,4169616129,6.406,0,5.422885
OT01V2953312151,1776274553646.409,outbound-rtp,COT01_45_level-idx=5;profile=0;tier=0,video,video,2953312151,T01,0,1,true,2,0,0,0,283,0,0,SV194,0,0,0,0,[object Object],bandwidth,1,0,0,r2,3339353029,0,0,0
OT01V116991794,1776274553846.473,outbound-rtp,COT01_45_level-idx=5;profile=0;tier=0,video,video,116991794,T01,233845,232,true,1,0,59,59,7548,46,2,SV194,0,0,0,1,[object Object],bandwidth,1,0,0,r1,3376560845,0.442,0,5.664791
OT01V2044194314,1776274553846.473,outbound-rtp,COT01_45_level-idx=5;profile=0;tier=0,video,video,2044194314,T01,610861,1387,true,0,0,395,395,196651,11,5,SV194,0,0,0,2,[object Object],bandwidth,1,0,0,r0,4169616129,6.466,0,5.422885
OT01V2953312151,1776274553846.473,outbound-rtp,COT01_45_level-idx=5;profile=0;tier=0,video,video,2953312151,T01,0,1,true,2,0,0,0,283,0,0,SV194,0,0,0,0,[object Object],bandwidth,1,0,0,r2,3339353029,0,0,0
OT01V116991794,1776274553846.473,outbound-rtp,COT01_45_level-idx=5;profile=0;tier=0,video,video,116991794,T01,233845,232,true,1,0,59,59,7548,46,2,SV194,0,0,0,1,[object Object],bandwidth,1,0,0,r1,3376560845,0.442,0,5.664791
OT01V2044194314,1776274553846.473,outbound-rtp,COT01_45_level-idx=5;profile=0;tier=0,video,video,2044194314,T01,610861,1387,true,0,0,395,395,196651,11,5,SV194,0,0,0,2,[object Object],bandwidth,1,0,0,r0,4169616129,6.466,0,5.422885
OT01V2953312151,1776274553846.473,outbound-rtp,COT01_45_level-idx=5;profile=0;tier=0,video,video,2953312151,T01,0,1,true,2,0,0,0,283,0,0,SV194,0,0,0,0,[object Object],bandwidth,1,0,0,r2,3339353029,0,0,0
OT01V116991794,1776274554046.389,outbound-rtp,COT01_45_level-idx=5;profile=0;tier=0,video,video,116991794,T01,248953,248,true,1,0,63,63,8060,49,2,SV194,0,0,0,1,[object Object],bandwidth,1,0,0,r1,3376560845,0.476,0,5.664802
OT01V2044194314,1776274554046.389,outbound-rtp,COT01_45_level-idx=5;profile=0;tier=0,video,video,2044194314,T01,620528,1398,true,0,0,400,400,196999,11,5,SV194,0,0,0,2,[object Object],bandwidth,1,0,0,r0,4169616129,6.527,0,5.422886
OT01V2953312151,1776274554046.389,outbound-rtp,COT01_45_level-idx=5;profile=0;tier=0,video,video,2953312151,T01,0,1,true,2,0,0,0,283,0,0,SV194,0,0,0,0,[object Object],bandwidth,1,0,0,r2,3339353029,0,0,0
OT01V116991794,1776274554046.389,outbound-rtp,COT01_45_level-idx=5;profile=0;tier=0,video,video,116991794,T01,248953,248,true,1,0,63,63,8060,49,2,SV194,0,0,0,1,[object Object],bandwidth,1,0,0,r1,3376560845,0.476,0,5.664802
OT01V2044194314,1776274554046.389,outbound-rtp,COT01_45_level-idx=5;profile=0;tier=0,video,video,2044194314,T01,620528,1398,true,0,0,400,400,196999,11,5,SV194,0,0,0,2,[object Object],bandwidth,1,0,0,r0,4169616129,6.527,0,5.422886
OT01V2953312151,1776274554046.389,outbound-rtp,COT01_45_level-idx=5;profile=0;tier=0,video,video,2953312151,T01,0,1,true,2,0,0,0,283,0,0,SV194,0,0,0,0,[object Object],bandwidth,1,0,0,r2,3339353029,0,0,0
OT01V116991794,1776274554246.42,outbound-rtp,COT01_45_level-idx=5;profile=0;tier=0,video,video,116991794,T01,255450,255,true,1,0,65,65,8284,51,2,SV194,0,0,0,1,[object Object],bandwidth,1,0,0,r1,3376560845,0.476,0,5.664806
OT01V2044194314,1776274554246.42,outbound-rtp,COT01_45_level-idx=5;profile=0;tier=0,video,video,2044194314,T01,635354,1415,true,0,0,405,405,197543,11,5,SV194,0,0,0,2,[object Object],bandwidth,1,0,0,r0,4169616129,6.611,0,5.422886
OT01V2953312151,1776274554246.42,outbound-rtp,COT01_45_level-idx=5;profile=0;tier=0,video,video,2953312151,T01,0,1,true,2,0,0,0,283,0,0,SV194,0,0,0,0,[object Object],bandwidth,1,0,0,r2,3339353029,0,0,0
OT01V116991794,1776274554246.42,outbound-rtp,COT01_45_level-idx=5;profile=0;tier=0,video,video,116991794,T01,255450,255,true,1,0,65,65,8284,51,2,SV194,0,0,0,1,[object Object],bandwidth,1,0,0,r1,3376560845,0.476,0,5.664806
OT01V2044194314,1776274554246.42,outbound-rtp,COT01_45_level-idx=5;profile=0;tier=0,video,video,2044194314,T01,635354,1415,true,0,0,405,405,197543,11,5,SV194,0,0,0,2,[object Object],bandwidth,1,0,0,r0,4169616129,6.611,0,5.422886
OT01V2953312151,1776274554246.42,outbound-rtp,COT01_45_level-idx=5;profile=0;tier=0,video,video,2953312151,T01,0,1,true,2,0,0,0,283,0,0,SV194,0,0,0,0,[object Object],bandwidth,1,0,0,r2,3339353029,0,0,0
OT01V116991794,1776274554446.414,outbound-rtp,COT01_45_level-idx=5;profile=0;tier=0,video,video,116991794,T01,269380,268,true,1,0,68,68,8700,54,2,SV194,0,0,0,1,[object Object],bandwidth,1,0,0,r1,3376560845,0.476,0,5.670347
OT01V2044194314,1776274554446.414,outbound-rtp,COT01_45_level-idx=5;profile=0;tier=0,video,video,2044194314,T01,645430,1427,true,0,0,410,410,197927,11,5,SV194,0,0,0,2,[object Object],bandwidth,1,0,0,r0,4169616129,6.687,0,5.45087
OT01V2953312151,1776274554446.414,outbound-rtp,COT01_45_level-idx=5;profile=0;tier=0,video,video,2953312151,T01,0,1,true,2,0,0,0,283,0,0,SV194,0,0,0,0,[object Object],bandwidth,1,0,0,r2,3339353029,0,0,0
OT01V116991794,1776274554446.414,outbound-rtp,COT01_45_level-idx=5;profile=0;tier=0,video,video,116991794,T01,269380,268,true,1,0,68,68,8700,54,2,SV194,0,0,0,1,[object Object],bandwidth,1,0,0,r1,3376560845,0.476,0,5.670347
OT01V2044194314,1776274554446.414,outbound-rtp,COT01_45_level-idx=5;profile=0;tier=0,video,video,2044194314,T01,645430,1427,true,0,0,410,410,197927,11,5,SV194,0,0,0,2,[object Object],bandwidth,1,0,0,r0,4169616129,6.687,0,5.45087
OT01V2953312151,1776274554446.414,outbound-rtp,COT01_45_level-idx=5;profile=0;tier=0,video,video,2953312151,T01,0,1,true,2,0,0,0,283,0,0,SV194,0,0,0,0,[object Object],bandwidth,1,0,0,r2,3339353029,0,0,0
OT01V116991794,1776274554646.39,outbound-rtp,COT01_45_level-idx=5;profile=0;tier=0,video,video,116991794,T01,287622,286,true,1,0,72,72,9268,57,2,SV194,0,0,0,1,[object Object],bandwidth,1,0,0,r1,3376560845,0.5,0,5.670354
OT01V2044194314,1776274554646.39,outbound-rtp,COT01_45_level-idx=5;profile=0;tier=0,video,video,2044194314,T01,651311,1436,true,0,0,415,415,198211,11,5,SV194,0,0,0,2,[object Object],bandwidth,1,0,0,r0,4169616129,6.74,0,5.450874
OT01V2953312151,1776274554646.39,outbound-rtp,COT01_45_level-idx=5;profile=0;tier=0,video,video,2953312151,T01,0,1,true,2,0,0,0,283,0,0,SV194,0,0,0,0,[object Object],bandwidth,1,0,0,r2,3339353029,0,0,0
OT01V116991794,1776274554646.39,outbound-rtp,COT01_45_level-idx=5;profile=0;tier=0,video,video,116991794,T01,287622,286,true,1,0,72,72,9268,57,2,SV194,0,0,0,1,[object Object],bandwidth,1,0,0,r1,3376560845,0.5,0,5.670354
OT01V2044194314,1776274554646.39,outbound-rtp,COT01_45_level-idx=5;profile=0;tier=0,video,video,2044194314,T01,651311,1436,true,0,0,415,415,198211,11,5,SV194,0,0,0,2,[object Object],bandwidth,1,0,0,r0,4169616129,6.74,0,5.450874
OT01V2953312151,1776274554646.39,outbound-rtp,COT01_45_level-idx=5;profile=0;tier=0,video,video,2953312151,T01,0,1,true,2,0,0,0,283,0,0,SV194,0,0,0,0,[object Object],bandwidth,1,0,0,r2,3339353029,0,0,0
OT01V116991794,1776274554846.452,outbound-rtp,COT01_45_level-idx=5;profile=0;tier=0,video,video,116991794,T01,307324,305,true,1,0,77,77,9876,61,2,SV194,0,0,0,1,[object Object],bandwidth,1,0,0,r1,3376560845,0.553,0,5.81475
OT01V2044194314,1776274554846.452,outbound-rtp,COT01_45_level-idx=5;profile=0;tier=0,video,video,2044194314,T01,656357,1441,true,0,0,418,418,198371,12,5,SV194,0,0,0,2,[object Object],bandwidth,1,0,0,r0,4169616129,6.789,0,5.456315
OT01V2953312151,1776274554846.452,outbound-rtp,COT01_45_level-idx=5;profile=0;tier=0,video,video,2953312151,T01,0,1,true,2,0,0,0,283,0,0,SV194,0,0,0,0,[object Object],bandwidth,1,0,0,r2,3339353029,0,0,0
OT01V116991794,1776274554846.452,outbound-rtp,COT01_45_level-idx=5;profile=0;tier=0,video,video,116991794,T01,307324,305,true,1,0,77,77,9876,61,2,SV194,0,0,0,1,[object Object],bandwidth,1,0,0,r1,3376560845,0.553,0,5.81475
OT01V2044194314,1776274554846.452,outbound-rtp,COT01_45_level-idx=5;profile=0;tier=0,video,video,2044194314,T01,656357,1441,true,0,0,418,418,198371,12,5,SV194,0,0,0,2,[object Object],bandwidth,1,0,0,r0,4169616129,6.789,0,5.456315
OT01V2953312151,1776274554846.452,outbound-rtp,COT01_45_level-idx=5;profile=0;tier=0,video,video,2953312151,T01,0,1,true,2,0,0,0,283,0,0,SV194,0,0,0,0,[object Object],bandwidth,1,0,0,r2,3339353029,0,0,0
OT01V116991794,1776274555046.423,outbound-rtp,COT01_45_level-idx=5;profile=0;tier=0,video,video,116991794,T01,326728,327,true,1,0,82,82,10556,64,2,SV194,0,0,0,1,[object Object],bandwidth,1,0,0,r1,3376560845,0.609,0,5.9114439999999995
OT01V2044194314,1776274555046.423,outbound-rtp,COT01_45_level-idx=5;profile=0;tier=0,video,video,2044194314,T01,664834,1451,true,0,0,422,422,198691,12,5,SV194,0,0,0,2,[object Object],bandwidth,1,0,0,r0,4169616129,6.827,0,5.4639109999999995
OT01V2953312151,1776274555046.423,outbound-rtp,COT01_45_level-idx=5;profile=0;tier=0,video,video,2953312151,T01,0,1,true,2,0,0,0,283,0,0,SV194,0,0,0,0,[object Object],bandwidth,1,0,0,r2,3339353029,0,0,0
OT01V116991794,1776274555046.423,outbound-rtp,COT01_45_level-idx=5;profile=0;tier=0,video,video,116991794,T01,326728,327,true,1,0,82,82,10556,64,2,SV194,0,0,0,1,[object Object],bandwidth,1,0,0,r1,3376560845,0.609,0,5.9114439999999995
OT01V2044194314,1776274555046.423,outbound-rtp,COT01_45_level-idx=5;profile=0;tier=0,video,video,2044194314,T01,664834,1451,true,0,0,422,422,198691,12,5,SV194,0,0,0,2,[object Object],bandwidth,1,0,0,r0,4169616129,6.827,0,5.4639109999999995
OT01V2953312151,1776274555046.423,outbound-rtp,COT01_45_level-idx=5;profile=0;tier=0,video,video,2953312151,T01,0,1,true,2,0,0,0,283,0,0,SV194,0,0,0,0,[object Object],bandwidth,1,0,0,r2,3339353029,0,0,0
OT01V116991794,1776274555246.429,outbound-rtp,COT01_45_level-idx=5;profile=0;tier=0,video,video,116991794,T01,342246,343,true,1,0,86,86,11068,67,2,SV194,0,0,0,1,[object Object],bandwidth,1,0,0,r1,3376560845,0.635,0,5.911451
OT01V2044194314,1776274555246.429,outbound-rtp,COT01_45_level-idx=5;profile=0;tier=0,video,video,2044194314,T01,670018,1458,true,0,0,426,426,198915,12,5,SV194,0,0,0,2,[object Object],bandwidth,1,0,0,r0,4169616129,6.895,0,5.463913
OT01V2953312151,1776274555246.429,outbound-rtp,COT01_45_level-idx=5;profile=0;tier=0,video,video,2953312151,T01,0,1,true,2,0,0,0,283,0,0,SV194,0,0,0,0,[object Object],bandwidth,1,0,0,r2,3339353029,0,0,0
OT01V116991794,1776274555246.429,outbound-rtp,COT01_45_level-idx=5;profile=0;tier=0,video,video,116991794,T01,342246,343,true,1,0,86,86,11068,67,2,SV194,0,0,0,1,[object Object],bandwidth,1,0,0,r1,3376560845,0.635,0,5.911451
OT01V2044194314,1776274555246.429,outbound-rtp,COT01_45_level-idx=5;profile=0;tier=0,video,video,2044194314,T01,670018,1458,true,0,0,426,426,198915,12,5,SV194,0,0,0,2,[object Object],bandwidth,1,0,0,r0,4169616129,6.895,0,5.463913
OT01V2953312151,1776274555246.429,outbound-rtp,COT01_45_level-idx=5;profile=0;tier=0,video,video,2953312151,T01,0,1,true,2,0,0,0,283,0,0,SV194,0,0,0,0,[object Object],bandwidth,1,0,0,r2,3339353029,0,0,0
OT01V116991794,1776274555446.438,outbound-rtp,COT01_45_level-idx=5;profile=0;tier=0,video,video,116991794,T01,361873,362,true,1,0,91,91,11660,71,2,SV194,0,0,0,1,[object Object],bandwidth,1,0,0,r1,3376560845,0.66,0,5.9114569999999995
OT01V2044194314,1776274555446.438,outbound-rtp,COT01_45_level-idx=5;profile=0;tier=0,video,video,2044194314,T01,676315,1467,true,0,0,431,431,199203,12,5,SV194,0,0,0,2,[object Object],bandwidth,1,0,0,r0,4169616129,6.957,0,5.463915
OT01V2953312151,1776274555446.438,outbound-rtp,COT01_45_level-idx=5;profile=0;tier=0,video,video,2953312151,T01,0,1,true,2,0,0,0,283,0,0,SV194,0,0,0,0,[object Object],bandwidth,1,0,0,r2,3339353029,0,0,0
OT01V116991794,1776274555446.438,outbound-rtp,COT01_45_level-idx=5;profile=0;tier=0,video,video,116991794,T01,361873,362,true,1,0,91,91,11660,71,2,SV194,0,0,0,1,[object Object],bandwidth,1,0,0,r1,3376560845,0.66,0,5.9114569999999995
OT01V2044194314,1776274555446.438,outbound-rtp,COT01_45_level-idx=5;profile=0;tier=0,video,video,2044194314,T01,676315,1467,true,0,0,431,431,199203,12,5,SV194,0,0,0,2,[object Object],bandwidth,1,0,0,r0,4169616129,6.957,0,5.463915
OT01V2953312151,1776274555446.438,outbound-rtp,COT01_45_level-idx=5;profile=0;tier=0,video,video,2953312151,T01,0,1,true,2,0,0,0,283,0,0,SV194,0,0,0,0,[object Object],bandwidth,1,0,0,r2,3339353029,0,0,0
OT01V116991794,1776274555646.456,outbound-rtp,COT01_45_level-idx=5;profile=0;tier=0,video,video,116991794,T01,383081,384,true,1,0,98,98,12364,78,2,SV194,0,0,0,1,[object Object],bandwidth,1,0,0,r1,3376560845,0.66,0,5.911467
OT01V2044194314,1776274555646.456,outbound-rtp,COT01_45_level-idx=5;profile=0;tier=0,video,video,2044194314,T01,685630,1479,true,0,0,438,438,199587,12,5,SV194,0,0,0,2,[object Object],bandwidth,1,0,0,r0,4169616129,7.047,0,5.463918
OT01V2953312151,1776274555646.456,outbound-rtp,COT01_45_level-idx=5;profile=0;tier=0,video,video,2953312151,T01,0,1,true,2,0,0,0,283,0,0,SV194,0,0,0,0,[object Object],bandwidth,1,0,0,r2,3339353029,0,0,0
OT01V116991794,1776274555646.456,outbound-rtp,COT01_45_level-idx=5;profile=0;tier=0,video,video,116991794,T01,383081,384,true,1,0,98,98,12364,78,2,SV194,0,0,0,1,[object Object],bandwidth,1,0,0,r1,3376560845,0.66,0,5.911467
OT01V2044194314,1776274555646.456,outbound-rtp,COT01_45_level-idx=5;profile=0;tier=0,video,video,2044194314,T01,685630,1479,true,0,0,438,438,199587,12,5,SV194,0,0,0,2,[object Object],bandwidth,1,0,0,r0,4169616129,7.047,0,5.463918
OT01V2953312151,1776274555646.456,outbound-rtp,COT01_45_level-idx=5;profile=0;tier=0,video,video,2953312151,T01,0,1,true,2,0,0,0,283,0,0,SV194,0,0,0,0,[object Object],bandwidth,1,0,0,r2,3339353029,0,0,0
OT01V116991794,1776274555846.42,outbound-rtp,COT01_45_level-idx=5;profile=0;tier=0,video,video,116991794,T01,394318,396,true,1,0,101,101,12748,81,2,SV194,0,0,0,1,[object Object],bandwidth,1,0,0,r1,3376560845,0.66,0,5.91147
OT01V2044194314,1776274555846.42,outbound-rtp,COT01_45_level-idx=5;profile=0;tier=0,video,video,2044194314,T01,695029,1490,true,0,0,443,443,199939,12,5,SV194,0,0,0,2,[object Object],bandwidth,1,0,0,r0,4169616129,7.136,0,5.46392
OT01V2953312151,1776274555846.42,outbound-rtp,COT01_45_level-idx=5;profile=0;tier=0,video,video,2953312151,T01,0,1,true,2,0,0,0,283,0,0,SV194,0,0,0,0,[object Object],bandwidth,1,0,0,r2,3339353029,0,0,0
OT01V116991794,1776274555846.42,outbound-rtp,COT01_45_level-idx=5;profile=0;tier=0,video,video,116991794,T01,394318,396,true,1,0,101,101,12748,81,2,SV194,0,0,0,1,[object Object],bandwidth,1,0,0,r1,3376560845,0.66,0,5.91147
OT01V2044194314,1776274555846.42,outbound-rtp,COT01_45_level-idx=5;profile=0;tier=0,video,video,2044194314,T01,695029,1490,true,0,0,443,443,199939,12,5,SV194,0,0,0,2,[object Object],bandwidth,1,0,0,r0,4169616129,7.136,0,5.46392
OT01V2953312151,1776274555846.42,outbound-rtp,COT01_45_level-idx=5;profile=0;tier=0,video,video,2953312151,T01,0,1,true,2,0,0,0,283,0,0,SV194,0,0,0,0,[object Object],bandwidth,1,0,0,r2,3339353029,0,0,0
OT01V116991794,1776274556046.389,outbound-rtp,COT01_45_level-idx=5;profile=0;tier=0,video,video,116991794,T01,420664,422,true,1,0,108,108,13580,86,2,SV194,0,0,0,1,[object Object],bandwidth,1,0,0,r1,3376560845,0.699,0,5.9686699999999995
OT01V2044194314,1776274556046.389,outbound-rtp,COT01_45_level-idx=5;profile=0;tier=0,video,video,2044194314,T01,698293,1495,true,0,0,447,447,200099,12,5,SV194,0,0,0,2,[object Object],bandwidth,1,0,0,r0,4169616129,7.19,0,5.463926
OT01V2953312151,1776274556046.389,outbound-rtp,COT01_45_level-idx=5;profile=0;tier=0,video,video,2953312151,T01,0,1,true,2,0,0,0,283,0,0,SV194,0,0,0,0,[object Object],bandwidth,1,0,0,r2,3339353029,0,0,0
OT01V116991794,1776274556046.389,outbound-rtp,COT01_45_level-idx=5;profile=0;tier=0,video,video,116991794,T01,420664,422,true,1,0,108,108,13580,86,2,SV194,0,0,0,1,[object Object],bandwidth,1,0,0,r1,3376560845,0.699,0,5.9686699999999995
OT01V2044194314,1776274556046.389,outbound-rtp,COT01_45_level-idx=5;profile=0;tier=0,video,video,2044194314,T01,698293,1495,true,0,0,447,447,200099,12,5,SV194,0,0,0,2,[object Object],bandwidth,1,0,0,r0,4169616129,7.19,0,5.463926
OT01V2953312151,1776274556046.389,outbound-rtp,COT01_45_level-idx=5;profile=0;tier=0,video,video,2953312151,T01,0,1,true,2,0,0,0,283,0,0,SV194,0,0,0,0,[object Object],bandwidth,1,0,0,r2,3339353029,0,0,0
OT01V116991794,1776274556246.425,outbound-rtp,COT01_45_level-idx=5;profile=0;tier=0,video,video,116991794,T01,440498,441,true,1,0,112,112,14188,89,2,SV194,0,0,0,1,[object Object],bandwidth,1,0,0,r1,3376560845,0.724,0,5.968674999999999
OT01V2044194314,1776274556246.425,outbound-rtp,COT01_45_level-idx=5;profile=0;tier=0,video,video,2044194314,T01,703005,1502,true,0,0,451,451,200323,12,5,SV194,0,0,0,2,[object Object],bandwidth,1,0,0,r0,4169616129,7.257,0,5.463927
OT01V2953312151,1776274556246.425,outbound-rtp,COT01_45_level-idx=5;profile=0;tier=0,video,video,2953312151,T01,0,1,true,2,0,0,0,283,0,0,SV194,0,0,0,0,[object Object],bandwidth,1,0,0,r2,3339353029,0,0,0
OT01V116991794,1776274556246.425,outbound-rtp,COT01_45_level-idx=5;profile=0;tier=0,video,video,116991794,T01,440498,441,true,1,0,112,112,14188,89,2,SV194,0,0,0,1,[object Object],bandwidth,1,0,0,r1,3376560845,0.724,0,5.968674999999999
OT01V2044194314,1776274556246.425,outbound-rtp,COT01_45_level-idx=5;profile=0;tier=0,video,video,2044194314,T01,703005,1502,true,0,0,451,451,200323,12,5,SV194,0,0,0,2,[object Object],bandwidth,1,0,0,r0,4169616129,7.257,0,5.463927
OT01V2953312151,1776274556246.425,outbound-rtp,COT01_45_level-idx=5;profile=0;tier=0,video,video,2953312151,T01,0,1,true,2,0,0,0,283,0,0,SV194,0,0,0,0,[object Object],bandwidth,1,0,0,r2,3339353029,0,0,0
OT01V116991794,1776274556446.39,outbound-rtp,COT01_45_level-idx=5;profile=0;tier=0,video,video,116991794,T01,462970,465,true,1,0,118,118,14956,94,2,SV194,0,0,0,1,[object Object],bandwidth,1,0,0,r1,3376560845,0.734,0,5.96869
OT01V2044194314,1776274556446.39,outbound-rtp,COT01_45_level-idx=5;profile=0;tier=0,video,video,2044194314,T01,710385,1512,true,0,0,456,456,200643,12,5,SV194,0,0,0,2,[object Object],bandwidth,1,0,0,r0,4169616129,7.338,0,5.463933
OT01V2953312151,1776274556446.39,outbound-rtp,COT01_45_level-idx=5;profile=0;tier=0,video,video,2953312151,T01,0,1,true,2,0,0,0,283,0,0,SV194,0,0,0,0,[object Object],bandwidth,1,0,0,r2,3339353029,0,0,0
OT01V116991794,1776274556446.39,outbound-rtp,COT01_45_level-idx=5;profile=0;tier=0,video,video,116991794,T01,462970,465,true,1,0,118,118,14956,94,2,SV194,0,0,0,1,[object Object],bandwidth,1,0,0,r1,3376560845,0.734,0,5.96869
OT01V2044194314,1776274556446.39,outbound-rtp,COT01_45_level-idx=5;profile=0;tier=0,video,video,2044194314,T01,710385,1512,true,0,0,456,456,200643,12,5,SV194,0,0,0,2,[object Object],bandwidth,1,0,0,r0,4169616129,7.338,0,5.463933
OT01V2953312151,1776274556446.39,outbound-rtp,COT01_45_level-idx=5;profile=0;tier=0,video,video,2953312151,T01,0,1,true,2,0,0,0,283,0,0,SV194,0,0,0,0,[object Object],bandwidth,1,0,0,r2,3339353029,0,0,0
OT01V116991794,1776274556646.464,outbound-rtp,COT01_45_level-idx=5;profile=0;tier=0,video,video,116991794,T01,478303,483,true,1,0,124,124,15532,100,2,SV194,0,0,0,1,[object Object],bandwidth,1,0,0,r1,3376560845,0.734,0,5.968700999999999
OT01V2044194314,1776274556646.464,outbound-rtp,COT01_45_level-idx=5;profile=0;tier=0,video,video,2044194314,T01,721512,1526,true,0,0,463,463,201087,12,5,SV194,0,0,0,2,[object Object],bandwidth,1,0,0,r0,4169616129,7.429,0,5.463933
OT01V2953312151,1776274556646.464,outbound-rtp,COT01_45_level-idx=5;profile=0;tier=0,video,video,2953312151,T01,0,1,true,2,0,0,0,283,0,0,SV194,0,0,0,0,[object Object],bandwidth,1,0,0,r2,3339353029,0,0,0
OT01V116991794,1776274556646.464,outbound-rtp,COT01_45_level-idx=5;profile=0;tier=0,video,video,116991794,T01,478303,483,true,1,0,124,124,15532,100,2,SV194,0,0,0,1,[object Object],bandwidth,1,0,0,r1,3376560845,0.734,0,5.968700999999999
OT01V2044194314,1776274556646.464,outbound-rtp,COT01_45_level-idx=5;profile=0;tier=0,video,video,2044194314,T01,721512,1526,true,0,0,463,463,201087,12,5,SV194,0,0,0,2,[object Object],bandwidth,1,0,0,r0,4169616129,7.429,0,5.463933
OT01V2953312151,1776274556646.464,outbound-rtp,COT01_45_level-idx=5;profile=0;tier=0,video,video,2953312151,T01,0,1,true,2,0,0,0,283,0,0,SV194,0,0,0,0,[object Object],bandwidth,1,0,0,r2,3339353029,0,0,0
OT01V116991794,1776274556846.461,outbound-rtp,COT01_45_level-idx=5;profile=0;tier=0,video,video,116991794,T01,502646,507,true,1,0,129,129,16300,104,2,SV194,0,0,0,1,[object Object],bandwidth,1,0,0,r1,3376560845,0.777,0,6.114542
OT01V2044194314,1776274556846.461,outbound-rtp,COT01_45_level-idx=5;profile=0;tier=0,video,video,2044194314,T01,726505,1532,true,0,0,468,468,201279,12,5,SV194,0,0,0,2,[object Object],bandwidth,1,0,0,r0,4169616129,7.495,0,5.490895999999999
OT01V2953312151,1776274556846.461,outbound-rtp,COT01_45_level-idx=5;profile=0;tier=0,video,video,2953312151,T01,0,1,true,2,0,0,0,283,0,0,SV194,0,0,0,0,[object Object],bandwidth,1,0,0,r2,3339353029,0,0,0
OT01V116991794,1776274556846.461,outbound-rtp,COT01_45_level-idx=5;profile=0;tier=0,video,video,116991794,T01,502646,507,true,1,0,129,129,16300,104,2,SV194,0,0,0,1,[object Object],bandwidth,1,0,0,r1,3376560845,0.777,0,6.114542
OT01V2044194314,1776274556846.461,outbound-rtp,COT01_45_level-idx=5;profile=0;tier=0,video,video,2044194314,T01,726505,1532,true,0,0,468,468,201279,12,5,SV194,0,0,0,2,[object Object],bandwidth,1,0,0,r0,4169616129,7.495,0,5.490895999999999
OT01V2953312151,1776274556846.461,outbound-rtp,COT01_45_level-idx=5;profile=0;tier=0,video,video,2953312151,T01,0,1,true,2,0,0,0,283,0,0,SV194,0,0,0,0,[object Object],bandwidth,1,0,0,r2,3339353029,0,0,0
OT01V116991794,1776274557046.54,outbound-rtp,COT01_45_level-idx=5;profile=0;tier=0,video,video,116991794,T01,523202,527,true,1,0,135,135,16940,109,2,SV194,0,0,0,1,[object Object],bandwidth,1,0,0,r1,3376560845,0.791,0,6.215377
OT01V2044194314,1776274557046.54,outbound-rtp,COT01_45_level-idx=5;profile=0;tier=0,video,video,2044194314,T01,734162,1542,true,0,0,472,472,201599,12,5,SV194,0,0,0,2,[object Object],bandwidth,1,0,0,r0,4169616129,7.562,0,5.497147
OT01V2953312151,1776274557046.54,outbound-rtp,COT01_45_level-idx=5;profile=0;tier=0,video,video,2953312151,T01,0,1,true,2,0,0,0,283,0,0,SV194,0,0,0,0,[object Object],bandwidth,1,0,0,r2,3339353029,0,0,0
OT01V116991794,1776274557046.54,outbound-rtp,COT01_45_level-idx=5;profile=0;tier=0,video,video,116991794,T01,523202,527,true,1,0,135,135,16940,109,2,SV194,0,0,0,1,[object Object],bandwidth,1,0,0,r1,3376560845,0.791,0,6.215377
OT01V2044194314,1776274557046.54,outbound-rtp,COT01_45_level-idx=5;profile=0;tier=0,video,video,2044194314,T01,734162,1542,true,0,0,472,472,201599,12,5,SV194,0,0,0,2,[object Object],bandwidth,1,0,0,r0,4169616129,7.562,0,5.497147
OT01V2953312151,1776274557046.54,outbound-rtp,COT01_45_level-idx=5;profile=0;tier=0,video,video,2953312151,T01,0,1,true,2,0,0,0,283,0,0,SV194,0,0,0,0,[object Object],bandwidth,1,0,0,r2,3339353029,0,0,0
OT01V116991794,1776274557246.404,outbound-rtp,COT01_45_level-idx=5;profile=0;tier=0,video,video,116991794,T01,547367,551,true,1,0,141,141,17708,115,2,SV194,0,0,0,1,[object Object],bandwidth,1,0,0,r1,3376560845,0.791,0,6.257466
OT01V2044194314,1776274557246.404,outbound-rtp,COT01_45_level-idx=5;profile=0;tier=0,video,video,2044194314,T01,740617,1550,true,0,0,478,478,201855,12,5,SV194,0,0,0,2,[object Object],bandwidth,1,0,0,r0,4169616129,7.634,0,5.502217
OT01V2953312151,1776274557246.404,outbound-rtp,COT01_45_level-idx=5;profile=0;tier=0,video,video,2953312151,T01,0,1,true,2,0,0,0,283,0,0,SV194,0,0,0,0,[object Object],bandwidth,1,0,0,r2,3339353029,0,0,0
OT01V116991794,1776274557246.404,outbound-rtp,COT01_45_level-idx=5;profile=0;tier=0,video,video,116991794,T01,547367,551,true,1,0,141,141,17708,115,2,SV194,0,0,0,1,[object Object],bandwidth,1,0,0,r1,3376560845,0.791,0,6.257466
OT01V2044194314,1776274557246.404,outbound-rtp,COT01_45_level-idx=5;profile=0;tier=0,video,video,2044194314,T01,740617,1550,true,0,0,478,478,201855,12,5,SV194,0,0,0,2,[object Object],bandwidth,1,0,0,r0,4169616129,7.634,0,5.502217
OT01V2953312151,1776274557246.404,outbound-rtp,COT01_45_level-idx=5;profile=0;tier=0,video,video,2953312151,T01,0,1,true,2,0,0,0,283,0,0,SV194,0,0,0,0,[object Object],bandwidth,1,0,0,r2,3339353029,0,0,0
OT01V116991794,1776274557446.423,outbound-rtp,COT01_45_level-idx=5;profile=0;tier=0,video,video,116991794,T01,567212,571,true,1,0,146,146,18344,119,2,SV194,0,0,0,1,[object Object],bandwidth,1,0,0,r1,3376560845,0.816,0,6.333228
OT01V2044194314,1776274557446.423,outbound-rtp,COT01_45_level-idx=5;profile=0;tier=0,video,video,2044194314,T01,746906,1558,true,0,0,483,483,202107,12,5,SV194,0,0,0,2,[object Object],bandwidth,1,0,0,r0,4169616129,7.7,0,5.5096609999999995
OT01V2953312151,1776274557446.423,outbound-rtp,COT01_45_level-idx=5;profile=0;tier=0,video,video,2953312151,T01,0,1,true,2,0,0,0,283,0,0,SV194,0,0,0,0,[object Object],bandwidth,1,0,0,r2,3339353029,0,0,0
OT01V116991794,1776274557446.423,outbound-rtp,COT01_45_level-idx=5;profile=0;tier=0,video,video,116991794,T01,567212,571,true,1,0,146,146,18344,119,2,SV194,0,0,0,1,[object Object],bandwidth,1,0,0,r1,3376560845,0.816,0,6.333228
OT01V2044194314,1776274557446.423,outbound-rtp,COT01_45_level-idx=5;profile=0;tier=0,video,video,2044194314,T01,746906,1558,true,0,0,483,483,202107,12,5,SV194,0,0,0,2,[object Object],bandwidth,1,0,0,r0,4169616129,7.7,0,5.5096609999999995
OT01V2953312151,1776274557446.423,outbound-rtp,COT01_45_level-idx=5;profile=0;tier=0,video,video,2953312151,T01,0,1,true,2,0,0,0,283,0,0,SV194,0,0,0,0,[object Object],bandwidth,1,0,0,r2,3339353029,0,0,0
OT01V116991794,1776274557646.457,outbound-rtp,COT01_45_level-idx=5;profile=0;tier=0,video,video,116991794,T01,594229,598,true,1,0,153,153,19208,126,2,SV194,0,0,0,1,[object Object],bandwidth,1,0,0,r1,3376560845,0.816,0,6.463729
OT01V2044194314,1776274557646.457,outbound-rtp,COT01_45_level-idx=5;profile=0;tier=0,video,video,2044194314,T01,756529,1570,true,0,0,490,490,202491,12,5,SV194,0,0,0,2,[object Object],bandwidth,1,0,0,r0,4169616129,7.789,0,5.516889
OT01V2953312151,1776274557646.457,outbound-rtp,COT01_45_level-idx=5;profile=0;tier=0,video,video,2953312151,T01,0,1,true,2,0,0,0,283,0,0,SV194,0,0,0,0,[object Object],bandwidth,1,0,0,r2,3339353029,0,0,0
OT01V116991794,1776274557646.457,outbound-rtp,COT01_45_level-idx=5;profile=0;tier=0,video,video,116991794,T01,594229,598,true,1,0,153,153,19208,126,2,SV194,0,0,0,1,[object Object],bandwidth,1,0,0,r1,3376560845,0.816,0,6.463729
OT01V2044194314,1776274557646.457,outbound-rtp,COT01_45_level-idx=5;profile=0;tier=0,video,video,2044194314,T01,756529,1570,true,0,0,490,490,202491,12,5,SV194,0,0,0,2,[object Object],bandwidth,1,0,0,r0,4169616129,7.789,0,5.516889
OT01V2953312151,1776274557646.457,outbound-rtp,COT01_45_level-idx=5;profile=0;tier=0,video,video,2953312151,T01,0,1,true,2,0,0,0,283,0,0,SV194,0,0,0,0,[object Object],bandwidth,1,0,0,r2,3339353029,0,0,0
OT01V116991794,1776274557846.535,outbound-rtp,COT01_45_level-idx=5;profile=0;tier=0,video,video,116991794,T01,618829,624,true,1,0,159,159,20032,131,2,SV194,0,0,0,1,[object Object],bandwidth,1,0,0,r1,3376560845,0.832,0,6.793085
OT01V2044194314,1776274557846.535,outbound-rtp,COT01_45_level-idx=5;profile=0;tier=0,video,video,2044194314,T01,759434,1577,true,0,0,495,495,202715,12,5,SV194,0,0,0,2,[object Object],bandwidth,1,0,0,r0,4169616129,7.874,0,5.596477
OT01V2953312151,1776274557846.535,outbound-rtp,COT01_45_level-idx=5;profile=0;tier=0,video,video,2953312151,T01,0,1,true,2,0,0,0,283,0,0,SV194,0,0,0,0,[object Object],bandwidth,1,0,0,r2,3339353029,0,0,0
OT01V116991794,1776274557846.535,outbound-rtp,COT01_45_level-idx=5;profile=0;tier=0,video,video,116991794,T01,618829,624,true,1,0,159,159,20032,131,2,SV194,0,0,0,1,[object Object],bandwidth,1,0,0,r1,3376560845,0.832,0,6.793085
OT01V2044194314,1776274557846.535,outbound-rtp,COT01_45_level-idx=5;profile=0;tier=0,video,video,2044194314,T01,759434,1577,true,0,0,495,495,202715,12,5,SV194,0,0,0,2,[object Object],bandwidth,1,0,0,r0,4169616129,7.874,0,5.596477
OT01V2953312151,1776274557846.535,outbound-rtp,COT01_45_level-idx=5;profile=0;tier=0,video,video,2953312151,T01,0,1,true,2,0,0,0,283,0,0,SV194,0,0,0,0,[object Object],bandwidth,1,0,0,r2,3339353029,0,0,0
OT01V116991794,1776274558046.42,outbound-rtp,COT01_45_level-idx=5;profile=0;tier=0,video,video,116991794,T01,635113,639,true,1,0,163,163,20512,135,2,SV194,0,0,0,1,[object Object],bandwidth,1,0,0,r1,3376560845,0.832,0,6.793094
OT01V2044194314,1776274558046.42,outbound-rtp,COT01_45_level-idx=5;profile=0;tier=0,video,video,2044194314,T01,775345,1594,true,0,0,501,501,203255,12,5,SV194,0,0,0,2,[object Object],bandwidth,1,0,0,r0,4169616129,7.954,0,5.596483999999999
OT01V2953312151,1776274558046.42,outbound-rtp,COT01_45_level-idx=5;profile=0;tier=0,video,video,2953312151,T01,0,1,true,2,0,0,0,283,0,0,SV194,0,0,0,0,[object Object],bandwidth,1,0,0,r2,3339353029,0,0,0
OT01V116991794,1776274558046.42,outbound-rtp,COT01_45_level-idx=5;profile=0;tier=0,video,video,116991794,T01,635113,639,true,1,0,163,163,20512,135,2,SV194,0,0,0,1,[object Object],bandwidth,1,0,0,r1,3376560845,0.832,0,6.793094
OT01V2044194314,1776274558046.42,outbound-rtp,COT01_45_level-idx=5;profile=0;tier=0,video,video,2044194314,T01,775345,1594,true,0,0,501,501,203255,12,5,SV194,0,0,0,2,[object Object],bandwidth,1,0,0,r0,4169616129,7.954,0,5.596483999999999
OT01V2953312151,1776274558046.42,outbound-rtp,COT01_45_level-idx=5;profile=0;tier=0,video,video,2953312151,T01,0,1,true,2,0,0,0,283,0,0,SV194,0,0,0,0,[object Object],bandwidth,1,0,0,r2,3339353029,0,0,0
OT01V116991794,1776274558246.435,outbound-rtp,COT01_45_level-idx=5;profile=0;tier=0,video,video,116991794,T01,656003,660,true,1,0,168,168,21184,140,2,SV194,0,0,0,1,[object Object],bandwidth,1,0,0,r1,3376560845,0.832,0,6.826663
OT01V2044194314,1776274558246.435,outbound-rtp,COT01_45_level-idx=5;profile=0;tier=0,video,video,2044194314,T01,781871,1603,true,0,0,506,506,203543,12,5,SV194,0,0,0,2,[object Object],bandwidth,1,0,0,r0,4169616129,8.044,0,5.601868
OT01V2953312151,1776274558246.435,outbound-rtp,COT01_45_level-idx=5;profile=0;tier=0,video,video,2953312151,T01,0,1,true,2,0,0,0,283,0,0,SV194,0,0,0,0,[object Object],bandwidth,1,0,0,r2,3339353029,0,0,0
OT01V116991794,1776274558246.435,outbound-rtp,COT01_45_level-idx=5;profile=0;tier=0,video,video,116991794,T01,656003,660,true,1,0,168,168,21184,140,2,SV194,0,0,0,1,[object Object],bandwidth,1,0,0,r1,3376560845,0.832,0,6.826663
OT01V2044194314,1776274558246.435,outbound-rtp,COT01_45_level-idx=5;profile=0;tier=0,video,video,2044194314,T01,781871,1603,true,0,0,506,506,203543,12,5,SV194,0,0,0,2,[object Object],bandwidth,1,0,0,r0,4169616129,8.044,0,5.601868
OT01V2953312151,1776274558246.435,outbound-rtp,COT01_45_level-idx=5;profile=0;tier=0,video,video,2953312151,T01,0,1,true,2,0,0,0,283,0,0,SV194,0,0,0,0,[object Object],bandwidth,1,0,0,r2,3339353029,0,0,0
OT01V116991794,1776274558446.416,outbound-rtp,COT01_45_level-idx=5;profile=0;tier=0,video,video,116991794,T01,684922,687,true,1,0,173,173,22048,145,2,SV194,0,0,0,1,[object Object],bandwidth,1,0,0,r1,3376560845,0.832,0,6.841940999999999
OT01V2044194314,1776274558446.416,outbound-rtp,COT01_45_level-idx=5;profile=0;tier=0,video,video,2044194314,T01,789008,1612,true,0,0,511,511,203831,12,5,SV194,0,0,0,2,[object Object],bandwidth,1,0,0,r0,4169616129,8.108,0,5.601871
OT01V2953312151,1776274558446.416,outbound-rtp,COT01_45_level-idx=5;profile=0;tier=0,video,video,2953312151,T01,0,1,true,2,0,0,0,283,0,0,SV194,0,0,0,0,[object Object],bandwidth,1,0,0,r2,3339353029,0,0,0
OT01V116991794,1776274558446.416,outbound-rtp,COT01_45_level-idx=5;profile=0;tier=0,video,video,116991794,T01,684922,687,true,1,0,173,173,22048,145,2,SV194,0,0,0,1,[object Object],bandwidth,1,0,0,r1,3376560845,0.832,0,6.841940999999999
OT01V2044194314,1776274558446.416,outbound-rtp,COT01_45_level-idx=5;profile=0;tier=0,video,video,2044194314,T01,789008,1612,true,0,0,511,511,203831,12,5,SV194,0,0,0,2,[object Object],bandwidth,1,0,0,r0,4169616129,8.108,0,5.601871
OT01V2953312151,1776274558446.416,outbound-rtp,COT01_45_level-idx=5;profile=0;tier=0,video,video,2953312151,T01,0,1,true,2,0,0,0,283,0,0,SV194,0,0,0,0,[object Object],bandwidth,1,0,0,r2,3339353029,0,0,0
OT01V116991794,1776274558646.486,outbound-rtp,COT01_45_level-idx=5;profile=0;tier=0,video,video,116991794,T01,708057,711,true,1,0,180,180,22816,152,2,SV194,0,0,0,1,[object Object],bandwidth,1,0,0,r1,3376560845,0.832,0,7.126462
OT01V2044194314,1776274558646.486,outbound-rtp,COT01_45_level-idx=5;profile=0;tier=0,video,video,2044194314,T01,795315,1622,true,0,0,518,518,204151,12,5,SV194,0,0,0,2,[object Object],bandwidth,1,0,0,r0,4169616129,8.204,0,5.647975
OT01V2953312151,1776274558646.486,outbound-rtp,COT01_45_level-idx=5;profile=0;tier=0,video,video,2953312151,T01,0,1,true,2,0,0,0,283,0,0,SV194,0,0,0,0,[object Object],bandwidth,1,0,0,r2,3339353029,0,0,0
OT01V116991794,1776274558646.486,outbound-rtp,COT01_45_level-idx=5;profile=0;tier=0,video,video,116991794,T01,708057,711,true,1,0,180,180,22816,152,2,SV194,0,0,0,1,[object Object],bandwidth,1,0,0,r1,3376560845,0.832,0,7.126462
OT01V2044194314,1776274558646.486,outbound-rtp,COT01_45_level-idx=5;profile=0;tier=0,video,video,2044194314,T01,795315,1622,true,0,0,518,518,204151,12,5,SV194,0,0,0,2,[object Object],bandwidth,1,0,0,r0,4169616129,8.204,0,5.647975
OT01V2953312151,1776274558646.486,outbound-rtp,COT01_45_level-idx=5;profile=0;tier=0,video,video,2953312151,T01,0,1,true,2,0,0,0,283,0,0,SV194,0,0,0,0,[object Object],bandwidth,1,0,0,r2,3339353029,0,0,0
OT01V116991794,1776274558846.547,outbound-rtp,COT01_45_level-idx=5;profile=0;tier=0,video,video,116991794,T01,736369,739,true,1,0,185,185,23712,157,2,SV194,0,0,0,1,[object Object],bandwidth,1,0,0,r1,3376560845,0.846,0,7.126468999999999
OT01V2044194314,1776274558846.547,outbound-rtp,COT01_45_level-idx=5;profile=0;tier=0,video,video,2044194314,T01,799720,1629,true,0,0,523,523,204375,12,5,SV194,0,0,0,2,[object Object],bandwidth,1,0,0,r0,4169616129,8.295,0,5.647978999999999
OT01V2953312151,1776274558846.547,outbound-rtp,COT01_45_level-idx=5;profile=0;tier=0,video,video,2953312151,T01,0,1,true,2,0,0,0,283,0,0,SV194,0,0,0,0,[object Object],bandwidth,1,0,0,r2,3339353029,0,0,0
OT01V116991794,1776274558846.547,outbound-rtp,COT01_45_level-idx=5;profile=0;tier=0,video,video,116991794,T01,736369,739,true,1,0,185,185,23712,157,2,SV194,0,0,0,1,[object Object],bandwidth,1,0,0,r1,3376560845,0.846,0,7.126468999999999
OT01V2044194314,1776274558846.547,outbound-rtp,COT01_45_level-idx=5;profile=0;tier=0,video,video,2044194314,T01,799720,1629,true,0,0,523,523,204375,12,5,SV194,0,0,0,2,[object Object],bandwidth,1,0,0,r0,4169616129,8.295,0,5.647978999999999
OT01V2953312151,1776274558846.547,outbound-rtp,COT01_45_level-idx=5;profile=0;tier=0,video,video,2953312151,T01,0,1,true,2,0,0,0,283,0,0,SV194,0,0,0,0,[object Object],bandwidth,1,0,0,r2,3339353029,0,0,0
OT01V116991794,1776274559046.569,outbound-rtp,COT01_45_level-idx=5;profile=0;tier=0,video,video,116991794,T01,759821,762,true,1,0,190,190,24448,162,2,SV194,0,0,0,1,[object Object],bandwidth,1,0,0,r1,3376560845,0.846,0,7.2414819999999995
OT01V2044194314,1776274559046.569,outbound-rtp,COT01_45_level-idx=5;profile=0;tier=0,video,video,2044194314,T01,808629,1640,true,0,0,529,529,204727,12,5,SV194,0,0,0,2,[object Object],bandwidth,1,0,0,r0,4169616129,8.372,0,5.647981
OT01V2953312151,1776274559046.569,outbound-rtp,COT01_45_level-idx=5;profile=0;tier=0,video,video,2953312151,T01,0,1,true,2,0,0,0,283,0,0,SV194,0,0,0,0,[object Object],bandwidth,1,0,0,r2,3339353029,0,0,0
OT01V116991794,1776274559046.569,outbound-rtp,COT01_45_level-idx=5;profile=0;tier=0,video,video,116991794,T01,759821,762,true,1,0,190,190,24448,162,2,SV194,0,0,0,1,[object Object],bandwidth,1,0,0,r1,3376560845,0.846,0,7.2414819999999995
OT01V2044194314,1776274559046.569,outbound-rtp,COT01_45_level-idx=5;profile=0;tier=0,video,video,2044194314,T01,808629,1640,true,0,0,529,529,204727,12,5,SV194,0,0,0,2,[object Object],bandwidth,1,0,0,r0,4169616129,8.372,0,5.647981
OT01V2953312151,1776274559046.569,outbound-rtp,COT01_45_level-idx=5;profile=0;tier=0,video,video,2953312151,T01,0,1,true,2,0,0,0,283,0,0,SV194,0,0,0,0,[object Object],bandwidth,1,0,0,r2,3339353029,0,0,0
OT01V116991794,1776274559246.42,outbound-rtp,COT01_45_level-idx=5;profile=0;tier=0,video,video,116991794,T01,788228,790,true,1,0,196,196,25344,168,2,SV194,0,0,0,1,[object Object],bandwidth,1,0,0,r1,3376560845,0.846,0,7.241496
OT01V2044194314,1776274559246.42,outbound-rtp,COT01_45_level-idx=5;profile=0;tier=0,video,video,2044194314,T01,817555,1651,true,0,0,534,534,205079,12,5,SV194,0,0,0,2,[object Object],bandwidth,1,0,0,r0,4169616129,8.462,0,5.647984999999999
OT01V2953312151,1776274559246.42,outbound-rtp,COT01_45_level-idx=5;profile=0;tier=0,video,video,2953312151,T01,0,1,true,2,0,0,0,283,0,0,SV194,0,0,0,0,[object Object],bandwidth,1,0,0,r2,3339353029,0,0,0
OT01V116991794,1776274559246.42,outbound-rtp,COT01_45_level-idx=5;profile=0;tier=0,video,video,116991794,T01,788228,790,true,1,0,196,196,25344,168,2,SV194,0,0,0,1,[object Object],bandwidth,1,0,0,r1,3376560845,0.846,0,7.241496
OT01V2044194314,1776274559246.42,outbound-rtp,COT01_45_level-idx=5;profile=0;tier=0,video,video,2044194314,T01,817555,1651,true,0,0,534,534,205079,12,5,SV194,0,0,0,2,[object Object],bandwidth,1,0,0,r0,4169616129,8.462,0,5.647984999999999
OT01V2953312151,1776274559246.42,outbound-rtp,COT01_45_level-idx=5;profile=0;tier=0,video,video,2953312151,T01,0,1,true,2,0,0,0,283,0,0,SV194,0,0,0,0,[object Object],bandwidth,1,0,0,r2,3339353029,0,0,0
OT01V116991794,1776274559446.469,outbound-rtp,COT01_45_level-idx=5;profile=0;tier=0,video,video,116991794,T01,818453,819,true,1,0,203,203,26272,175,2,SV194,0,0,0,1,[object Object],bandwidth,1,0,0,r1,3376560845,0.846,0,8.198952
OT01V2044194314,1776274559446.469,outbound-rtp,COT01_45_level-idx=5;profile=0;tier=0,video,video,2044194314,T01,825166,1663,true,0,0,541,541,205463,12,5,SV194,0,0,0,2,[object Object],bandwidth,1,0,0,r0,4169616129,8.554,0,5.782553999999999
OT01V2953312151,1776274559446.469,outbound-rtp,COT01_45_level-idx=5;profile=0;tier=0,video,video,2953312151,T01,0,1,true,2,0,0,0,283,0,0,SV194,0,0,0,0,[object Object],bandwidth,1,0,0,r2,3339353029,0,0,0
OT01V116991794,1776274559446.469,outbound-rtp,COT01_45_level-idx=5;profile=0;tier=0,video,video,116991794,T01,818453,819,true,1,0,203,203,26272,175,2,SV194,0,0,0,1,[object Object],bandwidth,1,0,0,r1,3376560845,0.846,0,8.198952
OT01V2044194314,1776274559446.469,outbound-rtp,COT01_45_level-idx=5;profile=0;tier=0,video,video,2044194314,T01,825166,1663,true,0,0,541,541,205463,12,5,SV194,0,0,0,2,[object Object],bandwidth,1,0,0,r0,4169616129,8.554,0,5.782553999999999
OT01V2953312151,1776274559446.469,outbound-rtp,COT01_45_level-idx=5;profile=0;tier=0,video,video,2953312151,T01,0,1,true,2,0,0,0,283,0,0,SV194,0,0,0,0,[object Object],bandwidth,1,0,0,r2,3339353029,0,0,0
OT01V116991794,1776274559646.485,outbound-rtp,COT01_45_level-idx=5;profile=0;tier=0,video,video,116991794,T01,844914,844,true,1,0,207,207,27072,179,2,SV194,0,0,0,1,[object Object],bandwidth,1,0,0,r1,3376560845,0.846,0,8.280299
OT01V2044194314,1776274559646.485,outbound-rtp,COT01_45_level-idx=5;profile=0;tier=0,video,video,2044194314,T01,833613,1673,true,0,0,546,546,205783,12,5,SV194,0,0,0,2,[object Object],bandwidth,1,0,0,r0,4169616129,8.608,0,5.7890999999999995
OT01V2953312151,1776274559646.485,outbound-rtp,COT01_45_level-idx=5;profile=0;tier=0,video,video,2953312151,T01,0,1,true,2,0,0,0,283,0,0,SV194,0,0,0,0,[object Object],bandwidth,1,0,0,r2,3339353029,0,0,0
OT01V116991794,1776274559646.485,outbound-rtp,COT01_45_level-idx=5;profile=0;tier=0,video,video,116991794,T01,844914,844,true,1,0,207,207,27072,179,2,SV194,0,0,0,1,[object Object],bandwidth,1,0,0,r1,3376560845,0.846,0,8.280299
OT01V2044194314,1776274559646.485,outbound-rtp,COT01_45_level-idx=5;profile=0;tier=0,video,video,2044194314,T01,833613,1673,true,0,0,546,546,205783,12,5,SV194,0,0,0,2,[object Object],bandwidth,1,0,0,r0,4169616129,8.608,0,5.7890999999999995
OT01V2953312151,1776274559646.485,outbound-rtp,COT01_45_level-idx=5;profile=0;tier=0,video,video,2953312151,T01,0,1,true,2,0,0,0,283,0,0,SV194,0,0,0,0,[object Object],bandwidth,1,0,0,r2,3339353029,0,0,0
OT01V116991794,1776274559846.416,outbound-rtp,COT01_45_level-idx=5;profile=0;tier=0,video,video,116991794,T01,865150,864,true,1,0,213,213,27712,185,2,SV194,0,0,0,1,[object Object],bandwidth,1,0,0,r1,3376560845,0.846,0,8.280306
OT01V2044194314,1776274559846.416,outbound-rtp,COT01_45_level-idx=5;profile=0;tier=0,video,video,2044194314,T01,843402,1684,true,0,0,551,551,206135,12,5,SV194,0,0,0,2,[object Object],bandwidth,1,0,0,r0,4169616129,8.686,0,5.78911
OT01V2953312151,1776274559846.416,outbound-rtp,COT01_45_level-idx=5;profile=0;tier=0,video,video,2953312151,T01,0,1,true,2,0,0,0,283,0,0,SV194,0,0,0,0,[object Object],bandwidth,1,0,0,r2,3339353029,0,0,0
OT01V116991794,1776274559846.416,outbound-rtp,COT01_45_level-idx=5;profile=0;tier=0,video,video,116991794,T01,865150,864,true,1,0,213,213,27712,185,2,SV194,0,0,0,1,[object Object],bandwidth,1,0,0,r1,3376560845,0.846,0,8.280306
OT01V2044194314,1776274559846.416,outbound-rtp,COT01_45_level-idx=5;profile=0;tier=0,video,video,2044194314,T01,843402,1684,true,0,0,551,551,206135,12,5,SV194,0,0,0,2,[object Object],bandwidth,1,0,0,r0,4169616129,8.686,0,5.78911
OT01V2953312151,1776274559846.416,outbound-rtp,COT01_45_level-idx=5;profile=0;tier=0,video,video,2953312151,T01,0,1,true,2,0,0,0,283,0,0,SV194,0,0,0,0,[object Object],bandwidth,1,0,0,r2,3339353029,0,0,0
OT01V116991794,1776274560046.415,outbound-rtp,COT01_45_level-idx=5;profile=0;tier=0,video,video,116991794,T01,897235,894,true,1,0,218,218,28672,190,2,SV194,0,0,0,1,[object Object],bandwidth,1,0,0,r1,3376560845,0.846,0,8.280316
OT01V2044194314,1776274560046.415,outbound-rtp,COT01_45_level-idx=5;profile=0;tier=0,video,video,2044194314,T01,850870,1693,true,0,0,556,556,206423,12,5,SV194,0,0,0,2,[object Object],bandwidth,1,0,0,r0,4169616129,8.753,0,5.789115
OT01V2953312151,1776274560046.415,outbound-rtp,COT01_45_level-idx=5;profile=0;tier=0,video,video,2953312151,T01,0,1,true,2,0,0,0,283,0,0,SV194,0,0,0,0,[object Object],bandwidth,1,0,0,r2,3339353029,0,0,0
OT01V116991794,1776274560046.415,outbound-rtp,COT01_45_level-idx=5;profile=0;tier=0,video,video,116991794,T01,897235,894,true,1,0,218,218,28672,190,2,SV194,0,0,0,1,[object Object],bandwidth,1,0,0,r1,3376560845,0.846,0,8.280316
OT01V2044194314,1776274560046.415,outbound-rtp,COT01_45_level-idx=5;profile=0;tier=0,video,video,2044194314,T01,850870,1693,true,0,0,556,556,206423,12,5,SV194,0,0,0,2,[object Object],bandwidth,1,0,0,r0,4169616129,8.753,0,5.789115
OT01V2953312151,1776274560046.415,outbound-rtp,COT01_45_level-idx=5;profile=0;tier=0,video,video,2953312151,T01,0,1,true,2,0,0,0,283,0,0,SV194,0,0,0,0,[object Object],bandwidth,1,0,0,r2,3339353029,0,0,0
OT01V116991794,1776274560246.424,outbound-rtp,COT01_45_level-idx=5;profile=0;tier=0,video,video,116991794,T01,923093,920,true,1,0,224,224,29504,196,2,SV194,0,0,0,1,[object Object],bandwidth,1,0,0,r1,3376560845,0.846,0,8.394371
OT01V2044194314,1776274560246.424,outbound-rtp,COT01_45_level-idx=5;profile=0;tier=0,video,video,2044194314,T01,858892,1702,true,0,0,562,562,206711,12,5,SV194,0,0,0,2,[object Object],bandwidth,1,0,0,r0,4169616129,8.849,0,5.794797
OT01V2953312151,1776274560246.424,outbound-rtp,COT01_45_level-idx=5;profile=0;tier=0,video,video,2953312151,T01,0,1,true,2,0,0,0,283,0,0,SV194,0,0,0,0,[object Object],bandwidth,1,0,0,r2,3339353029,0,0,0
OT01V116991794,1776274560246.424,outbound-rtp,COT01_45_level-idx=5;profile=0;tier=0,video,video,116991794,T01,923093,920,true,1,0,224,224,29504,196,2,SV194,0,0,0,1,[object Object],bandwidth,1,0,0,r1,3376560845,0.846,0,8.394371
OT01V2044194314,1776274560246.424,outbound-rtp,COT01_45_level-idx=5;profile=0;tier=0,video,video,2044194314,T01,858892,1702,true,0,0,562,562,206711,12,5,SV194,0,0,0,2,[object Object],bandwidth,1,0,0,r0,4169616129,8.849,0,5.794797
OT01V2953312151,1776274560246.424,outbound-rtp,COT01_45_level-idx=5;profile=0;tier=0,video,video,2953312151,T01,0,1,true,2,0,0,0,283,0,0,SV194,0,0,0,0,[object Object],bandwidth,1,0,0,r2,3339353029,0,0,0
OT01V116991794,1776274560446.422,outbound-rtp,COT01_45_level-idx=5;profile=0;tier=0,video,video,116991794,T01,959051,954,true,1,0,231,231,30592,203,2,SV194,0,0,0,1,[object Object],bandwidth,1,0,0,r1,3376560845,0.874,0,8.394403
OT01V2044194314,1776274560446.422,outbound-rtp,COT01_45_level-idx=5;profile=0;tier=0,video,video,2044194314,T01,865150,1710,true,0,0,568,568,206967,12,5,SV194,0,0,0,2,[object Object],bandwidth,1,0,0,r0,4169616129,8.929,0,5.794798
OT01V2953312151,1776274560446.422,outbound-rtp,COT01_45_level-idx=5;profile=0;tier=0,video,video,2953312151,T01,0,1,true,2,0,0,0,283,0,0,SV194,0,0,0,0,[object Object],bandwidth,1,0,0,r2,3339353029,0,0,0
OT01V116991794,1776274560446.422,outbound-rtp,COT01_45_level-idx=5;profile=0;tier=0,video,video,116991794,T01,959051,954,true,1,0,231,231,30592,203,2,SV194,0,0,0,1,[object Object],bandwidth,1,0,0,r1,3376560845,0.874,0,8.394403
OT01V2044194314,1776274560446.422,outbound-rtp,COT01_45_level-idx=5;profile=0;tier=0,video,video,2044194314,T01,865150,1710,true,0,0,568,568,206967,12,5,SV194,0,0,0,2,[object Object],bandwidth,1,0,0,r0,4169616129,8.929,0,5.794798
OT01V2953312151,1776274560446.422,outbound-rtp,COT01_45_level-idx=5;profile=0;tier=0,video,video,2953312151,T01,0,1,true,2,0,0,0,283,0,0,SV194,0,0,0,0,[object Object],bandwidth,1,0,0,r2,3339353029,0,0,0
OT01V116991794,1776274560646.486,outbound-rtp,COT01_45_level-idx=5;profile=0;tier=0,video,video,116991794,T01,976334,972,true,1,0,235,235,31168,207,2,SV194,0,0,0,1,[object Object],bandwidth,1,0,0,r1,3376560845,0.874,0,8.432877
OT01V2044194314,1776274560646.486,outbound-rtp,COT01_45_level-idx=5;profile=0;tier=0,video,video,2044194314,T01,881191,1729,true,0,0,574,574,207575,12,5,SV194,0,0,0,2,[object Object],bandwidth,1,0,0,r0,4169616129,9.015,0,5.815709
OT01V2953312151,1776274560646.486,outbound-rtp,COT01_45_level-idx=5;profile=0;tier=0,video,video,2953312151,T01,0,1,true,2,0,0,0,283,0,0,SV194,0,0,0,0,[object Object],bandwidth,1,0,0,r2,3339353029,0,0,0
OT01V116991794,1776274560646.486,outbound-rtp,COT01_45_level-idx=5;profile=0;tier=0,video,video,116991794,T01,976334,972,true,1,0,235,235,31168,207,2,SV194,0,0,0,1,[object Object],bandwidth,1,0,0,r1,3376560845,0.874,0,8.432877
OT01V2044194314,1776274560646.486,outbound-rtp,COT01_45_level-idx=5;profile=0;tier=0,video,video,2044194314,T01,881191,1729,true,0,0,574,574,207575,12,5,SV194,0,0,0,2,[object Object],bandwidth,1,0,0,r0,4169616129,9.015,0,5.815709
OT01V2953312151,1776274560646.486,outbound-rtp,COT01_45_level-idx=5;profile=0;tier=0,video,video,2953312151,T01,0,1,true,2,0,0,0,283,0,0,SV194,0,0,0,0,[object Object],bandwidth,1,0,0,r2,3339353029,0,0,0
OT01V116991794,1776274560846.435,outbound-rtp,COT01_45_level-idx=5;profile=0;tier=0,video,video,116991794,T01,1008103,1002,true,1,0,242,242,32128,213,2,SV194,0,0,0,1,[object Object],bandwidth,1,0,0,r1,3376560845,0.901,0,8.432894
OT01V2044194314,1776274560846.435,outbound-rtp,COT01_45_level-idx=5;profile=0;tier=0,video,video,2044194314,T01,896908,1745,true,0,0,579,579,208087,12,5,SV194,0,0,0,2,[object Object],bandwidth,1,0,0,r0,4169616129,9.074,0,5.815713
OT01V2953312151,1776274560846.435,outbound-rtp,COT01_45_level-idx=5;profile=0;tier=0,video,video,2953312151,T01,0,1,true,2,0,0,0,283,0,0,SV194,0,0,0,0,[object Object],bandwidth,1,0,0,r2,3339353029,0,0,0
OT01V116991794,1776274560846.435,outbound-rtp,COT01_45_level-idx=5;profile=0;tier=0,video,video,116991794,T01,1008103,1002,true,1,0,242,242,32128,213,2,SV194,0,0,0,1,[object Object],bandwidth,1,0,0,r1,3376560845,0.901,0,8.432894
OT01V2044194314,1776274560846.435,outbound-rtp,COT01_45_level-idx=5;profile=0;tier=0,video,video,2044194314,T01,896908,1745,true,0,0,579,579,208087,12,5,SV194,0,0,0,2,[object Object],bandwidth,1,0,0,r0,4169616129,9.074,0,5.815713
OT01V2953312151,1776274560846.435,outbound-rtp,COT01_45_level-idx=5;profile=0;tier=0,video,video,2953312151,T01,0,1,true,2,0,0,0,283,0,0,SV194,0,0,0,0,[object Object],bandwidth,1,0,0,r2,3339353029,0,0,0
OT01V116991794,1776274561046.485,outbound-rtp,COT01_45_level-idx=5;profile=0;tier=0,video,video,116991794,T01,1033124,1025,true,1,0,247,247,32864,218,2,SV194,0,0,0,1,[object Object],bandwidth,1,0,0,r1,3376560845,0.901,0,8.632275
OT01V2044194314,1776274561046.485,outbound-rtp,COT01_45_level-idx=5;profile=0;tier=0,video,video,2044194314,T01,903230,1753,true,0,0,584,584,208343,12,5,SV194,0,0,0,2,[object Object],bandwidth,1,0,0,r0,4169616129,9.133,0,5.826381
OT01V2953312151,1776274561046.485,outbound-rtp,COT01_45_level-idx=5;profile=0;tier=0,video,video,2953312151,T01,0,1,true,2,0,0,0,283,0,0,SV194,0,0,0,0,[object Object],bandwidth,1,0,0,r2,3339353029,0,0,0
OT01V116991794,1776274561046.485,outbound-rtp,COT01_45_level-idx=5;profile=0;tier=0,video,video,116991794,T01,1033124,1025,true,1,0,247,247,32864,218,2,SV194,0,0,0,1,[object Object],bandwidth,1,0,0,r1,3376560845,0.901,0,8.632275
OT01V2044194314,1776274561046.485,outbound-rtp,COT01_45_level-idx=5;profile=0;tier=0,video,video,2044194314,T01,903230,1753,true,0,0,584,584,208343,12,5,SV194,0,0,0,2,[object Object],bandwidth,1,0,0,r0,4169616129,9.133,0,5.826381
OT01V2953312151,1776274561046.485,outbound-rtp,COT01_45_level-idx=5;profile=0;tier=0,video,video,2953312151,T01,0,1,true,2,0,0,0,283,0,0,SV194,0,0,0,0,[object Object],bandwidth,1,0,0,r2,3339353029,0,0,0
OT01V116991794,1776274561246.484,outbound-rtp,COT01_45_level-idx=5;profile=0;tier=0,video,video,116991794,T01,1065009,1057,true,1,0,253,253,33888,224,2,SV194,0,0,0,1,[object Object],bandwidth,1,0,0,r1,3376560845,0.901,0,8.632294
OT01V2044194314,1776274561246.484,outbound-rtp,COT01_45_level-idx=5;profile=0;tier=0,video,video,2044194314,T01,909906,1763,true,0,0,590,590,208910,12,5,SV194,0,0,0,2,[object Object],bandwidth,1,0,0,r0,4169616129,9.226,0,5.826389
OT01V2953312151,1776274561246.484,outbound-rtp,COT01_45_level-idx=5;profile=0;tier=0,video,video,2953312151,T01,0,1,true,2,0,0,0,283,0,0,SV194,0,0,0,0,[object Object],bandwidth,1,0,0,r2,3339353029,0,0,0
OT01V116991794,1776274561246.484,outbound-rtp,COT01_45_level-idx=5;profile=0;tier=0,video,video,116991794,T01,1065009,1057,true,1,0,253,253,33888,224,2,SV194,0,0,0,1,[object Object],bandwidth,1,0,0,r1,3376560845,0.901,0,8.632294
OT01V2044194314,1776274561246.484,outbound-rtp,COT01_45_level-idx=5;profile=0;tier=0,video,video,2044194314,T01,909906,1763,true,0,0,590,590,208910,12,5,SV194,0,0,0,2,[object Object],bandwidth,1,0,0,r0,4169616129,9.226,0,5.826389
OT01V2953312151,1776274561246.484,outbound-rtp,COT01_45_level-idx=5;profile=0;tier=0,video,video,2953312151,T01,0,1,true,2,0,0,0,283,0,0,SV194,0,0,0,0,[object Object],bandwidth,1,0,0,r2,3339353029,0,0,0
OT01V116991794,1776274561446.454,outbound-rtp,COT01_45_level-idx=5;profile=0;tier=0,video,video,116991794,T01,1092809,1084,true,1,0,259,259,34748,229,2,SV194,0,0,0,1,[object Object],bandwidth,1,0,0,r1,3376560845,0.911,0,8.707824
OT01V2044194314,1776274561446.454,outbound-rtp,COT01_45_level-idx=5;profile=0;tier=0,video,video,2044194314,T01,923493,1785,true,0,0,596,596,211096,12,5,SV194,0,0,0,2,[object Object],bandwidth,1,0,0,r0,4169616129,9.309,0,5.826403
OT01V2953312151,1776274561446.454,outbound-rtp,COT01_45_level-idx=5;profile=0;tier=0,video,video,2953312151,T01,0,1,true,2,0,0,0,283,0,0,SV194,0,0,0,0,[object Object],bandwidth,1,0,0,r2,3339353029,0,0,0
OT01V116991794,1776274561446.454,outbound-rtp,COT01_45_level-idx=5;profile=0;tier=0,video,video,116991794,T01,1092809,1084,true,1,0,259,259,34748,229,2,SV194,0,0,0,1,[object Object],bandwidth,1,0,0,r1,3376560845,0.911,0,8.707824
OT01V2044194314,1776274561446.454,outbound-rtp,COT01_45_level-idx=5;profile=0;tier=0,video,video,2044194314,T01,923493,1785,true,0,0,596,596,211096,12,5,SV194,0,0,0,2,[object Object],bandwidth,1,0,0,r0,4169616129,9.309,0,5.826403
OT01V2953312151,1776274561446.454,outbound-rtp,COT01_45_level-idx=5;profile=0;tier=0,video,video,2953312151,T01,0,1,true,2,0,0,0,283,0,0,SV194,0,0,0,0,[object Object],bandwidth,1,0,0,r2,3339353029,0,0,0
OT01V116991794,1776274561646.488,outbound-rtp,COT01_45_level-idx=5;profile=0;tier=0,video,video,116991794,T01,1118100,1109,true,1,0,264,264,35779,233,2,SV194,0,0,0,1,[object Object],bandwidth,1,0,0,r1,3376560845,0.937,0,8.707837999999999
OT01V2044194314,1776274561646.488,outbound-rtp,COT01_45_level-idx=5;profile=0;tier=0,video,video,2044194314,T01,935134,1804,true,0,0,601,601,213186,12,5,SV194,0,0,0,2,[object Object],bandwidth,1,0,0,r0,4169616129,9.361,0,5.826414
OT01V2953312151,1776274561646.488,outbound-rtp,COT01_45_level-idx=5;profile=0;tier=0,video,video,2953312151,T01,0,1,true,2,0,0,0,283,0,0,SV194,0,0,0,0,[object Object],bandwidth,1,0,0,r2,3339353029,0,0,0
OT01V116991794,1776274561646.488,outbound-rtp,COT01_45_level-idx=5;profile=0;tier=0,video,video,116991794,T01,1118100,1109,true,1,0,264,264,35779,233,2,SV194,0,0,0,1,[object Object],bandwidth,1,0,0,r1,3376560845,0.937,0,8.707837999999999
OT01V2044194314,1776274561646.488,outbound-rtp,COT01_45_level-idx=5;profile=0;tier=0,video,video,2044194314,T01,935134,1804,true,0,0,601,601,213186,12,5,SV194,0,0,0,2,[object Object],bandwidth,1,0,0,r0,4169616129,9.361,0,5.826414
OT01V2953312151,1776274561646.488,outbound-rtp,COT01_45_level-idx=5;profile=0;tier=0,video,video,2953312151,T01,0,1,true,2,0,0,0,283,0,0,SV194,0,0,0,0,[object Object],bandwidth,1,0,0,r2,3339353029,0,0,0
OT01V116991794,1776274561846.391,outbound-rtp,COT01_45_level-idx=5;profile=0;tier=0,video,video,116991794,T01,1156179,1146,true,1,0,271,271,36963,240,2,SV194,0,0,0,1,[object Object],bandwidth,1,0,0,r1,3376560845,0.937,0,8.707859
OT01V2044194314,1776274561846.391,outbound-rtp,COT01_45_level-idx=5;profile=0;tier=0,video,video,2044194314,T01,944385,1817,true,0,0,607,607,214096,12,5,SV194,0,0,0,2,[object Object],bandwidth,1,0,0,r0,4169616129,9.442,0,5.82642
OT01V2953312151,1776274561846.391,outbound-rtp,COT01_45_level-idx=5;profile=0;tier=0,video,video,2953312151,T01,0,1,true,2,0,0,0,283,0,0,SV194,0,0,0,0,[object Object],bandwidth,1,0,0,r2,3339353029,0,0,0
OT01V116991794,1776274561846.391,outbound-rtp,COT01_45_level-idx=5;profile=0;tier=0,video,video,116991794,T01,1156179,1146,true,1,0,271,271,36963,240,2,SV194,0,0,0,1,[object Object],bandwidth,1,0,0,r1,3376560845,0.937,0,8.707859
OT01V2044194314,1776274561846.391,outbound-rtp,COT01_45_level-idx=5;profile=0;tier=0,video,video,2044194314,T01,944385,1817,true,0,0,607,607,214096,12,5,SV194,0,0,0,2,[object Object],bandwidth,1,0,0,r0,4169616129,9.442,0,5.82642
OT01V2953312151,1776274561846.391,outbound-rtp,COT01_45_level-idx=5;profile=0;tier=0,video,video,2953312151,T01,0,1,true,2,0,0,0,283,0,0,SV194,0,0,0,0,[object Object],bandwidth,1,0,0,r2,3339353029,0,0,0
OT01V116991794,1776274562046.389,outbound-rtp,COT01_45_level-idx=5;profile=0;tier=0,video,video,116991794,T01,1182585,1171,true,1,0,276,276,37763,245,2,SV194,0,0,0,1,[object Object],bandwidth,1,0,0,r1,3376560845,0.937,0,8.707875999999999
OT01V2044194314,1776274562046.389,outbound-rtp,COT01_45_level-idx=5;profile=0;tier=0,video,video,2044194314,T01,954019,1829,true,0,0,612,612,214480,12,5,SV194,0,0,0,2,[object Object],bandwidth,1,0,0,r0,4169616129,9.498,0,5.826428
OT01V2953312151,1776274562046.389,outbound-rtp,COT01_45_level-idx=5;profile=0;tier=0,video,video,2953312151,T01,0,1,true,2,0,0,0,283,0,0,SV194,0,0,0,0,[object Object],bandwidth,1,0,0,r2,3339353029,0,0,0
OT01V116991794,1776274562046.389,outbound-rtp,COT01_45_level-idx=5;profile=0;tier=0,video,video,116991794,T01,1182585,1171,true,1,0,276,276,37763,245,2,SV194,0,0,0,1,[object Object],bandwidth,1,0,0,r1,3376560845,0.937,0,8.707875999999999
OT01V2044194314,1776274562046.389,outbound-rtp,COT01_45_level-idx=5;profile=0;tier=0,video,video,2044194314,T01,954019,1829,true,0,0,612,612,214480,12,5,SV194,0,0,0,2,[object Object],bandwidth,1,0,0,r0,4169616129,9.498,0,5.826428
OT01V2953312151,1776274562046.389,outbound-rtp,COT01_45_level-idx=5;profile=0;tier=0,video,video,2953312151,T01,0,1,true,2,0,0,0,283,0,0,SV194,0,0,0,0,[object Object],bandwidth,1,0,0,r2,3339353029,0,0,0
OT01V116991794,1776274562246.382,outbound-rtp,COT01_45_level-idx=5;profile=0;tier=0,video,video,116991794,T01,1211338,1199,true,1,0,281,281,38659,249,2,SV194,0,0,0,1,[object Object],bandwidth,1,0,0,r1,3376560845,0.973,0,8.810975
OT01V2044194314,1776274562246.382,outbound-rtp,COT01_45_level-idx=5;profile=0;tier=0,video,video,2044194314,T01,969370,1846,true,0,0,617,617,215024,12,5,SV194,0,0,0,2,[object Object],bandwidth,1,0,0,r0,4169616129,9.581,0,5.831137
OT01V2953312151,1776274562246.382,outbound-rtp,COT01_45_level-idx=5;profile=0;tier=0,video,video,2953312151,T01,0,1,true,2,0,0,0,283,0,0,SV194,0,0,0,0,[object Object],bandwidth,1,0,0,r2,3339353029,0,0,0
OT01V116991794,1776274562246.382,outbound-rtp,COT01_45_level-idx=5;profile=0;tier=0,video,video,116991794,T01,1211338,1199,true,1,0,281,281,38659,249,2,SV194,0,0,0,1,[object Object],bandwidth,1,0,0,r1,3376560845,0.973,0,8.810975
OT01V2044194314,1776274562246.382,outbound-rtp,COT01_45_level-idx=5;profile=0;tier=0,video,video,2044194314,T01,969370,1846,true,0,0,617,617,215024,12,5,SV194,0,0,0,2,[object Object],bandwidth,1,0,0,r0,4169616129,9.581,0,5.831137
OT01V2953312151,1776274562246.382,outbound-rtp,COT01_45_level-idx=5;profile=0;tier=0,video,video,2953312151,T01,0,1,true,2,0,0,0,283,0,0,SV194,0,0,0,0,[object Object],bandwidth,1,0,0,r2,3339353029,0,0,0
OT01V116991794,1776274562446.426,outbound-rtp,COT01_45_level-idx=5;profile=0;tier=0,video,video,116991794,T01,1239740,1228,true,1,0,287,287,39587,255,2,SV194,0,0,0,1,[object Object],bandwidth,1,0,0,r1,3376560845,0.973,0,8.810996
OT01V2044194314,1776274562446.426,outbound-rtp,COT01_45_level-idx=5;profile=0;tier=0,video,video,2044194314,T01,987504,1865,true,0,0,624,624,215632,12,5,SV194,0,0,0,2,[object Object],bandwidth,1,0,0,r0,4169616129,9.674,0,5.8311459999999995
OT01V2953312151,1776274562446.426,outbound-rtp,COT01_45_level-idx=5;profile=0;tier=0,video,video,2953312151,T01,0,1,true,2,0,0,0,283,0,0,SV194,0,0,0,0,[object Object],bandwidth,1,0,0,r2,3339353029,0,0,0
OT01V116991794,1776274562446.426,outbound-rtp,COT01_45_level-idx=5;profile=0;tier=0,video,video,116991794,T01,1239740,1228,true,1,0,287,287,39587,255,2,SV194,0,0,0,1,[object Object],bandwidth,1,0,0,r1,3376560845,0.973,0,8.810996
OT01V2044194314,1776274562446.426,outbound-rtp,COT01_45_level-idx=5;profile=0;tier=0,video,video,2044194314,T01,987504,1865,true,0,0,624,624,215632,12,5,SV194,0,0,0,2,[object Object],bandwidth,1,0,0,r0,4169616129,9.674,0,5.8311459999999995
OT01V2953312151,1776274562446.426,outbound-rtp,COT01_45_level-idx=5;profile=0;tier=0,video,video,2953312151,T01,0,1,true,2,0,0,0,283,0,0,SV194,0,0,0,0,[object Object],bandwidth,1,0,0,r2,3339353029,0,0,0
OT01V116991794,1776274562646.421,outbound-rtp,COT01_45_level-idx=5;profile=0;tier=0,video,video,116991794,T01,1272379,1257,true,1,0,292,292,40515,260,2,SV194,0,0,0,1,[object Object],bandwidth,1,0,0,r1,3376560845,0.973,0,9.379684
OT01V2044194314,1776274562646.421,outbound-rtp,COT01_45_level-idx=5;profile=0;tier=0,video,video,2044194314,T01,997347,1878,true,0,0,630,630,216048,12,5,SV194,0,0,0,2,[object Object],bandwidth,1,0,0,r0,4169616129,9.747,0,5.864383999999999
OT01V2953312151,1776274562646.421,outbound-rtp,COT01_45_level-idx=5;profile=0;tier=0,video,video,2953312151,T01,0,1,true,2,0,0,0,283,0,0,SV194,0,0,0,0,[object Object],bandwidth,1,0,0,r2,3339353029,0,0,0
OT01V116991794,1776274562646.421,outbound-rtp,COT01_45_level-idx=5;profile=0;tier=0,video,video,116991794,T01,1272379,1257,true,1,0,292,292,40515,260,2,SV194,0,0,0,1,[object Object],bandwidth,1,0,0,r1,3376560845,0.973,0,9.379684
OT01V2044194314,1776274562646.421,outbound-rtp,COT01_45_level-idx=5;profile=0;tier=0,video,video,2044194314,T01,997347,1878,true,0,0,630,630,216048,12,5,SV194,0,0,0,2,[object Object],bandwidth,1,0,0,r0,4169616129,9.747,0,5.864383999999999
OT01V2953312151,1776274562646.421,outbound-rtp,COT01_45_level-idx=5;profile=0;tier=0,video,video,2953312151,T01,0,1,true,2,0,0,0,283,0,0,SV194,0,0,0,0,[object Object],bandwidth,1,0,0,r2,3339353029,0,0,0
OT01V116991794,1776274562846.43,outbound-rtp,COT01_45_level-idx=5;profile=0;tier=0,video,video,116991794,T01,1307387,1290,true,1,0,299,299,41559,266,2,SV194,0,0,0,1,[object Object],bandwidth,1,0,0,r1,3376560845,0.989,0,9.379705999999999
OT01V2044194314,1776274562846.43,outbound-rtp,COT01_45_level-idx=5;profile=0;tier=0,video,video,2044194314,T01,1008147,1890,true,0,0,635,635,216432,12,5,SV194,0,0,0,2,[object Object],bandwidth,1,0,0,r0,4169616129,9.821,0,5.864393
OT01V2953312151,1776274562846.43,outbound-rtp,COT01_45_level-idx=5;profile=0;tier=0,video,video,2953312151,T01,0,1,true,2,0,0,0,283,0,0,SV194,0,0,0,0,[object Object],bandwidth,1,0,0,r2,3339353029,0,0,0
OT01V116991794,1776274562846.43,outbound-rtp,COT01_45_level-idx=5;profile=0;tier=0,video,video,116991794,T01,1307387,1290,true,1,0,299,299,41559,266,2,SV194,0,0,0,1,[object Object],bandwidth,1,0,0,r1,3376560845,0.989,0,9.379705999999999
OT01V2044194314,1776274562846.43,outbound-rtp,COT01_45_level-idx=5;profile=0;tier=0,video,video,2044194314,T01,1008147,1890,true,0,0,635,635,216432,12,5,SV194,0,0,0,2,[object Object],bandwidth,1,0,0,r0,4169616129,9.821,0,5.864393
OT01V2953312151,1776274562846.43,outbound-rtp,COT01_45_level-idx=5;profile=0;tier=0,video,video,2953312151,T01,0,1,true,2,0,0,0,283,0,0,SV194,0,0,0,0,[object Object],bandwidth,1,0,0,r2,3339353029,0,0,0
OT01V116991794,1776274563046.426,outbound-rtp,COT01_45_level-idx=5;profile=0;tier=0,video,video,116991794,T01,1345011,1325,true,1,0,304,304,42679,271,2,SV194,0,0,0,1,[object Object],bandwidth,1,0,0,r1,3376560845,0.989,0,9.794955
OT01V2044194314,1776274563046.426,outbound-rtp,COT01_45_level-idx=5;profile=0;tier=0,video,video,2044194314,T01,1015473,1900,true,0,0,640,640,216752,12,5,SV194,0,0,0,2,[object Object],bandwidth,1,0,0,r0,4169616129,9.886,0,5.940307
OT01V2953312151,1776274563046.426,outbound-rtp,COT01_45_level-idx=5;profile=0;tier=0,video,video,2953312151,T01,0,1,true,2,0,0,0,283,0,0,SV194,0,0,0,0,[object Object],bandwidth,1,0,0,r2,3339353029,0,0,0
OT01V116991794,1776274563046.426,outbound-rtp,COT01_45_level-idx=5;profile=0;tier=0,video,video,116991794,T01,1345011,1325,true,1,0,304,304,42679,271,2,SV194,0,0,0,1,[object Object],bandwidth,1,0,0,r1,3376560845,0.989,0,9.794955
OT01V2044194314,1776274563046.426,outbound-rtp,COT01_45_level-idx=5;profile=0;tier=0,video,video,2044194314,T01,1015473,1900,true,0,0,640,640,216752,12,5,SV194,0,0,0,2,[object Object],bandwidth,1,0,0,r0,4169616129,9.886,0,5.940307
OT01V2953312151,1776274563046.426,outbound-rtp,COT01_45_level-idx=5;profile=0;tier=0,video,video,2953312151,T01,0,1,true,2,0,0,0,283,0,0,SV194,0,0,0,0,[object Object],bandwidth,1,0,0,r2,3339353029,0,0,0
OT01V116991794,1776274563246.421,outbound-rtp,COT01_45_level-idx=5;profile=0;tier=0,video,video,116991794,T01,1377465,1357,true,1,0,309,309,43703,275,2,SV194,0,0,0,1,[object Object],bandwidth,1,0,0,r1,3376560845,1.004,0,9.794972999999999
OT01V2044194314,1776274563246.421,outbound-rtp,COT01_45_level-idx=5;profile=0;tier=0,video,video,2044194314,T01,1027535,1912,true,0,0,645,645,217136,12,5,SV194,0,0,0,2,[object Object],bandwidth,1,0,0,r0,4169616129,9.976,0,5.940312
OT01V2953312151,1776274563246.421,outbound-rtp,COT01_45_level-idx=5;profile=0;tier=0,video,video,2953312151,T01,0,1,true,2,0,0,0,283,0,0,SV194,0,0,0,0,[object Object],bandwidth,1,0,0,r2,3339353029,0,0,0
OT01V116991794,1776274563246.421,outbound-rtp,COT01_45_level-idx=5;profile=0;tier=0,video,video,116991794,T01,1377465,1357,true,1,0,309,309,43703,275,2,SV194,0,0,0,1,[object Object],bandwidth,1,0,0,r1,3376560845,1.004,0,9.794972999999999
OT01V2044194314,1776274563246.421,outbound-rtp,COT01_45_level-idx=5;profile=0;tier=0,video,video,2044194314,T01,1027535,1912,true,0,0,645,645,217136,12,5,SV194,0,0,0,2,[object Object],bandwidth,1,0,0,r0,4169616129,9.976,0,5.940312
OT01V2953312151,1776274563246.421,outbound-rtp,COT01_45_level-idx=5;profile=0;tier=0,video,video,2953312151,T01,0,1,true,2,0,0,0,283,0,0,SV194,0,0,0,0,[object Object],bandwidth,1,0,0,r2,3339353029,0,0,0
OT01V116991794,1776274563446.456,outbound-rtp,COT01_45_level-idx=5;profile=0;tier=0,video,video,116991794,T01,1414753,1394,true,1,0,316,316,44887,282,2,SV194,0,0,0,1,[object Object],bandwidth,1,0,0,r1,3376560845,1.004,0,9.970607
OT01V2044194314,1776274563446.456,outbound-rtp,COT01_45_level-idx=5;profile=0;tier=0,video,video,2044194314,T01,1042863,1929,true,0,0,652,652,217680,12,5,SV194,0,0,0,2,[object Object],bandwidth,1,0,0,r0,4169616129,10.064,0,5.946027
OT01V2953312151,1776274563446.456,outbound-rtp,COT01_45_level-idx=5;profile=0;tier=0,video,video,2953312151,T01,0,1,true,2,0,0,0,283,0,0,SV194,0,0,0,0,[object Object],bandwidth,1,0,0,r2,3339353029,0,0,0
OT01V116991794,1776274563446.456,outbound-rtp,COT01_45_level-idx=5;profile=0;tier=0,video,video,116991794,T01,1414753,1394,true,1,0,316,316,44887,282,2,SV194,0,0,0,1,[object Object],bandwidth,1,0,0,r1,3376560845,1.004,0,9.970607
OT01V2044194314,1776274563446.456,outbound-rtp,COT01_45_level-idx=5;profile=0;tier=0,video,video,2044194314,T01,1042863,1929,true,0,0,652,652,217680,12,5,SV194,0,0,0,2,[object Object],bandwidth,1,0,0,r0,4169616129,10.064,0,5.946027
OT01V2953312151,1776274563446.456,outbound-rtp,COT01_45_level-idx=5;profile=0;tier=0,video,video,2953312151,T01,0,1,true,2,0,0,0,283,0,0,SV194,0,0,0,0,[object Object],bandwidth,1,0,0,r2,3339353029,0,0,0
OT01V116991794,1776274563646.434,outbound-rtp,COT01_45_level-idx=5;profile=0;tier=0,video,video,116991794,T01,1452937,1432,true,1,0,322,322,46103,288,2,SV194,0,0,0,1,[object Object],bandwidth,1,0,0,r1,3376560845,1.004,0,9.970631
OT01V2044194314,1776274563646.434,outbound-rtp,COT01_45_level-idx=5;profile=0;tier=0,video,video,2044194314,T01,1055081,1943,true,0,0,658,658,218128,12,5,SV194,0,0,0,2,[object Object],bandwidth,1,0,0,r0,4169616129,10.136,0,5.946034999999999
OT01V2953312151,1776274563646.434,outbound-rtp,COT01_45_level-idx=5;profile=0;tier=0,video,video,2953312151,T01,0,1,true,2,0,0,0,283,0,0,SV194,0,0,0,0,[object Object],bandwidth,1,0,0,r2,3339353029,0,0,0
OT01V116991794,1776274563646.434,outbound-rtp,COT01_45_level-idx=5;profile=0;tier=0,video,video,116991794,T01,1452937,1432,true,1,0,322,322,46103,288,2,SV194,0,0,0,1,[object Object],bandwidth,1,0,0,r1,3376560845,1.004,0,9.970631
OT01V2044194314,1776274563646.434,outbound-rtp,COT01_45_level-idx=5;profile=0;tier=0,video,video,2044194314,T01,1055081,1943,true,0,0,658,658,218128,12,5,SV194,0,0,0,2,[object Object],bandwidth,1,0,0,r0,4169616129,10.136,0,5.946034999999999
OT01V2953312151,1776274563646.434,outbound-rtp,COT01_45_level-idx=5;profile=0;tier=0,video,video,2953312151,T01,0,1,true,2,0,0,0,283,0,0,SV194,0,0,0,0,[object Object],bandwidth,1,0,0,r2,3339353029,0,0,0
OT01V116991794,1776274563846.391,outbound-rtp,COT01_45_level-idx=5;profile=0;tier=0,video,video,116991794,T01,1491130,1469,true,1,0,328,328,47287,293,2,SV194,0,0,0,1,[object Object],bandwidth,1,0,0,r1,3376560845,1.021,0,10.145669999999999
OT01V2044194314,1776274563846.391,outbound-rtp,COT01_45_level-idx=5;profile=0;tier=0,video,video,2044194314,T01,1061253,1950,true,0,0,663,663,218352,12,5,SV194,0,0,0,2,[object Object],bandwidth,1,0,0,r0,4169616129,10.212,0,5.973374
OT01V2953312151,1776274563846.391,outbound-rtp,COT01_45_level-idx=5;profile=0;tier=0,video,video,2953312151,T01,0,1,true,2,0,0,0,283,0,0,SV194,0,0,0,0,[object Object],bandwidth,1,0,0,r2,3339353029,0,0,0
OT01V116991794,1776274563846.391,outbound-rtp,COT01_45_level-idx=5;profile=0;tier=0,video,video,116991794,T01,1491130,1469,true,1,0,328,328,47287,293,2,SV194,0,0,0,1,[object Object],bandwidth,1,0,0,r1,3376560845,1.021,0,10.145669999999999
OT01V2044194314,1776274563846.391,outbound-rtp,COT01_45_level-idx=5;profile=0;tier=0,video,video,2044194314,T01,1061253,1950,true,0,0,663,663,218352,12,5,SV194,0,0,0,2,[object Object],bandwidth,1,0,0,r0,4169616129,10.212,0,5.973374
OT01V2953312151,1776274563846.391,outbound-rtp,COT01_45_level-idx=5;profile=0;tier=0,video,video,2953312151,T01,0,1,true,2,0,0,0,283,0,0,SV194,0,0,0,0,[object Object],bandwidth,1,0,0,r2,3339353029,0,0,0
OT01V116991794,1776274564046.404,outbound-rtp,COT01_45_level-idx=5;profile=0;tier=0,video,video,116991794,T01,1529448,1506,true,1,0,333,333,48471,298,2,SV194,0,0,0,1,[object Object],bandwidth,1,0,0,r1,3376560845,1.021,0,10.145695
OT01V2044194314,1776274564046.404,outbound-rtp,COT01_45_level-idx=5;profile=0;tier=0,video,video,2044194314,T01,1067370,1958,true,0,0,668,668,218608,12,5,SV194,0,0,0,2,[object Object],bandwidth,1,0,0,r0,4169616129,10.275,0,5.9733789999999996
OT01V2953312151,1776274564046.404,outbound-rtp,COT01_45_level-idx=5;profile=0;tier=0,video,video,2953312151,T01,0,1,true,2,0,0,0,283,0,0,SV194,0,0,0,0,[object Object],bandwidth,1,0,0,r2,3339353029,0,0,0
OT01V116991794,1776274564046.404,outbound-rtp,COT01_45_level-idx=5;profile=0;tier=0,video,video,116991794,T01,1529448,1506,true,1,0,333,333,48471,298,2,SV194,0,0,0,1,[object Object],bandwidth,1,0,0,r1,3376560845,1.021,0,10.145695
OT01V2044194314,1776274564046.404,outbound-rtp,COT01_45_level-idx=5;profile=0;tier=0,video,video,2044194314,T01,1067370,1958,true,0,0,668,668,218608,12,5,SV194,0,0,0,2,[object Object],bandwidth,1,0,0,r0,4169616129,10.275,0,5.9733789999999996
OT01V2953312151,1776274564046.404,outbound-rtp,COT01_45_level-idx=5;profile=0;tier=0,video,video,2953312151,T01,0,1,true,2,0,0,0,283,0,0,SV194,0,0,0,0,[object Object],bandwidth,1,0,0,r2,3339353029,0,0,0
OT01V116991794,1776274564246.455,outbound-rtp,COT01_45_level-idx=5;profile=0;tier=0,video,video,116991794,T01,1568155,1543,true,1,0,338,338,49655,303,2,SV194,0,0,0,1,[object Object],bandwidth,1,0,0,r1,3376560845,1.021,0,10.145717999999999
OT01V2044194314,1776274564246.455,outbound-rtp,COT01_45_level-idx=5;profile=0;tier=0,video,video,2044194314,T01,1085333,1977,true,0,0,674,674,219216,12,5,SV194,0,0,0,2,[object Object],bandwidth,1,0,0,r0,4169616129,10.372,0,5.973388
OT01V2953312151,1776274564246.455,outbound-rtp,COT01_45_level-idx=5;profile=0;tier=0,video,video,2953312151,T01,0,1,true,2,0,0,0,283,0,0,SV194,0,0,0,0,[object Object],bandwidth,1,0,0,r2,3339353029,0,0,0
OT01V116991794,1776274564246.455,outbound-rtp,COT01_45_level-idx=5;profile=0;tier=0,video,video,116991794,T01,1568155,1543,true,1,0,338,338,49655,303,2,SV194,0,0,0,1,[object Object],bandwidth,1,0,0,r1,3376560845,1.021,0,10.145717999999999
OT01V2044194314,1776274564246.455,outbound-rtp,COT01_45_level-idx=5;profile=0;tier=0,video,video,2044194314,T01,1085333,1977,true,0,0,674,674,219216,12,5,SV194,0,0,0,2,[object Object],bandwidth,1,0,0,r0,4169616129,10.372,0,5.973388
OT01V2953312151,1776274564246.455,outbound-rtp,COT01_45_level-idx=5;profile=0;tier=0,video,video,2953312151,T01,0,1,true,2,0,0,0,283,0,0,SV194,0,0,0,0,[object Object],bandwidth,1,0,0,r2,3339353029,0,0,0
OT01V116991794,1776274564446.388,outbound-rtp,COT01_45_level-idx=5;profile=0;tier=0,video,video,116991794,T01,1598935,1574,true,1,0,345,345,50647,309,2,SV194,0,0,0,1,[object Object],bandwidth,1,0,0,r1,3376560845,1.038,0,10.145741
OT01V2044194314,1776274564446.388,outbound-rtp,COT01_45_level-idx=5;profile=0;tier=0,video,video,2044194314,T01,1097927,1991,true,0,0,680,680,219664,12,5,SV194,0,0,0,2,[object Object],bandwidth,1,0,0,r0,4169616129,10.458,0,5.973396999999999
OT01V2953312151,1776274564446.388,outbound-rtp,COT01_45_level-idx=5;profile=0;tier=0,video,video,2953312151,T01,0,1,true,2,0,0,0,283,0,0,SV194,0,0,0,0,[object Object],bandwidth,1,0,0,r2,3339353029,0,0,0
OT01V116991794,1776274564446.388,outbound-rtp,COT01_45_level-idx=5;profile=0;tier=0,video,video,116991794,T01,1598935,1574,true,1,0,345,345,50647,309,2,SV194,0,0,0,1,[object Object],bandwidth,1,0,0,r1,3376560845,1.038,0,10.145741
OT01V2044194314,1776274564446.388,outbound-rtp,COT01_45_level-idx=5;profile=0;tier=0,video,video,2044194314,T01,1097927,1991,true,0,0,680,680,219664,12,5,SV194,0,0,0,2,[object Object],bandwidth,1,0,0,r0,4169616129,10.458,0,5.973396999999999
OT01V2953312151,1776274564446.388,outbound-rtp,COT01_45_level-idx=5;profile=0;tier=0,video,video,2953312151,T01,0,1,true,2,0,0,0,283,0,0,SV194,0,0,0,0,[object Object],bandwidth,1,0,0,r2,3339353029,0,0,0
OT01V116991794,1776274564646.431,outbound-rtp,COT01_45_level-idx=5;profile=0;tier=0,video,video,116991794,T01,1630572,1602,true,1,0,349,349,51499,313,3,SV194,0,0,0,1,[object Object],none,2,0,0,r1,3376560845,1.038,0,11.039068
OT01V2044194314,1776274564646.431,outbound-rtp,COT01_45_level-idx=5;profile=0;tier=0,video,video,2044194314,T01,1108771,2003,true,0,0,684,684,220052,13,6,SV194,0,0,0,2,[object Object],none,2,0,0,r0,4169616129,10.503,0,6.002701999999999
OT01V2953312151,1776274564646.431,outbound-rtp,COT01_45_level-idx=5;profile=0;tier=0,video,video,2953312151,T01,17196,16,true,2,0,4,4,787,4,1,SV194,0,0,0,0,[object Object],none,2,0,0,r2,3339353029,0,0,0.730327
OT01V116991794,1776274564646.431,outbound-rtp,COT01_45_level-idx=5;profile=0;tier=0,video,video,116991794,T01,1630572,1602,true,1,0,349,349,51499,313,3,SV194,0,0,0,1,[object Object],none,2,0,0,r1,3376560845,1.038,0,11.039068
OT01V2044194314,1776274564646.431,outbound-rtp,COT01_45_level-idx=5;profile=0;tier=0,video,video,2044194314,T01,1108771,2003,true,0,0,684,684,220052,13,6,SV194,0,0,0,2,[object Object],none,2,0,0,r0,4169616129,10.503,0,6.002701999999999
OT01V2953312151,1776274564646.431,outbound-rtp,COT01_45_level-idx=5;profile=0;tier=0,video,video,2953312151,T01,17196,16,true,2,0,4,4,787,4,1,SV194,0,0,0,0,[object Object],none,2,0,0,r2,3339353029,0,0,0.730327
OT01V116991794,1776274564846.43,outbound-rtp,COT01_45_level-idx=5;profile=0;tier=0,video,video,116991794,T01,1658614,1629,true,1,0,353,353,52363,316,3,SV194,0,0,0,1,[object Object],none,2,0,0,r1,3376560845,1.049,0,12.317864
OT01V2044194314,1776274564846.43,outbound-rtp,COT01_45_level-idx=5;profile=0;tier=0,video,video,2044194314,T01,1113234,2009,true,0,0,688,688,220244,13,6,SV194,0,0,0,2,[object Object],none,2,0,0,r0,4169616129,10.538,0,6.055928
OT01V2953312151,1776274564846.43,outbound-rtp,COT01_45_level-idx=5;profile=0;tier=0,video,video,2953312151,T01,46328,42,true,2,0,5,5,1675,5,1,SV194,0,0,0,0,[object Object],none,2,0,0,r2,3339353029,0,0,5.527176
OT01V116991794,1776274564846.43,outbound-rtp,COT01_45_level-idx=5;profile=0;tier=0,video,video,116991794,T01,1658614,1629,true,1,0,353,353,52363,316,3,SV194,0,0,0,1,[object Object],none,2,0,0,r1,3376560845,1.049,0,12.317864
OT01V2044194314,1776274564846.43,outbound-rtp,COT01_45_level-idx=5;profile=0;tier=0,video,video,2044194314,T01,1113234,2009,true,0,0,688,688,220244,13,6,SV194,0,0,0,2,[object Object],none,2,0,0,r0,4169616129,10.538,0,6.055928
OT01V2953312151,1776274564846.43,outbound-rtp,COT01_45_level-idx=5;profile=0;tier=0,video,video,2953312151,T01,46328,42,true,2,0,5,5,1675,5,1,SV194,0,0,0,0,[object Object],none,2,0,0,r2,3339353029,0,0,5.527176
OT01V116991794,1776274565046.471,outbound-rtp,COT01_45_level-idx=5;profile=0;tier=0,video,video,116991794,T01,1670310,1640,true,1,0,356,356,52715,318,3,SV194,0,0,0,1,[object Object],none,2,0,0,r1,3376560845,1.06,0,12.711621
OT01V2044194314,1776274565046.471,outbound-rtp,COT01_45_level-idx=5;profile=0;tier=0,video,video,2044194314,T01,1118440,2015,true,0,0,690,690,220436,14,6,SV194,0,0,0,2,[object Object],none,2,0,0,r0,4169616129,10.55,0,6.304663
OT01V2953312151,1776274565046.471,outbound-rtp,COT01_45_level-idx=5;profile=0;tier=0,video,video,2953312151,T01,78645,71,true,2,0,6,6,2719,6,1,SV194,0,0,0,0,[object Object],none,2,0,0,r2,3339353029,0.032,0,12.046184
OT01V116991794,1776274565046.471,outbound-rtp,COT01_45_level-idx=5;profile=0;tier=0,video,video,116991794,T01,1670310,1640,true,1,0,356,356,52715,318,3,SV194,0,0,0,1,[object Object],none,2,0,0,r1,3376560845,1.06,0,12.711621
OT01V2044194314,1776274565046.471,outbound-rtp,COT01_45_level-idx=5;profile=0;tier=0,video,video,2044194314,T01,1118440,2015,true,0,0,690,690,220436,14,6,SV194,0,0,0,2,[object Object],none,2,0,0,r0,4169616129,10.55,0,6.304663
OT01V2953312151,1776274565046.471,outbound-rtp,COT01_45_level-idx=5;profile=0;tier=0,video,video,2953312151,T01,78645,71,true,2,0,6,6,2719,6,1,SV194,0,0,0,0,[object Object],none,2,0,0,r2,3339353029,0.032,0,12.046184
OT01V116991794,1776274565246.435,outbound-rtp,COT01_45_level-idx=5;profile=0;tier=0,video,video,116991794,T01,1691841,1660,true,1,0,358,358,53355,320,3,SV194,0,0,0,1,[object Object],none,2,0,0,r1,3376560845,1.06,0,13.947863
OT01V2044194314,1776274565246.435,outbound-rtp,COT01_45_level-idx=5;profile=0;tier=0,video,video,2044194314,T01,1122793,2021,true,0,0,694,694,220620,14,6,SV194,0,0,0,2,[object Object],none,2,0,0,r0,4169616129,10.618,0,6.304669
OT01V2953312151,1776274565246.435,outbound-rtp,COT01_45_level-idx=5;profile=0;tier=0,video,video,2953312151,T01,106767,96,true,2,0,7,7,3551,7,1,SV194,0,0,0,0,[object Object],none,2,0,0,r2,3339353029,0.032,0,15.959938999999999
OT01V116991794,1776274565246.435,outbound-rtp,COT01_45_level-idx=5;profile=0;tier=0,video,video,116991794,T01,1691841,1660,true,1,0,358,358,53355,320,3,SV194,0,0,0,1,[object Object],none,2,0,0,r1,3376560845,1.06,0,13.947863
OT01V2044194314,1776274565246.435,outbound-rtp,COT01_45_level-idx=5;profile=0;tier=0,video,video,2044194314,T01,1122793,2021,true,0,0,694,694,220620,14,6,SV194,0,0,0,2,[object Object],none,2,0,0,r0,4169616129,10.618,0,6.304669
OT01V2953312151,1776274565246.435,outbound-rtp,COT01_45_level-idx=5;profile=0;tier=0,video,video,2953312151,T01,106767,96,true,2,0,7,7,3551,7,1,SV194,0,0,0,0,[object Object],none,2,0,0,r2,3339353029,0.032,0,15.959938999999999
OT01V116991794,1776274565446.43,outbound-rtp,COT01_45_level-idx=5;profile=0;tier=0,video,video,116991794,T01,1731136,1695,true,1,0,365,365,54475,326,3,SV194,0,0,0,1,[object Object],none,2,0,0,r1,3376560845,1.099,0,17.346671999999998
OT01V2044194314,1776274565446.43,outbound-rtp,COT01_45_level-idx=5;profile=0;tier=0,video,video,2044194314,T01,1136781,2036,true,0,0,699,699,221100,16,6,SV194,0,0,0,2,[object Object],none,2,0,0,r0,4169616129,10.694,0,6.807231
OT01V2953312151,1776274565446.43,outbound-rtp,COT01_45_level-idx=5;profile=0;tier=0,video,video,2953312151,T01,117962,106,true,2,0,8,8,3871,8,1,SV194,0,0,0,0,[object Object],none,2,0,0,r2,3339353029,0.032,0,16.220688
OT01V116991794,1776274565446.43,outbound-rtp,COT01_45_level-idx=5;profile=0;tier=0,video,video,116991794,T01,1731136,1695,true,1,0,365,365,54475,326,3,SV194,0,0,0,1,[object Object],none,2,0,0,r1,3376560845,1.099,0,17.346671999999998
OT01V2044194314,1776274565446.43,outbound-rtp,COT01_45_level-idx=5;profile=0;tier=0,video,video,2044194314,T01,1136781,2036,true,0,0,699,699,221100,16,6,SV194,0,0,0,2,[object Object],none,2,0,0,r0,4169616129,10.694,0,6.807231
OT01V2953312151,1776274565446.43,outbound-rtp,COT01_45_level-idx=5;profile=0;tier=0,video,video,2953312151,T01,117962,106,true,2,0,8,8,3871,8,1,SV194,0,0,0,0,[object Object],none,2,0,0,r2,3339353029,0.032,0,16.220688
OT01V116991794,1776274565646.436,outbound-rtp,COT01_45_level-idx=5;profile=0;tier=0,video,video,116991794,T01,1750425,1715,true,1,0,369,369,55107,329,3,SV194,0,0,0,1,[object Object],none,2,0,0,r1,3376560845,1.109,0,18.437219
OT01V2044194314,1776274565646.436,outbound-rtp,COT01_45_level-idx=5;profile=0;tier=0,video,video,2044194314,T01,1143048,2044,true,0,0,704,704,221356,16,6,SV194,0,0,0,2,[object Object],none,2,0,0,r0,4169616129,10.735,0,6.86977
OT01V2953312151,1776274565646.436,outbound-rtp,COT01_45_level-idx=5;profile=0;tier=0,video,video,2953312151,T01,147264,132,true,2,0,10,10,4703,10,1,SV194,0,0,0,0,[object Object],none,2,0,0,r2,3339353029,0.032,0,17.076684999999998
OT01V116991794,1776274565646.436,outbound-rtp,COT01_45_level-idx=5;profile=0;tier=0,video,video,116991794,T01,1750425,1715,true,1,0,369,369,55107,329,3,SV194,0,0,0,1,[object Object],none,2,0,0,r1,3376560845,1.109,0,18.437219
OT01V2044194314,1776274565646.436,outbound-rtp,COT01_45_level-idx=5;profile=0;tier=0,video,video,2044194314,T01,1143048,2044,true,0,0,704,704,221356,16,6,SV194,0,0,0,2,[object Object],none,2,0,0,r0,4169616129,10.735,0,6.86977
OT01V2953312151,1776274565646.436,outbound-rtp,COT01_45_level-idx=5;profile=0;tier=0,video,video,2953312151,T01,147264,132,true,2,0,10,10,4703,10,1,SV194,0,0,0,0,[object Object],none,2,0,0,r2,3339353029,0.032,0,17.076684999999998
OT01V116991794,1776274565846.437,outbound-rtp,COT01_45_level-idx=5;profile=0;tier=0,video,video,116991794,T01,1772950,1737,true,1,0,374,374,55807,333,3,SV194,0,0,0,1,[object Object],none,2,0,0,r1,3376560845,1.145,0,18.437234
OT01V2044194314,1776274565846.437,outbound-rtp,COT01_45_level-idx=5;profile=0;tier=0,video,video,2044194314,T01,1146096,2050,true,0,0,707,707,221548,16,6,SV194,0,0,0,2,[object Object],none,2,0,0,r0,4169616129,10.787,0,6.875082
OT01V2953312151,1776274565846.437,outbound-rtp,COT01_45_level-idx=5;profile=0;tier=0,video,video,2953312151,T01,170755,153,true,2,0,11,11,5375,11,1,SV194,0,0,0,0,[object Object],none,2,0,0,r2,3339353029,0.032,0,17.695041
OT01V116991794,1776274565846.437,outbound-rtp,COT01_45_level-idx=5;profile=0;tier=0,video,video,116991794,T01,1772950,1737,true,1,0,374,374,55807,333,3,SV194,0,0,0,1,[object Object],none,2,0,0,r1,3376560845,1.145,0,18.437234
OT01V2044194314,1776274565846.437,outbound-rtp,COT01_45_level-idx=5;profile=0;tier=0,video,video,2044194314,T01,1146096,2050,true,0,0,707,707,221548,16,6,SV194,0,0,0,2,[object Object],none,2,0,0,r0,4169616129,10.787,0,6.875082
OT01V2953312151,1776274565846.437,outbound-rtp,COT01_45_level-idx=5;profile=0;tier=0,video,video,2953312151,T01,170755,153,true,2,0,11,11,5375,11,1,SV194,0,0,0,0,[object Object],none,2,0,0,r2,3339353029,0.032,0,17.695041
OT01V116991794,1776274566046.5,outbound-rtp,COT01_45_level-idx=5;profile=0;tier=0,video,video,116991794,T01,1776430,1741,true,1,0,377,377,55935,335,3,SV194,0,0,0,1,[object Object],none,2,0,0,r1,3376560845,1.155,0,18.437238
OT01V2044194314,1776274566046.5,outbound-rtp,COT01_45_level-idx=5;profile=0;tier=0,video,video,2044194314,T01,1149608,2055,true,0,0,710,710,221704,16,6,SV194,0,0,0,2,[object Object],none,2,0,0,r0,4169616129,10.803,0,6.875083999999999
OT01V2953312151,1776274566046.5,outbound-rtp,COT01_45_level-idx=5;profile=0;tier=0,video,video,2953312151,T01,185598,167,true,2,0,13,13,5823,13,1,SV194,0,0,0,0,[object Object],none,2,0,0,r2,3339353029,0.032,0,17.69505
OT01V116991794,1776274566046.5,outbound-rtp,COT01_45_level-idx=5;profile=0;tier=0,video,video,116991794,T01,1776430,1741,true,1,0,377,377,55935,335,3,SV194,0,0,0,1,[object Object],none,2,0,0,r1,3376560845,1.155,0,18.437238
OT01V2044194314,1776274566046.5,outbound-rtp,COT01_45_level-idx=5;profile=0;tier=0,video,video,2044194314,T01,1149608,2055,true,0,0,710,710,221704,16,6,SV194,0,0,0,2,[object Object],none,2,0,0,r0,4169616129,10.803,0,6.875083999999999
OT01V2953312151,1776274566046.5,outbound-rtp,COT01_45_level-idx=5;profile=0;tier=0,video,video,2953312151,T01,185598,167,true,2,0,13,13,5823,13,1,SV194,0,0,0,0,[object Object],none,2,0,0,r2,3339353029,0.032,0,17.69505
OT01V116991794,1776274566246.424,outbound-rtp,COT01_45_level-idx=5;profile=0;tier=0,video,video,116991794,T01,1786852,1751,true,1,0,379,379,56247,336,3,SV194,0,0,0,1,[object Object],none,2,0,0,r1,3376560845,1.23,0,18.437248999999998
OT01V2044194314,1776274566246.424,outbound-rtp,COT01_45_level-idx=5;profile=0;tier=0,video,video,2044194314,T01,1150386,2057,true,0,0,712,712,221768,16,6,SV194,0,0,0,2,[object Object],none,2,0,0,r0,4169616129,10.816,0,6.875083999999999
OT01V2953312151,1776274566246.424,outbound-rtp,COT01_45_level-idx=5;profile=0;tier=0,video,video,2953312151,T01,206631,186,true,2,0,15,15,6431,15,1,SV194,0,0,0,0,[object Object],none,2,0,0,r2,3339353029,0.073,0,17.77828
OT01V116991794,1776274566246.424,outbound-rtp,COT01_45_level-idx=5;profile=0;tier=0,video,video,116991794,T01,1786852,1751,true,1,0,379,379,56247,336,3,SV194,0,0,0,1,[object Object],none,2,0,0,r1,3376560845,1.23,0,18.437248999999998
OT01V2044194314,1776274566246.424,outbound-rtp,COT01_45_level-idx=5;profile=0;tier=0,video,video,2044194314,T01,1150386,2057,true,0,0,712,712,221768,16,6,SV194,0,0,0,2,[object Object],none,2,0,0,r0,4169616129,10.816,0,6.875083999999999
OT01V2953312151,1776274566246.424,outbound-rtp,COT01_45_level-idx=5;profile=0;tier=0,video,video,2953312151,T01,206631,186,true,2,0,15,15,6431,15,1,SV194,0,0,0,0,[object Object],none,2,0,0,r2,3339353029,0.073,0,17.77828



id,timestamp,type,bytesReceived,bytesSent,dtlsCipher,dtlsRole,dtlsState,iceLocalUsernameFragment,iceRole,iceState,localCertificateId,packetsReceived,packetsSent,remoteCertificateId,selectedCandidatePairChanges,selectedCandidatePairId,srtpCipher,tlsVersion
T01,1776274538246.416,transport,771,755,TLS_ECDHE_ECDSA_WITH_CHACHA20_POLY1305_SHA256,client,connected,n9sC,controlling,connected,CF34:0C:07:7B:9E:46:8C:A5:ED:43:AC:80:91:5B:DF:C7:BA:49:61:36:EB:23:23:5E:99:0C:D6:B0:E5:76:B7:A2,2,2,CF56:8B:6F:F2:26:36:51:D4:0C:FE:BF:E8:95:C9:08:C4:4B:5B:5B:CE:10:F5:57:F9:EB:12:D4:08:4C:6E:B9:E6,1,CPgAdOIPme_k+/ukvaJ,AEAD_AES_256_GCM,FEFD
T01,1776274538246.416,transport,771,755,TLS_ECDHE_ECDSA_WITH_CHACHA20_POLY1305_SHA256,client,connected,n9sC,controlling,connected,CF34:0C:07:7B:9E:46:8C:A5:ED:43:AC:80:91:5B:DF:C7:BA:49:61:36:EB:23:23:5E:99:0C:D6:B0:E5:76:B7:A2,2,2,CF56:8B:6F:F2:26:36:51:D4:0C:FE:BF:E8:95:C9:08:C4:4B:5B:5B:CE:10:F5:57:F9:EB:12:D4:08:4C:6E:B9:E6,1,CPgAdOIPme_k+/ukvaJ,AEAD_AES_256_GCM,FEFD
T01,1776274538446.429,transport,859,10135,TLS_ECDHE_ECDSA_WITH_CHACHA20_POLY1305_SHA256,client,connected,n9sC,controlling,connected,CF34:0C:07:7B:9E:46:8C:A5:ED:43:AC:80:91:5B:DF:C7:BA:49:61:36:EB:23:23:5E:99:0C:D6:B0:E5:76:B7:A2,4,14,CF56:8B:6F:F2:26:36:51:D4:0C:FE:BF:E8:95:C9:08:C4:4B:5B:5B:CE:10:F5:57:F9:EB:12:D4:08:4C:6E:B9:E6,1,CPgAdOIPme_k+/ukvaJ,AEAD_AES_256_GCM,FEFD
T01,1776274538446.429,transport,859,10135,TLS_ECDHE_ECDSA_WITH_CHACHA20_POLY1305_SHA256,client,connected,n9sC,controlling,connected,CF34:0C:07:7B:9E:46:8C:A5:ED:43:AC:80:91:5B:DF:C7:BA:49:61:36:EB:23:23:5E:99:0C:D6:B0:E5:76:B7:A2,4,14,CF56:8B:6F:F2:26:36:51:D4:0C:FE:BF:E8:95:C9:08:C4:4B:5B:5B:CE:10:F5:57:F9:EB:12:D4:08:4C:6E:B9:E6,1,CPgAdOIPme_k+/ukvaJ,AEAD_AES_256_GCM,FEFD
T01,1776274538646.749,transport,907,14688,TLS_ECDHE_ECDSA_WITH_CHACHA20_POLY1305_SHA256,client,connected,n9sC,controlling,connected,CF34:0C:07:7B:9E:46:8C:A5:ED:43:AC:80:91:5B:DF:C7:BA:49:61:36:EB:23:23:5E:99:0C:D6:B0:E5:76:B7:A2,5,19,CF56:8B:6F:F2:26:36:51:D4:0C:FE:BF:E8:95:C9:08:C4:4B:5B:5B:CE:10:F5:57:F9:EB:12:D4:08:4C:6E:B9:E6,1,CPgAdOIPme_k+/ukvaJ,AEAD_AES_256_GCM,FEFD
T01,1776274538646.749,transport,907,14688,TLS_ECDHE_ECDSA_WITH_CHACHA20_POLY1305_SHA256,client,connected,n9sC,controlling,connected,CF34:0C:07:7B:9E:46:8C:A5:ED:43:AC:80:91:5B:DF:C7:BA:49:61:36:EB:23:23:5E:99:0C:D6:B0:E5:76:B7:A2,5,19,CF56:8B:6F:F2:26:36:51:D4:0C:FE:BF:E8:95:C9:08:C4:4B:5B:5B:CE:10:F5:57:F9:EB:12:D4:08:4C:6E:B9:E6,1,CPgAdOIPme_k+/ukvaJ,AEAD_AES_256_GCM,FEFD
T01,1776274538846.577,transport,1135,23505,TLS_ECDHE_ECDSA_WITH_CHACHA20_POLY1305_SHA256,client,connected,n9sC,controlling,connected,CF34:0C:07:7B:9E:46:8C:A5:ED:43:AC:80:91:5B:DF:C7:BA:49:61:36:EB:23:23:5E:99:0C:D6:B0:E5:76:B7:A2,9,32,CF56:8B:6F:F2:26:36:51:D4:0C:FE:BF:E8:95:C9:08:C4:4B:5B:5B:CE:10:F5:57:F9:EB:12:D4:08:4C:6E:B9:E6,1,CPgAdOIPme_k+/ukvaJ,AEAD_AES_256_GCM,FEFD
T01,1776274538846.577,transport,1135,23505,TLS_ECDHE_ECDSA_WITH_CHACHA20_POLY1305_SHA256,client,connected,n9sC,controlling,connected,CF34:0C:07:7B:9E:46:8C:A5:ED:43:AC:80:91:5B:DF:C7:BA:49:61:36:EB:23:23:5E:99:0C:D6:B0:E5:76:B7:A2,9,32,CF56:8B:6F:F2:26:36:51:D4:0C:FE:BF:E8:95:C9:08:C4:4B:5B:5B:CE:10:F5:57:F9:EB:12:D4:08:4C:6E:B9:E6,1,CPgAdOIPme_k+/ukvaJ,AEAD_AES_256_GCM,FEFD
T01,1776274539046.535,transport,1231,33226,TLS_ECDHE_ECDSA_WITH_CHACHA20_POLY1305_SHA256,client,connected,n9sC,controlling,connected,CF34:0C:07:7B:9E:46:8C:A5:ED:43:AC:80:91:5B:DF:C7:BA:49:61:36:EB:23:23:5E:99:0C:D6:B0:E5:76:B7:A2,11,44,CF56:8B:6F:F2:26:36:51:D4:0C:FE:BF:E8:95:C9:08:C4:4B:5B:5B:CE:10:F5:57:F9:EB:12:D4:08:4C:6E:B9:E6,1,CPgAdOIPme_k+/ukvaJ,AEAD_AES_256_GCM,FEFD
T01,1776274539046.535,transport,1231,33226,TLS_ECDHE_ECDSA_WITH_CHACHA20_POLY1305_SHA256,client,connected,n9sC,controlling,connected,CF34:0C:07:7B:9E:46:8C:A5:ED:43:AC:80:91:5B:DF:C7:BA:49:61:36:EB:23:23:5E:99:0C:D6:B0:E5:76:B7:A2,11,44,CF56:8B:6F:F2:26:36:51:D4:0C:FE:BF:E8:95:C9:08:C4:4B:5B:5B:CE:10:F5:57:F9:EB:12:D4:08:4C:6E:B9:E6,1,CPgAdOIPme_k+/ukvaJ,AEAD_AES_256_GCM,FEFD
T01,1776274539246.499,transport,1327,36626,TLS_ECDHE_ECDSA_WITH_CHACHA20_POLY1305_SHA256,client,connected,n9sC,controlling,connected,CF34:0C:07:7B:9E:46:8C:A5:ED:43:AC:80:91:5B:DF:C7:BA:49:61:36:EB:23:23:5E:99:0C:D6:B0:E5:76:B7:A2,13,51,CF56:8B:6F:F2:26:36:51:D4:0C:FE:BF:E8:95:C9:08:C4:4B:5B:5B:CE:10:F5:57:F9:EB:12:D4:08:4C:6E:B9:E6,1,CPgAdOIPme_k+/ukvaJ,AEAD_AES_256_GCM,FEFD
T01,1776274539246.499,transport,1327,36626,TLS_ECDHE_ECDSA_WITH_CHACHA20_POLY1305_SHA256,client,connected,n9sC,controlling,connected,CF34:0C:07:7B:9E:46:8C:A5:ED:43:AC:80:91:5B:DF:C7:BA:49:61:36:EB:23:23:5E:99:0C:D6:B0:E5:76:B7:A2,13,51,CF56:8B:6F:F2:26:36:51:D4:0C:FE:BF:E8:95:C9:08:C4:4B:5B:5B:CE:10:F5:57:F9:EB:12:D4:08:4C:6E:B9:E6,1,CPgAdOIPme_k+/ukvaJ,AEAD_AES_256_GCM,FEFD
T01,1776274539446.429,transport,1427,45243,TLS_ECDHE_ECDSA_WITH_CHACHA20_POLY1305_SHA256,client,connected,n9sC,controlling,connected,CF34:0C:07:7B:9E:46:8C:A5:ED:43:AC:80:91:5B:DF:C7:BA:49:61:36:EB:23:23:5E:99:0C:D6:B0:E5:76:B7:A2,15,66,CF56:8B:6F:F2:26:36:51:D4:0C:FE:BF:E8:95:C9:08:C4:4B:5B:5B:CE:10:F5:57:F9:EB:12:D4:08:4C:6E:B9:E6,1,CPgAdOIPme_k+/ukvaJ,AEAD_AES_256_GCM,FEFD
T01,1776274539446.429,transport,1427,45243,TLS_ECDHE_ECDSA_WITH_CHACHA20_POLY1305_SHA256,client,connected,n9sC,controlling,connected,CF34:0C:07:7B:9E:46:8C:A5:ED:43:AC:80:91:5B:DF:C7:BA:49:61:36:EB:23:23:5E:99:0C:D6:B0:E5:76:B7:A2,15,66,CF56:8B:6F:F2:26:36:51:D4:0C:FE:BF:E8:95:C9:08:C4:4B:5B:5B:CE:10:F5:57:F9:EB:12:D4:08:4C:6E:B9:E6,1,CPgAdOIPme_k+/ukvaJ,AEAD_AES_256_GCM,FEFD
T01,1776274539646.568,transport,1531,53028,TLS_ECDHE_ECDSA_WITH_CHACHA20_POLY1305_SHA256,client,connected,n9sC,controlling,connected,CF34:0C:07:7B:9E:46:8C:A5:ED:43:AC:80:91:5B:DF:C7:BA:49:61:36:EB:23:23:5E:99:0C:D6:B0:E5:76:B7:A2,17,83,CF56:8B:6F:F2:26:36:51:D4:0C:FE:BF:E8:95:C9:08:C4:4B:5B:5B:CE:10:F5:57:F9:EB:12:D4:08:4C:6E:B9:E6,1,CPgAdOIPme_k+/ukvaJ,AEAD_AES_256_GCM,FEFD
T01,1776274539646.568,transport,1531,53028,TLS_ECDHE_ECDSA_WITH_CHACHA20_POLY1305_SHA256,client,connected,n9sC,controlling,connected,CF34:0C:07:7B:9E:46:8C:A5:ED:43:AC:80:91:5B:DF:C7:BA:49:61:36:EB:23:23:5E:99:0C:D6:B0:E5:76:B7:A2,17,83,CF56:8B:6F:F2:26:36:51:D4:0C:FE:BF:E8:95:C9:08:C4:4B:5B:5B:CE:10:F5:57:F9:EB:12:D4:08:4C:6E:B9:E6,1,CPgAdOIPme_k+/ukvaJ,AEAD_AES_256_GCM,FEFD
T01,1776274539846.562,transport,1639,62554,TLS_ECDHE_ECDSA_WITH_CHACHA20_POLY1305_SHA256,client,connected,n9sC,controlling,connected,CF34:0C:07:7B:9E:46:8C:A5:ED:43:AC:80:91:5B:DF:C7:BA:49:61:36:EB:23:23:5E:99:0C:D6:B0:E5:76:B7:A2,19,101,CF56:8B:6F:F2:26:36:51:D4:0C:FE:BF:E8:95:C9:08:C4:4B:5B:5B:CE:10:F5:57:F9:EB:12:D4:08:4C:6E:B9:E6,1,CPgAdOIPme_k+/ukvaJ,AEAD_AES_256_GCM,FEFD
T01,1776274539846.562,transport,1639,62554,TLS_ECDHE_ECDSA_WITH_CHACHA20_POLY1305_SHA256,client,connected,n9sC,controlling,connected,CF34:0C:07:7B:9E:46:8C:A5:ED:43:AC:80:91:5B:DF:C7:BA:49:61:36:EB:23:23:5E:99:0C:D6:B0:E5:76:B7:A2,19,101,CF56:8B:6F:F2:26:36:51:D4:0C:FE:BF:E8:95:C9:08:C4:4B:5B:5B:CE:10:F5:57:F9:EB:12:D4:08:4C:6E:B9:E6,1,CPgAdOIPme_k+/ukvaJ,AEAD_AES_256_GCM,FEFD
T01,1776274540046.548,transport,1831,68393,TLS_ECDHE_ECDSA_WITH_CHACHA20_POLY1305_SHA256,client,connected,n9sC,controlling,connected,CF34:0C:07:7B:9E:46:8C:A5:ED:43:AC:80:91:5B:DF:C7:BA:49:61:36:EB:23:23:5E:99:0C:D6:B0:E5:76:B7:A2,22,113,CF56:8B:6F:F2:26:36:51:D4:0C:FE:BF:E8:95:C9:08:C4:4B:5B:5B:CE:10:F5:57:F9:EB:12:D4:08:4C:6E:B9:E6,1,CPgAdOIPme_k+/ukvaJ,AEAD_AES_256_GCM,FEFD
T01,1776274540046.548,transport,1831,68393,TLS_ECDHE_ECDSA_WITH_CHACHA20_POLY1305_SHA256,client,connected,n9sC,controlling,connected,CF34:0C:07:7B:9E:46:8C:A5:ED:43:AC:80:91:5B:DF:C7:BA:49:61:36:EB:23:23:5E:99:0C:D6:B0:E5:76:B7:A2,22,113,CF56:8B:6F:F2:26:36:51:D4:0C:FE:BF:E8:95:C9:08:C4:4B:5B:5B:CE:10:F5:57:F9:EB:12:D4:08:4C:6E:B9:E6,1,CPgAdOIPme_k+/ukvaJ,AEAD_AES_256_GCM,FEFD
T01,1776274540246.384,transport,1935,76553,TLS_ECDHE_ECDSA_WITH_CHACHA20_POLY1305_SHA256,client,connected,n9sC,controlling,connected,CF34:0C:07:7B:9E:46:8C:A5:ED:43:AC:80:91:5B:DF:C7:BA:49:61:36:EB:23:23:5E:99:0C:D6:B0:E5:76:B7:A2,24,135,CF56:8B:6F:F2:26:36:51:D4:0C:FE:BF:E8:95:C9:08:C4:4B:5B:5B:CE:10:F5:57:F9:EB:12:D4:08:4C:6E:B9:E6,1,CPgAdOIPme_k+/ukvaJ,AEAD_AES_256_GCM,FEFD
T01,1776274540246.384,transport,1935,76553,TLS_ECDHE_ECDSA_WITH_CHACHA20_POLY1305_SHA256,client,connected,n9sC,controlling,connected,CF34:0C:07:7B:9E:46:8C:A5:ED:43:AC:80:91:5B:DF:C7:BA:49:61:36:EB:23:23:5E:99:0C:D6:B0:E5:76:B7:A2,24,135,CF56:8B:6F:F2:26:36:51:D4:0C:FE:BF:E8:95:C9:08:C4:4B:5B:5B:CE:10:F5:57:F9:EB:12:D4:08:4C:6E:B9:E6,1,CPgAdOIPme_k+/ukvaJ,AEAD_AES_256_GCM,FEFD
T01,1776274540446.43,transport,2039,84808,TLS_ECDHE_ECDSA_WITH_CHACHA20_POLY1305_SHA256,client,connected,n9sC,controlling,connected,CF34:0C:07:7B:9E:46:8C:A5:ED:43:AC:80:91:5B:DF:C7:BA:49:61:36:EB:23:23:5E:99:0C:D6:B0:E5:76:B7:A2,26,153,CF56:8B:6F:F2:26:36:51:D4:0C:FE:BF:E8:95:C9:08:C4:4B:5B:5B:CE:10:F5:57:F9:EB:12:D4:08:4C:6E:B9:E6,1,CPgAdOIPme_k+/ukvaJ,AEAD_AES_256_GCM,FEFD
T01,1776274540446.43,transport,2039,84808,TLS_ECDHE_ECDSA_WITH_CHACHA20_POLY1305_SHA256,client,connected,n9sC,controlling,connected,CF34:0C:07:7B:9E:46:8C:A5:ED:43:AC:80:91:5B:DF:C7:BA:49:61:36:EB:23:23:5E:99:0C:D6:B0:E5:76:B7:A2,26,153,CF56:8B:6F:F2:26:36:51:D4:0C:FE:BF:E8:95:C9:08:C4:4B:5B:5B:CE:10:F5:57:F9:EB:12:D4:08:4C:6E:B9:E6,1,CPgAdOIPme_k+/ukvaJ,AEAD_AES_256_GCM,FEFD
T01,1776274540646.573,transport,2151,93716,TLS_ECDHE_ECDSA_WITH_CHACHA20_POLY1305_SHA256,client,connected,n9sC,controlling,connected,CF34:0C:07:7B:9E:46:8C:A5:ED:43:AC:80:91:5B:DF:C7:BA:49:61:36:EB:23:23:5E:99:0C:D6:B0:E5:76:B7:A2,28,175,CF56:8B:6F:F2:26:36:51:D4:0C:FE:BF:E8:95:C9:08:C4:4B:5B:5B:CE:10:F5:57:F9:EB:12:D4:08:4C:6E:B9:E6,1,CPgAdOIPme_k+/ukvaJ,AEAD_AES_256_GCM,FEFD
T01,1776274540646.573,transport,2151,93716,TLS_ECDHE_ECDSA_WITH_CHACHA20_POLY1305_SHA256,client,connected,n9sC,controlling,connected,CF34:0C:07:7B:9E:46:8C:A5:ED:43:AC:80:91:5B:DF:C7:BA:49:61:36:EB:23:23:5E:99:0C:D6:B0:E5:76:B7:A2,28,175,CF56:8B:6F:F2:26:36:51:D4:0C:FE:BF:E8:95:C9:08:C4:4B:5B:5B:CE:10:F5:57:F9:EB:12:D4:08:4C:6E:B9:E6,1,CPgAdOIPme_k+/ukvaJ,AEAD_AES_256_GCM,FEFD
T01,1776274540846.571,transport,2255,102141,TLS_ECDHE_ECDSA_WITH_CHACHA20_POLY1305_SHA256,client,connected,n9sC,controlling,connected,CF34:0C:07:7B:9E:46:8C:A5:ED:43:AC:80:91:5B:DF:C7:BA:49:61:36:EB:23:23:5E:99:0C:D6:B0:E5:76:B7:A2,30,196,CF56:8B:6F:F2:26:36:51:D4:0C:FE:BF:E8:95:C9:08:C4:4B:5B:5B:CE:10:F5:57:F9:EB:12:D4:08:4C:6E:B9:E6,1,CPgAdOIPme_k+/ukvaJ,AEAD_AES_256_GCM,FEFD
T01,1776274540846.571,transport,2255,102141,TLS_ECDHE_ECDSA_WITH_CHACHA20_POLY1305_SHA256,client,connected,n9sC,controlling,connected,CF34:0C:07:7B:9E:46:8C:A5:ED:43:AC:80:91:5B:DF:C7:BA:49:61:36:EB:23:23:5E:99:0C:D6:B0:E5:76:B7:A2,30,196,CF56:8B:6F:F2:26:36:51:D4:0C:FE:BF:E8:95:C9:08:C4:4B:5B:5B:CE:10:F5:57:F9:EB:12:D4:08:4C:6E:B9:E6,1,CPgAdOIPme_k+/ukvaJ,AEAD_AES_256_GCM,FEFD
T01,1776274541046.584,transport,2459,110466,TLS_ECDHE_ECDSA_WITH_CHACHA20_POLY1305_SHA256,client,connected,n9sC,controlling,connected,CF34:0C:07:7B:9E:46:8C:A5:ED:43:AC:80:91:5B:DF:C7:BA:49:61:36:EB:23:23:5E:99:0C:D6:B0:E5:76:B7:A2,33,217,CF56:8B:6F:F2:26:36:51:D4:0C:FE:BF:E8:95:C9:08:C4:4B:5B:5B:CE:10:F5:57:F9:EB:12:D4:08:4C:6E:B9:E6,1,CPgAdOIPme_k+/ukvaJ,AEAD_AES_256_GCM,FEFD
T01,1776274541046.584,transport,2459,110466,TLS_ECDHE_ECDSA_WITH_CHACHA20_POLY1305_SHA256,client,connected,n9sC,controlling,connected,CF34:0C:07:7B:9E:46:8C:A5:ED:43:AC:80:91:5B:DF:C7:BA:49:61:36:EB:23:23:5E:99:0C:D6:B0:E5:76:B7:A2,33,217,CF56:8B:6F:F2:26:36:51:D4:0C:FE:BF:E8:95:C9:08:C4:4B:5B:5B:CE:10:F5:57:F9:EB:12:D4:08:4C:6E:B9:E6,1,CPgAdOIPme_k+/ukvaJ,AEAD_AES_256_GCM,FEFD
T01,1776274541246.397,transport,2567,119658,TLS_ECDHE_ECDSA_WITH_CHACHA20_POLY1305_SHA256,client,connected,n9sC,controlling,connected,CF34:0C:07:7B:9E:46:8C:A5:ED:43:AC:80:91:5B:DF:C7:BA:49:61:36:EB:23:23:5E:99:0C:D6:B0:E5:76:B7:A2,35,235,CF56:8B:6F:F2:26:36:51:D4:0C:FE:BF:E8:95:C9:08:C4:4B:5B:5B:CE:10:F5:57:F9:EB:12:D4:08:4C:6E:B9:E6,1,CPgAdOIPme_k+/ukvaJ,AEAD_AES_256_GCM,FEFD
T01,1776274541246.397,transport,2567,119658,TLS_ECDHE_ECDSA_WITH_CHACHA20_POLY1305_SHA256,client,connected,n9sC,controlling,connected,CF34:0C:07:7B:9E:46:8C:A5:ED:43:AC:80:91:5B:DF:C7:BA:49:61:36:EB:23:23:5E:99:0C:D6:B0:E5:76:B7:A2,35,235,CF56:8B:6F:F2:26:36:51:D4:0C:FE:BF:E8:95:C9:08:C4:4B:5B:5B:CE:10:F5:57:F9:EB:12:D4:08:4C:6E:B9:E6,1,CPgAdOIPme_k+/ukvaJ,AEAD_AES_256_GCM,FEFD
T01,1776274541446.591,transport,2679,128295,TLS_ECDHE_ECDSA_WITH_CHACHA20_POLY1305_SHA256,client,connected,n9sC,controlling,connected,CF34:0C:07:7B:9E:46:8C:A5:ED:43:AC:80:91:5B:DF:C7:BA:49:61:36:EB:23:23:5E:99:0C:D6:B0:E5:76:B7:A2,37,260,CF56:8B:6F:F2:26:36:51:D4:0C:FE:BF:E8:95:C9:08:C4:4B:5B:5B:CE:10:F5:57:F9:EB:12:D4:08:4C:6E:B9:E6,1,CPgAdOIPme_k+/ukvaJ,AEAD_AES_256_GCM,FEFD
T01,1776274541446.591,transport,2679,128295,TLS_ECDHE_ECDSA_WITH_CHACHA20_POLY1305_SHA256,client,connected,n9sC,controlling,connected,CF34:0C:07:7B:9E:46:8C:A5:ED:43:AC:80:91:5B:DF:C7:BA:49:61:36:EB:23:23:5E:99:0C:D6:B0:E5:76:B7:A2,37,260,CF56:8B:6F:F2:26:36:51:D4:0C:FE:BF:E8:95:C9:08:C4:4B:5B:5B:CE:10:F5:57:F9:EB:12:D4:08:4C:6E:B9:E6,1,CPgAdOIPme_k+/ukvaJ,AEAD_AES_256_GCM,FEFD
T01,1776274541646.524,transport,2787,138519,TLS_ECDHE_ECDSA_WITH_CHACHA20_POLY1305_SHA256,client,connected,n9sC,controlling,connected,CF34:0C:07:7B:9E:46:8C:A5:ED:43:AC:80:91:5B:DF:C7:BA:49:61:36:EB:23:23:5E:99:0C:D6:B0:E5:76:B7:A2,39,281,CF56:8B:6F:F2:26:36:51:D4:0C:FE:BF:E8:95:C9:08:C4:4B:5B:5B:CE:10:F5:57:F9:EB:12:D4:08:4C:6E:B9:E6,1,CPgAdOIPme_k+/ukvaJ,AEAD_AES_256_GCM,FEFD
T01,1776274541646.524,transport,2787,138519,TLS_ECDHE_ECDSA_WITH_CHACHA20_POLY1305_SHA256,client,connected,n9sC,controlling,connected,CF34:0C:07:7B:9E:46:8C:A5:ED:43:AC:80:91:5B:DF:C7:BA:49:61:36:EB:23:23:5E:99:0C:D6:B0:E5:76:B7:A2,39,281,CF56:8B:6F:F2:26:36:51:D4:0C:FE:BF:E8:95:C9:08:C4:4B:5B:5B:CE:10:F5:57:F9:EB:12:D4:08:4C:6E:B9:E6,1,CPgAdOIPme_k+/ukvaJ,AEAD_AES_256_GCM,FEFD
T01,1776274541846.752,transport,2887,147979,TLS_ECDHE_ECDSA_WITH_CHACHA20_POLY1305_SHA256,client,connected,n9sC,controlling,connected,CF34:0C:07:7B:9E:46:8C:A5:ED:43:AC:80:91:5B:DF:C7:BA:49:61:36:EB:23:23:5E:99:0C:D6:B0:E5:76:B7:A2,41,299,CF56:8B:6F:F2:26:36:51:D4:0C:FE:BF:E8:95:C9:08:C4:4B:5B:5B:CE:10:F5:57:F9:EB:12:D4:08:4C:6E:B9:E6,1,CPgAdOIPme_k+/ukvaJ,AEAD_AES_256_GCM,FEFD
T01,1776274541846.752,transport,2887,147979,TLS_ECDHE_ECDSA_WITH_CHACHA20_POLY1305_SHA256,client,connected,n9sC,controlling,connected,CF34:0C:07:7B:9E:46:8C:A5:ED:43:AC:80:91:5B:DF:C7:BA:49:61:36:EB:23:23:5E:99:0C:D6:B0:E5:76:B7:A2,41,299,CF56:8B:6F:F2:26:36:51:D4:0C:FE:BF:E8:95:C9:08:C4:4B:5B:5B:CE:10:F5:57:F9:EB:12:D4:08:4C:6E:B9:E6,1,CPgAdOIPme_k+/ukvaJ,AEAD_AES_256_GCM,FEFD
T01,1776274542046.437,transport,2995,156101,TLS_ECDHE_ECDSA_WITH_CHACHA20_POLY1305_SHA256,client,connected,n9sC,controlling,connected,CF34:0C:07:7B:9E:46:8C:A5:ED:43:AC:80:91:5B:DF:C7:BA:49:61:36:EB:23:23:5E:99:0C:D6:B0:E5:76:B7:A2,43,317,CF56:8B:6F:F2:26:36:51:D4:0C:FE:BF:E8:95:C9:08:C4:4B:5B:5B:CE:10:F5:57:F9:EB:12:D4:08:4C:6E:B9:E6,1,CPgAdOIPme_k+/ukvaJ,AEAD_AES_256_GCM,FEFD
T01,1776274542046.437,transport,2995,156101,TLS_ECDHE_ECDSA_WITH_CHACHA20_POLY1305_SHA256,client,connected,n9sC,controlling,connected,CF34:0C:07:7B:9E:46:8C:A5:ED:43:AC:80:91:5B:DF:C7:BA:49:61:36:EB:23:23:5E:99:0C:D6:B0:E5:76:B7:A2,43,317,CF56:8B:6F:F2:26:36:51:D4:0C:FE:BF:E8:95:C9:08:C4:4B:5B:5B:CE:10:F5:57:F9:EB:12:D4:08:4C:6E:B9:E6,1,CPgAdOIPme_k+/ukvaJ,AEAD_AES_256_GCM,FEFD
T01,1776274542246.4,transport,3203,165616,TLS_ECDHE_ECDSA_WITH_CHACHA20_POLY1305_SHA256,client,connected,n9sC,controlling,connected,CF34:0C:07:7B:9E:46:8C:A5:ED:43:AC:80:91:5B:DF:C7:BA:49:61:36:EB:23:23:5E:99:0C:D6:B0:E5:76:B7:A2,46,344,CF56:8B:6F:F2:26:36:51:D4:0C:FE:BF:E8:95:C9:08:C4:4B:5B:5B:CE:10:F5:57:F9:EB:12:D4:08:4C:6E:B9:E6,1,CPgAdOIPme_k+/ukvaJ,AEAD_AES_256_GCM,FEFD
T01,1776274542246.4,transport,3203,165616,TLS_ECDHE_ECDSA_WITH_CHACHA20_POLY1305_SHA256,client,connected,n9sC,controlling,connected,CF34:0C:07:7B:9E:46:8C:A5:ED:43:AC:80:91:5B:DF:C7:BA:49:61:36:EB:23:23:5E:99:0C:D6:B0:E5:76:B7:A2,46,344,CF56:8B:6F:F2:26:36:51:D4:0C:FE:BF:E8:95:C9:08:C4:4B:5B:5B:CE:10:F5:57:F9:EB:12:D4:08:4C:6E:B9:E6,1,CPgAdOIPme_k+/ukvaJ,AEAD_AES_256_GCM,FEFD
T01,1776274542446.424,transport,3319,175269,TLS_ECDHE_ECDSA_WITH_CHACHA20_POLY1305_SHA256,client,connected,n9sC,controlling,connected,CF34:0C:07:7B:9E:46:8C:A5:ED:43:AC:80:91:5B:DF:C7:BA:49:61:36:EB:23:23:5E:99:0C:D6:B0:E5:76:B7:A2,48,364,CF56:8B:6F:F2:26:36:51:D4:0C:FE:BF:E8:95:C9:08:C4:4B:5B:5B:CE:10:F5:57:F9:EB:12:D4:08:4C:6E:B9:E6,1,CPgAdOIPme_k+/ukvaJ,AEAD_AES_256_GCM,FEFD
T01,1776274542446.424,transport,3319,175269,TLS_ECDHE_ECDSA_WITH_CHACHA20_POLY1305_SHA256,client,connected,n9sC,controlling,connected,CF34:0C:07:7B:9E:46:8C:A5:ED:43:AC:80:91:5B:DF:C7:BA:49:61:36:EB:23:23:5E:99:0C:D6:B0:E5:76:B7:A2,48,364,CF56:8B:6F:F2:26:36:51:D4:0C:FE:BF:E8:95:C9:08:C4:4B:5B:5B:CE:10:F5:57:F9:EB:12:D4:08:4C:6E:B9:E6,1,CPgAdOIPme_k+/ukvaJ,AEAD_AES_256_GCM,FEFD
T01,1776274542646.589,transport,3423,187555,TLS_ECDHE_ECDSA_WITH_CHACHA20_POLY1305_SHA256,client,connected,n9sC,controlling,connected,CF34:0C:07:7B:9E:46:8C:A5:ED:43:AC:80:91:5B:DF:C7:BA:49:61:36:EB:23:23:5E:99:0C:D6:B0:E5:76:B7:A2,50,393,CF56:8B:6F:F2:26:36:51:D4:0C:FE:BF:E8:95:C9:08:C4:4B:5B:5B:CE:10:F5:57:F9:EB:12:D4:08:4C:6E:B9:E6,1,CPgAdOIPme_k+/ukvaJ,AEAD_AES_256_GCM,FEFD
T01,1776274542646.589,transport,3423,187555,TLS_ECDHE_ECDSA_WITH_CHACHA20_POLY1305_SHA256,client,connected,n9sC,controlling,connected,CF34:0C:07:7B:9E:46:8C:A5:ED:43:AC:80:91:5B:DF:C7:BA:49:61:36:EB:23:23:5E:99:0C:D6:B0:E5:76:B7:A2,50,393,CF56:8B:6F:F2:26:36:51:D4:0C:FE:BF:E8:95:C9:08:C4:4B:5B:5B:CE:10:F5:57:F9:EB:12:D4:08:4C:6E:B9:E6,1,CPgAdOIPme_k+/ukvaJ,AEAD_AES_256_GCM,FEFD
T01,1776274542846.481,transport,3535,195748,TLS_ECDHE_ECDSA_WITH_CHACHA20_POLY1305_SHA256,client,connected,n9sC,controlling,connected,CF34:0C:07:7B:9E:46:8C:A5:ED:43:AC:80:91:5B:DF:C7:BA:49:61:36:EB:23:23:5E:99:0C:D6:B0:E5:76:B7:A2,52,410,CF56:8B:6F:F2:26:36:51:D4:0C:FE:BF:E8:95:C9:08:C4:4B:5B:5B:CE:10:F5:57:F9:EB:12:D4:08:4C:6E:B9:E6,1,CPgAdOIPme_k+/ukvaJ,AEAD_AES_256_GCM,FEFD
T01,1776274542846.481,transport,3535,195748,TLS_ECDHE_ECDSA_WITH_CHACHA20_POLY1305_SHA256,client,connected,n9sC,controlling,connected,CF34:0C:07:7B:9E:46:8C:A5:ED:43:AC:80:91:5B:DF:C7:BA:49:61:36:EB:23:23:5E:99:0C:D6:B0:E5:76:B7:A2,52,410,CF56:8B:6F:F2:26:36:51:D4:0C:FE:BF:E8:95:C9:08:C4:4B:5B:5B:CE:10:F5:57:F9:EB:12:D4:08:4C:6E:B9:E6,1,CPgAdOIPme_k+/ukvaJ,AEAD_AES_256_GCM,FEFD
T01,1776274543046.602,transport,3647,207157,TLS_ECDHE_ECDSA_WITH_CHACHA20_POLY1305_SHA256,client,connected,n9sC,controlling,connected,CF34:0C:07:7B:9E:46:8C:A5:ED:43:AC:80:91:5B:DF:C7:BA:49:61:36:EB:23:23:5E:99:0C:D6:B0:E5:76:B7:A2,54,437,CF56:8B:6F:F2:26:36:51:D4:0C:FE:BF:E8:95:C9:08:C4:4B:5B:5B:CE:10:F5:57:F9:EB:12:D4:08:4C:6E:B9:E6,1,CPgAdOIPme_k+/ukvaJ,AEAD_AES_256_GCM,FEFD
T01,1776274543046.602,transport,3647,207157,TLS_ECDHE_ECDSA_WITH_CHACHA20_POLY1305_SHA256,client,connected,n9sC,controlling,connected,CF34:0C:07:7B:9E:46:8C:A5:ED:43:AC:80:91:5B:DF:C7:BA:49:61:36:EB:23:23:5E:99:0C:D6:B0:E5:76:B7:A2,54,437,CF56:8B:6F:F2:26:36:51:D4:0C:FE:BF:E8:95:C9:08:C4:4B:5B:5B:CE:10:F5:57:F9:EB:12:D4:08:4C:6E:B9:E6,1,CPgAdOIPme_k+/ukvaJ,AEAD_AES_256_GCM,FEFD
T01,1776274543246.464,transport,3755,216083,TLS_ECDHE_ECDSA_WITH_CHACHA20_POLY1305_SHA256,client,connected,n9sC,controlling,connected,CF34:0C:07:7B:9E:46:8C:A5:ED:43:AC:80:91:5B:DF:C7:BA:49:61:36:EB:23:23:5E:99:0C:D6:B0:E5:76:B7:A2,56,454,CF56:8B:6F:F2:26:36:51:D4:0C:FE:BF:E8:95:C9:08:C4:4B:5B:5B:CE:10:F5:57:F9:EB:12:D4:08:4C:6E:B9:E6,1,CPgAdOIPme_k+/ukvaJ,AEAD_AES_256_GCM,FEFD
T01,1776274543246.464,transport,3755,216083,TLS_ECDHE_ECDSA_WITH_CHACHA20_POLY1305_SHA256,client,connected,n9sC,controlling,connected,CF34:0C:07:7B:9E:46:8C:A5:ED:43:AC:80:91:5B:DF:C7:BA:49:61:36:EB:23:23:5E:99:0C:D6:B0:E5:76:B7:A2,56,454,CF56:8B:6F:F2:26:36:51:D4:0C:FE:BF:E8:95:C9:08:C4:4B:5B:5B:CE:10:F5:57:F9:EB:12:D4:08:4C:6E:B9:E6,1,CPgAdOIPme_k+/ukvaJ,AEAD_AES_256_GCM,FEFD
T01,1776274543446.45,transport,3855,226582,TLS_ECDHE_ECDSA_WITH_CHACHA20_POLY1305_SHA256,client,connected,n9sC,controlling,connected,CF34:0C:07:7B:9E:46:8C:A5:ED:43:AC:80:91:5B:DF:C7:BA:49:61:36:EB:23:23:5E:99:0C:D6:B0:E5:76:B7:A2,58,476,CF56:8B:6F:F2:26:36:51:D4:0C:FE:BF:E8:95:C9:08:C4:4B:5B:5B:CE:10:F5:57:F9:EB:12:D4:08:4C:6E:B9:E6,1,CPgAdOIPme_k+/ukvaJ,AEAD_AES_256_GCM,FEFD
T01,1776274543446.45,transport,3855,226582,TLS_ECDHE_ECDSA_WITH_CHACHA20_POLY1305_SHA256,client,connected,n9sC,controlling,connected,CF34:0C:07:7B:9E:46:8C:A5:ED:43:AC:80:91:5B:DF:C7:BA:49:61:36:EB:23:23:5E:99:0C:D6:B0:E5:76:B7:A2,58,476,CF56:8B:6F:F2:26:36:51:D4:0C:FE:BF:E8:95:C9:08:C4:4B:5B:5B:CE:10:F5:57:F9:EB:12:D4:08:4C:6E:B9:E6,1,CPgAdOIPme_k+/ukvaJ,AEAD_AES_256_GCM,FEFD
T01,1776274543646.564,transport,3967,238015,TLS_ECDHE_ECDSA_WITH_CHACHA20_POLY1305_SHA256,client,connected,n9sC,controlling,connected,CF34:0C:07:7B:9E:46:8C:A5:ED:43:AC:80:91:5B:DF:C7:BA:49:61:36:EB:23:23:5E:99:0C:D6:B0:E5:76:B7:A2,60,494,CF56:8B:6F:F2:26:36:51:D4:0C:FE:BF:E8:95:C9:08:C4:4B:5B:5B:CE:10:F5:57:F9:EB:12:D4:08:4C:6E:B9:E6,1,CPgAdOIPme_k+/ukvaJ,AEAD_AES_256_GCM,FEFD
T01,1776274543646.564,transport,3967,238015,TLS_ECDHE_ECDSA_WITH_CHACHA20_POLY1305_SHA256,client,connected,n9sC,controlling,connected,CF34:0C:07:7B:9E:46:8C:A5:ED:43:AC:80:91:5B:DF:C7:BA:49:61:36:EB:23:23:5E:99:0C:D6:B0:E5:76:B7:A2,60,494,CF56:8B:6F:F2:26:36:51:D4:0C:FE:BF:E8:95:C9:08:C4:4B:5B:5B:CE:10:F5:57:F9:EB:12:D4:08:4C:6E:B9:E6,1,CPgAdOIPme_k+/ukvaJ,AEAD_AES_256_GCM,FEFD
T01,1776274543846.569,transport,4175,248266,TLS_ECDHE_ECDSA_WITH_CHACHA20_POLY1305_SHA256,client,connected,n9sC,controlling,connected,CF34:0C:07:7B:9E:46:8C:A5:ED:43:AC:80:91:5B:DF:C7:BA:49:61:36:EB:23:23:5E:99:0C:D6:B0:E5:76:B7:A2,63,520,CF56:8B:6F:F2:26:36:51:D4:0C:FE:BF:E8:95:C9:08:C4:4B:5B:5B:CE:10:F5:57:F9:EB:12:D4:08:4C:6E:B9:E6,1,CPgAdOIPme_k+/ukvaJ,AEAD_AES_256_GCM,FEFD
T01,1776274543846.569,transport,4175,248266,TLS_ECDHE_ECDSA_WITH_CHACHA20_POLY1305_SHA256,client,connected,n9sC,controlling,connected,CF34:0C:07:7B:9E:46:8C:A5:ED:43:AC:80:91:5B:DF:C7:BA:49:61:36:EB:23:23:5E:99:0C:D6:B0:E5:76:B7:A2,63,520,CF56:8B:6F:F2:26:36:51:D4:0C:FE:BF:E8:95:C9:08:C4:4B:5B:5B:CE:10:F5:57:F9:EB:12:D4:08:4C:6E:B9:E6,1,CPgAdOIPme_k+/ukvaJ,AEAD_AES_256_GCM,FEFD
T01,1776274544046.632,transport,4279,259952,TLS_ECDHE_ECDSA_WITH_CHACHA20_POLY1305_SHA256,client,connected,n9sC,controlling,connected,CF34:0C:07:7B:9E:46:8C:A5:ED:43:AC:80:91:5B:DF:C7:BA:49:61:36:EB:23:23:5E:99:0C:D6:B0:E5:76:B7:A2,65,543,CF56:8B:6F:F2:26:36:51:D4:0C:FE:BF:E8:95:C9:08:C4:4B:5B:5B:CE:10:F5:57:F9:EB:12:D4:08:4C:6E:B9:E6,1,CPgAdOIPme_k+/ukvaJ,AEAD_AES_256_GCM,FEFD
T01,1776274544046.632,transport,4279,259952,TLS_ECDHE_ECDSA_WITH_CHACHA20_POLY1305_SHA256,client,connected,n9sC,controlling,connected,CF34:0C:07:7B:9E:46:8C:A5:ED:43:AC:80:91:5B:DF:C7:BA:49:61:36:EB:23:23:5E:99:0C:D6:B0:E5:76:B7:A2,65,543,CF56:8B:6F:F2:26:36:51:D4:0C:FE:BF:E8:95:C9:08:C4:4B:5B:5B:CE:10:F5:57:F9:EB:12:D4:08:4C:6E:B9:E6,1,CPgAdOIPme_k+/ukvaJ,AEAD_AES_256_GCM,FEFD
T01,1776274544246.403,transport,4391,269668,TLS_ECDHE_ECDSA_WITH_CHACHA20_POLY1305_SHA256,client,connected,n9sC,controlling,connected,CF34:0C:07:7B:9E:46:8C:A5:ED:43:AC:80:91:5B:DF:C7:BA:49:61:36:EB:23:23:5E:99:0C:D6:B0:E5:76:B7:A2,67,564,CF56:8B:6F:F2:26:36:51:D4:0C:FE:BF:E8:95:C9:08:C4:4B:5B:5B:CE:10:F5:57:F9:EB:12:D4:08:4C:6E:B9:E6,1,CPgAdOIPme_k+/ukvaJ,AEAD_AES_256_GCM,FEFD
T01,1776274544246.403,transport,4391,269668,TLS_ECDHE_ECDSA_WITH_CHACHA20_POLY1305_SHA256,client,connected,n9sC,controlling,connected,CF34:0C:07:7B:9E:46:8C:A5:ED:43:AC:80:91:5B:DF:C7:BA:49:61:36:EB:23:23:5E:99:0C:D6:B0:E5:76:B7:A2,67,564,CF56:8B:6F:F2:26:36:51:D4:0C:FE:BF:E8:95:C9:08:C4:4B:5B:5B:CE:10:F5:57:F9:EB:12:D4:08:4C:6E:B9:E6,1,CPgAdOIPme_k+/ukvaJ,AEAD_AES_256_GCM,FEFD
T01,1776274544446.392,transport,4499,281717,TLS_ECDHE_ECDSA_WITH_CHACHA20_POLY1305_SHA256,client,connected,n9sC,controlling,connected,CF34:0C:07:7B:9E:46:8C:A5:ED:43:AC:80:91:5B:DF:C7:BA:49:61:36:EB:23:23:5E:99:0C:D6:B0:E5:76:B7:A2,69,584,CF56:8B:6F:F2:26:36:51:D4:0C:FE:BF:E8:95:C9:08:C4:4B:5B:5B:CE:10:F5:57:F9:EB:12:D4:08:4C:6E:B9:E6,1,CPgAdOIPme_k+/ukvaJ,AEAD_AES_256_GCM,FEFD
T01,1776274544446.392,transport,4499,281717,TLS_ECDHE_ECDSA_WITH_CHACHA20_POLY1305_SHA256,client,connected,n9sC,controlling,connected,CF34:0C:07:7B:9E:46:8C:A5:ED:43:AC:80:91:5B:DF:C7:BA:49:61:36:EB:23:23:5E:99:0C:D6:B0:E5:76:B7:A2,69,584,CF56:8B:6F:F2:26:36:51:D4:0C:FE:BF:E8:95:C9:08:C4:4B:5B:5B:CE:10:F5:57:F9:EB:12:D4:08:4C:6E:B9:E6,1,CPgAdOIPme_k+/ukvaJ,AEAD_AES_256_GCM,FEFD
T01,1776274544646.522,transport,4611,293540,TLS_ECDHE_ECDSA_WITH_CHACHA20_POLY1305_SHA256,client,connected,n9sC,controlling,connected,CF34:0C:07:7B:9E:46:8C:A5:ED:43:AC:80:91:5B:DF:C7:BA:49:61:36:EB:23:23:5E:99:0C:D6:B0:E5:76:B7:A2,71,614,CF56:8B:6F:F2:26:36:51:D4:0C:FE:BF:E8:95:C9:08:C4:4B:5B:5B:CE:10:F5:57:F9:EB:12:D4:08:4C:6E:B9:E6,1,CPgAdOIPme_k+/ukvaJ,AEAD_AES_256_GCM,FEFD
T01,1776274544646.522,transport,4611,293540,TLS_ECDHE_ECDSA_WITH_CHACHA20_POLY1305_SHA256,client,connected,n9sC,controlling,connected,CF34:0C:07:7B:9E:46:8C:A5:ED:43:AC:80:91:5B:DF:C7:BA:49:61:36:EB:23:23:5E:99:0C:D6:B0:E5:76:B7:A2,71,614,CF56:8B:6F:F2:26:36:51:D4:0C:FE:BF:E8:95:C9:08:C4:4B:5B:5B:CE:10:F5:57:F9:EB:12:D4:08:4C:6E:B9:E6,1,CPgAdOIPme_k+/ukvaJ,AEAD_AES_256_GCM,FEFD
T01,1776274544846.504,transport,4723,307265,TLS_ECDHE_ECDSA_WITH_CHACHA20_POLY1305_SHA256,client,connected,n9sC,controlling,connected,CF34:0C:07:7B:9E:46:8C:A5:ED:43:AC:80:91:5B:DF:C7:BA:49:61:36:EB:23:23:5E:99:0C:D6:B0:E5:76:B7:A2,73,643,CF56:8B:6F:F2:26:36:51:D4:0C:FE:BF:E8:95:C9:08:C4:4B:5B:5B:CE:10:F5:57:F9:EB:12:D4:08:4C:6E:B9:E6,1,CPgAdOIPme_k+/ukvaJ,AEAD_AES_256_GCM,FEFD
T01,1776274544846.504,transport,4723,307265,TLS_ECDHE_ECDSA_WITH_CHACHA20_POLY1305_SHA256,client,connected,n9sC,controlling,connected,CF34:0C:07:7B:9E:46:8C:A5:ED:43:AC:80:91:5B:DF:C7:BA:49:61:36:EB:23:23:5E:99:0C:D6:B0:E5:76:B7:A2,73,643,CF56:8B:6F:F2:26:36:51:D4:0C:FE:BF:E8:95:C9:08:C4:4B:5B:5B:CE:10:F5:57:F9:EB:12:D4:08:4C:6E:B9:E6,1,CPgAdOIPme_k+/ukvaJ,AEAD_AES_256_GCM,FEFD
T01,1776274545046.563,transport,4839,317518,TLS_ECDHE_ECDSA_WITH_CHACHA20_POLY1305_SHA256,client,connected,n9sC,controlling,connected,CF34:0C:07:7B:9E:46:8C:A5:ED:43:AC:80:91:5B:DF:C7:BA:49:61:36:EB:23:23:5E:99:0C:D6:B0:E5:76:B7:A2,75,665,CF56:8B:6F:F2:26:36:51:D4:0C:FE:BF:E8:95:C9:08:C4:4B:5B:5B:CE:10:F5:57:F9:EB:12:D4:08:4C:6E:B9:E6,1,CPgAdOIPme_k+/ukvaJ,AEAD_AES_256_GCM,FEFD
T01,1776274545046.563,transport,4839,317518,TLS_ECDHE_ECDSA_WITH_CHACHA20_POLY1305_SHA256,client,connected,n9sC,controlling,connected,CF34:0C:07:7B:9E:46:8C:A5:ED:43:AC:80:91:5B:DF:C7:BA:49:61:36:EB:23:23:5E:99:0C:D6:B0:E5:76:B7:A2,75,665,CF56:8B:6F:F2:26:36:51:D4:0C:FE:BF:E8:95:C9:08:C4:4B:5B:5B:CE:10:F5:57:F9:EB:12:D4:08:4C:6E:B9:E6,1,CPgAdOIPme_k+/ukvaJ,AEAD_AES_256_GCM,FEFD
T01,1776274545246.405,transport,5047,328603,TLS_ECDHE_ECDSA_WITH_CHACHA20_POLY1305_SHA256,client,connected,n9sC,controlling,connected,CF34:0C:07:7B:9E:46:8C:A5:ED:43:AC:80:91:5B:DF:C7:BA:49:61:36:EB:23:23:5E:99:0C:D6:B0:E5:76:B7:A2,78,689,CF56:8B:6F:F2:26:36:51:D4:0C:FE:BF:E8:95:C9:08:C4:4B:5B:5B:CE:10:F5:57:F9:EB:12:D4:08:4C:6E:B9:E6,1,CPgAdOIPme_k+/ukvaJ,AEAD_AES_256_GCM,FEFD
T01,1776274545246.405,transport,5047,328603,TLS_ECDHE_ECDSA_WITH_CHACHA20_POLY1305_SHA256,client,connected,n9sC,controlling,connected,CF34:0C:07:7B:9E:46:8C:A5:ED:43:AC:80:91:5B:DF:C7:BA:49:61:36:EB:23:23:5E:99:0C:D6:B0:E5:76:B7:A2,78,689,CF56:8B:6F:F2:26:36:51:D4:0C:FE:BF:E8:95:C9:08:C4:4B:5B:5B:CE:10:F5:57:F9:EB:12:D4:08:4C:6E:B9:E6,1,CPgAdOIPme_k+/ukvaJ,AEAD_AES_256_GCM,FEFD
T01,1776274545446.45,transport,5159,340690,TLS_ECDHE_ECDSA_WITH_CHACHA20_POLY1305_SHA256,client,connected,n9sC,controlling,connected,CF34:0C:07:7B:9E:46:8C:A5:ED:43:AC:80:91:5B:DF:C7:BA:49:61:36:EB:23:23:5E:99:0C:D6:B0:E5:76:B7:A2,80,719,CF56:8B:6F:F2:26:36:51:D4:0C:FE:BF:E8:95:C9:08:C4:4B:5B:5B:CE:10:F5:57:F9:EB:12:D4:08:4C:6E:B9:E6,1,CPgAdOIPme_k+/ukvaJ,AEAD_AES_256_GCM,FEFD
T01,1776274545446.45,transport,5159,340690,TLS_ECDHE_ECDSA_WITH_CHACHA20_POLY1305_SHA256,client,connected,n9sC,controlling,connected,CF34:0C:07:7B:9E:46:8C:A5:ED:43:AC:80:91:5B:DF:C7:BA:49:61:36:EB:23:23:5E:99:0C:D6:B0:E5:76:B7:A2,80,719,CF56:8B:6F:F2:26:36:51:D4:0C:FE:BF:E8:95:C9:08:C4:4B:5B:5B:CE:10:F5:57:F9:EB:12:D4:08:4C:6E:B9:E6,1,CPgAdOIPme_k+/ukvaJ,AEAD_AES_256_GCM,FEFD
T01,1776274545646.664,transport,5279,352786,TLS_ECDHE_ECDSA_WITH_CHACHA20_POLY1305_SHA256,client,connected,n9sC,controlling,connected,CF34:0C:07:7B:9E:46:8C:A5:ED:43:AC:80:91:5B:DF:C7:BA:49:61:36:EB:23:23:5E:99:0C:D6:B0:E5:76:B7:A2,82,745,CF56:8B:6F:F2:26:36:51:D4:0C:FE:BF:E8:95:C9:08:C4:4B:5B:5B:CE:10:F5:57:F9:EB:12:D4:08:4C:6E:B9:E6,1,CPgAdOIPme_k+/ukvaJ,AEAD_AES_256_GCM,FEFD
T01,1776274545646.664,transport,5279,352786,TLS_ECDHE_ECDSA_WITH_CHACHA20_POLY1305_SHA256,client,connected,n9sC,controlling,connected,CF34:0C:07:7B:9E:46:8C:A5:ED:43:AC:80:91:5B:DF:C7:BA:49:61:36:EB:23:23:5E:99:0C:D6:B0:E5:76:B7:A2,82,745,CF56:8B:6F:F2:26:36:51:D4:0C:FE:BF:E8:95:C9:08:C4:4B:5B:5B:CE:10:F5:57:F9:EB:12:D4:08:4C:6E:B9:E6,1,CPgAdOIPme_k+/ukvaJ,AEAD_AES_256_GCM,FEFD
T01,1776274545846.539,transport,5387,366919,TLS_ECDHE_ECDSA_WITH_CHACHA20_POLY1305_SHA256,client,connected,n9sC,controlling,connected,CF34:0C:07:7B:9E:46:8C:A5:ED:43:AC:80:91:5B:DF:C7:BA:49:61:36:EB:23:23:5E:99:0C:D6:B0:E5:76:B7:A2,84,775,CF56:8B:6F:F2:26:36:51:D4:0C:FE:BF:E8:95:C9:08:C4:4B:5B:5B:CE:10:F5:57:F9:EB:12:D4:08:4C:6E:B9:E6,1,CPgAdOIPme_k+/ukvaJ,AEAD_AES_256_GCM,FEFD
T01,1776274545846.539,transport,5387,366919,TLS_ECDHE_ECDSA_WITH_CHACHA20_POLY1305_SHA256,client,connected,n9sC,controlling,connected,CF34:0C:07:7B:9E:46:8C:A5:ED:43:AC:80:91:5B:DF:C7:BA:49:61:36:EB:23:23:5E:99:0C:D6:B0:E5:76:B7:A2,84,775,CF56:8B:6F:F2:26:36:51:D4:0C:FE:BF:E8:95:C9:08:C4:4B:5B:5B:CE:10:F5:57:F9:EB:12:D4:08:4C:6E:B9:E6,1,CPgAdOIPme_k+/ukvaJ,AEAD_AES_256_GCM,FEFD
T01,1776274546046.595,transport,5499,379505,TLS_ECDHE_ECDSA_WITH_CHACHA20_POLY1305_SHA256,client,connected,n9sC,controlling,connected,CF34:0C:07:7B:9E:46:8C:A5:ED:43:AC:80:91:5B:DF:C7:BA:49:61:36:EB:23:23:5E:99:0C:D6:B0:E5:76:B7:A2,86,800,CF56:8B:6F:F2:26:36:51:D4:0C:FE:BF:E8:95:C9:08:C4:4B:5B:5B:CE:10:F5:57:F9:EB:12:D4:08:4C:6E:B9:E6,1,CPgAdOIPme_k+/ukvaJ,AEAD_AES_256_GCM,FEFD
T01,1776274546046.595,transport,5499,379505,TLS_ECDHE_ECDSA_WITH_CHACHA20_POLY1305_SHA256,client,connected,n9sC,controlling,connected,CF34:0C:07:7B:9E:46:8C:A5:ED:43:AC:80:91:5B:DF:C7:BA:49:61:36:EB:23:23:5E:99:0C:D6:B0:E5:76:B7:A2,86,800,CF56:8B:6F:F2:26:36:51:D4:0C:FE:BF:E8:95:C9:08:C4:4B:5B:5B:CE:10:F5:57:F9:EB:12:D4:08:4C:6E:B9:E6,1,CPgAdOIPme_k+/ukvaJ,AEAD_AES_256_GCM,FEFD
T01,1776274546246.466,transport,5611,391676,TLS_ECDHE_ECDSA_WITH_CHACHA20_POLY1305_SHA256,client,connected,n9sC,controlling,connected,CF34:0C:07:7B:9E:46:8C:A5:ED:43:AC:80:91:5B:DF:C7:BA:49:61:36:EB:23:23:5E:99:0C:D6:B0:E5:76:B7:A2,88,831,CF56:8B:6F:F2:26:36:51:D4:0C:FE:BF:E8:95:C9:08:C4:4B:5B:5B:CE:10:F5:57:F9:EB:12:D4:08:4C:6E:B9:E6,1,CPgAdOIPme_k+/ukvaJ,AEAD_AES_256_GCM,FEFD
T01,1776274546246.466,transport,5611,391676,TLS_ECDHE_ECDSA_WITH_CHACHA20_POLY1305_SHA256,client,connected,n9sC,controlling,connected,CF34:0C:07:7B:9E:46:8C:A5:ED:43:AC:80:91:5B:DF:C7:BA:49:61:36:EB:23:23:5E:99:0C:D6:B0:E5:76:B7:A2,88,831,CF56:8B:6F:F2:26:36:51:D4:0C:FE:BF:E8:95:C9:08:C4:4B:5B:5B:CE:10:F5:57:F9:EB:12:D4:08:4C:6E:B9:E6,1,CPgAdOIPme_k+/ukvaJ,AEAD_AES_256_GCM,FEFD
T01,1776274546446.457,transport,5731,404871,TLS_ECDHE_ECDSA_WITH_CHACHA20_POLY1305_SHA256,client,connected,n9sC,controlling,connected,CF34:0C:07:7B:9E:46:8C:A5:ED:43:AC:80:91:5B:DF:C7:BA:49:61:36:EB:23:23:5E:99:0C:D6:B0:E5:76:B7:A2,90,862,CF56:8B:6F:F2:26:36:51:D4:0C:FE:BF:E8:95:C9:08:C4:4B:5B:5B:CE:10:F5:57:F9:EB:12:D4:08:4C:6E:B9:E6,1,CPgAdOIPme_k+/ukvaJ,AEAD_AES_256_GCM,FEFD
T01,1776274546446.457,transport,5731,404871,TLS_ECDHE_ECDSA_WITH_CHACHA20_POLY1305_SHA256,client,connected,n9sC,controlling,connected,CF34:0C:07:7B:9E:46:8C:A5:ED:43:AC:80:91:5B:DF:C7:BA:49:61:36:EB:23:23:5E:99:0C:D6:B0:E5:76:B7:A2,90,862,CF56:8B:6F:F2:26:36:51:D4:0C:FE:BF:E8:95:C9:08:C4:4B:5B:5B:CE:10:F5:57:F9:EB:12:D4:08:4C:6E:B9:E6,1,CPgAdOIPme_k+/ukvaJ,AEAD_AES_256_GCM,FEFD
T01,1776274546646.482,transport,5939,417848,TLS_ECDHE_ECDSA_WITH_CHACHA20_POLY1305_SHA256,client,connected,n9sC,controlling,connected,CF34:0C:07:7B:9E:46:8C:A5:ED:43:AC:80:91:5B:DF:C7:BA:49:61:36:EB:23:23:5E:99:0C:D6:B0:E5:76:B7:A2,93,890,CF56:8B:6F:F2:26:36:51:D4:0C:FE:BF:E8:95:C9:08:C4:4B:5B:5B:CE:10:F5:57:F9:EB:12:D4:08:4C:6E:B9:E6,1,CPgAdOIPme_k+/ukvaJ,AEAD_AES_256_GCM,FEFD
T01,1776274546646.482,transport,5939,417848,TLS_ECDHE_ECDSA_WITH_CHACHA20_POLY1305_SHA256,client,connected,n9sC,controlling,connected,CF34:0C:07:7B:9E:46:8C:A5:ED:43:AC:80:91:5B:DF:C7:BA:49:61:36:EB:23:23:5E:99:0C:D6:B0:E5:76:B7:A2,93,890,CF56:8B:6F:F2:26:36:51:D4:0C:FE:BF:E8:95:C9:08:C4:4B:5B:5B:CE:10:F5:57:F9:EB:12:D4:08:4C:6E:B9:E6,1,CPgAdOIPme_k+/ukvaJ,AEAD_AES_256_GCM,FEFD
T01,1776274546846.504,transport,6059,431928,TLS_ECDHE_ECDSA_WITH_CHACHA20_POLY1305_SHA256,client,connected,n9sC,controlling,connected,CF34:0C:07:7B:9E:46:8C:A5:ED:43:AC:80:91:5B:DF:C7:BA:49:61:36:EB:23:23:5E:99:0C:D6:B0:E5:76:B7:A2,95,921,CF56:8B:6F:F2:26:36:51:D4:0C:FE:BF:E8:95:C9:08:C4:4B:5B:5B:CE:10:F5:57:F9:EB:12:D4:08:4C:6E:B9:E6,1,CPgAdOIPme_k+/ukvaJ,AEAD_AES_256_GCM,FEFD
T01,1776274546846.504,transport,6059,431928,TLS_ECDHE_ECDSA_WITH_CHACHA20_POLY1305_SHA256,client,connected,n9sC,controlling,connected,CF34:0C:07:7B:9E:46:8C:A5:ED:43:AC:80:91:5B:DF:C7:BA:49:61:36:EB:23:23:5E:99:0C:D6:B0:E5:76:B7:A2,95,921,CF56:8B:6F:F2:26:36:51:D4:0C:FE:BF:E8:95:C9:08:C4:4B:5B:5B:CE:10:F5:57:F9:EB:12:D4:08:4C:6E:B9:E6,1,CPgAdOIPme_k+/ukvaJ,AEAD_AES_256_GCM,FEFD
T01,1776274547046.554,transport,6171,446431,TLS_ECDHE_ECDSA_WITH_CHACHA20_POLY1305_SHA256,client,connected,n9sC,controlling,connected,CF34:0C:07:7B:9E:46:8C:A5:ED:43:AC:80:91:5B:DF:C7:BA:49:61:36:EB:23:23:5E:99:0C:D6:B0:E5:76:B7:A2,97,957,CF56:8B:6F:F2:26:36:51:D4:0C:FE:BF:E8:95:C9:08:C4:4B:5B:5B:CE:10:F5:57:F9:EB:12:D4:08:4C:6E:B9:E6,1,CPgAdOIPme_k+/ukvaJ,AEAD_AES_256_GCM,FEFD
T01,1776274547046.554,transport,6171,446431,TLS_ECDHE_ECDSA_WITH_CHACHA20_POLY1305_SHA256,client,connected,n9sC,controlling,connected,CF34:0C:07:7B:9E:46:8C:A5:ED:43:AC:80:91:5B:DF:C7:BA:49:61:36:EB:23:23:5E:99:0C:D6:B0:E5:76:B7:A2,97,957,CF56:8B:6F:F2:26:36:51:D4:0C:FE:BF:E8:95:C9:08:C4:4B:5B:5B:CE:10:F5:57:F9:EB:12:D4:08:4C:6E:B9:E6,1,CPgAdOIPme_k+/ukvaJ,AEAD_AES_256_GCM,FEFD
T01,1776274547246.391,transport,6299,459691,TLS_ECDHE_ECDSA_WITH_CHACHA20_POLY1305_SHA256,client,connected,n9sC,controlling,connected,CF34:0C:07:7B:9E:46:8C:A5:ED:43:AC:80:91:5B:DF:C7:BA:49:61:36:EB:23:23:5E:99:0C:D6:B0:E5:76:B7:A2,99,988,CF56:8B:6F:F2:26:36:51:D4:0C:FE:BF:E8:95:C9:08:C4:4B:5B:5B:CE:10:F5:57:F9:EB:12:D4:08:4C:6E:B9:E6,1,CPgAdOIPme_k+/ukvaJ,AEAD_AES_256_GCM,FEFD
T01,1776274547246.391,transport,6299,459691,TLS_ECDHE_ECDSA_WITH_CHACHA20_POLY1305_SHA256,client,connected,n9sC,controlling,connected,CF34:0C:07:7B:9E:46:8C:A5:ED:43:AC:80:91:5B:DF:C7:BA:49:61:36:EB:23:23:5E:99:0C:D6:B0:E5:76:B7:A2,99,988,CF56:8B:6F:F2:26:36:51:D4:0C:FE:BF:E8:95:C9:08:C4:4B:5B:5B:CE:10:F5:57:F9:EB:12:D4:08:4C:6E:B9:E6,1,CPgAdOIPme_k+/ukvaJ,AEAD_AES_256_GCM,FEFD
T01,1776274547446.427,transport,6407,475995,TLS_ECDHE_ECDSA_WITH_CHACHA20_POLY1305_SHA256,client,connected,n9sC,controlling,connected,CF34:0C:07:7B:9E:46:8C:A5:ED:43:AC:80:91:5B:DF:C7:BA:49:61:36:EB:23:23:5E:99:0C:D6:B0:E5:76:B7:A2,101,1010,CF56:8B:6F:F2:26:36:51:D4:0C:FE:BF:E8:95:C9:08:C4:4B:5B:5B:CE:10:F5:57:F9:EB:12:D4:08:4C:6E:B9:E6,1,CPgAdOIPme_k+/ukvaJ,AEAD_AES_256_GCM,FEFD
T01,1776274547446.427,transport,6407,475995,TLS_ECDHE_ECDSA_WITH_CHACHA20_POLY1305_SHA256,client,connected,n9sC,controlling,connected,CF34:0C:07:7B:9E:46:8C:A5:ED:43:AC:80:91:5B:DF:C7:BA:49:61:36:EB:23:23:5E:99:0C:D6:B0:E5:76:B7:A2,101,1010,CF56:8B:6F:F2:26:36:51:D4:0C:FE:BF:E8:95:C9:08:C4:4B:5B:5B:CE:10:F5:57:F9:EB:12:D4:08:4C:6E:B9:E6,1,CPgAdOIPme_k+/ukvaJ,AEAD_AES_256_GCM,FEFD
T01,1776274547646.452,transport,6607,490387,TLS_ECDHE_ECDSA_WITH_CHACHA20_POLY1305_SHA256,client,connected,n9sC,controlling,connected,CF34:0C:07:7B:9E:46:8C:A5:ED:43:AC:80:91:5B:DF:C7:BA:49:61:36:EB:23:23:5E:99:0C:D6:B0:E5:76:B7:A2,104,1024,CF56:8B:6F:F2:26:36:51:D4:0C:FE:BF:E8:95:C9:08:C4:4B:5B:5B:CE:10:F5:57:F9:EB:12:D4:08:4C:6E:B9:E6,1,CPgAdOIPme_k+/ukvaJ,AEAD_AES_256_GCM,FEFD
T01,1776274547646.452,transport,6607,490387,TLS_ECDHE_ECDSA_WITH_CHACHA20_POLY1305_SHA256,client,connected,n9sC,controlling,connected,CF34:0C:07:7B:9E:46:8C:A5:ED:43:AC:80:91:5B:DF:C7:BA:49:61:36:EB:23:23:5E:99:0C:D6:B0:E5:76:B7:A2,104,1024,CF56:8B:6F:F2:26:36:51:D4:0C:FE:BF:E8:95:C9:08:C4:4B:5B:5B:CE:10:F5:57:F9:EB:12:D4:08:4C:6E:B9:E6,1,CPgAdOIPme_k+/ukvaJ,AEAD_AES_256_GCM,FEFD
T01,1776274547846.474,transport,6711,504153,TLS_ECDHE_ECDSA_WITH_CHACHA20_POLY1305_SHA256,client,connected,n9sC,controlling,connected,CF34:0C:07:7B:9E:46:8C:A5:ED:43:AC:80:91:5B:DF:C7:BA:49:61:36:EB:23:23:5E:99:0C:D6:B0:E5:76:B7:A2,106,1039,CF56:8B:6F:F2:26:36:51:D4:0C:FE:BF:E8:95:C9:08:C4:4B:5B:5B:CE:10:F5:57:F9:EB:12:D4:08:4C:6E:B9:E6,1,CPgAdOIPme_k+/ukvaJ,AEAD_AES_256_GCM,FEFD
T01,1776274547846.474,transport,6711,504153,TLS_ECDHE_ECDSA_WITH_CHACHA20_POLY1305_SHA256,client,connected,n9sC,controlling,connected,CF34:0C:07:7B:9E:46:8C:A5:ED:43:AC:80:91:5B:DF:C7:BA:49:61:36:EB:23:23:5E:99:0C:D6:B0:E5:76:B7:A2,106,1039,CF56:8B:6F:F2:26:36:51:D4:0C:FE:BF:E8:95:C9:08:C4:4B:5B:5B:CE:10:F5:57:F9:EB:12:D4:08:4C:6E:B9:E6,1,CPgAdOIPme_k+/ukvaJ,AEAD_AES_256_GCM,FEFD
T01,1776274548046.531,transport,6815,518792,TLS_ECDHE_ECDSA_WITH_CHACHA20_POLY1305_SHA256,client,connected,n9sC,controlling,connected,CF34:0C:07:7B:9E:46:8C:A5:ED:43:AC:80:91:5B:DF:C7:BA:49:61:36:EB:23:23:5E:99:0C:D6:B0:E5:76:B7:A2,108,1056,CF56:8B:6F:F2:26:36:51:D4:0C:FE:BF:E8:95:C9:08:C4:4B:5B:5B:CE:10:F5:57:F9:EB:12:D4:08:4C:6E:B9:E6,1,CPgAdOIPme_k+/ukvaJ,AEAD_AES_256_GCM,FEFD
T01,1776274548046.531,transport,6815,518792,TLS_ECDHE_ECDSA_WITH_CHACHA20_POLY1305_SHA256,client,connected,n9sC,controlling,connected,CF34:0C:07:7B:9E:46:8C:A5:ED:43:AC:80:91:5B:DF:C7:BA:49:61:36:EB:23:23:5E:99:0C:D6:B0:E5:76:B7:A2,108,1056,CF56:8B:6F:F2:26:36:51:D4:0C:FE:BF:E8:95:C9:08:C4:4B:5B:5B:CE:10:F5:57:F9:EB:12:D4:08:4C:6E:B9:E6,1,CPgAdOIPme_k+/ukvaJ,AEAD_AES_256_GCM,FEFD
T01,1776274548246.425,transport,6915,534749,TLS_ECDHE_ECDSA_WITH_CHACHA20_POLY1305_SHA256,client,connected,n9sC,controlling,connected,CF34:0C:07:7B:9E:46:8C:A5:ED:43:AC:80:91:5B:DF:C7:BA:49:61:36:EB:23:23:5E:99:0C:D6:B0:E5:76:B7:A2,110,1073,CF56:8B:6F:F2:26:36:51:D4:0C:FE:BF:E8:95:C9:08:C4:4B:5B:5B:CE:10:F5:57:F9:EB:12:D4:08:4C:6E:B9:E6,1,CPgAdOIPme_k+/ukvaJ,AEAD_AES_256_GCM,FEFD
T01,1776274548246.425,transport,6915,534749,TLS_ECDHE_ECDSA_WITH_CHACHA20_POLY1305_SHA256,client,connected,n9sC,controlling,connected,CF34:0C:07:7B:9E:46:8C:A5:ED:43:AC:80:91:5B:DF:C7:BA:49:61:36:EB:23:23:5E:99:0C:D6:B0:E5:76:B7:A2,110,1073,CF56:8B:6F:F2:26:36:51:D4:0C:FE:BF:E8:95:C9:08:C4:4B:5B:5B:CE:10:F5:57:F9:EB:12:D4:08:4C:6E:B9:E6,1,CPgAdOIPme_k+/ukvaJ,AEAD_AES_256_GCM,FEFD
T01,1776274548446.438,transport,7019,549960,TLS_ECDHE_ECDSA_WITH_CHACHA20_POLY1305_SHA256,client,connected,n9sC,controlling,connected,CF34:0C:07:7B:9E:46:8C:A5:ED:43:AC:80:91:5B:DF:C7:BA:49:61:36:EB:23:23:5E:99:0C:D6:B0:E5:76:B7:A2,112,1089,CF56:8B:6F:F2:26:36:51:D4:0C:FE:BF:E8:95:C9:08:C4:4B:5B:5B:CE:10:F5:57:F9:EB:12:D4:08:4C:6E:B9:E6,1,CPgAdOIPme_k+/ukvaJ,AEAD_AES_256_GCM,FEFD
T01,1776274548446.438,transport,7019,549960,TLS_ECDHE_ECDSA_WITH_CHACHA20_POLY1305_SHA256,client,connected,n9sC,controlling,connected,CF34:0C:07:7B:9E:46:8C:A5:ED:43:AC:80:91:5B:DF:C7:BA:49:61:36:EB:23:23:5E:99:0C:D6:B0:E5:76:B7:A2,112,1089,CF56:8B:6F:F2:26:36:51:D4:0C:FE:BF:E8:95:C9:08:C4:4B:5B:5B:CE:10:F5:57:F9:EB:12:D4:08:4C:6E:B9:E6,1,CPgAdOIPme_k+/ukvaJ,AEAD_AES_256_GCM,FEFD
T01,1776274548646.594,transport,7123,566587,TLS_ECDHE_ECDSA_WITH_CHACHA20_POLY1305_SHA256,client,connected,n9sC,controlling,connected,CF34:0C:07:7B:9E:46:8C:A5:ED:43:AC:80:91:5B:DF:C7:BA:49:61:36:EB:23:23:5E:99:0C:D6:B0:E5:76:B7:A2,114,1108,CF56:8B:6F:F2:26:36:51:D4:0C:FE:BF:E8:95:C9:08:C4:4B:5B:5B:CE:10:F5:57:F9:EB:12:D4:08:4C:6E:B9:E6,1,CPgAdOIPme_k+/ukvaJ,AEAD_AES_256_GCM,FEFD
T01,1776274548646.594,transport,7123,566587,TLS_ECDHE_ECDSA_WITH_CHACHA20_POLY1305_SHA256,client,connected,n9sC,controlling,connected,CF34:0C:07:7B:9E:46:8C:A5:ED:43:AC:80:91:5B:DF:C7:BA:49:61:36:EB:23:23:5E:99:0C:D6:B0:E5:76:B7:A2,114,1108,CF56:8B:6F:F2:26:36:51:D4:0C:FE:BF:E8:95:C9:08:C4:4B:5B:5B:CE:10:F5:57:F9:EB:12:D4:08:4C:6E:B9:E6,1,CPgAdOIPme_k+/ukvaJ,AEAD_AES_256_GCM,FEFD
T01,1776274548846.552,transport,7227,583131,TLS_ECDHE_ECDSA_WITH_CHACHA20_POLY1305_SHA256,client,connected,n9sC,controlling,connected,CF34:0C:07:7B:9E:46:8C:A5:ED:43:AC:80:91:5B:DF:C7:BA:49:61:36:EB:23:23:5E:99:0C:D6:B0:E5:76:B7:A2,116,1126,CF56:8B:6F:F2:26:36:51:D4:0C:FE:BF:E8:95:C9:08:C4:4B:5B:5B:CE:10:F5:57:F9:EB:12:D4:08:4C:6E:B9:E6,1,CPgAdOIPme_k+/ukvaJ,AEAD_AES_256_GCM,FEFD
T01,1776274548846.552,transport,7227,583131,TLS_ECDHE_ECDSA_WITH_CHACHA20_POLY1305_SHA256,client,connected,n9sC,controlling,connected,CF34:0C:07:7B:9E:46:8C:A5:ED:43:AC:80:91:5B:DF:C7:BA:49:61:36:EB:23:23:5E:99:0C:D6:B0:E5:76:B7:A2,116,1126,CF56:8B:6F:F2:26:36:51:D4:0C:FE:BF:E8:95:C9:08:C4:4B:5B:5B:CE:10:F5:57:F9:EB:12:D4:08:4C:6E:B9:E6,1,CPgAdOIPme_k+/ukvaJ,AEAD_AES_256_GCM,FEFD
T01,1776274549046.613,transport,7427,598719,TLS_ECDHE_ECDSA_WITH_CHACHA20_POLY1305_SHA256,client,connected,n9sC,controlling,connected,CF34:0C:07:7B:9E:46:8C:A5:ED:43:AC:80:91:5B:DF:C7:BA:49:61:36:EB:23:23:5E:99:0C:D6:B0:E5:76:B7:A2,119,1142,CF56:8B:6F:F2:26:36:51:D4:0C:FE:BF:E8:95:C9:08:C4:4B:5B:5B:CE:10:F5:57:F9:EB:12:D4:08:4C:6E:B9:E6,1,CPgAdOIPme_k+/ukvaJ,AEAD_AES_256_GCM,FEFD
T01,1776274549046.613,transport,7427,598719,TLS_ECDHE_ECDSA_WITH_CHACHA20_POLY1305_SHA256,client,connected,n9sC,controlling,connected,CF34:0C:07:7B:9E:46:8C:A5:ED:43:AC:80:91:5B:DF:C7:BA:49:61:36:EB:23:23:5E:99:0C:D6:B0:E5:76:B7:A2,119,1142,CF56:8B:6F:F2:26:36:51:D4:0C:FE:BF:E8:95:C9:08:C4:4B:5B:5B:CE:10:F5:57:F9:EB:12:D4:08:4C:6E:B9:E6,1,CPgAdOIPme_k+/ukvaJ,AEAD_AES_256_GCM,FEFD
T01,1776274549246.426,transport,7531,615000,TLS_ECDHE_ECDSA_WITH_CHACHA20_POLY1305_SHA256,client,connected,n9sC,controlling,connected,CF34:0C:07:7B:9E:46:8C:A5:ED:43:AC:80:91:5B:DF:C7:BA:49:61:36:EB:23:23:5E:99:0C:D6:B0:E5:76:B7:A2,121,1159,CF56:8B:6F:F2:26:36:51:D4:0C:FE:BF:E8:95:C9:08:C4:4B:5B:5B:CE:10:F5:57:F9:EB:12:D4:08:4C:6E:B9:E6,1,CPgAdOIPme_k+/ukvaJ,AEAD_AES_256_GCM,FEFD
T01,1776274549246.426,transport,7531,615000,TLS_ECDHE_ECDSA_WITH_CHACHA20_POLY1305_SHA256,client,connected,n9sC,controlling,connected,CF34:0C:07:7B:9E:46:8C:A5:ED:43:AC:80:91:5B:DF:C7:BA:49:61:36:EB:23:23:5E:99:0C:D6:B0:E5:76:B7:A2,121,1159,CF56:8B:6F:F2:26:36:51:D4:0C:FE:BF:E8:95:C9:08:C4:4B:5B:5B:CE:10:F5:57:F9:EB:12:D4:08:4C:6E:B9:E6,1,CPgAdOIPme_k+/ukvaJ,AEAD_AES_256_GCM,FEFD
T01,1776274549446.426,transport,7635,631849,TLS_ECDHE_ECDSA_WITH_CHACHA20_POLY1305_SHA256,client,connected,n9sC,controlling,connected,CF34:0C:07:7B:9E:46:8C:A5:ED:43:AC:80:91:5B:DF:C7:BA:49:61:36:EB:23:23:5E:99:0C:D6:B0:E5:76:B7:A2,123,1177,CF56:8B:6F:F2:26:36:51:D4:0C:FE:BF:E8:95:C9:08:C4:4B:5B:5B:CE:10:F5:57:F9:EB:12:D4:08:4C:6E:B9:E6,1,CPgAdOIPme_k+/ukvaJ,AEAD_AES_256_GCM,FEFD
T01,1776274549446.426,transport,7635,631849,TLS_ECDHE_ECDSA_WITH_CHACHA20_POLY1305_SHA256,client,connected,n9sC,controlling,connected,CF34:0C:07:7B:9E:46:8C:A5:ED:43:AC:80:91:5B:DF:C7:BA:49:61:36:EB:23:23:5E:99:0C:D6:B0:E5:76:B7:A2,123,1177,CF56:8B:6F:F2:26:36:51:D4:0C:FE:BF:E8:95:C9:08:C4:4B:5B:5B:CE:10:F5:57:F9:EB:12:D4:08:4C:6E:B9:E6,1,CPgAdOIPme_k+/ukvaJ,AEAD_AES_256_GCM,FEFD
T01,1776274549646.492,transport,7739,648980,TLS_ECDHE_ECDSA_WITH_CHACHA20_POLY1305_SHA256,client,connected,n9sC,controlling,connected,CF34:0C:07:7B:9E:46:8C:A5:ED:43:AC:80:91:5B:DF:C7:BA:49:61:36:EB:23:23:5E:99:0C:D6:B0:E5:76:B7:A2,125,1196,CF56:8B:6F:F2:26:36:51:D4:0C:FE:BF:E8:95:C9:08:C4:4B:5B:5B:CE:10:F5:57:F9:EB:12:D4:08:4C:6E:B9:E6,1,CPgAdOIPme_k+/ukvaJ,AEAD_AES_256_GCM,FEFD
T01,1776274549646.492,transport,7739,648980,TLS_ECDHE_ECDSA_WITH_CHACHA20_POLY1305_SHA256,client,connected,n9sC,controlling,connected,CF34:0C:07:7B:9E:46:8C:A5:ED:43:AC:80:91:5B:DF:C7:BA:49:61:36:EB:23:23:5E:99:0C:D6:B0:E5:76:B7:A2,125,1196,CF56:8B:6F:F2:26:36:51:D4:0C:FE:BF:E8:95:C9:08:C4:4B:5B:5B:CE:10:F5:57:F9:EB:12:D4:08:4C:6E:B9:E6,1,CPgAdOIPme_k+/ukvaJ,AEAD_AES_256_GCM,FEFD
T01,1776274549846.44,transport,7843,668516,TLS_ECDHE_ECDSA_WITH_CHACHA20_POLY1305_SHA256,client,connected,n9sC,controlling,connected,CF34:0C:07:7B:9E:46:8C:A5:ED:43:AC:80:91:5B:DF:C7:BA:49:61:36:EB:23:23:5E:99:0C:D6:B0:E5:76:B7:A2,127,1216,CF56:8B:6F:F2:26:36:51:D4:0C:FE:BF:E8:95:C9:08:C4:4B:5B:5B:CE:10:F5:57:F9:EB:12:D4:08:4C:6E:B9:E6,1,CPgAdOIPme_k+/ukvaJ,AEAD_AES_256_GCM,FEFD
T01,1776274549846.44,transport,7843,668516,TLS_ECDHE_ECDSA_WITH_CHACHA20_POLY1305_SHA256,client,connected,n9sC,controlling,connected,CF34:0C:07:7B:9E:46:8C:A5:ED:43:AC:80:91:5B:DF:C7:BA:49:61:36:EB:23:23:5E:99:0C:D6:B0:E5:76:B7:A2,127,1216,CF56:8B:6F:F2:26:36:51:D4:0C:FE:BF:E8:95:C9:08:C4:4B:5B:5B:CE:10:F5:57:F9:EB:12:D4:08:4C:6E:B9:E6,1,CPgAdOIPme_k+/ukvaJ,AEAD_AES_256_GCM,FEFD
T01,1776274550046.426,transport,7947,686801,TLS_ECDHE_ECDSA_WITH_CHACHA20_POLY1305_SHA256,client,connected,n9sC,controlling,connected,CF34:0C:07:7B:9E:46:8C:A5:ED:43:AC:80:91:5B:DF:C7:BA:49:61:36:EB:23:23:5E:99:0C:D6:B0:E5:76:B7:A2,129,1234,CF56:8B:6F:F2:26:36:51:D4:0C:FE:BF:E8:95:C9:08:C4:4B:5B:5B:CE:10:F5:57:F9:EB:12:D4:08:4C:6E:B9:E6,1,CPgAdOIPme_k+/ukvaJ,AEAD_AES_256_GCM,FEFD
T01,1776274550046.426,transport,7947,686801,TLS_ECDHE_ECDSA_WITH_CHACHA20_POLY1305_SHA256,client,connected,n9sC,controlling,connected,CF34:0C:07:7B:9E:46:8C:A5:ED:43:AC:80:91:5B:DF:C7:BA:49:61:36:EB:23:23:5E:99:0C:D6:B0:E5:76:B7:A2,129,1234,CF56:8B:6F:F2:26:36:51:D4:0C:FE:BF:E8:95:C9:08:C4:4B:5B:5B:CE:10:F5:57:F9:EB:12:D4:08:4C:6E:B9:E6,1,CPgAdOIPme_k+/ukvaJ,AEAD_AES_256_GCM,FEFD
T01,1776274550246.432,transport,8055,706202,TLS_ECDHE_ECDSA_WITH_CHACHA20_POLY1305_SHA256,client,connected,n9sC,controlling,connected,CF34:0C:07:7B:9E:46:8C:A5:ED:43:AC:80:91:5B:DF:C7:BA:49:61:36:EB:23:23:5E:99:0C:D6:B0:E5:76:B7:A2,131,1256,CF56:8B:6F:F2:26:36:51:D4:0C:FE:BF:E8:95:C9:08:C4:4B:5B:5B:CE:10:F5:57:F9:EB:12:D4:08:4C:6E:B9:E6,1,CPgAdOIPme_k+/ukvaJ,AEAD_AES_256_GCM,FEFD
T01,1776274550246.432,transport,8055,706202,TLS_ECDHE_ECDSA_WITH_CHACHA20_POLY1305_SHA256,client,connected,n9sC,controlling,connected,CF34:0C:07:7B:9E:46:8C:A5:ED:43:AC:80:91:5B:DF:C7:BA:49:61:36:EB:23:23:5E:99:0C:D6:B0:E5:76:B7:A2,131,1256,CF56:8B:6F:F2:26:36:51:D4:0C:FE:BF:E8:95:C9:08:C4:4B:5B:5B:CE:10:F5:57:F9:EB:12:D4:08:4C:6E:B9:E6,1,CPgAdOIPme_k+/ukvaJ,AEAD_AES_256_GCM,FEFD
T01,1776274550446.396,transport,8287,724632,TLS_ECDHE_ECDSA_WITH_CHACHA20_POLY1305_SHA256,client,connected,n9sC,controlling,connected,CF34:0C:07:7B:9E:46:8C:A5:ED:43:AC:80:91:5B:DF:C7:BA:49:61:36:EB:23:23:5E:99:0C:D6:B0:E5:76:B7:A2,134,1277,CF56:8B:6F:F2:26:36:51:D4:0C:FE:BF:E8:95:C9:08:C4:4B:5B:5B:CE:10:F5:57:F9:EB:12:D4:08:4C:6E:B9:E6,1,CPgAdOIPme_k+/ukvaJ,AEAD_AES_256_GCM,FEFD
T01,1776274550446.396,transport,8287,724632,TLS_ECDHE_ECDSA_WITH_CHACHA20_POLY1305_SHA256,client,connected,n9sC,controlling,connected,CF34:0C:07:7B:9E:46:8C:A5:ED:43:AC:80:91:5B:DF:C7:BA:49:61:36:EB:23:23:5E:99:0C:D6:B0:E5:76:B7:A2,134,1277,CF56:8B:6F:F2:26:36:51:D4:0C:FE:BF:E8:95:C9:08:C4:4B:5B:5B:CE:10:F5:57:F9:EB:12:D4:08:4C:6E:B9:E6,1,CPgAdOIPme_k+/ukvaJ,AEAD_AES_256_GCM,FEFD
T01,1776274550646.43,transport,8391,743715,TLS_ECDHE_ECDSA_WITH_CHACHA20_POLY1305_SHA256,client,connected,n9sC,controlling,connected,CF34:0C:07:7B:9E:46:8C:A5:ED:43:AC:80:91:5B:DF:C7:BA:49:61:36:EB:23:23:5E:99:0C:D6:B0:E5:76:B7:A2,136,1297,CF56:8B:6F:F2:26:36:51:D4:0C:FE:BF:E8:95:C9:08:C4:4B:5B:5B:CE:10:F5:57:F9:EB:12:D4:08:4C:6E:B9:E6,1,CPgAdOIPme_k+/ukvaJ,AEAD_AES_256_GCM,FEFD
T01,1776274550646.43,transport,8391,743715,TLS_ECDHE_ECDSA_WITH_CHACHA20_POLY1305_SHA256,client,connected,n9sC,controlling,connected,CF34:0C:07:7B:9E:46:8C:A5:ED:43:AC:80:91:5B:DF:C7:BA:49:61:36:EB:23:23:5E:99:0C:D6:B0:E5:76:B7:A2,136,1297,CF56:8B:6F:F2:26:36:51:D4:0C:FE:BF:E8:95:C9:08:C4:4B:5B:5B:CE:10:F5:57:F9:EB:12:D4:08:4C:6E:B9:E6,1,CPgAdOIPme_k+/ukvaJ,AEAD_AES_256_GCM,FEFD
T01,1776274550846.424,transport,8499,763123,TLS_ECDHE_ECDSA_WITH_CHACHA20_POLY1305_SHA256,client,connected,n9sC,controlling,connected,CF34:0C:07:7B:9E:46:8C:A5:ED:43:AC:80:91:5B:DF:C7:BA:49:61:36:EB:23:23:5E:99:0C:D6:B0:E5:76:B7:A2,138,1317,CF56:8B:6F:F2:26:36:51:D4:0C:FE:BF:E8:95:C9:08:C4:4B:5B:5B:CE:10:F5:57:F9:EB:12:D4:08:4C:6E:B9:E6,1,CPgAdOIPme_k+/ukvaJ,AEAD_AES_256_GCM,FEFD
T01,1776274550846.424,transport,8499,763123,TLS_ECDHE_ECDSA_WITH_CHACHA20_POLY1305_SHA256,client,connected,n9sC,controlling,connected,CF34:0C:07:7B:9E:46:8C:A5:ED:43:AC:80:91:5B:DF:C7:BA:49:61:36:EB:23:23:5E:99:0C:D6:B0:E5:76:B7:A2,138,1317,CF56:8B:6F:F2:26:36:51:D4:0C:FE:BF:E8:95:C9:08:C4:4B:5B:5B:CE:10:F5:57:F9:EB:12:D4:08:4C:6E:B9:E6,1,CPgAdOIPme_k+/ukvaJ,AEAD_AES_256_GCM,FEFD
T01,1776274551046.409,transport,8607,782516,TLS_ECDHE_ECDSA_WITH_CHACHA20_POLY1305_SHA256,client,connected,n9sC,controlling,connected,CF34:0C:07:7B:9E:46:8C:A5:ED:43:AC:80:91:5B:DF:C7:BA:49:61:36:EB:23:23:5E:99:0C:D6:B0:E5:76:B7:A2,140,1339,CF56:8B:6F:F2:26:36:51:D4:0C:FE:BF:E8:95:C9:08:C4:4B:5B:5B:CE:10:F5:57:F9:EB:12:D4:08:4C:6E:B9:E6,1,CPgAdOIPme_k+/ukvaJ,AEAD_AES_256_GCM,FEFD
T01,1776274551046.409,transport,8607,782516,TLS_ECDHE_ECDSA_WITH_CHACHA20_POLY1305_SHA256,client,connected,n9sC,controlling,connected,CF34:0C:07:7B:9E:46:8C:A5:ED:43:AC:80:91:5B:DF:C7:BA:49:61:36:EB:23:23:5E:99:0C:D6:B0:E5:76:B7:A2,140,1339,CF56:8B:6F:F2:26:36:51:D4:0C:FE:BF:E8:95:C9:08:C4:4B:5B:5B:CE:10:F5:57:F9:EB:12:D4:08:4C:6E:B9:E6,1,CPgAdOIPme_k+/ukvaJ,AEAD_AES_256_GCM,FEFD
T01,1776274551246.416,transport,8711,797282,TLS_ECDHE_ECDSA_WITH_CHACHA20_POLY1305_SHA256,client,connected,n9sC,controlling,connected,CF34:0C:07:7B:9E:46:8C:A5:ED:43:AC:80:91:5B:DF:C7:BA:49:61:36:EB:23:23:5E:99:0C:D6:B0:E5:76:B7:A2,142,1355,CF56:8B:6F:F2:26:36:51:D4:0C:FE:BF:E8:95:C9:08:C4:4B:5B:5B:CE:10:F5:57:F9:EB:12:D4:08:4C:6E:B9:E6,1,CPgAdOIPme_k+/ukvaJ,AEAD_AES_256_GCM,FEFD
T01,1776274551246.416,transport,8711,797282,TLS_ECDHE_ECDSA_WITH_CHACHA20_POLY1305_SHA256,client,connected,n9sC,controlling,connected,CF34:0C:07:7B:9E:46:8C:A5:ED:43:AC:80:91:5B:DF:C7:BA:49:61:36:EB:23:23:5E:99:0C:D6:B0:E5:76:B7:A2,142,1355,CF56:8B:6F:F2:26:36:51:D4:0C:FE:BF:E8:95:C9:08:C4:4B:5B:5B:CE:10:F5:57:F9:EB:12:D4:08:4C:6E:B9:E6,1,CPgAdOIPme_k+/ukvaJ,AEAD_AES_256_GCM,FEFD
T01,1776274551446.495,transport,8819,818347,TLS_ECDHE_ECDSA_WITH_CHACHA20_POLY1305_SHA256,client,connected,n9sC,controlling,connected,CF34:0C:07:7B:9E:46:8C:A5:ED:43:AC:80:91:5B:DF:C7:BA:49:61:36:EB:23:23:5E:99:0C:D6:B0:E5:76:B7:A2,144,1376,CF56:8B:6F:F2:26:36:51:D4:0C:FE:BF:E8:95:C9:08:C4:4B:5B:5B:CE:10:F5:57:F9:EB:12:D4:08:4C:6E:B9:E6,1,CPgAdOIPme_k+/ukvaJ,AEAD_AES_256_GCM,FEFD
T01,1776274551446.495,transport,8819,818347,TLS_ECDHE_ECDSA_WITH_CHACHA20_POLY1305_SHA256,client,connected,n9sC,controlling,connected,CF34:0C:07:7B:9E:46:8C:A5:ED:43:AC:80:91:5B:DF:C7:BA:49:61:36:EB:23:23:5E:99:0C:D6:B0:E5:76:B7:A2,144,1376,CF56:8B:6F:F2:26:36:51:D4:0C:FE:BF:E8:95:C9:08:C4:4B:5B:5B:CE:10:F5:57:F9:EB:12:D4:08:4C:6E:B9:E6,1,CPgAdOIPme_k+/ukvaJ,AEAD_AES_256_GCM,FEFD
T01,1776274551646.485,transport,9071,836779,TLS_ECDHE_ECDSA_WITH_CHACHA20_POLY1305_SHA256,client,connected,n9sC,controlling,connected,CF34:0C:07:7B:9E:46:8C:A5:ED:43:AC:80:91:5B:DF:C7:BA:49:61:36:EB:23:23:5E:99:0C:D6:B0:E5:76:B7:A2,147,1398,CF56:8B:6F:F2:26:36:51:D4:0C:FE:BF:E8:95:C9:08:C4:4B:5B:5B:CE:10:F5:57:F9:EB:12:D4:08:4C:6E:B9:E6,1,CPgAdOIPme_k+/ukvaJ,AEAD_AES_256_GCM,FEFD
T01,1776274551646.485,transport,9071,836779,TLS_ECDHE_ECDSA_WITH_CHACHA20_POLY1305_SHA256,client,connected,n9sC,controlling,connected,CF34:0C:07:7B:9E:46:8C:A5:ED:43:AC:80:91:5B:DF:C7:BA:49:61:36:EB:23:23:5E:99:0C:D6:B0:E5:76:B7:A2,147,1398,CF56:8B:6F:F2:26:36:51:D4:0C:FE:BF:E8:95:C9:08:C4:4B:5B:5B:CE:10:F5:57:F9:EB:12:D4:08:4C:6E:B9:E6,1,CPgAdOIPme_k+/ukvaJ,AEAD_AES_256_GCM,FEFD
T01,1776274551846.552,transport,9183,857889,TLS_ECDHE_ECDSA_WITH_CHACHA20_POLY1305_SHA256,client,connected,n9sC,controlling,connected,CF34:0C:07:7B:9E:46:8C:A5:ED:43:AC:80:91:5B:DF:C7:BA:49:61:36:EB:23:23:5E:99:0C:D6:B0:E5:76:B7:A2,149,1421,CF56:8B:6F:F2:26:36:51:D4:0C:FE:BF:E8:95:C9:08:C4:4B:5B:5B:CE:10:F5:57:F9:EB:12:D4:08:4C:6E:B9:E6,1,CPgAdOIPme_k+/ukvaJ,AEAD_AES_256_GCM,FEFD
T01,1776274551846.552,transport,9183,857889,TLS_ECDHE_ECDSA_WITH_CHACHA20_POLY1305_SHA256,client,connected,n9sC,controlling,connected,CF34:0C:07:7B:9E:46:8C:A5:ED:43:AC:80:91:5B:DF:C7:BA:49:61:36:EB:23:23:5E:99:0C:D6:B0:E5:76:B7:A2,149,1421,CF56:8B:6F:F2:26:36:51:D4:0C:FE:BF:E8:95:C9:08:C4:4B:5B:5B:CE:10:F5:57:F9:EB:12:D4:08:4C:6E:B9:E6,1,CPgAdOIPme_k+/ukvaJ,AEAD_AES_256_GCM,FEFD
T01,1776274552046.38,transport,9295,879232,TLS_ECDHE_ECDSA_WITH_CHACHA20_POLY1305_SHA256,client,connected,n9sC,controlling,connected,CF34:0C:07:7B:9E:46:8C:A5:ED:43:AC:80:91:5B:DF:C7:BA:49:61:36:EB:23:23:5E:99:0C:D6:B0:E5:76:B7:A2,151,1446,CF56:8B:6F:F2:26:36:51:D4:0C:FE:BF:E8:95:C9:08:C4:4B:5B:5B:CE:10:F5:57:F9:EB:12:D4:08:4C:6E:B9:E6,1,CPgAdOIPme_k+/ukvaJ,AEAD_AES_256_GCM,FEFD
T01,1776274552046.38,transport,9295,879232,TLS_ECDHE_ECDSA_WITH_CHACHA20_POLY1305_SHA256,client,connected,n9sC,controlling,connected,CF34:0C:07:7B:9E:46:8C:A5:ED:43:AC:80:91:5B:DF:C7:BA:49:61:36:EB:23:23:5E:99:0C:D6:B0:E5:76:B7:A2,151,1446,CF56:8B:6F:F2:26:36:51:D4:0C:FE:BF:E8:95:C9:08:C4:4B:5B:5B:CE:10:F5:57:F9:EB:12:D4:08:4C:6E:B9:E6,1,CPgAdOIPme_k+/ukvaJ,AEAD_AES_256_GCM,FEFD
T01,1776274552246.394,transport,9403,899656,TLS_ECDHE_ECDSA_WITH_CHACHA20_POLY1305_SHA256,client,connected,n9sC,controlling,connected,CF34:0C:07:7B:9E:46:8C:A5:ED:43:AC:80:91:5B:DF:C7:BA:49:61:36:EB:23:23:5E:99:0C:D6:B0:E5:76:B7:A2,153,1468,CF56:8B:6F:F2:26:36:51:D4:0C:FE:BF:E8:95:C9:08:C4:4B:5B:5B:CE:10:F5:57:F9:EB:12:D4:08:4C:6E:B9:E6,1,CPgAdOIPme_k+/ukvaJ,AEAD_AES_256_GCM,FEFD
T01,1776274552246.394,transport,9403,899656,TLS_ECDHE_ECDSA_WITH_CHACHA20_POLY1305_SHA256,client,connected,n9sC,controlling,connected,CF34:0C:07:7B:9E:46:8C:A5:ED:43:AC:80:91:5B:DF:C7:BA:49:61:36:EB:23:23:5E:99:0C:D6:B0:E5:76:B7:A2,153,1468,CF56:8B:6F:F2:26:36:51:D4:0C:FE:BF:E8:95:C9:08:C4:4B:5B:5B:CE:10:F5:57:F9:EB:12:D4:08:4C:6E:B9:E6,1,CPgAdOIPme_k+/ukvaJ,AEAD_AES_256_GCM,FEFD
T01,1776274552446.398,transport,9547,925086,TLS_ECDHE_ECDSA_WITH_CHACHA20_POLY1305_SHA256,client,connected,n9sC,controlling,connected,CF34:0C:07:7B:9E:46:8C:A5:ED:43:AC:80:91:5B:DF:C7:BA:49:61:36:EB:23:23:5E:99:0C:D6:B0:E5:76:B7:A2,156,1495,CF56:8B:6F:F2:26:36:51:D4:0C:FE:BF:E8:95:C9:08:C4:4B:5B:5B:CE:10:F5:57:F9:EB:12:D4:08:4C:6E:B9:E6,1,CPgAdOIPme_k+/ukvaJ,AEAD_AES_256_GCM,FEFD
T01,1776274552446.398,transport,9547,925086,TLS_ECDHE_ECDSA_WITH_CHACHA20_POLY1305_SHA256,client,connected,n9sC,controlling,connected,CF34:0C:07:7B:9E:46:8C:A5:ED:43:AC:80:91:5B:DF:C7:BA:49:61:36:EB:23:23:5E:99:0C:D6:B0:E5:76:B7:A2,156,1495,CF56:8B:6F:F2:26:36:51:D4:0C:FE:BF:E8:95:C9:08:C4:4B:5B:5B:CE:10:F5:57:F9:EB:12:D4:08:4C:6E:B9:E6,1,CPgAdOIPme_k+/ukvaJ,AEAD_AES_256_GCM,FEFD
T01,1776274552646.451,transport,9647,940886,TLS_ECDHE_ECDSA_WITH_CHACHA20_POLY1305_SHA256,client,connected,n9sC,controlling,connected,CF34:0C:07:7B:9E:46:8C:A5:ED:43:AC:80:91:5B:DF:C7:BA:49:61:36:EB:23:23:5E:99:0C:D6:B0:E5:76:B7:A2,158,1510,CF56:8B:6F:F2:26:36:51:D4:0C:FE:BF:E8:95:C9:08:C4:4B:5B:5B:CE:10:F5:57:F9:EB:12:D4:08:4C:6E:B9:E6,1,CPgAdOIPme_k+/ukvaJ,AEAD_AES_256_GCM,FEFD
T01,1776274552646.451,transport,9647,940886,TLS_ECDHE_ECDSA_WITH_CHACHA20_POLY1305_SHA256,client,connected,n9sC,controlling,connected,CF34:0C:07:7B:9E:46:8C:A5:ED:43:AC:80:91:5B:DF:C7:BA:49:61:36:EB:23:23:5E:99:0C:D6:B0:E5:76:B7:A2,158,1510,CF56:8B:6F:F2:26:36:51:D4:0C:FE:BF:E8:95:C9:08:C4:4B:5B:5B:CE:10:F5:57:F9:EB:12:D4:08:4C:6E:B9:E6,1,CPgAdOIPme_k+/ukvaJ,AEAD_AES_256_GCM,FEFD
T01,1776274552846.442,transport,9899,964307,TLS_ECDHE_ECDSA_WITH_CHACHA20_POLY1305_SHA256,client,connected,n9sC,controlling,connected,CF34:0C:07:7B:9E:46:8C:A5:ED:43:AC:80:91:5B:DF:C7:BA:49:61:36:EB:23:23:5E:99:0C:D6:B0:E5:76:B7:A2,161,1532,CF56:8B:6F:F2:26:36:51:D4:0C:FE:BF:E8:95:C9:08:C4:4B:5B:5B:CE:10:F5:57:F9:EB:12:D4:08:4C:6E:B9:E6,1,CPgAdOIPme_k+/ukvaJ,AEAD_AES_256_GCM,FEFD
T01,1776274552846.442,transport,9899,964307,TLS_ECDHE_ECDSA_WITH_CHACHA20_POLY1305_SHA256,client,connected,n9sC,controlling,connected,CF34:0C:07:7B:9E:46:8C:A5:ED:43:AC:80:91:5B:DF:C7:BA:49:61:36:EB:23:23:5E:99:0C:D6:B0:E5:76:B7:A2,161,1532,CF56:8B:6F:F2:26:36:51:D4:0C:FE:BF:E8:95:C9:08:C4:4B:5B:5B:CE:10:F5:57:F9:EB:12:D4:08:4C:6E:B9:E6,1,CPgAdOIPme_k+/ukvaJ,AEAD_AES_256_GCM,FEFD
T01,1776274553046.417,transport,10007,988380,TLS_ECDHE_ECDSA_WITH_CHACHA20_POLY1305_SHA256,client,connected,n9sC,controlling,connected,CF34:0C:07:7B:9E:46:8C:A5:ED:43:AC:80:91:5B:DF:C7:BA:49:61:36:EB:23:23:5E:99:0C:D6:B0:E5:76:B7:A2,163,1556,CF56:8B:6F:F2:26:36:51:D4:0C:FE:BF:E8:95:C9:08:C4:4B:5B:5B:CE:10:F5:57:F9:EB:12:D4:08:4C:6E:B9:E6,1,CPgAdOIPme_k+/ukvaJ,AEAD_AES_256_GCM,FEFD
T01,1776274553046.417,transport,10007,988380,TLS_ECDHE_ECDSA_WITH_CHACHA20_POLY1305_SHA256,client,connected,n9sC,controlling,connected,CF34:0C:07:7B:9E:46:8C:A5:ED:43:AC:80:91:5B:DF:C7:BA:49:61:36:EB:23:23:5E:99:0C:D6:B0:E5:76:B7:A2,163,1556,CF56:8B:6F:F2:26:36:51:D4:0C:FE:BF:E8:95:C9:08:C4:4B:5B:5B:CE:10:F5:57:F9:EB:12:D4:08:4C:6E:B9:E6,1,CPgAdOIPme_k+/ukvaJ,AEAD_AES_256_GCM,FEFD
T01,1776274553246.434,transport,10119,1009820,TLS_ECDHE_ECDSA_WITH_CHACHA20_POLY1305_SHA256,client,connected,n9sC,controlling,connected,CF34:0C:07:7B:9E:46:8C:A5:ED:43:AC:80:91:5B:DF:C7:BA:49:61:36:EB:23:23:5E:99:0C:D6:B0:E5:76:B7:A2,165,1577,CF56:8B:6F:F2:26:36:51:D4:0C:FE:BF:E8:95:C9:08:C4:4B:5B:5B:CE:10:F5:57:F9:EB:12:D4:08:4C:6E:B9:E6,1,CPgAdOIPme_k+/ukvaJ,AEAD_AES_256_GCM,FEFD
T01,1776274553246.434,transport,10119,1009820,TLS_ECDHE_ECDSA_WITH_CHACHA20_POLY1305_SHA256,client,connected,n9sC,controlling,connected,CF34:0C:07:7B:9E:46:8C:A5:ED:43:AC:80:91:5B:DF:C7:BA:49:61:36:EB:23:23:5E:99:0C:D6:B0:E5:76:B7:A2,165,1577,CF56:8B:6F:F2:26:36:51:D4:0C:FE:BF:E8:95:C9:08:C4:4B:5B:5B:CE:10:F5:57:F9:EB:12:D4:08:4C:6E:B9:E6,1,CPgAdOIPme_k+/ukvaJ,AEAD_AES_256_GCM,FEFD
T01,1776274553446.45,transport,10231,1031619,TLS_ECDHE_ECDSA_WITH_CHACHA20_POLY1305_SHA256,client,connected,n9sC,controlling,connected,CF34:0C:07:7B:9E:46:8C:A5:ED:43:AC:80:91:5B:DF:C7:BA:49:61:36:EB:23:23:5E:99:0C:D6:B0:E5:76:B7:A2,167,1599,CF56:8B:6F:F2:26:36:51:D4:0C:FE:BF:E8:95:C9:08:C4:4B:5B:5B:CE:10:F5:57:F9:EB:12:D4:08:4C:6E:B9:E6,1,CPgAdOIPme_k+/ukvaJ,AEAD_AES_256_GCM,FEFD
T01,1776274553446.45,transport,10231,1031619,TLS_ECDHE_ECDSA_WITH_CHACHA20_POLY1305_SHA256,client,connected,n9sC,controlling,connected,CF34:0C:07:7B:9E:46:8C:A5:ED:43:AC:80:91:5B:DF:C7:BA:49:61:36:EB:23:23:5E:99:0C:D6:B0:E5:76:B7:A2,167,1599,CF56:8B:6F:F2:26:36:51:D4:0C:FE:BF:E8:95:C9:08:C4:4B:5B:5B:CE:10:F5:57:F9:EB:12:D4:08:4C:6E:B9:E6,1,CPgAdOIPme_k+/ukvaJ,AEAD_AES_256_GCM,FEFD
T01,1776274553646.409,transport,10339,1057019,TLS_ECDHE_ECDSA_WITH_CHACHA20_POLY1305_SHA256,client,connected,n9sC,controlling,connected,CF34:0C:07:7B:9E:46:8C:A5:ED:43:AC:80:91:5B:DF:C7:BA:49:61:36:EB:23:23:5E:99:0C:D6:B0:E5:76:B7:A2,169,1624,CF56:8B:6F:F2:26:36:51:D4:0C:FE:BF:E8:95:C9:08:C4:4B:5B:5B:CE:10:F5:57:F9:EB:12:D4:08:4C:6E:B9:E6,1,CPgAdOIPme_k+/ukvaJ,AEAD_AES_256_GCM,FEFD
T01,1776274553646.409,transport,10339,1057019,TLS_ECDHE_ECDSA_WITH_CHACHA20_POLY1305_SHA256,client,connected,n9sC,controlling,connected,CF34:0C:07:7B:9E:46:8C:A5:ED:43:AC:80:91:5B:DF:C7:BA:49:61:36:EB:23:23:5E:99:0C:D6:B0:E5:76:B7:A2,169,1624,CF56:8B:6F:F2:26:36:51:D4:0C:FE:BF:E8:95:C9:08:C4:4B:5B:5B:CE:10:F5:57:F9:EB:12:D4:08:4C:6E:B9:E6,1,CPgAdOIPme_k+/ukvaJ,AEAD_AES_256_GCM,FEFD
T01,1776274553846.473,transport,10451,1077603,TLS_ECDHE_ECDSA_WITH_CHACHA20_POLY1305_SHA256,client,connected,n9sC,controlling,connected,CF34:0C:07:7B:9E:46:8C:A5:ED:43:AC:80:91:5B:DF:C7:BA:49:61:36:EB:23:23:5E:99:0C:D6:B0:E5:76:B7:A2,171,1645,CF56:8B:6F:F2:26:36:51:D4:0C:FE:BF:E8:95:C9:08:C4:4B:5B:5B:CE:10:F5:57:F9:EB:12:D4:08:4C:6E:B9:E6,1,CPgAdOIPme_k+/ukvaJ,AEAD_AES_256_GCM,FEFD
T01,1776274553846.473,transport,10451,1077603,TLS_ECDHE_ECDSA_WITH_CHACHA20_POLY1305_SHA256,client,connected,n9sC,controlling,connected,CF34:0C:07:7B:9E:46:8C:A5:ED:43:AC:80:91:5B:DF:C7:BA:49:61:36:EB:23:23:5E:99:0C:D6:B0:E5:76:B7:A2,171,1645,CF56:8B:6F:F2:26:36:51:D4:0C:FE:BF:E8:95:C9:08:C4:4B:5B:5B:CE:10:F5:57:F9:EB:12:D4:08:4C:6E:B9:E6,1,CPgAdOIPme_k+/ukvaJ,AEAD_AES_256_GCM,FEFD
T01,1776274554046.389,transport,10707,1103670,TLS_ECDHE_ECDSA_WITH_CHACHA20_POLY1305_SHA256,client,connected,n9sC,controlling,connected,CF34:0C:07:7B:9E:46:8C:A5:ED:43:AC:80:91:5B:DF:C7:BA:49:61:36:EB:23:23:5E:99:0C:D6:B0:E5:76:B7:A2,174,1672,CF56:8B:6F:F2:26:36:51:D4:0C:FE:BF:E8:95:C9:08:C4:4B:5B:5B:CE:10:F5:57:F9:EB:12:D4:08:4C:6E:B9:E6,1,CPgAdOIPme_k+/ukvaJ,AEAD_AES_256_GCM,FEFD
T01,1776274554046.389,transport,10707,1103670,TLS_ECDHE_ECDSA_WITH_CHACHA20_POLY1305_SHA256,client,connected,n9sC,controlling,connected,CF34:0C:07:7B:9E:46:8C:A5:ED:43:AC:80:91:5B:DF:C7:BA:49:61:36:EB:23:23:5E:99:0C:D6:B0:E5:76:B7:A2,174,1672,CF56:8B:6F:F2:26:36:51:D4:0C:FE:BF:E8:95:C9:08:C4:4B:5B:5B:CE:10:F5:57:F9:EB:12:D4:08:4C:6E:B9:E6,1,CPgAdOIPme_k+/ukvaJ,AEAD_AES_256_GCM,FEFD
T01,1776274554246.42,transport,10819,1126229,TLS_ECDHE_ECDSA_WITH_CHACHA20_POLY1305_SHA256,client,connected,n9sC,controlling,connected,CF34:0C:07:7B:9E:46:8C:A5:ED:43:AC:80:91:5B:DF:C7:BA:49:61:36:EB:23:23:5E:99:0C:D6:B0:E5:76:B7:A2,176,1697,CF56:8B:6F:F2:26:36:51:D4:0C:FE:BF:E8:95:C9:08:C4:4B:5B:5B:CE:10:F5:57:F9:EB:12:D4:08:4C:6E:B9:E6,1,CPgAdOIPme_k+/ukvaJ,AEAD_AES_256_GCM,FEFD
T01,1776274554246.42,transport,10819,1126229,TLS_ECDHE_ECDSA_WITH_CHACHA20_POLY1305_SHA256,client,connected,n9sC,controlling,connected,CF34:0C:07:7B:9E:46:8C:A5:ED:43:AC:80:91:5B:DF:C7:BA:49:61:36:EB:23:23:5E:99:0C:D6:B0:E5:76:B7:A2,176,1697,CF56:8B:6F:F2:26:36:51:D4:0C:FE:BF:E8:95:C9:08:C4:4B:5B:5B:CE:10:F5:57:F9:EB:12:D4:08:4C:6E:B9:E6,1,CPgAdOIPme_k+/ukvaJ,AEAD_AES_256_GCM,FEFD
T01,1776274554446.414,transport,10927,1151435,TLS_ECDHE_ECDSA_WITH_CHACHA20_POLY1305_SHA256,client,connected,n9sC,controlling,connected,CF34:0C:07:7B:9E:46:8C:A5:ED:43:AC:80:91:5B:DF:C7:BA:49:61:36:EB:23:23:5E:99:0C:D6:B0:E5:76:B7:A2,178,1722,CF56:8B:6F:F2:26:36:51:D4:0C:FE:BF:E8:95:C9:08:C4:4B:5B:5B:CE:10:F5:57:F9:EB:12:D4:08:4C:6E:B9:E6,1,CPgAdOIPme_k+/ukvaJ,AEAD_AES_256_GCM,FEFD
T01,1776274554446.414,transport,10927,1151435,TLS_ECDHE_ECDSA_WITH_CHACHA20_POLY1305_SHA256,client,connected,n9sC,controlling,connected,CF34:0C:07:7B:9E:46:8C:A5:ED:43:AC:80:91:5B:DF:C7:BA:49:61:36:EB:23:23:5E:99:0C:D6:B0:E5:76:B7:A2,178,1722,CF56:8B:6F:F2:26:36:51:D4:0C:FE:BF:E8:95:C9:08:C4:4B:5B:5B:CE:10:F5:57:F9:EB:12:D4:08:4C:6E:B9:E6,1,CPgAdOIPme_k+/ukvaJ,AEAD_AES_256_GCM,FEFD
T01,1776274554646.39,transport,11039,1176926,TLS_ECDHE_ECDSA_WITH_CHACHA20_POLY1305_SHA256,client,connected,n9sC,controlling,connected,CF34:0C:07:7B:9E:46:8C:A5:ED:43:AC:80:91:5B:DF:C7:BA:49:61:36:EB:23:23:5E:99:0C:D6:B0:E5:76:B7:A2,180,1750,CF56:8B:6F:F2:26:36:51:D4:0C:FE:BF:E8:95:C9:08:C4:4B:5B:5B:CE:10:F5:57:F9:EB:12:D4:08:4C:6E:B9:E6,1,CPgAdOIPme_k+/ukvaJ,AEAD_AES_256_GCM,FEFD
T01,1776274554646.39,transport,11039,1176926,TLS_ECDHE_ECDSA_WITH_CHACHA20_POLY1305_SHA256,client,connected,n9sC,controlling,connected,CF34:0C:07:7B:9E:46:8C:A5:ED:43:AC:80:91:5B:DF:C7:BA:49:61:36:EB:23:23:5E:99:0C:D6:B0:E5:76:B7:A2,180,1750,CF56:8B:6F:F2:26:36:51:D4:0C:FE:BF:E8:95:C9:08:C4:4B:5B:5B:CE:10:F5:57:F9:EB:12:D4:08:4C:6E:B9:E6,1,CPgAdOIPme_k+/ukvaJ,AEAD_AES_256_GCM,FEFD
T01,1776274554846.452,transport,11155,1202826,TLS_ECDHE_ECDSA_WITH_CHACHA20_POLY1305_SHA256,client,connected,n9sC,controlling,connected,CF34:0C:07:7B:9E:46:8C:A5:ED:43:AC:80:91:5B:DF:C7:BA:49:61:36:EB:23:23:5E:99:0C:D6:B0:E5:76:B7:A2,182,1774,CF56:8B:6F:F2:26:36:51:D4:0C:FE:BF:E8:95:C9:08:C4:4B:5B:5B:CE:10:F5:57:F9:EB:12:D4:08:4C:6E:B9:E6,1,CPgAdOIPme_k+/ukvaJ,AEAD_AES_256_GCM,FEFD
T01,1776274554846.452,transport,11155,1202826,TLS_ECDHE_ECDSA_WITH_CHACHA20_POLY1305_SHA256,client,connected,n9sC,controlling,connected,CF34:0C:07:7B:9E:46:8C:A5:ED:43:AC:80:91:5B:DF:C7:BA:49:61:36:EB:23:23:5E:99:0C:D6:B0:E5:76:B7:A2,182,1774,CF56:8B:6F:F2:26:36:51:D4:0C:FE:BF:E8:95:C9:08:C4:4B:5B:5B:CE:10:F5:57:F9:EB:12:D4:08:4C:6E:B9:E6,1,CPgAdOIPme_k+/ukvaJ,AEAD_AES_256_GCM,FEFD
T01,1776274555046.423,transport,11267,1232339,TLS_ECDHE_ECDSA_WITH_CHACHA20_POLY1305_SHA256,client,connected,n9sC,controlling,connected,CF34:0C:07:7B:9E:46:8C:A5:ED:43:AC:80:91:5B:DF:C7:BA:49:61:36:EB:23:23:5E:99:0C:D6:B0:E5:76:B7:A2,184,1808,CF56:8B:6F:F2:26:36:51:D4:0C:FE:BF:E8:95:C9:08:C4:4B:5B:5B:CE:10:F5:57:F9:EB:12:D4:08:4C:6E:B9:E6,1,CPgAdOIPme_k+/ukvaJ,AEAD_AES_256_GCM,FEFD
T01,1776274555046.423,transport,11267,1232339,TLS_ECDHE_ECDSA_WITH_CHACHA20_POLY1305_SHA256,client,connected,n9sC,controlling,connected,CF34:0C:07:7B:9E:46:8C:A5:ED:43:AC:80:91:5B:DF:C7:BA:49:61:36:EB:23:23:5E:99:0C:D6:B0:E5:76:B7:A2,184,1808,CF56:8B:6F:F2:26:36:51:D4:0C:FE:BF:E8:95:C9:08:C4:4B:5B:5B:CE:10:F5:57:F9:EB:12:D4:08:4C:6E:B9:E6,1,CPgAdOIPme_k+/ukvaJ,AEAD_AES_256_GCM,FEFD
T01,1776274555246.429,transport,11383,1254145,TLS_ECDHE_ECDSA_WITH_CHACHA20_POLY1305_SHA256,client,connected,n9sC,controlling,connected,CF34:0C:07:7B:9E:46:8C:A5:ED:43:AC:80:91:5B:DF:C7:BA:49:61:36:EB:23:23:5E:99:0C:D6:B0:E5:76:B7:A2,186,1831,CF56:8B:6F:F2:26:36:51:D4:0C:FE:BF:E8:95:C9:08:C4:4B:5B:5B:CE:10:F5:57:F9:EB:12:D4:08:4C:6E:B9:E6,1,CPgAdOIPme_k+/ukvaJ,AEAD_AES_256_GCM,FEFD
T01,1776274555246.429,transport,11383,1254145,TLS_ECDHE_ECDSA_WITH_CHACHA20_POLY1305_SHA256,client,connected,n9sC,controlling,connected,CF34:0C:07:7B:9E:46:8C:A5:ED:43:AC:80:91:5B:DF:C7:BA:49:61:36:EB:23:23:5E:99:0C:D6:B0:E5:76:B7:A2,186,1831,CF56:8B:6F:F2:26:36:51:D4:0C:FE:BF:E8:95:C9:08:C4:4B:5B:5B:CE:10:F5:57:F9:EB:12:D4:08:4C:6E:B9:E6,1,CPgAdOIPme_k+/ukvaJ,AEAD_AES_256_GCM,FEFD
T01,1776274555446.438,transport,11495,1281397,TLS_ECDHE_ECDSA_WITH_CHACHA20_POLY1305_SHA256,client,connected,n9sC,controlling,connected,CF34:0C:07:7B:9E:46:8C:A5:ED:43:AC:80:91:5B:DF:C7:BA:49:61:36:EB:23:23:5E:99:0C:D6:B0:E5:76:B7:A2,188,1859,CF56:8B:6F:F2:26:36:51:D4:0C:FE:BF:E8:95:C9:08:C4:4B:5B:5B:CE:10:F5:57:F9:EB:12:D4:08:4C:6E:B9:E6,1,CPgAdOIPme_k+/ukvaJ,AEAD_AES_256_GCM,FEFD
T01,1776274555446.438,transport,11495,1281397,TLS_ECDHE_ECDSA_WITH_CHACHA20_POLY1305_SHA256,client,connected,n9sC,controlling,connected,CF34:0C:07:7B:9E:46:8C:A5:ED:43:AC:80:91:5B:DF:C7:BA:49:61:36:EB:23:23:5E:99:0C:D6:B0:E5:76:B7:A2,188,1859,CF56:8B:6F:F2:26:36:51:D4:0C:FE:BF:E8:95:C9:08:C4:4B:5B:5B:CE:10:F5:57:F9:EB:12:D4:08:4C:6E:B9:E6,1,CPgAdOIPme_k+/ukvaJ,AEAD_AES_256_GCM,FEFD
T01,1776274555646.456,transport,11755,1313636,TLS_ECDHE_ECDSA_WITH_CHACHA20_POLY1305_SHA256,client,connected,n9sC,controlling,connected,CF34:0C:07:7B:9E:46:8C:A5:ED:43:AC:80:91:5B:DF:C7:BA:49:61:36:EB:23:23:5E:99:0C:D6:B0:E5:76:B7:A2,191,1894,CF56:8B:6F:F2:26:36:51:D4:0C:FE:BF:E8:95:C9:08:C4:4B:5B:5B:CE:10:F5:57:F9:EB:12:D4:08:4C:6E:B9:E6,1,CPgAdOIPme_k+/ukvaJ,AEAD_AES_256_GCM,FEFD
T01,1776274555646.456,transport,11755,1313636,TLS_ECDHE_ECDSA_WITH_CHACHA20_POLY1305_SHA256,client,connected,n9sC,controlling,connected,CF34:0C:07:7B:9E:46:8C:A5:ED:43:AC:80:91:5B:DF:C7:BA:49:61:36:EB:23:23:5E:99:0C:D6:B0:E5:76:B7:A2,191,1894,CF56:8B:6F:F2:26:36:51:D4:0C:FE:BF:E8:95:C9:08:C4:4B:5B:5B:CE:10:F5:57:F9:EB:12:D4:08:4C:6E:B9:E6,1,CPgAdOIPme_k+/ukvaJ,AEAD_AES_256_GCM,FEFD
T01,1776274555846.42,transport,11871,1335460,TLS_ECDHE_ECDSA_WITH_CHACHA20_POLY1305_SHA256,client,connected,n9sC,controlling,connected,CF34:0C:07:7B:9E:46:8C:A5:ED:43:AC:80:91:5B:DF:C7:BA:49:61:36:EB:23:23:5E:99:0C:D6:B0:E5:76:B7:A2,193,1918,CF56:8B:6F:F2:26:36:51:D4:0C:FE:BF:E8:95:C9:08:C4:4B:5B:5B:CE:10:F5:57:F9:EB:12:D4:08:4C:6E:B9:E6,1,CPgAdOIPme_k+/ukvaJ,AEAD_AES_256_GCM,FEFD
T01,1776274555846.42,transport,11871,1335460,TLS_ECDHE_ECDSA_WITH_CHACHA20_POLY1305_SHA256,client,connected,n9sC,controlling,connected,CF34:0C:07:7B:9E:46:8C:A5:ED:43:AC:80:91:5B:DF:C7:BA:49:61:36:EB:23:23:5E:99:0C:D6:B0:E5:76:B7:A2,193,1918,CF56:8B:6F:F2:26:36:51:D4:0C:FE:BF:E8:95:C9:08:C4:4B:5B:5B:CE:10:F5:57:F9:EB:12:D4:08:4C:6E:B9:E6,1,CPgAdOIPme_k+/ukvaJ,AEAD_AES_256_GCM,FEFD
T01,1776274556046.389,transport,11987,1366558,TLS_ECDHE_ECDSA_WITH_CHACHA20_POLY1305_SHA256,client,connected,n9sC,controlling,connected,CF34:0C:07:7B:9E:46:8C:A5:ED:43:AC:80:91:5B:DF:C7:BA:49:61:36:EB:23:23:5E:99:0C:D6:B0:E5:76:B7:A2,195,1949,CF56:8B:6F:F2:26:36:51:D4:0C:FE:BF:E8:95:C9:08:C4:4B:5B:5B:CE:10:F5:57:F9:EB:12:D4:08:4C:6E:B9:E6,1,CPgAdOIPme_k+/ukvaJ,AEAD_AES_256_GCM,FEFD
T01,1776274556046.389,transport,11987,1366558,TLS_ECDHE_ECDSA_WITH_CHACHA20_POLY1305_SHA256,client,connected,n9sC,controlling,connected,CF34:0C:07:7B:9E:46:8C:A5:ED:43:AC:80:91:5B:DF:C7:BA:49:61:36:EB:23:23:5E:99:0C:D6:B0:E5:76:B7:A2,195,1949,CF56:8B:6F:F2:26:36:51:D4:0C:FE:BF:E8:95:C9:08:C4:4B:5B:5B:CE:10:F5:57:F9:EB:12:D4:08:4C:6E:B9:E6,1,CPgAdOIPme_k+/ukvaJ,AEAD_AES_256_GCM,FEFD
T01,1776274556246.425,transport,12095,1392352,TLS_ECDHE_ECDSA_WITH_CHACHA20_POLY1305_SHA256,client,connected,n9sC,controlling,connected,CF34:0C:07:7B:9E:46:8C:A5:ED:43:AC:80:91:5B:DF:C7:BA:49:61:36:EB:23:23:5E:99:0C:D6:B0:E5:76:B7:A2,197,1975,CF56:8B:6F:F2:26:36:51:D4:0C:FE:BF:E8:95:C9:08:C4:4B:5B:5B:CE:10:F5:57:F9:EB:12:D4:08:4C:6E:B9:E6,1,CPgAdOIPme_k+/ukvaJ,AEAD_AES_256_GCM,FEFD
T01,1776274556246.425,transport,12095,1392352,TLS_ECDHE_ECDSA_WITH_CHACHA20_POLY1305_SHA256,client,connected,n9sC,controlling,connected,CF34:0C:07:7B:9E:46:8C:A5:ED:43:AC:80:91:5B:DF:C7:BA:49:61:36:EB:23:23:5E:99:0C:D6:B0:E5:76:B7:A2,197,1975,CF56:8B:6F:F2:26:36:51:D4:0C:FE:BF:E8:95:C9:08:C4:4B:5B:5B:CE:10:F5:57:F9:EB:12:D4:08:4C:6E:B9:E6,1,CPgAdOIPme_k+/ukvaJ,AEAD_AES_256_GCM,FEFD
T01,1776274556446.39,transport,12227,1423896,TLS_ECDHE_ECDSA_WITH_CHACHA20_POLY1305_SHA256,client,connected,n9sC,controlling,connected,CF34:0C:07:7B:9E:46:8C:A5:ED:43:AC:80:91:5B:DF:C7:BA:49:61:36:EB:23:23:5E:99:0C:D6:B0:E5:76:B7:A2,199,2010,CF56:8B:6F:F2:26:36:51:D4:0C:FE:BF:E8:95:C9:08:C4:4B:5B:5B:CE:10:F5:57:F9:EB:12:D4:08:4C:6E:B9:E6,1,CPgAdOIPme_k+/ukvaJ,AEAD_AES_256_GCM,FEFD
T01,1776274556446.39,transport,12227,1423896,TLS_ECDHE_ECDSA_WITH_CHACHA20_POLY1305_SHA256,client,connected,n9sC,controlling,connected,CF34:0C:07:7B:9E:46:8C:A5:ED:43:AC:80:91:5B:DF:C7:BA:49:61:36:EB:23:23:5E:99:0C:D6:B0:E5:76:B7:A2,199,2010,CF56:8B:6F:F2:26:36:51:D4:0C:FE:BF:E8:95:C9:08:C4:4B:5B:5B:CE:10:F5:57:F9:EB:12:D4:08:4C:6E:B9:E6,1,CPgAdOIPme_k+/ukvaJ,AEAD_AES_256_GCM,FEFD
T01,1776274556646.464,transport,12487,1451888,TLS_ECDHE_ECDSA_WITH_CHACHA20_POLY1305_SHA256,client,connected,n9sC,controlling,connected,CF34:0C:07:7B:9E:46:8C:A5:ED:43:AC:80:91:5B:DF:C7:BA:49:61:36:EB:23:23:5E:99:0C:D6:B0:E5:76:B7:A2,202,2042,CF56:8B:6F:F2:26:36:51:D4:0C:FE:BF:E8:95:C9:08:C4:4B:5B:5B:CE:10:F5:57:F9:EB:12:D4:08:4C:6E:B9:E6,1,CPgAdOIPme_k+/ukvaJ,AEAD_AES_256_GCM,FEFD
T01,1776274556646.464,transport,12487,1451888,TLS_ECDHE_ECDSA_WITH_CHACHA20_POLY1305_SHA256,client,connected,n9sC,controlling,connected,CF34:0C:07:7B:9E:46:8C:A5:ED:43:AC:80:91:5B:DF:C7:BA:49:61:36:EB:23:23:5E:99:0C:D6:B0:E5:76:B7:A2,202,2042,CF56:8B:6F:F2:26:36:51:D4:0C:FE:BF:E8:95:C9:08:C4:4B:5B:5B:CE:10:F5:57:F9:EB:12:D4:08:4C:6E:B9:E6,1,CPgAdOIPme_k+/ukvaJ,AEAD_AES_256_GCM,FEFD
T01,1776274556846.461,transport,12611,1482664,TLS_ECDHE_ECDSA_WITH_CHACHA20_POLY1305_SHA256,client,connected,n9sC,controlling,connected,CF34:0C:07:7B:9E:46:8C:A5:ED:43:AC:80:91:5B:DF:C7:BA:49:61:36:EB:23:23:5E:99:0C:D6:B0:E5:76:B7:A2,204,2072,CF56:8B:6F:F2:26:36:51:D4:0C:FE:BF:E8:95:C9:08:C4:4B:5B:5B:CE:10:F5:57:F9:EB:12:D4:08:4C:6E:B9:E6,1,CPgAdOIPme_k+/ukvaJ,AEAD_AES_256_GCM,FEFD
T01,1776274556846.461,transport,12611,1482664,TLS_ECDHE_ECDSA_WITH_CHACHA20_POLY1305_SHA256,client,connected,n9sC,controlling,connected,CF34:0C:07:7B:9E:46:8C:A5:ED:43:AC:80:91:5B:DF:C7:BA:49:61:36:EB:23:23:5E:99:0C:D6:B0:E5:76:B7:A2,204,2072,CF56:8B:6F:F2:26:36:51:D4:0C:FE:BF:E8:95:C9:08:C4:4B:5B:5B:CE:10:F5:57:F9:EB:12:D4:08:4C:6E:B9:E6,1,CPgAdOIPme_k+/ukvaJ,AEAD_AES_256_GCM,FEFD
T01,1776274557046.54,transport,12727,1512485,TLS_ECDHE_ECDSA_WITH_CHACHA20_POLY1305_SHA256,client,connected,n9sC,controlling,connected,CF34:0C:07:7B:9E:46:8C:A5:ED:43:AC:80:91:5B:DF:C7:BA:49:61:36:EB:23:23:5E:99:0C:D6:B0:E5:76:B7:A2,206,2104,CF56:8B:6F:F2:26:36:51:D4:0C:FE:BF:E8:95:C9:08:C4:4B:5B:5B:CE:10:F5:57:F9:EB:12:D4:08:4C:6E:B9:E6,1,CPgAdOIPme_k+/ukvaJ,AEAD_AES_256_GCM,FEFD
T01,1776274557046.54,transport,12727,1512485,TLS_ECDHE_ECDSA_WITH_CHACHA20_POLY1305_SHA256,client,connected,n9sC,controlling,connected,CF34:0C:07:7B:9E:46:8C:A5:ED:43:AC:80:91:5B:DF:C7:BA:49:61:36:EB:23:23:5E:99:0C:D6:B0:E5:76:B7:A2,206,2104,CF56:8B:6F:F2:26:36:51:D4:0C:FE:BF:E8:95:C9:08:C4:4B:5B:5B:CE:10:F5:57:F9:EB:12:D4:08:4C:6E:B9:E6,1,CPgAdOIPme_k+/ukvaJ,AEAD_AES_256_GCM,FEFD
T01,1776274557246.404,transport,12847,1544641,TLS_ECDHE_ECDSA_WITH_CHACHA20_POLY1305_SHA256,client,connected,n9sC,controlling,connected,CF34:0C:07:7B:9E:46:8C:A5:ED:43:AC:80:91:5B:DF:C7:BA:49:61:36:EB:23:23:5E:99:0C:D6:B0:E5:76:B7:A2,208,2136,CF56:8B:6F:F2:26:36:51:D4:0C:FE:BF:E8:95:C9:08:C4:4B:5B:5B:CE:10:F5:57:F9:EB:12:D4:08:4C:6E:B9:E6,1,CPgAdOIPme_k+/ukvaJ,AEAD_AES_256_GCM,FEFD
T01,1776274557246.404,transport,12847,1544641,TLS_ECDHE_ECDSA_WITH_CHACHA20_POLY1305_SHA256,client,connected,n9sC,controlling,connected,CF34:0C:07:7B:9E:46:8C:A5:ED:43:AC:80:91:5B:DF:C7:BA:49:61:36:EB:23:23:5E:99:0C:D6:B0:E5:76:B7:A2,208,2136,CF56:8B:6F:F2:26:36:51:D4:0C:FE:BF:E8:95:C9:08:C4:4B:5B:5B:CE:10:F5:57:F9:EB:12:D4:08:4C:6E:B9:E6,1,CPgAdOIPme_k+/ukvaJ,AEAD_AES_256_GCM,FEFD
T01,1776274557446.423,transport,12963,1573283,TLS_ECDHE_ECDSA_WITH_CHACHA20_POLY1305_SHA256,client,connected,n9sC,controlling,connected,CF34:0C:07:7B:9E:46:8C:A5:ED:43:AC:80:91:5B:DF:C7:BA:49:61:36:EB:23:23:5E:99:0C:D6:B0:E5:76:B7:A2,210,2166,CF56:8B:6F:F2:26:36:51:D4:0C:FE:BF:E8:95:C9:08:C4:4B:5B:5B:CE:10:F5:57:F9:EB:12:D4:08:4C:6E:B9:E6,1,CPgAdOIPme_k+/ukvaJ,AEAD_AES_256_GCM,FEFD
T01,1776274557446.423,transport,12963,1573283,TLS_ECDHE_ECDSA_WITH_CHACHA20_POLY1305_SHA256,client,connected,n9sC,controlling,connected,CF34:0C:07:7B:9E:46:8C:A5:ED:43:AC:80:91:5B:DF:C7:BA:49:61:36:EB:23:23:5E:99:0C:D6:B0:E5:76:B7:A2,210,2166,CF56:8B:6F:F2:26:36:51:D4:0C:FE:BF:E8:95:C9:08:C4:4B:5B:5B:CE:10:F5:57:F9:EB:12:D4:08:4C:6E:B9:E6,1,CPgAdOIPme_k+/ukvaJ,AEAD_AES_256_GCM,FEFD
T01,1776274557646.457,transport,13087,1610683,TLS_ECDHE_ECDSA_WITH_CHACHA20_POLY1305_SHA256,client,connected,n9sC,controlling,connected,CF34:0C:07:7B:9E:46:8C:A5:ED:43:AC:80:91:5B:DF:C7:BA:49:61:36:EB:23:23:5E:99:0C:D6:B0:E5:76:B7:A2,212,2204,CF56:8B:6F:F2:26:36:51:D4:0C:FE:BF:E8:95:C9:08:C4:4B:5B:5B:CE:10:F5:57:F9:EB:12:D4:08:4C:6E:B9:E6,1,CPgAdOIPme_k+/ukvaJ,AEAD_AES_256_GCM,FEFD
T01,1776274557646.457,transport,13087,1610683,TLS_ECDHE_ECDSA_WITH_CHACHA20_POLY1305_SHA256,client,connected,n9sC,controlling,connected,CF34:0C:07:7B:9E:46:8C:A5:ED:43:AC:80:91:5B:DF:C7:BA:49:61:36:EB:23:23:5E:99:0C:D6:B0:E5:76:B7:A2,212,2204,CF56:8B:6F:F2:26:36:51:D4:0C:FE:BF:E8:95:C9:08:C4:4B:5B:5B:CE:10:F5:57:F9:EB:12:D4:08:4C:6E:B9:E6,1,CPgAdOIPme_k+/ukvaJ,AEAD_AES_256_GCM,FEFD
T01,1776274557846.535,transport,13203,1639764,TLS_ECDHE_ECDSA_WITH_CHACHA20_POLY1305_SHA256,client,connected,n9sC,controlling,connected,CF34:0C:07:7B:9E:46:8C:A5:ED:43:AC:80:91:5B:DF:C7:BA:49:61:36:EB:23:23:5E:99:0C:D6:B0:E5:76:B7:A2,214,2237,CF56:8B:6F:F2:26:36:51:D4:0C:FE:BF:E8:95:C9:08:C4:4B:5B:5B:CE:10:F5:57:F9:EB:12:D4:08:4C:6E:B9:E6,1,CPgAdOIPme_k+/ukvaJ,AEAD_AES_256_GCM,FEFD
T01,1776274557846.535,transport,13203,1639764,TLS_ECDHE_ECDSA_WITH_CHACHA20_POLY1305_SHA256,client,connected,n9sC,controlling,connected,CF34:0C:07:7B:9E:46:8C:A5:ED:43:AC:80:91:5B:DF:C7:BA:49:61:36:EB:23:23:5E:99:0C:D6:B0:E5:76:B7:A2,214,2237,CF56:8B:6F:F2:26:36:51:D4:0C:FE:BF:E8:95:C9:08:C4:4B:5B:5B:CE:10:F5:57:F9:EB:12:D4:08:4C:6E:B9:E6,1,CPgAdOIPme_k+/ukvaJ,AEAD_AES_256_GCM,FEFD
T01,1776274558046.42,transport,13467,1673575,TLS_ECDHE_ECDSA_WITH_CHACHA20_POLY1305_SHA256,client,connected,n9sC,controlling,connected,CF34:0C:07:7B:9E:46:8C:A5:ED:43:AC:80:91:5B:DF:C7:BA:49:61:36:EB:23:23:5E:99:0C:D6:B0:E5:76:B7:A2,217,2270,CF56:8B:6F:F2:26:36:51:D4:0C:FE:BF:E8:95:C9:08:C4:4B:5B:5B:CE:10:F5:57:F9:EB:12:D4:08:4C:6E:B9:E6,1,CPgAdOIPme_k+/ukvaJ,AEAD_AES_256_GCM,FEFD
T01,1776274558046.42,transport,13467,1673575,TLS_ECDHE_ECDSA_WITH_CHACHA20_POLY1305_SHA256,client,connected,n9sC,controlling,connected,CF34:0C:07:7B:9E:46:8C:A5:ED:43:AC:80:91:5B:DF:C7:BA:49:61:36:EB:23:23:5E:99:0C:D6:B0:E5:76:B7:A2,217,2270,CF56:8B:6F:F2:26:36:51:D4:0C:FE:BF:E8:95:C9:08:C4:4B:5B:5B:CE:10:F5:57:F9:EB:12:D4:08:4C:6E:B9:E6,1,CPgAdOIPme_k+/ukvaJ,AEAD_AES_256_GCM,FEFD
T01,1776274558246.435,transport,13579,1702491,TLS_ECDHE_ECDSA_WITH_CHACHA20_POLY1305_SHA256,client,connected,n9sC,controlling,connected,CF34:0C:07:7B:9E:46:8C:A5:ED:43:AC:80:91:5B:DF:C7:BA:49:61:36:EB:23:23:5E:99:0C:D6:B0:E5:76:B7:A2,219,2301,CF56:8B:6F:F2:26:36:51:D4:0C:FE:BF:E8:95:C9:08:C4:4B:5B:5B:CE:10:F5:57:F9:EB:12:D4:08:4C:6E:B9:E6,1,CPgAdOIPme_k+/ukvaJ,AEAD_AES_256_GCM,FEFD
T01,1776274558246.435,transport,13579,1702491,TLS_ECDHE_ECDSA_WITH_CHACHA20_POLY1305_SHA256,client,connected,n9sC,controlling,connected,CF34:0C:07:7B:9E:46:8C:A5:ED:43:AC:80:91:5B:DF:C7:BA:49:61:36:EB:23:23:5E:99:0C:D6:B0:E5:76:B7:A2,219,2301,CF56:8B:6F:F2:26:36:51:D4:0C:FE:BF:E8:95:C9:08:C4:4B:5B:5B:CE:10:F5:57:F9:EB:12:D4:08:4C:6E:B9:E6,1,CPgAdOIPme_k+/ukvaJ,AEAD_AES_256_GCM,FEFD
T01,1776274558446.416,transport,13703,1740359,TLS_ECDHE_ECDSA_WITH_CHACHA20_POLY1305_SHA256,client,connected,n9sC,controlling,connected,CF34:0C:07:7B:9E:46:8C:A5:ED:43:AC:80:91:5B:DF:C7:BA:49:61:36:EB:23:23:5E:99:0C:D6:B0:E5:76:B7:A2,221,2338,CF56:8B:6F:F2:26:36:51:D4:0C:FE:BF:E8:95:C9:08:C4:4B:5B:5B:CE:10:F5:57:F9:EB:12:D4:08:4C:6E:B9:E6,1,CPgAdOIPme_k+/ukvaJ,AEAD_AES_256_GCM,FEFD
T01,1776274558446.416,transport,13703,1740359,TLS_ECDHE_ECDSA_WITH_CHACHA20_POLY1305_SHA256,client,connected,n9sC,controlling,connected,CF34:0C:07:7B:9E:46:8C:A5:ED:43:AC:80:91:5B:DF:C7:BA:49:61:36:EB:23:23:5E:99:0C:D6:B0:E5:76:B7:A2,221,2338,CF56:8B:6F:F2:26:36:51:D4:0C:FE:BF:E8:95:C9:08:C4:4B:5B:5B:CE:10:F5:57:F9:EB:12:D4:08:4C:6E:B9:E6,1,CPgAdOIPme_k+/ukvaJ,AEAD_AES_256_GCM,FEFD
T01,1776274558646.486,transport,13823,1771493,TLS_ECDHE_ECDSA_WITH_CHACHA20_POLY1305_SHA256,client,connected,n9sC,controlling,connected,CF34:0C:07:7B:9E:46:8C:A5:ED:43:AC:80:91:5B:DF:C7:BA:49:61:36:EB:23:23:5E:99:0C:D6:B0:E5:76:B7:A2,223,2373,CF56:8B:6F:F2:26:36:51:D4:0C:FE:BF:E8:95:C9:08:C4:4B:5B:5B:CE:10:F5:57:F9:EB:12:D4:08:4C:6E:B9:E6,1,CPgAdOIPme_k+/ukvaJ,AEAD_AES_256_GCM,FEFD
T01,1776274558646.486,transport,13823,1771493,TLS_ECDHE_ECDSA_WITH_CHACHA20_POLY1305_SHA256,client,connected,n9sC,controlling,connected,CF34:0C:07:7B:9E:46:8C:A5:ED:43:AC:80:91:5B:DF:C7:BA:49:61:36:EB:23:23:5E:99:0C:D6:B0:E5:76:B7:A2,223,2373,CF56:8B:6F:F2:26:36:51:D4:0C:FE:BF:E8:95:C9:08:C4:4B:5B:5B:CE:10:F5:57:F9:EB:12:D4:08:4C:6E:B9:E6,1,CPgAdOIPme_k+/ukvaJ,AEAD_AES_256_GCM,FEFD
T01,1776274558846.547,transport,13943,1805890,TLS_ECDHE_ECDSA_WITH_CHACHA20_POLY1305_SHA256,client,connected,n9sC,controlling,connected,CF34:0C:07:7B:9E:46:8C:A5:ED:43:AC:80:91:5B:DF:C7:BA:49:61:36:EB:23:23:5E:99:0C:D6:B0:E5:76:B7:A2,225,2408,CF56:8B:6F:F2:26:36:51:D4:0C:FE:BF:E8:95:C9:08:C4:4B:5B:5B:CE:10:F5:57:F9:EB:12:D4:08:4C:6E:B9:E6,1,CPgAdOIPme_k+/ukvaJ,AEAD_AES_256_GCM,FEFD
T01,1776274558846.547,transport,13943,1805890,TLS_ECDHE_ECDSA_WITH_CHACHA20_POLY1305_SHA256,client,connected,n9sC,controlling,connected,CF34:0C:07:7B:9E:46:8C:A5:ED:43:AC:80:91:5B:DF:C7:BA:49:61:36:EB:23:23:5E:99:0C:D6:B0:E5:76:B7:A2,225,2408,CF56:8B:6F:F2:26:36:51:D4:0C:FE:BF:E8:95:C9:08:C4:4B:5B:5B:CE:10:F5:57:F9:EB:12:D4:08:4C:6E:B9:E6,1,CPgAdOIPme_k+/ukvaJ,AEAD_AES_256_GCM,FEFD
T01,1776274559046.569,transport,14211,1839883,TLS_ECDHE_ECDSA_WITH_CHACHA20_POLY1305_SHA256,client,connected,n9sC,controlling,connected,CF34:0C:07:7B:9E:46:8C:A5:ED:43:AC:80:91:5B:DF:C7:BA:49:61:36:EB:23:23:5E:99:0C:D6:B0:E5:76:B7:A2,228,2442,CF56:8B:6F:F2:26:36:51:D4:0C:FE:BF:E8:95:C9:08:C4:4B:5B:5B:CE:10:F5:57:F9:EB:12:D4:08:4C:6E:B9:E6,1,CPgAdOIPme_k+/ukvaJ,AEAD_AES_256_GCM,FEFD
T01,1776274559046.569,transport,14211,1839883,TLS_ECDHE_ECDSA_WITH_CHACHA20_POLY1305_SHA256,client,connected,n9sC,controlling,connected,CF34:0C:07:7B:9E:46:8C:A5:ED:43:AC:80:91:5B:DF:C7:BA:49:61:36:EB:23:23:5E:99:0C:D6:B0:E5:76:B7:A2,228,2442,CF56:8B:6F:F2:26:36:51:D4:0C:FE:BF:E8:95:C9:08:C4:4B:5B:5B:CE:10:F5:57:F9:EB:12:D4:08:4C:6E:B9:E6,1,CPgAdOIPme_k+/ukvaJ,AEAD_AES_256_GCM,FEFD
T01,1776274559246.42,transport,14339,1879256,TLS_ECDHE_ECDSA_WITH_CHACHA20_POLY1305_SHA256,client,connected,n9sC,controlling,connected,CF34:0C:07:7B:9E:46:8C:A5:ED:43:AC:80:91:5B:DF:C7:BA:49:61:36:EB:23:23:5E:99:0C:D6:B0:E5:76:B7:A2,230,2483,CF56:8B:6F:F2:26:36:51:D4:0C:FE:BF:E8:95:C9:08:C4:4B:5B:5B:CE:10:F5:57:F9:EB:12:D4:08:4C:6E:B9:E6,1,CPgAdOIPme_k+/ukvaJ,AEAD_AES_256_GCM,FEFD
T01,1776274559246.42,transport,14339,1879256,TLS_ECDHE_ECDSA_WITH_CHACHA20_POLY1305_SHA256,client,connected,n9sC,controlling,connected,CF34:0C:07:7B:9E:46:8C:A5:ED:43:AC:80:91:5B:DF:C7:BA:49:61:36:EB:23:23:5E:99:0C:D6:B0:E5:76:B7:A2,230,2483,CF56:8B:6F:F2:26:36:51:D4:0C:FE:BF:E8:95:C9:08:C4:4B:5B:5B:CE:10:F5:57:F9:EB:12:D4:08:4C:6E:B9:E6,1,CPgAdOIPme_k+/ukvaJ,AEAD_AES_256_GCM,FEFD
T01,1776274559446.469,transport,14467,1919060,TLS_ECDHE_ECDSA_WITH_CHACHA20_POLY1305_SHA256,client,connected,n9sC,controlling,connected,CF34:0C:07:7B:9E:46:8C:A5:ED:43:AC:80:91:5B:DF:C7:BA:49:61:36:EB:23:23:5E:99:0C:D6:B0:E5:76:B7:A2,232,2524,CF56:8B:6F:F2:26:36:51:D4:0C:FE:BF:E8:95:C9:08:C4:4B:5B:5B:CE:10:F5:57:F9:EB:12:D4:08:4C:6E:B9:E6,1,CPgAdOIPme_k+/ukvaJ,AEAD_AES_256_GCM,FEFD
T01,1776274559446.469,transport,14467,1919060,TLS_ECDHE_ECDSA_WITH_CHACHA20_POLY1305_SHA256,client,connected,n9sC,controlling,connected,CF34:0C:07:7B:9E:46:8C:A5:ED:43:AC:80:91:5B:DF:C7:BA:49:61:36:EB:23:23:5E:99:0C:D6:B0:E5:76:B7:A2,232,2524,CF56:8B:6F:F2:26:36:51:D4:0C:FE:BF:E8:95:C9:08:C4:4B:5B:5B:CE:10:F5:57:F9:EB:12:D4:08:4C:6E:B9:E6,1,CPgAdOIPme_k+/ukvaJ,AEAD_AES_256_GCM,FEFD
T01,1776274559646.485,transport,14591,1955708,TLS_ECDHE_ECDSA_WITH_CHACHA20_POLY1305_SHA256,client,connected,n9sC,controlling,connected,CF34:0C:07:7B:9E:46:8C:A5:ED:43:AC:80:91:5B:DF:C7:BA:49:61:36:EB:23:23:5E:99:0C:D6:B0:E5:76:B7:A2,234,2560,CF56:8B:6F:F2:26:36:51:D4:0C:FE:BF:E8:95:C9:08:C4:4B:5B:5B:CE:10:F5:57:F9:EB:12:D4:08:4C:6E:B9:E6,1,CPgAdOIPme_k+/ukvaJ,AEAD_AES_256_GCM,FEFD
T01,1776274559646.485,transport,14591,1955708,TLS_ECDHE_ECDSA_WITH_CHACHA20_POLY1305_SHA256,client,connected,n9sC,controlling,connected,CF34:0C:07:7B:9E:46:8C:A5:ED:43:AC:80:91:5B:DF:C7:BA:49:61:36:EB:23:23:5E:99:0C:D6:B0:E5:76:B7:A2,234,2560,CF56:8B:6F:F2:26:36:51:D4:0C:FE:BF:E8:95:C9:08:C4:4B:5B:5B:CE:10:F5:57:F9:EB:12:D4:08:4C:6E:B9:E6,1,CPgAdOIPme_k+/ukvaJ,AEAD_AES_256_GCM,FEFD
T01,1776274559846.416,transport,14707,1987281,TLS_ECDHE_ECDSA_WITH_CHACHA20_POLY1305_SHA256,client,connected,n9sC,controlling,connected,CF34:0C:07:7B:9E:46:8C:A5:ED:43:AC:80:91:5B:DF:C7:BA:49:61:36:EB:23:23:5E:99:0C:D6:B0:E5:76:B7:A2,236,2592,CF56:8B:6F:F2:26:36:51:D4:0C:FE:BF:E8:95:C9:08:C4:4B:5B:5B:CE:10:F5:57:F9:EB:12:D4:08:4C:6E:B9:E6,1,CPgAdOIPme_k+/ukvaJ,AEAD_AES_256_GCM,FEFD
T01,1776274559846.416,transport,14707,1987281,TLS_ECDHE_ECDSA_WITH_CHACHA20_POLY1305_SHA256,client,connected,n9sC,controlling,connected,CF34:0C:07:7B:9E:46:8C:A5:ED:43:AC:80:91:5B:DF:C7:BA:49:61:36:EB:23:23:5E:99:0C:D6:B0:E5:76:B7:A2,236,2592,CF56:8B:6F:F2:26:36:51:D4:0C:FE:BF:E8:95:C9:08:C4:4B:5B:5B:CE:10:F5:57:F9:EB:12:D4:08:4C:6E:B9:E6,1,CPgAdOIPme_k+/ukvaJ,AEAD_AES_256_GCM,FEFD
T01,1776274560046.415,transport,14831,2028706,TLS_ECDHE_ECDSA_WITH_CHACHA20_POLY1305_SHA256,client,connected,n9sC,controlling,connected,CF34:0C:07:7B:9E:46:8C:A5:ED:43:AC:80:91:5B:DF:C7:BA:49:61:36:EB:23:23:5E:99:0C:D6:B0:E5:76:B7:A2,238,2631,CF56:8B:6F:F2:26:36:51:D4:0C:FE:BF:E8:95:C9:08:C4:4B:5B:5B:CE:10:F5:57:F9:EB:12:D4:08:4C:6E:B9:E6,1,CPgAdOIPme_k+/ukvaJ,AEAD_AES_256_GCM,FEFD
T01,1776274560046.415,transport,14831,2028706,TLS_ECDHE_ECDSA_WITH_CHACHA20_POLY1305_SHA256,client,connected,n9sC,controlling,connected,CF34:0C:07:7B:9E:46:8C:A5:ED:43:AC:80:91:5B:DF:C7:BA:49:61:36:EB:23:23:5E:99:0C:D6:B0:E5:76:B7:A2,238,2631,CF56:8B:6F:F2:26:36:51:D4:0C:FE:BF:E8:95:C9:08:C4:4B:5B:5B:CE:10:F5:57:F9:EB:12:D4:08:4C:6E:B9:E6,1,CPgAdOIPme_k+/ukvaJ,AEAD_AES_256_GCM,FEFD
T01,1776274560246.424,transport,14951,2064266,TLS_ECDHE_ECDSA_WITH_CHACHA20_POLY1305_SHA256,client,connected,n9sC,controlling,connected,CF34:0C:07:7B:9E:46:8C:A5:ED:43:AC:80:91:5B:DF:C7:BA:49:61:36:EB:23:23:5E:99:0C:D6:B0:E5:76:B7:A2,240,2666,CF56:8B:6F:F2:26:36:51:D4:0C:FE:BF:E8:95:C9:08:C4:4B:5B:5B:CE:10:F5:57:F9:EB:12:D4:08:4C:6E:B9:E6,1,CPgAdOIPme_k+/ukvaJ,AEAD_AES_256_GCM,FEFD
T01,1776274560246.424,transport,14951,2064266,TLS_ECDHE_ECDSA_WITH_CHACHA20_POLY1305_SHA256,client,connected,n9sC,controlling,connected,CF34:0C:07:7B:9E:46:8C:A5:ED:43:AC:80:91:5B:DF:C7:BA:49:61:36:EB:23:23:5E:99:0C:D6:B0:E5:76:B7:A2,240,2666,CF56:8B:6F:F2:26:36:51:D4:0C:FE:BF:E8:95:C9:08:C4:4B:5B:5B:CE:10:F5:57:F9:EB:12:D4:08:4C:6E:B9:E6,1,CPgAdOIPme_k+/ukvaJ,AEAD_AES_256_GCM,FEFD
T01,1776274560446.422,transport,15211,2108558,TLS_ECDHE_ECDSA_WITH_CHACHA20_POLY1305_SHA256,client,connected,n9sC,controlling,connected,CF34:0C:07:7B:9E:46:8C:A5:ED:43:AC:80:91:5B:DF:C7:BA:49:61:36:EB:23:23:5E:99:0C:D6:B0:E5:76:B7:A2,243,2709,CF56:8B:6F:F2:26:36:51:D4:0C:FE:BF:E8:95:C9:08:C4:4B:5B:5B:CE:10:F5:57:F9:EB:12:D4:08:4C:6E:B9:E6,1,CPgAdOIPme_k+/ukvaJ,AEAD_AES_256_GCM,FEFD
T01,1776274560446.422,transport,15211,2108558,TLS_ECDHE_ECDSA_WITH_CHACHA20_POLY1305_SHA256,client,connected,n9sC,controlling,connected,CF34:0C:07:7B:9E:46:8C:A5:ED:43:AC:80:91:5B:DF:C7:BA:49:61:36:EB:23:23:5E:99:0C:D6:B0:E5:76:B7:A2,243,2709,CF56:8B:6F:F2:26:36:51:D4:0C:FE:BF:E8:95:C9:08:C4:4B:5B:5B:CE:10:F5:57:F9:EB:12:D4:08:4C:6E:B9:E6,1,CPgAdOIPme_k+/ukvaJ,AEAD_AES_256_GCM,FEFD
T01,1776274560646.486,transport,15351,2143826,TLS_ECDHE_ECDSA_WITH_CHACHA20_POLY1305_SHA256,client,connected,n9sC,controlling,connected,CF34:0C:07:7B:9E:46:8C:A5:ED:43:AC:80:91:5B:DF:C7:BA:49:61:36:EB:23:23:5E:99:0C:D6:B0:E5:76:B7:A2,245,2748,CF56:8B:6F:F2:26:36:51:D4:0C:FE:BF:E8:95:C9:08:C4:4B:5B:5B:CE:10:F5:57:F9:EB:12:D4:08:4C:6E:B9:E6,1,CPgAdOIPme_k+/ukvaJ,AEAD_AES_256_GCM,FEFD
T01,1776274560646.486,transport,15351,2143826,TLS_ECDHE_ECDSA_WITH_CHACHA20_POLY1305_SHA256,client,connected,n9sC,controlling,connected,CF34:0C:07:7B:9E:46:8C:A5:ED:43:AC:80:91:5B:DF:C7:BA:49:61:36:EB:23:23:5E:99:0C:D6:B0:E5:76:B7:A2,245,2748,CF56:8B:6F:F2:26:36:51:D4:0C:FE:BF:E8:95:C9:08:C4:4B:5B:5B:CE:10:F5:57:F9:EB:12:D4:08:4C:6E:B9:E6,1,CPgAdOIPme_k+/ukvaJ,AEAD_AES_256_GCM,FEFD
T01,1776274560846.435,transport,15415,2193580,TLS_ECDHE_ECDSA_WITH_CHACHA20_POLY1305_SHA256,client,connected,n9sC,controlling,connected,CF34:0C:07:7B:9E:46:8C:A5:ED:43:AC:80:91:5B:DF:C7:BA:49:61:36:EB:23:23:5E:99:0C:D6:B0:E5:76:B7:A2,246,2795,CF56:8B:6F:F2:26:36:51:D4:0C:FE:BF:E8:95:C9:08:C4:4B:5B:5B:CE:10:F5:57:F9:EB:12:D4:08:4C:6E:B9:E6,1,CPgAdOIPme_k+/ukvaJ,AEAD_AES_256_GCM,FEFD
T01,1776274560846.435,transport,15415,2193580,TLS_ECDHE_ECDSA_WITH_CHACHA20_POLY1305_SHA256,client,connected,n9sC,controlling,connected,CF34:0C:07:7B:9E:46:8C:A5:ED:43:AC:80:91:5B:DF:C7:BA:49:61:36:EB:23:23:5E:99:0C:D6:B0:E5:76:B7:A2,246,2795,CF56:8B:6F:F2:26:36:51:D4:0C:FE:BF:E8:95:C9:08:C4:4B:5B:5B:CE:10:F5:57:F9:EB:12:D4:08:4C:6E:B9:E6,1,CPgAdOIPme_k+/ukvaJ,AEAD_AES_256_GCM,FEFD
T01,1776274561046.485,transport,15603,2226471,TLS_ECDHE_ECDSA_WITH_CHACHA20_POLY1305_SHA256,client,connected,n9sC,controlling,connected,CF34:0C:07:7B:9E:46:8C:A5:ED:43:AC:80:91:5B:DF:C7:BA:49:61:36:EB:23:23:5E:99:0C:D6:B0:E5:76:B7:A2,249,2827,CF56:8B:6F:F2:26:36:51:D4:0C:FE:BF:E8:95:C9:08:C4:4B:5B:5B:CE:10:F5:57:F9:EB:12:D4:08:4C:6E:B9:E6,1,CPgAdOIPme_k+/ukvaJ,AEAD_AES_256_GCM,FEFD
T01,1776274561046.485,transport,15603,2226471,TLS_ECDHE_ECDSA_WITH_CHACHA20_POLY1305_SHA256,client,connected,n9sC,controlling,connected,CF34:0C:07:7B:9E:46:8C:A5:ED:43:AC:80:91:5B:DF:C7:BA:49:61:36:EB:23:23:5E:99:0C:D6:B0:E5:76:B7:A2,249,2827,CF56:8B:6F:F2:26:36:51:D4:0C:FE:BF:E8:95:C9:08:C4:4B:5B:5B:CE:10:F5:57:F9:EB:12:D4:08:4C:6E:B9:E6,1,CPgAdOIPme_k+/ukvaJ,AEAD_AES_256_GCM,FEFD
T01,1776274561246.484,transport,15735,2267295,TLS_ECDHE_ECDSA_WITH_CHACHA20_POLY1305_SHA256,client,connected,n9sC,controlling,connected,CF34:0C:07:7B:9E:46:8C:A5:ED:43:AC:80:91:5B:DF:C7:BA:49:61:36:EB:23:23:5E:99:0C:D6:B0:E5:76:B7:A2,251,2869,CF56:8B:6F:F2:26:36:51:D4:0C:FE:BF:E8:95:C9:08:C4:4B:5B:5B:CE:10:F5:57:F9:EB:12:D4:08:4C:6E:B9:E6,1,CPgAdOIPme_k+/ukvaJ,AEAD_AES_256_GCM,FEFD
T01,1776274561246.484,transport,15735,2267295,TLS_ECDHE_ECDSA_WITH_CHACHA20_POLY1305_SHA256,client,connected,n9sC,controlling,connected,CF34:0C:07:7B:9E:46:8C:A5:ED:43:AC:80:91:5B:DF:C7:BA:49:61:36:EB:23:23:5E:99:0C:D6:B0:E5:76:B7:A2,251,2869,CF56:8B:6F:F2:26:36:51:D4:0C:FE:BF:E8:95:C9:08:C4:4B:5B:5B:CE:10:F5:57:F9:EB:12:D4:08:4C:6E:B9:E6,1,CPgAdOIPme_k+/ukvaJ,AEAD_AES_256_GCM,FEFD
T01,1776274561446.454,transport,15871,2312572,TLS_ECDHE_ECDSA_WITH_CHACHA20_POLY1305_SHA256,client,connected,n9sC,controlling,connected,CF34:0C:07:7B:9E:46:8C:A5:ED:43:AC:80:91:5B:DF:C7:BA:49:61:36:EB:23:23:5E:99:0C:D6:B0:E5:76:B7:A2,253,2919,CF56:8B:6F:F2:26:36:51:D4:0C:FE:BF:E8:95:C9:08:C4:4B:5B:5B:CE:10:F5:57:F9:EB:12:D4:08:4C:6E:B9:E6,1,CPgAdOIPme_k+/ukvaJ,AEAD_AES_256_GCM,FEFD
T01,1776274561446.454,transport,15871,2312572,TLS_ECDHE_ECDSA_WITH_CHACHA20_POLY1305_SHA256,client,connected,n9sC,controlling,connected,CF34:0C:07:7B:9E:46:8C:A5:ED:43:AC:80:91:5B:DF:C7:BA:49:61:36:EB:23:23:5E:99:0C:D6:B0:E5:76:B7:A2,253,2919,CF56:8B:6F:F2:26:36:51:D4:0C:FE:BF:E8:95:C9:08:C4:4B:5B:5B:CE:10:F5:57:F9:EB:12:D4:08:4C:6E:B9:E6,1,CPgAdOIPme_k+/ukvaJ,AEAD_AES_256_GCM,FEFD
T01,1776274561646.488,transport,15935,2353389,TLS_ECDHE_ECDSA_WITH_CHACHA20_POLY1305_SHA256,client,connected,n9sC,controlling,connected,CF34:0C:07:7B:9E:46:8C:A5:ED:43:AC:80:91:5B:DF:C7:BA:49:61:36:EB:23:23:5E:99:0C:D6:B0:E5:76:B7:A2,254,2964,CF56:8B:6F:F2:26:36:51:D4:0C:FE:BF:E8:95:C9:08:C4:4B:5B:5B:CE:10:F5:57:F9:EB:12:D4:08:4C:6E:B9:E6,1,CPgAdOIPme_k+/ukvaJ,AEAD_AES_256_GCM,FEFD
T01,1776274561646.488,transport,15935,2353389,TLS_ECDHE_ECDSA_WITH_CHACHA20_POLY1305_SHA256,client,connected,n9sC,controlling,connected,CF34:0C:07:7B:9E:46:8C:A5:ED:43:AC:80:91:5B:DF:C7:BA:49:61:36:EB:23:23:5E:99:0C:D6:B0:E5:76:B7:A2,254,2964,CF56:8B:6F:F2:26:36:51:D4:0C:FE:BF:E8:95:C9:08:C4:4B:5B:5B:CE:10:F5:57:F9:EB:12:D4:08:4C:6E:B9:E6,1,CPgAdOIPme_k+/ukvaJ,AEAD_AES_256_GCM,FEFD
T01,1776274561846.391,transport,16215,2403697,TLS_ECDHE_ECDSA_WITH_CHACHA20_POLY1305_SHA256,client,connected,n9sC,controlling,connected,CF34:0C:07:7B:9E:46:8C:A5:ED:43:AC:80:91:5B:DF:C7:BA:49:61:36:EB:23:23:5E:99:0C:D6:B0:E5:76:B7:A2,257,3015,CF56:8B:6F:F2:26:36:51:D4:0C:FE:BF:E8:95:C9:08:C4:4B:5B:5B:CE:10:F5:57:F9:EB:12:D4:08:4C:6E:B9:E6,1,CPgAdOIPme_k+/ukvaJ,AEAD_AES_256_GCM,FEFD
T01,1776274561846.391,transport,16215,2403697,TLS_ECDHE_ECDSA_WITH_CHACHA20_POLY1305_SHA256,client,connected,n9sC,controlling,connected,CF34:0C:07:7B:9E:46:8C:A5:ED:43:AC:80:91:5B:DF:C7:BA:49:61:36:EB:23:23:5E:99:0C:D6:B0:E5:76:B7:A2,257,3015,CF56:8B:6F:F2:26:36:51:D4:0C:FE:BF:E8:95:C9:08:C4:4B:5B:5B:CE:10:F5:57:F9:EB:12:D4:08:4C:6E:B9:E6,1,CPgAdOIPme_k+/ukvaJ,AEAD_AES_256_GCM,FEFD
T01,1776274562046.389,transport,16347,2441573,TLS_ECDHE_ECDSA_WITH_CHACHA20_POLY1305_SHA256,client,connected,n9sC,controlling,connected,CF34:0C:07:7B:9E:46:8C:A5:ED:43:AC:80:91:5B:DF:C7:BA:49:61:36:EB:23:23:5E:99:0C:D6:B0:E5:76:B7:A2,259,3053,CF56:8B:6F:F2:26:36:51:D4:0C:FE:BF:E8:95:C9:08:C4:4B:5B:5B:CE:10:F5:57:F9:EB:12:D4:08:4C:6E:B9:E6,1,CPgAdOIPme_k+/ukvaJ,AEAD_AES_256_GCM,FEFD
T01,1776274562046.389,transport,16347,2441573,TLS_ECDHE_ECDSA_WITH_CHACHA20_POLY1305_SHA256,client,connected,n9sC,controlling,connected,CF34:0C:07:7B:9E:46:8C:A5:ED:43:AC:80:91:5B:DF:C7:BA:49:61:36:EB:23:23:5E:99:0C:D6:B0:E5:76:B7:A2,259,3053,CF56:8B:6F:F2:26:36:51:D4:0C:FE:BF:E8:95:C9:08:C4:4B:5B:5B:CE:10:F5:57:F9:EB:12:D4:08:4C:6E:B9:E6,1,CPgAdOIPme_k+/ukvaJ,AEAD_AES_256_GCM,FEFD
T01,1776274562246.382,transport,16475,2487897,TLS_ECDHE_ECDSA_WITH_CHACHA20_POLY1305_SHA256,client,connected,n9sC,controlling,connected,CF34:0C:07:7B:9E:46:8C:A5:ED:43:AC:80:91:5B:DF:C7:BA:49:61:36:EB:23:23:5E:99:0C:D6:B0:E5:76:B7:A2,261,3099,CF56:8B:6F:F2:26:36:51:D4:0C:FE:BF:E8:95:C9:08:C4:4B:5B:5B:CE:10:F5:57:F9:EB:12:D4:08:4C:6E:B9:E6,1,CPgAdOIPme_k+/ukvaJ,AEAD_AES_256_GCM,FEFD
T01,1776274562246.382,transport,16475,2487897,TLS_ECDHE_ECDSA_WITH_CHACHA20_POLY1305_SHA256,client,connected,n9sC,controlling,connected,CF34:0C:07:7B:9E:46:8C:A5:ED:43:AC:80:91:5B:DF:C7:BA:49:61:36:EB:23:23:5E:99:0C:D6:B0:E5:76:B7:A2,261,3099,CF56:8B:6F:F2:26:36:51:D4:0C:FE:BF:E8:95:C9:08:C4:4B:5B:5B:CE:10:F5:57:F9:EB:12:D4:08:4C:6E:B9:E6,1,CPgAdOIPme_k+/ukvaJ,AEAD_AES_256_GCM,FEFD
T01,1776274562446.426,transport,16607,2536881,TLS_ECDHE_ECDSA_WITH_CHACHA20_POLY1305_SHA256,client,connected,n9sC,controlling,connected,CF34:0C:07:7B:9E:46:8C:A5:ED:43:AC:80:91:5B:DF:C7:BA:49:61:36:EB:23:23:5E:99:0C:D6:B0:E5:76:B7:A2,263,3149,CF56:8B:6F:F2:26:36:51:D4:0C:FE:BF:E8:95:C9:08:C4:4B:5B:5B:CE:10:F5:57:F9:EB:12:D4:08:4C:6E:B9:E6,1,CPgAdOIPme_k+/ukvaJ,AEAD_AES_256_GCM,FEFD
T01,1776274562446.426,transport,16607,2536881,TLS_ECDHE_ECDSA_WITH_CHACHA20_POLY1305_SHA256,client,connected,n9sC,controlling,connected,CF34:0C:07:7B:9E:46:8C:A5:ED:43:AC:80:91:5B:DF:C7:BA:49:61:36:EB:23:23:5E:99:0C:D6:B0:E5:76:B7:A2,263,3149,CF56:8B:6F:F2:26:36:51:D4:0C:FE:BF:E8:95:C9:08:C4:4B:5B:5B:CE:10:F5:57:F9:EB:12:D4:08:4C:6E:B9:E6,1,CPgAdOIPme_k+/ukvaJ,AEAD_AES_256_GCM,FEFD
T01,1776274562646.421,transport,16735,2581379,TLS_ECDHE_ECDSA_WITH_CHACHA20_POLY1305_SHA256,client,connected,n9sC,controlling,connected,CF34:0C:07:7B:9E:46:8C:A5:ED:43:AC:80:91:5B:DF:C7:BA:49:61:36:EB:23:23:5E:99:0C:D6:B0:E5:76:B7:A2,265,3191,CF56:8B:6F:F2:26:36:51:D4:0C:FE:BF:E8:95:C9:08:C4:4B:5B:5B:CE:10:F5:57:F9:EB:12:D4:08:4C:6E:B9:E6,1,CPgAdOIPme_k+/ukvaJ,AEAD_AES_256_GCM,FEFD
T01,1776274562646.421,transport,16735,2581379,TLS_ECDHE_ECDSA_WITH_CHACHA20_POLY1305_SHA256,client,connected,n9sC,controlling,connected,CF34:0C:07:7B:9E:46:8C:A5:ED:43:AC:80:91:5B:DF:C7:BA:49:61:36:EB:23:23:5E:99:0C:D6:B0:E5:76:B7:A2,265,3191,CF56:8B:6F:F2:26:36:51:D4:0C:FE:BF:E8:95:C9:08:C4:4B:5B:5B:CE:10:F5:57:F9:EB:12:D4:08:4C:6E:B9:E6,1,CPgAdOIPme_k+/ukvaJ,AEAD_AES_256_GCM,FEFD
T01,1776274562846.43,transport,17011,2629479,TLS_ECDHE_ECDSA_WITH_CHACHA20_POLY1305_SHA256,client,connected,n9sC,controlling,connected,CF34:0C:07:7B:9E:46:8C:A5:ED:43:AC:80:91:5B:DF:C7:BA:49:61:36:EB:23:23:5E:99:0C:D6:B0:E5:76:B7:A2,268,3238,CF56:8B:6F:F2:26:36:51:D4:0C:FE:BF:E8:95:C9:08:C4:4B:5B:5B:CE:10:F5:57:F9:EB:12:D4:08:4C:6E:B9:E6,1,CPgAdOIPme_k+/ukvaJ,AEAD_AES_256_GCM,FEFD
T01,1776274562846.43,transport,17011,2629479,TLS_ECDHE_ECDSA_WITH_CHACHA20_POLY1305_SHA256,client,connected,n9sC,controlling,connected,CF34:0C:07:7B:9E:46:8C:A5:ED:43:AC:80:91:5B:DF:C7:BA:49:61:36:EB:23:23:5E:99:0C:D6:B0:E5:76:B7:A2,268,3238,CF56:8B:6F:F2:26:36:51:D4:0C:FE:BF:E8:95:C9:08:C4:4B:5B:5B:CE:10:F5:57:F9:EB:12:D4:08:4C:6E:B9:E6,1,CPgAdOIPme_k+/ukvaJ,AEAD_AES_256_GCM,FEFD
T01,1776274563046.426,transport,17147,2676589,TLS_ECDHE_ECDSA_WITH_CHACHA20_POLY1305_SHA256,client,connected,n9sC,controlling,connected,CF34:0C:07:7B:9E:46:8C:A5:ED:43:AC:80:91:5B:DF:C7:BA:49:61:36:EB:23:23:5E:99:0C:D6:B0:E5:76:B7:A2,270,3283,CF56:8B:6F:F2:26:36:51:D4:0C:FE:BF:E8:95:C9:08:C4:4B:5B:5B:CE:10:F5:57:F9:EB:12:D4:08:4C:6E:B9:E6,1,CPgAdOIPme_k+/ukvaJ,AEAD_AES_256_GCM,FEFD
T01,1776274563046.426,transport,17147,2676589,TLS_ECDHE_ECDSA_WITH_CHACHA20_POLY1305_SHA256,client,connected,n9sC,controlling,connected,CF34:0C:07:7B:9E:46:8C:A5:ED:43:AC:80:91:5B:DF:C7:BA:49:61:36:EB:23:23:5E:99:0C:D6:B0:E5:76:B7:A2,270,3283,CF56:8B:6F:F2:26:36:51:D4:0C:FE:BF:E8:95:C9:08:C4:4B:5B:5B:CE:10:F5:57:F9:EB:12:D4:08:4C:6E:B9:E6,1,CPgAdOIPme_k+/ukvaJ,AEAD_AES_256_GCM,FEFD
T01,1776274563246.421,transport,17275,2723361,TLS_ECDHE_ECDSA_WITH_CHACHA20_POLY1305_SHA256,client,connected,n9sC,controlling,connected,CF34:0C:07:7B:9E:46:8C:A5:ED:43:AC:80:91:5B:DF:C7:BA:49:61:36:EB:23:23:5E:99:0C:D6:B0:E5:76:B7:A2,272,3329,CF56:8B:6F:F2:26:36:51:D4:0C:FE:BF:E8:95:C9:08:C4:4B:5B:5B:CE:10:F5:57:F9:EB:12:D4:08:4C:6E:B9:E6,1,CPgAdOIPme_k+/ukvaJ,AEAD_AES_256_GCM,FEFD
T01,1776274563246.421,transport,17275,2723361,TLS_ECDHE_ECDSA_WITH_CHACHA20_POLY1305_SHA256,client,connected,n9sC,controlling,connected,CF34:0C:07:7B:9E:46:8C:A5:ED:43:AC:80:91:5B:DF:C7:BA:49:61:36:EB:23:23:5E:99:0C:D6:B0:E5:76:B7:A2,272,3329,CF56:8B:6F:F2:26:36:51:D4:0C:FE:BF:E8:95:C9:08:C4:4B:5B:5B:CE:10:F5:57:F9:EB:12:D4:08:4C:6E:B9:E6,1,CPgAdOIPme_k+/ukvaJ,AEAD_AES_256_GCM,FEFD
T01,1776274563446.456,transport,17415,2778629,TLS_ECDHE_ECDSA_WITH_CHACHA20_POLY1305_SHA256,client,connected,n9sC,controlling,connected,CF34:0C:07:7B:9E:46:8C:A5:ED:43:AC:80:91:5B:DF:C7:BA:49:61:36:EB:23:23:5E:99:0C:D6:B0:E5:76:B7:A2,274,3384,CF56:8B:6F:F2:26:36:51:D4:0C:FE:BF:E8:95:C9:08:C4:4B:5B:5B:CE:10:F5:57:F9:EB:12:D4:08:4C:6E:B9:E6,1,CPgAdOIPme_k+/ukvaJ,AEAD_AES_256_GCM,FEFD
T01,1776274563446.456,transport,17415,2778629,TLS_ECDHE_ECDSA_WITH_CHACHA20_POLY1305_SHA256,client,connected,n9sC,controlling,connected,CF34:0C:07:7B:9E:46:8C:A5:ED:43:AC:80:91:5B:DF:C7:BA:49:61:36:EB:23:23:5E:99:0C:D6:B0:E5:76:B7:A2,274,3384,CF56:8B:6F:F2:26:36:51:D4:0C:FE:BF:E8:95:C9:08:C4:4B:5B:5B:CE:10:F5:57:F9:EB:12:D4:08:4C:6E:B9:E6,1,CPgAdOIPme_k+/ukvaJ,AEAD_AES_256_GCM,FEFD
T01,1776274563646.434,transport,17543,2831527,TLS_ECDHE_ECDSA_WITH_CHACHA20_POLY1305_SHA256,client,connected,n9sC,controlling,connected,CF34:0C:07:7B:9E:46:8C:A5:ED:43:AC:80:91:5B:DF:C7:BA:49:61:36:EB:23:23:5E:99:0C:D6:B0:E5:76:B7:A2,276,3436,CF56:8B:6F:F2:26:36:51:D4:0C:FE:BF:E8:95:C9:08:C4:4B:5B:5B:CE:10:F5:57:F9:EB:12:D4:08:4C:6E:B9:E6,1,CPgAdOIPme_k+/ukvaJ,AEAD_AES_256_GCM,FEFD
T01,1776274563646.434,transport,17543,2831527,TLS_ECDHE_ECDSA_WITH_CHACHA20_POLY1305_SHA256,client,connected,n9sC,controlling,connected,CF34:0C:07:7B:9E:46:8C:A5:ED:43:AC:80:91:5B:DF:C7:BA:49:61:36:EB:23:23:5E:99:0C:D6:B0:E5:76:B7:A2,276,3436,CF56:8B:6F:F2:26:36:51:D4:0C:FE:BF:E8:95:C9:08:C4:4B:5B:5B:CE:10:F5:57:F9:EB:12:D4:08:4C:6E:B9:E6,1,CPgAdOIPme_k+/ukvaJ,AEAD_AES_256_GCM,FEFD
T01,1776274563846.391,transport,17827,2878064,TLS_ECDHE_ECDSA_WITH_CHACHA20_POLY1305_SHA256,client,connected,n9sC,controlling,connected,CF34:0C:07:7B:9E:46:8C:A5:ED:43:AC:80:91:5B:DF:C7:BA:49:61:36:EB:23:23:5E:99:0C:D6:B0:E5:76:B7:A2,279,3481,CF56:8B:6F:F2:26:36:51:D4:0C:FE:BF:E8:95:C9:08:C4:4B:5B:5B:CE:10:F5:57:F9:EB:12:D4:08:4C:6E:B9:E6,1,CPgAdOIPme_k+/ukvaJ,AEAD_AES_256_GCM,FEFD
T01,1776274563846.391,transport,17827,2878064,TLS_ECDHE_ECDSA_WITH_CHACHA20_POLY1305_SHA256,client,connected,n9sC,controlling,connected,CF34:0C:07:7B:9E:46:8C:A5:ED:43:AC:80:91:5B:DF:C7:BA:49:61:36:EB:23:23:5E:99:0C:D6:B0:E5:76:B7:A2,279,3481,CF56:8B:6F:F2:26:36:51:D4:0C:FE:BF:E8:95:C9:08:C4:4B:5B:5B:CE:10:F5:57:F9:EB:12:D4:08:4C:6E:B9:E6,1,CPgAdOIPme_k+/ukvaJ,AEAD_AES_256_GCM,FEFD
T01,1776274564046.404,transport,17963,2924827,TLS_ECDHE_ECDSA_WITH_CHACHA20_POLY1305_SHA256,client,connected,n9sC,controlling,connected,CF34:0C:07:7B:9E:46:8C:A5:ED:43:AC:80:91:5B:DF:C7:BA:49:61:36:EB:23:23:5E:99:0C:D6:B0:E5:76:B7:A2,281,3528,CF56:8B:6F:F2:26:36:51:D4:0C:FE:BF:E8:95:C9:08:C4:4B:5B:5B:CE:10:F5:57:F9:EB:12:D4:08:4C:6E:B9:E6,1,CPgAdOIPme_k+/ukvaJ,AEAD_AES_256_GCM,FEFD
T01,1776274564046.404,transport,17963,2924827,TLS_ECDHE_ECDSA_WITH_CHACHA20_POLY1305_SHA256,client,connected,n9sC,controlling,connected,CF34:0C:07:7B:9E:46:8C:A5:ED:43:AC:80:91:5B:DF:C7:BA:49:61:36:EB:23:23:5E:99:0C:D6:B0:E5:76:B7:A2,281,3528,CF56:8B:6F:F2:26:36:51:D4:0C:FE:BF:E8:95:C9:08:C4:4B:5B:5B:CE:10:F5:57:F9:EB:12:D4:08:4C:6E:B9:E6,1,CPgAdOIPme_k+/ukvaJ,AEAD_AES_256_GCM,FEFD
T01,1776274564246.455,transport,18099,2984245,TLS_ECDHE_ECDSA_WITH_CHACHA20_POLY1305_SHA256,client,connected,n9sC,controlling,connected,CF34:0C:07:7B:9E:46:8C:A5:ED:43:AC:80:91:5B:DF:C7:BA:49:61:36:EB:23:23:5E:99:0C:D6:B0:E5:76:B7:A2,283,3585,CF56:8B:6F:F2:26:36:51:D4:0C:FE:BF:E8:95:C9:08:C4:4B:5B:5B:CE:10:F5:57:F9:EB:12:D4:08:4C:6E:B9:E6,1,CPgAdOIPme_k+/ukvaJ,AEAD_AES_256_GCM,FEFD
T01,1776274564246.455,transport,18099,2984245,TLS_ECDHE_ECDSA_WITH_CHACHA20_POLY1305_SHA256,client,connected,n9sC,controlling,connected,CF34:0C:07:7B:9E:46:8C:A5:ED:43:AC:80:91:5B:DF:C7:BA:49:61:36:EB:23:23:5E:99:0C:D6:B0:E5:76:B7:A2,283,3585,CF56:8B:6F:F2:26:36:51:D4:0C:FE:BF:E8:95:C9:08:C4:4B:5B:5B:CE:10:F5:57:F9:EB:12:D4:08:4C:6E:B9:E6,1,CPgAdOIPme_k+/ukvaJ,AEAD_AES_256_GCM,FEFD
T01,1776274564446.388,transport,18231,3029779,TLS_ECDHE_ECDSA_WITH_CHACHA20_POLY1305_SHA256,client,connected,n9sC,controlling,connected,CF34:0C:07:7B:9E:46:8C:A5:ED:43:AC:80:91:5B:DF:C7:BA:49:61:36:EB:23:23:5E:99:0C:D6:B0:E5:76:B7:A2,285,3630,CF56:8B:6F:F2:26:36:51:D4:0C:FE:BF:E8:95:C9:08:C4:4B:5B:5B:CE:10:F5:57:F9:EB:12:D4:08:4C:6E:B9:E6,1,CPgAdOIPme_k+/ukvaJ,AEAD_AES_256_GCM,FEFD
T01,1776274564446.388,transport,18231,3029779,TLS_ECDHE_ECDSA_WITH_CHACHA20_POLY1305_SHA256,client,connected,n9sC,controlling,connected,CF34:0C:07:7B:9E:46:8C:A5:ED:43:AC:80:91:5B:DF:C7:BA:49:61:36:EB:23:23:5E:99:0C:D6:B0:E5:76:B7:A2,285,3630,CF56:8B:6F:F2:26:36:51:D4:0C:FE:BF:E8:95:C9:08:C4:4B:5B:5B:CE:10:F5:57:F9:EB:12:D4:08:4C:6E:B9:E6,1,CPgAdOIPme_k+/ukvaJ,AEAD_AES_256_GCM,FEFD
T01,1776274564646.431,transport,18375,3092224,TLS_ECDHE_ECDSA_WITH_CHACHA20_POLY1305_SHA256,client,connected,n9sC,controlling,connected,CF34:0C:07:7B:9E:46:8C:A5:ED:43:AC:80:91:5B:DF:C7:BA:49:61:36:EB:23:23:5E:99:0C:D6:B0:E5:76:B7:A2,287,3687,CF56:8B:6F:F2:26:36:51:D4:0C:FE:BF:E8:95:C9:08:C4:4B:5B:5B:CE:10:F5:57:F9:EB:12:D4:08:4C:6E:B9:E6,1,CPgAdOIPme_k+/ukvaJ,AEAD_AES_256_GCM,FEFD
T01,1776274564646.431,transport,18375,3092224,TLS_ECDHE_ECDSA_WITH_CHACHA20_POLY1305_SHA256,client,connected,n9sC,controlling,connected,CF34:0C:07:7B:9E:46:8C:A5:ED:43:AC:80:91:5B:DF:C7:BA:49:61:36:EB:23:23:5E:99:0C:D6:B0:E5:76:B7:A2,287,3687,CF56:8B:6F:F2:26:36:51:D4:0C:FE:BF:E8:95:C9:08:C4:4B:5B:5B:CE:10:F5:57:F9:EB:12:D4:08:4C:6E:B9:E6,1,CPgAdOIPme_k+/ukvaJ,AEAD_AES_256_GCM,FEFD
T01,1776274564846.43,transport,18671,3156809,TLS_ECDHE_ECDSA_WITH_CHACHA20_POLY1305_SHA256,client,connected,n9sC,controlling,connected,CF34:0C:07:7B:9E:46:8C:A5:ED:43:AC:80:91:5B:DF:C7:BA:49:61:36:EB:23:23:5E:99:0C:D6:B0:E5:76:B7:A2,290,3747,CF56:8B:6F:F2:26:36:51:D4:0C:FE:BF:E8:95:C9:08:C4:4B:5B:5B:CE:10:F5:57:F9:EB:12:D4:08:4C:6E:B9:E6,1,CPgAdOIPme_k+/ukvaJ,AEAD_AES_256_GCM,FEFD
T01,1776274564846.43,transport,18671,3156809,TLS_ECDHE_ECDSA_WITH_CHACHA20_POLY1305_SHA256,client,connected,n9sC,controlling,connected,CF34:0C:07:7B:9E:46:8C:A5:ED:43:AC:80:91:5B:DF:C7:BA:49:61:36:EB:23:23:5E:99:0C:D6:B0:E5:76:B7:A2,290,3747,CF56:8B:6F:F2:26:36:51:D4:0C:FE:BF:E8:95:C9:08:C4:4B:5B:5B:CE:10:F5:57:F9:EB:12:D4:08:4C:6E:B9:E6,1,CPgAdOIPme_k+/ukvaJ,AEAD_AES_256_GCM,FEFD
T01,1776274565046.471,transport,18819,3208520,TLS_ECDHE_ECDSA_WITH_CHACHA20_POLY1305_SHA256,client,connected,n9sC,controlling,connected,CF34:0C:07:7B:9E:46:8C:A5:ED:43:AC:80:91:5B:DF:C7:BA:49:61:36:EB:23:23:5E:99:0C:D6:B0:E5:76:B7:A2,292,3795,CF56:8B:6F:F2:26:36:51:D4:0C:FE:BF:E8:95:C9:08:C4:4B:5B:5B:CE:10:F5:57:F9:EB:12:D4:08:4C:6E:B9:E6,1,CPgAdOIPme_k+/ukvaJ,AEAD_AES_256_GCM,FEFD
T01,1776274565046.471,transport,18819,3208520,TLS_ECDHE_ECDSA_WITH_CHACHA20_POLY1305_SHA256,client,connected,n9sC,controlling,connected,CF34:0C:07:7B:9E:46:8C:A5:ED:43:AC:80:91:5B:DF:C7:BA:49:61:36:EB:23:23:5E:99:0C:D6:B0:E5:76:B7:A2,292,3795,CF56:8B:6F:F2:26:36:51:D4:0C:FE:BF:E8:95:C9:08:C4:4B:5B:5B:CE:10:F5:57:F9:EB:12:D4:08:4C:6E:B9:E6,1,CPgAdOIPme_k+/ukvaJ,AEAD_AES_256_GCM,FEFD
T01,1776274565246.435,transport,18963,3264998,TLS_ECDHE_ECDSA_WITH_CHACHA20_POLY1305_SHA256,client,connected,n9sC,controlling,connected,CF34:0C:07:7B:9E:46:8C:A5:ED:43:AC:80:91:5B:DF:C7:BA:49:61:36:EB:23:23:5E:99:0C:D6:B0:E5:76:B7:A2,294,3846,CF56:8B:6F:F2:26:36:51:D4:0C:FE:BF:E8:95:C9:08:C4:4B:5B:5B:CE:10:F5:57:F9:EB:12:D4:08:4C:6E:B9:E6,1,CPgAdOIPme_k+/ukvaJ,AEAD_AES_256_GCM,FEFD
T01,1776274565246.435,transport,18963,3264998,TLS_ECDHE_ECDSA_WITH_CHACHA20_POLY1305_SHA256,client,connected,n9sC,controlling,connected,CF34:0C:07:7B:9E:46:8C:A5:ED:43:AC:80:91:5B:DF:C7:BA:49:61:36:EB:23:23:5E:99:0C:D6:B0:E5:76:B7:A2,294,3846,CF56:8B:6F:F2:26:36:51:D4:0C:FE:BF:E8:95:C9:08:C4:4B:5B:5B:CE:10:F5:57:F9:EB:12:D4:08:4C:6E:B9:E6,1,CPgAdOIPme_k+/ukvaJ,AEAD_AES_256_GCM,FEFD
T01,1776274565446.43,transport,19103,3332416,TLS_ECDHE_ECDSA_WITH_CHACHA20_POLY1305_SHA256,client,connected,n9sC,controlling,connected,CF34:0C:07:7B:9E:46:8C:A5:ED:43:AC:80:91:5B:DF:C7:BA:49:61:36:EB:23:23:5E:99:0C:D6:B0:E5:76:B7:A2,296,3907,CF56:8B:6F:F2:26:36:51:D4:0C:FE:BF:E8:95:C9:08:C4:4B:5B:5B:CE:10:F5:57:F9:EB:12:D4:08:4C:6E:B9:E6,1,CPgAdOIPme_k+/ukvaJ,AEAD_AES_256_GCM,FEFD
T01,1776274565446.43,transport,19103,3332416,TLS_ECDHE_ECDSA_WITH_CHACHA20_POLY1305_SHA256,client,connected,n9sC,controlling,connected,CF34:0C:07:7B:9E:46:8C:A5:ED:43:AC:80:91:5B:DF:C7:BA:49:61:36:EB:23:23:5E:99:0C:D6:B0:E5:76:B7:A2,296,3907,CF56:8B:6F:F2:26:36:51:D4:0C:FE:BF:E8:95:C9:08:C4:4B:5B:5B:CE:10:F5:57:F9:EB:12:D4:08:4C:6E:B9:E6,1,CPgAdOIPme_k+/ukvaJ,AEAD_AES_256_GCM,FEFD
T01,1776274565646.436,transport,19243,3389858,TLS_ECDHE_ECDSA_WITH_CHACHA20_POLY1305_SHA256,client,connected,n9sC,controlling,connected,CF34:0C:07:7B:9E:46:8C:A5:ED:43:AC:80:91:5B:DF:C7:BA:49:61:36:EB:23:23:5E:99:0C:D6:B0:E5:76:B7:A2,298,3961,CF56:8B:6F:F2:26:36:51:D4:0C:FE:BF:E8:95:C9:08:C4:4B:5B:5B:CE:10:F5:57:F9:EB:12:D4:08:4C:6E:B9:E6,1,CPgAdOIPme_k+/ukvaJ,AEAD_AES_256_GCM,FEFD
T01,1776274565646.436,transport,19243,3389858,TLS_ECDHE_ECDSA_WITH_CHACHA20_POLY1305_SHA256,client,connected,n9sC,controlling,connected,CF34:0C:07:7B:9E:46:8C:A5:ED:43:AC:80:91:5B:DF:C7:BA:49:61:36:EB:23:23:5E:99:0C:D6:B0:E5:76:B7:A2,298,3961,CF56:8B:6F:F2:26:36:51:D4:0C:FE:BF:E8:95:C9:08:C4:4B:5B:5B:CE:10:F5:57:F9:EB:12:D4:08:4C:6E:B9:E6,1,CPgAdOIPme_k+/ukvaJ,AEAD_AES_256_GCM,FEFD
T01,1776274565846.437,transport,19379,3441414,TLS_ECDHE_ECDSA_WITH_CHACHA20_POLY1305_SHA256,client,connected,n9sC,controlling,connected,CF34:0C:07:7B:9E:46:8C:A5:ED:43:AC:80:91:5B:DF:C7:BA:49:61:36:EB:23:23:5E:99:0C:D6:B0:E5:76:B7:A2,300,4012,CF56:8B:6F:F2:26:36:51:D4:0C:FE:BF:E8:95:C9:08:C4:4B:5B:5B:CE:10:F5:57:F9:EB:12:D4:08:4C:6E:B9:E6,1,CPgAdOIPme_k+/ukvaJ,AEAD_AES_256_GCM,FEFD
T01,1776274565846.437,transport,19379,3441414,TLS_ECDHE_ECDSA_WITH_CHACHA20_POLY1305_SHA256,client,connected,n9sC,controlling,connected,CF34:0C:07:7B:9E:46:8C:A5:ED:43:AC:80:91:5B:DF:C7:BA:49:61:36:EB:23:23:5E:99:0C:D6:B0:E5:76:B7:A2,300,4012,CF56:8B:6F:F2:26:36:51:D4:0C:FE:BF:E8:95:C9:08:C4:4B:5B:5B:CE:10:F5:57:F9:EB:12:D4:08:4C:6E:B9:E6,1,CPgAdOIPme_k+/ukvaJ,AEAD_AES_256_GCM,FEFD
T01,1776274566046.5,transport,19671,3464349,TLS_ECDHE_ECDSA_WITH_CHACHA20_POLY1305_SHA256,client,connected,n9sC,controlling,connected,CF34:0C:07:7B:9E:46:8C:A5:ED:43:AC:80:91:5B:DF:C7:BA:49:61:36:EB:23:23:5E:99:0C:D6:B0:E5:76:B7:A2,303,4035,CF56:8B:6F:F2:26:36:51:D4:0C:FE:BF:E8:95:C9:08:C4:4B:5B:5B:CE:10:F5:57:F9:EB:12:D4:08:4C:6E:B9:E6,1,CPgAdOIPme_k+/ukvaJ,AEAD_AES_256_GCM,FEFD
T01,1776274566046.5,transport,19671,3464349,TLS_ECDHE_ECDSA_WITH_CHACHA20_POLY1305_SHA256,client,connected,n9sC,controlling,connected,CF34:0C:07:7B:9E:46:8C:A5:ED:43:AC:80:91:5B:DF:C7:BA:49:61:36:EB:23:23:5E:99:0C:D6:B0:E5:76:B7:A2,303,4035,CF56:8B:6F:F2:26:36:51:D4:0C:FE:BF:E8:95:C9:08:C4:4B:5B:5B:CE:10:F5:57:F9:EB:12:D4:08:4C:6E:B9:E6,1,CPgAdOIPme_k+/ukvaJ,AEAD_AES_256_GCM,FEFD
T01,1776274566246.424,transport,19787,3498230,TLS_ECDHE_ECDSA_WITH_CHACHA20_POLY1305_SHA256,client,connected,n9sC,controlling,connected,CF34:0C:07:7B:9E:46:8C:A5:ED:43:AC:80:91:5B:DF:C7:BA:49:61:36:EB:23:23:5E:99:0C:D6:B0:E5:76:B7:A2,305,4068,CF56:8B:6F:F2:26:36:51:D4:0C:FE:BF:E8:95:C9:08:C4:4B:5B:5B:CE:10:F5:57:F9:EB:12:D4:08:4C:6E:B9:E6,1,CPgAdOIPme_k+/ukvaJ,AEAD_AES_256_GCM,FEFD
T01,1776274566246.424,transport,19787,3498230,TLS_ECDHE_ECDSA_WITH_CHACHA20_POLY1305_SHA256,client,connected,n9sC,controlling,connected,CF34:0C:07:7B:9E:46:8C:A5:ED:43:AC:80:91:5B:DF:C7:BA:49:61:36:EB:23:23:5E:99:0C:D6:B0:E5:76:B7:A2,305,4068,CF56:8B:6F:F2:26:36:51:D4:0C:FE:BF:E8:95:C9:08:C4:4B:5B:5B:CE:10:F5:57:F9:EB:12:D4:08:4C:6E:B9:E6,1,CPgAdOIPme_k+/ukvaJ,AEAD_AES_256_GCM,FEFD

track,timestamp,framerate,width,height
0,1776274538246,30,1920,1080
0,1776274538446,30,1920,1080
0,1776274538647,30,1920,1080
0,1776274538847,30,1920,1080
0,1776274539047,30,1920,1080
0,1776274539247,30,1920,1080
0,1776274539446,30,1920,1080
0,1776274539647,30,1920,1080
0,1776274539847,30,1920,1080
0,1776274540047,30,1920,1080
0,1776274540246,30,1920,1080
0,1776274540446,30,1920,1080
0,1776274540647,30,1920,1080
0,1776274540847,30,1920,1080
0,1776274541047,30,1920,1080
0,1776274541246,30,1920,1080
0,1776274541447,30,1920,1080
0,1776274541647,30,1920,1080
0,1776274541847,30,1920,1080
0,1776274542046,30,1920,1080
0,1776274542246,30,1920,1080
0,1776274542446,30,1920,1080
0,1776274542647,30,1920,1080
0,1776274542847,30,1920,1080
0,1776274543047,30,1920,1080
0,1776274543246,30,1920,1080
0,1776274543446,30,1920,1080
0,1776274543647,30,1920,1080
0,1776274543847,30,1920,1080
0,1776274544047,30,1920,1080
0,1776274544246,30,1920,1080
0,1776274544446,30,1920,1080
0,1776274544647,30,1920,1080
0,1776274544847,30,1920,1080
0,1776274545047,30,1920,1080
0,1776274545246,30,1920,1080
0,1776274545446,30,1920,1080
0,1776274545647,30,1920,1080
0,1776274545847,30,1920,1080
0,1776274546047,30,1920,1080
0,1776274546247,30,1920,1080
0,1776274546446,30,1920,1080
0,1776274546647,30,1920,1080
0,1776274546847,30,1920,1080
0,1776274547047,30,1920,1080
0,1776274547246,30,1920,1080
0,1776274547446,30,1920,1080
0,1776274547647,30,1920,1080
0,1776274547847,30,1920,1080
0,1776274548047,30,1920,1080
0,1776274548246,30,1920,1080
0,1776274548446,30,1920,1080
0,1776274548647,30,1920,1080
0,1776274548847,30,1920,1080
0,1776274549047,30,1920,1080
0,1776274549246,30,1920,1080
0,1776274549446,30,1920,1080
0,1776274549647,30,1920,1080
0,1776274549846,30,1920,1080
0,1776274550046,30,1920,1080
0,1776274550246,30,1920,1080
0,1776274550446,30,1920,1080
0,1776274550646,30,1920,1080
0,1776274550846,30,1920,1080
0,1776274551046,30,1920,1080
0,1776274551246,30,1920,1080
0,1776274551446,30,1920,1080
0,1776274551646,30,1920,1080
0,1776274551847,30,1920,1080
0,1776274552046,30,1920,1080
0,1776274552246,30,1920,1080
0,1776274552446,30,1920,1080
0,1776274552646,30,1920,1080
0,1776274552846,30,1920,1080
0,1776274553046,30,1920,1080
0,1776274553246,30,1920,1080
0,1776274553446,30,1920,1080
0,1776274553646,30,1920,1080
0,1776274553847,30,1920,1080
0,1776274554046,30,1920,1080
0,1776274554246,30,1920,1080
0,1776274554446,30,1920,1080
0,1776274554646,30,1920,1080
0,1776274554846,30,1920,1080
0,1776274555046,30,1920,1080
0,1776274555246,30,1920,1080
0,1776274555446,30,1920,1080
0,1776274555646,30,1920,1080
0,1776274555846,30,1920,1080
0,1776274556046,30,1920,1080
0,1776274556246,30,1920,1080
0,1776274556446,30,1920,1080
0,1776274556646,30,1920,1080
0,1776274556847,30,1920,1080
0,1776274557047,30,1920,1080
0,1776274557246,30,1920,1080
0,1776274557446,30,1920,1080
0,1776274557646,30,1920,1080
0,1776274557847,30,1920,1080
0,1776274558046,30,1920,1080
0,1776274558246,30,1920,1080
0,1776274558446,30,1920,1080
0,1776274558646,30,1920,1080
0,1776274558847,30,1920,1080
0,1776274559047,30,1920,1080
0,1776274559246,30,1920,1080
0,1776274559446,30,1920,1080
0,1776274559646,30,1920,1080
0,1776274559846,30,1920,1080
0,1776274560046,30,1920,1080
0,1776274560246,30,1920,1080
0,1776274560446,30,1920,1080
0,1776274560647,30,1920,1080
0,1776274560846,30,1920,1080
0,1776274561046,30,1920,1080
0,1776274561246,30,1920,1080
0,1776274561446,30,1920,1080
0,1776274561646,30,1920,1080
0,1776274561846,30,1920,1080
0,1776274562046,30,1920,1080
0,1776274562246,30,1920,1080
0,1776274562446,30,1920,1080
0,1776274562646,30,1920,1080
0,1776274562847,30,1920,1080
0,1776274563046,30,1920,1080
0,1776274563246,30,1920,1080
0,1776274563446,30,1920,1080
0,1776274563646,30,1920,1080
0,1776274563846,30,1920,1080
0,1776274564046,30,1920,1080
0,1776274564246,30,1920,1080
0,1776274564446,30,1920,1080
0,1776274564646,30,1920,1080
0,1776274564846,30,1920,1080
0,1776274565046,30,1920,1080
0,1776274565246,30,1920,1080
0,1776274565446,30,1920,1080
0,1776274565646,30,1920,1080
0,1776274565846,30,1920,1080
0,1776274566047,30,1920,1080
0,1776274566246,30,1920,1080