id,timestamp,type,codecId,kind,mediaType,ssrc,transportId,bytesSent,packetsSent,active,encodingIndex,firCount,framesEncoded,framesSent,headerBytesSent,hugeFramesSent,keyFramesEncoded,mediaSourceId,mid,nackCount,packetsSentWithEct1,pliCount,qualityLimitationDurations,qualityLimitationReason,qualityLimitationResolutionChanges,retransmittedBytesSent,retransmittedPacketsSent,rtxSsrc,totalEncodeTime,totalEncodedBytesTarget,totalPacketSendDelay
OT01V2030352527,1776275575035.314,outbound-rtp,COT01_45_level-idx=5;profile=0;tier=0,video,video,2030352527,T01,0,0,true,0,0,0,0,0,0,0,SV225,0,0,0,0,[object Object],bandwidth,0,0,0,1129029408,0,0,0
OT01V2030352527,1776275575035.314,outbound-rtp,COT01_45_level-idx=5;profile=0;tier=0,video,video,2030352527,T01,0,0,true,0,0,0,0,0,0,0,SV225,0,0,0,0,[object Object],bandwidth,0,0,0,1129029408,0,0,0
OT01V2030352527,1776275575235.287,outbound-rtp,COT01_45_level-idx=5;profile=0;tier=0,video,video,2030352527,T01,9725,12,true,0,0,5,5,1066,1,2,SV225,0,0,0,1,[object Object],bandwidth,0,0,0,1129029408,0.168,0,0.26503899999999997
OT01V2030352527,1776275575235.287,outbound-rtp,COT01_45_level-idx=5;profile=0;tier=0,video,video,2030352527,T01,9725,12,true,0,0,5,5,1066,1,2,SV225,0,0,0,1,[object Object],bandwidth,0,0,0,1129029408,0.168,0,0.26503899999999997
OT01V2030352527,1776275575435.306,outbound-rtp,COT01_45_level-idx=5;profile=0;tier=0,video,video,2030352527,T01,13091,18,true,0,0,9,9,1266,1,2,SV225,0,0,0,1,[object Object],bandwidth,0,0,0,1129029408,0.247,0,1.390637
OT01V2030352527,1776275575435.306,outbound-rtp,COT01_45_level-idx=5;profile=0;tier=0,video,video,2030352527,T01,13091,18,true,0,0,9,9,1266,1,2,SV225,0,0,0,1,[object Object],bandwidth,0,0,0,1129029408,0.247,0,1.390637
OT01V2030352527,1776275575635.299,outbound-rtp,COT01_45_level-idx=5;profile=0;tier=0,video,video,2030352527,T01,21585,28,true,0,0,15,15,1622,2,2,SV225,0,0,0,1,[object Object],bandwidth,0,0,0,1129029408,0.349,0,2.8994929999999997
OT01V2030352527,1776275575635.299,outbound-rtp,COT01_45_level-idx=5;profile=0;tier=0,video,video,2030352527,T01,21585,28,true,0,0,15,15,1622,2,2,SV225,0,0,0,1,[object Object],bandwidth,0,0,0,1129029408,0.349,0,2.8994929999999997
OT01V2030352527,1776275575835.312,outbound-rtp,COT01_45_level-idx=5;profile=0;tier=0,video,video,2030352527,T01,29370,41,true,0,0,22,22,2058,2,2,SV225,0,0,0,1,[object Object],bandwidth,0,0,0,1129029408,0.458,0,4.733537999999999
OT01V2030352527,1776275575835.312,outbound-rtp,COT01_45_level-idx=5;profile=0;tier=0,video,video,2030352527,T01,29370,41,true,0,0,22,22,2058,2,2,SV225,0,0,0,1,[object Object],bandwidth,0,0,0,1129029408,0.458,0,4.733537999999999
OT01V2030352527,1776275576035.424,outbound-rtp,COT01_45_level-idx=5;profile=0;tier=0,video,video,2030352527,T01,36644,52,true,0,0,28,28,2410,2,2,SV225,0,0,0,1,[object Object],bandwidth,0,0,0,1129029408,0.548,0,4.964137
OT01V2030352527,1776275576035.424,outbound-rtp,COT01_45_level-idx=5;profile=0;tier=0,video,video,2030352527,T01,36644,52,true,0,0,28,28,2410,2,2,SV225,0,0,0,1,[object Object],bandwidth,0,0,0,1129029408,0.548,0,4.964137
OT01V2030352527,1776275576235.318,outbound-rtp,COT01_45_level-idx=5;profile=0;tier=0,video,video,2030352527,T01,42533,60,true,0,0,34,34,2750,3,3,SV225,0,0,0,2,[object Object],bandwidth,0,0,0,1129029408,0.647,0,4.984204
OT01V2030352527,1776275576235.318,outbound-rtp,COT01_45_level-idx=5;profile=0;tier=0,video,video,2030352527,T01,42533,60,true,0,0,34,34,2750,3,3,SV225,0,0,0,2,[object Object],bandwidth,0,0,0,1129029408,0.647,0,4.984204
OT01V2030352527,1776275576435.381,outbound-rtp,COT01_45_level-idx=5;profile=0;tier=0,video,video,2030352527,T01,49691,68,true,0,0,38,38,2994,3,3,SV225,0,0,0,2,[object Object],bandwidth,0,0,0,1129029408,0.714,0,5.526171
OT01V2030352527,1776275576435.381,outbound-rtp,COT01_45_level-idx=5;profile=0;tier=0,video,video,2030352527,T01,49691,68,true,0,0,38,38,2994,3,3,SV225,0,0,0,2,[object Object],bandwidth,0,0,0,1129029408,0.714,0,5.526171
OT01V2030352527,1776275576635.401,outbound-rtp,COT01_45_level-idx=5;profile=0;tier=0,video,video,2030352527,T01,54814,78,true,0,0,41,41,4055,3,3,SV225,0,0,0,2,[object Object],bandwidth,0,0,0,1129029408,0.767,0,5.670095
OT01V2030352527,1776275576635.401,outbound-rtp,COT01_45_level-idx=5;profile=0;tier=0,video,video,2030352527,T01,54814,78,true,0,0,41,41,4055,3,3,SV225,0,0,0,2,[object Object],bandwidth,0,0,0,1129029408,0.767,0,5.670095
OT01V2030352527,1776275576835.385,outbound-rtp,COT01_45_level-idx=5;profile=0;tier=0,video,video,2030352527,T01,59560,93,true,0,0,47,47,6264,3,3,SV225,0,0,0,2,[object Object],bandwidth,0,0,0,1129029408,0.875,0,5.670103999999999
OT01V2030352527,1776275576835.385,outbound-rtp,COT01_45_level-idx=5;profile=0;tier=0,video,video,2030352527,T01,59560,93,true,0,0,47,47,6264,3,3,SV225,0,0,0,2,[object Object],bandwidth,0,0,0,1129029408,0.875,0,5.670103999999999
OT01V2030352527,1776275577035.346,outbound-rtp,COT01_45_level-idx=5;profile=0;tier=0,video,video,2030352527,T01,65153,113,true,0,0,53,53,9868,3,3,SV225,0,0,0,2,[object Object],bandwidth,0,0,0,1129029408,0.982,0,5.670114
OT01V2030352527,1776275577035.346,outbound-rtp,COT01_45_level-idx=5;profile=0;tier=0,video,video,2030352527,T01,65153,113,true,0,0,53,53,9868,3,3,SV225,0,0,0,2,[object Object],bandwidth,0,0,0,1129029408,0.982,0,5.670114
OT01V2030352527,1776275577235.454,outbound-rtp,COT01_45_level-idx=5;profile=0;tier=0,video,video,2030352527,T01,68108,130,true,0,0,58,58,13376,3,3,SV225,0,0,0,2,[object Object],bandwidth,0,0,0,1129029408,1.073,0,5.670116999999999
OT01V2030352527,1776275577235.454,outbound-rtp,COT01_45_level-idx=5;profile=0;tier=0,video,video,2030352527,T01,68108,130,true,0,0,58,58,13376,3,3,SV225,0,0,0,2,[object Object],bandwidth,0,0,0,1129029408,1.073,0,5.670116999999999
OT01V2030352527,1776275577435.38,outbound-rtp,COT01_45_level-idx=5;profile=0;tier=0,video,video,2030352527,T01,73157,147,true,0,0,63,63,15896,3,3,SV225,0,0,0,2,[object Object],bandwidth,0,0,0,1129029408,1.157,0,5.737583
OT01V2030352527,1776275577435.38,outbound-rtp,COT01_45_level-idx=5;profile=0;tier=0,video,video,2030352527,T01,73157,147,true,0,0,63,63,15896,3,3,SV225,0,0,0,2,[object Object],bandwidth,0,0,0,1129029408,1.157,0,5.737583
OT01V2030352527,1776275577635.332,outbound-rtp,COT01_45_level-idx=5;profile=0;tier=0,video,video,2030352527,T01,76870,168,true,0,0,68,68,20273,3,3,SV225,0,0,0,2,[object Object],bandwidth,0,0,0,1129029408,1.249,0,5.737585999999999
OT01V2030352527,1776275577635.332,outbound-rtp,COT01_45_level-idx=5;profile=0;tier=0,video,video,2030352527,T01,76870,168,true,0,0,68,68,20273,3,3,SV225,0,0,0,2,[object Object],bandwidth,0,0,0,1129029408,1.249,0,5.737585999999999
OT01V2030352527,1776275577835.423,outbound-rtp,COT01_45_level-idx=5;profile=0;tier=0,video,video,2030352527,T01,81672,189,true,0,0,75,75,23909,3,3,SV225,0,0,0,2,[object Object],bandwidth,0,0,0,1129029408,1.371,0,5.737589
OT01V2030352527,1776275577835.423,outbound-rtp,COT01_45_level-idx=5;profile=0;tier=0,video,video,2030352527,T01,81672,189,true,0,0,75,75,23909,3,3,SV225,0,0,0,2,[object Object],bandwidth,0,0,0,1129029408,1.371,0,5.737589
OT01V2030352527,1776275578035.408,outbound-rtp,COT01_45_level-idx=5;profile=0;tier=0,video,video,2030352527,T01,85025,212,true,0,0,80,80,28844,3,3,SV225,0,0,0,2,[object Object],bandwidth,0,0,0,1129029408,1.457,0,5.737591
OT01V2030352527,1776275578035.408,outbound-rtp,COT01_45_level-idx=5;profile=0;tier=0,video,video,2030352527,T01,85025,212,true,0,0,80,80,28844,3,3,SV225,0,0,0,2,[object Object],bandwidth,0,0,0,1129029408,1.457,0,5.737591
OT01V2030352527,1776275578235.5,outbound-rtp,COT01_45_level-idx=5;profile=0;tier=0,video,video,2030352527,T01,92839,229,true,0,0,87,87,30623,3,3,SV225,0,0,0,2,[object Object],bandwidth,0,0,0,1129029408,1.575,0,5.737610999999999
OT01V2030352527,1776275578235.5,outbound-rtp,COT01_45_level-idx=5;profile=0;tier=0,video,video,2030352527,T01,92839,229,true,0,0,87,87,30623,3,3,SV225,0,0,0,2,[object Object],bandwidth,0,0,0,1129029408,1.575,0,5.737610999999999
OT01V2030352527,1776275578435.332,outbound-rtp,COT01_45_level-idx=5;profile=0;tier=0,video,video,2030352527,T01,96167,249,true,0,0,92,92,34721,3,3,SV225,0,0,0,2,[object Object],bandwidth,0,0,0,1129029408,1.651,0,5.737613
OT01V2030352527,1776275578435.332,outbound-rtp,COT01_45_level-idx=5;profile=0;tier=0,video,video,2030352527,T01,96167,249,true,0,0,92,92,34721,3,3,SV225,0,0,0,2,[object Object],bandwidth,0,0,0,1129029408,1.651,0,5.737613
OT01V2030352527,1776275578635.332,outbound-rtp,COT01_45_level-idx=5;profile=0;tier=0,video,video,2030352527,T01,100280,273,true,0,0,97,97,39688,3,3,SV225,0,0,0,2,[object Object],bandwidth,0,0,0,1129029408,1.721,0,5.737616999999999
OT01V2030352527,1776275578635.332,outbound-rtp,COT01_45_level-idx=5;profile=0;tier=0,video,video,2030352527,T01,100280,273,true,0,0,97,97,39688,3,3,SV225,0,0,0,2,[object Object],bandwidth,0,0,0,1129029408,1.721,0,5.737616999999999
OT01V2030352527,1776275578835.419,outbound-rtp,COT01_45_level-idx=5;profile=0;tier=0,video,video,2030352527,T01,104529,296,true,0,0,104,104,44129,3,3,SV225,0,0,0,2,[object Object],bandwidth,0,0,0,1129029408,1.826,0,5.737622
OT01V2030352527,1776275578835.419,outbound-rtp,COT01_45_level-idx=5;profile=0;tier=0,video,video,2030352527,T01,104529,296,true,0,0,104,104,44129,3,3,SV225,0,0,0,2,[object Object],bandwidth,0,0,0,1129029408,1.826,0,5.737622
OT01V2030352527,1776275579035.364,outbound-rtp,COT01_45_level-idx=5;profile=0;tier=0,video,video,2030352527,T01,109701,317,true,0,0,110,110,48012,3,3,SV225,0,0,0,2,[object Object],bandwidth,0,0,0,1129029408,1.931,0,5.7376309999999995
OT01V2030352527,1776275579035.364,outbound-rtp,COT01_45_level-idx=5;profile=0;tier=0,video,video,2030352527,T01,109701,317,true,0,0,110,110,48012,3,3,SV225,0,0,0,2,[object Object],bandwidth,0,0,0,1129029408,1.931,0,5.7376309999999995
OT01V2030352527,1776275579235.274,outbound-rtp,COT01_45_level-idx=5;profile=0;tier=0,video,video,2030352527,T01,113492,342,true,0,0,116,116,53258,3,3,SV225,0,0,0,2,[object Object],bandwidth,0,0,0,1129029408,2.022,0,5.737632
OT01V2030352527,1776275579235.274,outbound-rtp,COT01_45_level-idx=5;profile=0;tier=0,video,video,2030352527,T01,113492,342,true,0,0,116,116,53258,3,3,SV225,0,0,0,2,[object Object],bandwidth,0,0,0,1129029408,2.022,0,5.737632
OT01V2030352527,1776275579435.314,outbound-rtp,COT01_45_level-idx=5;profile=0;tier=0,video,video,2030352527,T01,119539,363,true,0,0,121,121,56894,3,3,SV225,0,0,0,2,[object Object],bandwidth,0,0,0,1129029408,2.083,0,5.737639
OT01V2030352527,1776275579435.314,outbound-rtp,COT01_45_level-idx=5;profile=0;tier=0,video,video,2030352527,T01,119539,363,true,0,0,121,121,56894,3,3,SV225,0,0,0,2,[object Object],bandwidth,0,0,0,1129029408,2.083,0,5.737639
OT01V2030352527,1776275579635.33,outbound-rtp,COT01_45_level-idx=5;profile=0;tier=0,video,video,2030352527,T01,125277,383,true,0,0,127,127,60251,3,3,SV225,0,0,0,2,[object Object],bandwidth,0,0,0,1129029408,2.184,0,5.737642
OT01V2030352527,1776275579635.33,outbound-rtp,COT01_45_level-idx=5;profile=0;tier=0,video,video,2030352527,T01,125277,383,true,0,0,127,127,60251,3,3,SV225,0,0,0,2,[object Object],bandwidth,0,0,0,1129029408,2.184,0,5.737642
OT01V2030352527,1776275579835.515,outbound-rtp,COT01_45_level-idx=5;profile=0;tier=0,video,video,2030352527,T01,131969,408,true,0,0,135,135,64860,4,4,SV225,0,0,0,2,[object Object],bandwidth,1,0,0,1129029408,2.33,0,5.737657
OT01V2030352527,1776275579835.515,outbound-rtp,COT01_45_level-idx=5;profile=0;tier=0,video,video,2030352527,T01,131969,408,true,0,0,135,135,64860,4,4,SV225,0,0,0,2,[object Object],bandwidth,1,0,0,1129029408,2.33,0,5.737657
OT01V2030352527,1776275580035.506,outbound-rtp,COT01_45_level-idx=5;profile=0;tier=0,video,video,2030352527,T01,143155,418,true,0,0,140,140,65144,5,4,SV225,0,0,0,2,[object Object],bandwidth,1,0,0,1129029408,2.412,0,6.9819949999999995
OT01V2030352527,1776275580035.506,outbound-rtp,COT01_45_level-idx=5;profile=0;tier=0,video,video,2030352527,T01,143155,418,true,0,0,140,140,65144,5,4,SV225,0,0,0,2,[object Object],bandwidth,1,0,0,1129029408,2.412,0,6.9819949999999995
OT01V2030352527,1776275580235.436,outbound-rtp,COT01_45_level-idx=5;profile=0;tier=0,video,video,2030352527,T01,153354,434,true,0,0,148,148,65672,8,6,SV225,0,0,0,3,[object Object],bandwidth,1,0,0,1129029408,2.579,0,8.735662
OT01V2030352527,1776275580235.436,outbound-rtp,COT01_45_level-idx=5;profile=0;tier=0,video,video,2030352527,T01,153354,434,true,0,0,148,148,65672,8,6,SV225,0,0,0,3,[object Object],bandwidth,1,0,0,1129029408,2.579,0,8.735662
OT01V2030352527,1776275580435.375,outbound-rtp,COT01_45_level-idx=5;profile=0;tier=0,video,video,2030352527,T01,165283,445,true,0,0,152,152,66188,8,6,SV225,0,0,0,3,[object Object],bandwidth,1,0,0,1129029408,2.646,0,10.731539
OT01V2030352527,1776275580435.375,outbound-rtp,COT01_45_level-idx=5;profile=0;tier=0,video,video,2030352527,T01,165283,445,true,0,0,152,152,66188,8,6,SV225,0,0,0,3,[object Object],bandwidth,1,0,0,1129029408,2.646,0,10.731539
OT01V2030352527,1776275580635.279,outbound-rtp,COT01_45_level-idx=5;profile=0;tier=0,video,video,2030352527,T01,175234,462,true,0,0,157,157,66736,8,6,SV225,0,0,0,3,[object Object],bandwidth,1,0,0,1129029408,2.737,0,14.034858
OT01V2030352527,1776275580635.279,outbound-rtp,COT01_45_level-idx=5;profile=0;tier=0,video,video,2030352527,T01,175234,462,true,0,0,157,157,66736,8,6,SV225,0,0,0,3,[object Object],bandwidth,1,0,0,1129029408,2.737,0,14.034858
OT01V2030352527,1776275580835.385,outbound-rtp,COT01_45_level-idx=5;profile=0;tier=0,video,video,2030352527,T01,182614,471,true,0,0,165,165,67024,10,6,SV225,0,0,0,3,[object Object],bandwidth,1,0,0,1129029408,2.882,0,14.137837
OT01V2030352527,1776275580835.385,outbound-rtp,COT01_45_level-idx=5;profile=0;tier=0,video,video,2030352527,T01,182614,471,true,0,0,165,165,67024,10,6,SV225,0,0,0,3,[object Object],bandwidth,1,0,0,1129029408,2.882,0,14.137837
OT01V2030352527,1776275581035.473,outbound-rtp,COT01_45_level-idx=5;profile=0;tier=0,video,video,2030352527,T01,195186,484,true,0,0,170,170,67472,11,6,SV225,0,0,0,3,[object Object],bandwidth,1,0,0,1129029408,2.983,0,15.178567
OT01V2030352527,1776275581035.473,outbound-rtp,COT01_45_level-idx=5;profile=0;tier=0,video,video,2030352527,T01,195186,484,true,0,0,170,170,67472,11,6,SV225,0,0,0,3,[object Object],bandwidth,1,0,0,1129029408,2.983,0,15.178567
OT01V2030352527,1776275581235.391,outbound-rtp,COT01_45_level-idx=5;profile=0;tier=0,video,video,2030352527,T01,207159,497,true,0,0,176,176,67928,11,6,SV225,0,0,0,3,[object Object],bandwidth,1,0,0,1129029408,3.111,0,17.433262
OT01V2030352527,1776275581235.391,outbound-rtp,COT01_45_level-idx=5;profile=0;tier=0,video,video,2030352527,T01,207159,497,true,0,0,176,176,67928,11,6,SV225,0,0,0,3,[object Object],bandwidth,1,0,0,1129029408,3.111,0,17.433262
OT01V2030352527,1776275581435.352,outbound-rtp,COT01_45_level-idx=5;profile=0;tier=0,video,video,2030352527,T01,216884,514,true,0,0,182,182,68472,11,6,SV225,0,0,0,3,[object Object],bandwidth,1,0,0,1129029408,3.22,0,19.101608
OT01V2030352527,1776275581435.352,outbound-rtp,COT01_45_level-idx=5;profile=0;tier=0,video,video,2030352527,T01,216884,514,true,0,0,182,182,68472,11,6,SV225,0,0,0,3,[object Object],bandwidth,1,0,0,1129029408,3.22,0,19.101608
OT01V2030352527,1776275581635.294,outbound-rtp,COT01_45_level-idx=5;profile=0;tier=0,video,video,2030352527,T01,226807,527,true,0,0,189,189,68888,12,6,SV225,0,0,0,3,[object Object],bandwidth,1,0,0,1129029408,3.383,0,19.409765
OT01V2030352527,1776275581635.294,outbound-rtp,COT01_45_level-idx=5;profile=0;tier=0,video,video,2030352527,T01,226807,527,true,0,0,189,189,68888,12,6,SV225,0,0,0,3,[object Object],bandwidth,1,0,0,1129029408,3.383,0,19.409765
OT01V2030352527,1776275581835.334,outbound-rtp,COT01_45_level-idx=5;profile=0;tier=0,video,video,2030352527,T01,240062,541,true,0,0,199,199,69384,15,6,SV225,0,0,0,3,[object Object],bandwidth,1,0,0,1129029408,3.568,0,20.142039999999998
OT01V2030352527,1776275581835.334,outbound-rtp,COT01_45_level-idx=5;profile=0;tier=0,video,video,2030352527,T01,240062,541,true,0,0,199,199,69384,15,6,SV225,0,0,0,3,[object Object],bandwidth,1,0,0,1129029408,3.568,0,20.142039999999998
OT01V2030352527,1776275582035.437,outbound-rtp,COT01_45_level-idx=5;profile=0;tier=0,video,video,2030352527,T01,253005,554,true,0,0,203,203,69840,15,6,SV225,0,0,0,3,[object Object],bandwidth,1,0,0,1129029408,3.641,0,22.375971999999997
OT01V2030352527,1776275582035.437,outbound-rtp,COT01_45_level-idx=5;profile=0;tier=0,video,video,2030352527,T01,253005,554,true,0,0,203,203,69840,15,6,SV225,0,0,0,3,[object Object],bandwidth,1,0,0,1129029408,3.641,0,22.375971999999997
OT01V2030352527,1776275582235.501,outbound-rtp,COT01_45_level-idx=5;profile=0;tier=0,video,video,2030352527,T01,265362,570,true,0,0,209,209,70352,16,6,SV225,0,0,0,3,[object Object],bandwidth,1,0,0,1129029408,3.759,0,24.533358999999997
OT01V2030352527,1776275582235.501,outbound-rtp,COT01_45_level-idx=5;profile=0;tier=0,video,video,2030352527,T01,265362,570,true,0,0,209,209,70352,16,6,SV225,0,0,0,3,[object Object],bandwidth,1,0,0,1129029408,3.759,0,24.533358999999997
OT01V2030352527,1776275582435.348,outbound-rtp,COT01_45_level-idx=5;profile=0;tier=0,video,video,2030352527,T01,274613,584,true,0,0,215,215,70800,16,6,SV225,0,0,0,3,[object Object],bandwidth,1,0,0,1129029408,3.877,0,25.027417
OT01V2030352527,1776275582435.348,outbound-rtp,COT01_45_level-idx=5;profile=0;tier=0,video,video,2030352527,T01,274613,584,true,0,0,215,215,70800,16,6,SV225,0,0,0,3,[object Object],bandwidth,1,0,0,1129029408,3.877,0,25.027417
OT01V2030352527,1776275582635.311,outbound-rtp,COT01_45_level-idx=5;profile=0;tier=0,video,video,2030352527,T01,286500,597,true,0,0,221,221,71216,17,6,SV225,0,0,0,3,[object Object],bandwidth,1,0,0,1129029408,3.989,0,25.348440999999998
OT01V2030352527,1776275582635.311,outbound-rtp,COT01_45_level-idx=5;profile=0;tier=0,video,video,2030352527,T01,286500,597,true,0,0,221,221,71216,17,6,SV225,0,0,0,3,[object Object],bandwidth,1,0,0,1129029408,3.989,0,25.348440999999998
OT01V2030352527,1776275582835.565,outbound-rtp,COT01_45_level-idx=5;profile=0;tier=0,video,video,2030352527,T01,293707,616,true,0,0,228,228,73800,17,6,SV225,0,0,0,3,[object Object],bandwidth,1,0,0,1129029408,4.154,0,25.574153
OT01V2030352527,1776275582835.565,outbound-rtp,COT01_45_level-idx=5;profile=0;tier=0,video,video,2030352527,T01,293707,616,true,0,0,228,228,73800,17,6,SV225,0,0,0,3,[object Object],bandwidth,1,0,0,1129029408,4.154,0,25.574153
OT01V2030352527,1776275583035.277,outbound-rtp,COT01_45_level-idx=5;profile=0;tier=0,video,video,2030352527,T01,298703,643,true,0,0,236,236,79110,18,6,SV225,0,0,0,3,[object Object],bandwidth,1,0,0,1129029408,4.279,0,25.574208
OT01V2030352527,1776275583035.277,outbound-rtp,COT01_45_level-idx=5;profile=0;tier=0,video,video,2030352527,T01,298703,643,true,0,0,236,236,79110,18,6,SV225,0,0,0,3,[object Object],bandwidth,1,0,0,1129029408,4.279,0,25.574208
OT01V2030352527,1776275583235.451,outbound-rtp,COT01_45_level-idx=5;profile=0;tier=0,video,video,2030352527,T01,308299,666,true,0,0,240,240,82316,18,6,SV225,0,0,0,3,[object Object],bandwidth,1,0,0,1129029408,4.336,0,26.072474
OT01V2030352527,1776275583235.451,outbound-rtp,COT01_45_level-idx=5;profile=0;tier=0,video,video,2030352527,T01,308299,666,true,0,0,240,240,82316,18,6,SV225,0,0,0,3,[object Object],bandwidth,1,0,0,1129029408,4.336,0,26.072474
OT01V2030352527,1776275583435.315,outbound-rtp,COT01_45_level-idx=5;profile=0;tier=0,video,video,2030352527,T01,318014,694,true,0,0,246,246,87164,19,6,SV225,0,0,0,3,[object Object],bandwidth,1,0,0,1129029408,4.435,0,26.286275
OT01V2030352527,1776275583435.315,outbound-rtp,COT01_45_level-idx=5;profile=0;tier=0,video,video,2030352527,T01,318014,694,true,0,0,246,246,87164,19,6,SV225,0,0,0,3,[object Object],bandwidth,1,0,0,1129029408,4.435,0,26.286275
OT01V2030352527,1776275583635.29,outbound-rtp,COT01_45_level-idx=5;profile=0;tier=0,video,video,2030352527,T01,326128,722,true,0,0,253,253,92682,21,8,SV225,0,0,0,4,[object Object],bandwidth,1,0,0,1129029408,4.589,0,26.358338999999997
OT01V2030352527,1776275583635.29,outbound-rtp,COT01_45_level-idx=5;profile=0;tier=0,video,video,2030352527,T01,326128,722,true,0,0,253,253,92682,21,8,SV225,0,0,0,4,[object Object],bandwidth,1,0,0,1129029408,4.589,0,26.358338999999997
OT01V2030352527,1776275583835.363,outbound-rtp,COT01_45_level-idx=5;profile=0;tier=0,video,video,2030352527,T01,338546,737,true,0,0,261,261,93158,22,8,SV225,0,0,0,4,[object Object],bandwidth,1,0,0,1129029408,4.727,0,27.395194999999998
OT01V2030352527,1776275583835.363,outbound-rtp,COT01_45_level-idx=5;profile=0;tier=0,video,video,2030352527,T01,338546,737,true,0,0,261,261,93158,22,8,SV225,0,0,0,4,[object Object],bandwidth,1,0,0,1129029408,4.727,0,27.395194999999998
OT01V2030352527,1776275584035.556,outbound-rtp,COT01_45_level-idx=5;profile=0;tier=0,video,video,2030352527,T01,350504,752,true,0,0,265,265,93638,22,8,SV225,0,0,0,4,[object Object],bandwidth,1,0,0,1129029408,4.802,0,28.465792999999998
OT01V2030352527,1776275584035.556,outbound-rtp,COT01_45_level-idx=5;profile=0;tier=0,video,video,2030352527,T01,350504,752,true,0,0,265,265,93638,22,8,SV225,0,0,0,4,[object Object],bandwidth,1,0,0,1129029408,4.802,0,28.465792999999998
OT01V2030352527,1776275584235.372,outbound-rtp,COT01_45_level-idx=5;profile=0;tier=0,video,video,2030352527,T01,366232,770,true,0,0,271,271,94214,23,8,SV225,0,0,0,4,[object Object],bandwidth,1,0,0,1129029408,4.936,0,28.980527
OT01V2030352527,1776275584235.372,outbound-rtp,COT01_45_level-idx=5;profile=0;tier=0,video,video,2030352527,T01,366232,770,true,0,0,271,271,94214,23,8,SV225,0,0,0,4,[object Object],bandwidth,1,0,0,1129029408,4.936,0,28.980527
OT01V2030352527,1776275584435.403,outbound-rtp,COT01_45_level-idx=5;profile=0;tier=0,video,video,2030352527,T01,369298,803,true,0,0,277,277,101692,23,8,SV225,0,0,0,4,[object Object],bandwidth,1,0,0,1129029408,5.042,0,28.980565
OT01V2030352527,1776275584435.403,outbound-rtp,COT01_45_level-idx=5;profile=0;tier=0,video,video,2030352527,T01,369298,803,true,0,0,277,277,101692,23,8,SV225,0,0,0,4,[object Object],bandwidth,1,0,0,1129029408,5.042,0,28.980565
OT01V2030352527,1776275584635.355,outbound-rtp,COT01_45_level-idx=5;profile=0;tier=0,video,video,2030352527,T01,384222,821,true,0,0,286,286,102762,25,8,SV225,0,0,0,4,[object Object],bandwidth,1,0,0,1129029408,5.196,0,29.246812
OT01V2030352527,1776275584635.355,outbound-rtp,COT01_45_level-idx=5;profile=0;tier=0,video,video,2030352527,T01,384222,821,true,0,0,286,286,102762,25,8,SV225,0,0,0,4,[object Object],bandwidth,1,0,0,1129029408,5.196,0,29.246812
OT01V2030352527,1776275584835.387,outbound-rtp,COT01_45_level-idx=5;profile=0;tier=0,video,video,2030352527,T01,398759,840,true,0,0,292,292,103406,25,8,SV225,0,0,0,4,[object Object],bandwidth,1,0,0,1129029408,5.297,0,30.275032999999997
OT01V2030352527,1776275584835.387,outbound-rtp,COT01_45_level-idx=5;profile=0;tier=0,video,video,2030352527,T01,398759,840,true,0,0,292,292,103406,25,8,SV225,0,0,0,4,[object Object],bandwidth,1,0,0,1129029408,5.297,0,30.275032999999997
OT01V2030352527,1776275585035.482,outbound-rtp,COT01_45_level-idx=5;profile=0;tier=0,video,video,2030352527,T01,411028,855,true,0,0,297,297,103922,25,8,SV225,0,0,0,4,[object Object],bandwidth,1,0,0,1129029408,5.403,0,30.275035
OT01V2030352527,1776275585035.482,outbound-rtp,COT01_45_level-idx=5;profile=0;tier=0,video,video,2030352527,T01,411028,855,true,0,0,297,297,103922,25,8,SV225,0,0,0,4,[object Object],bandwidth,1,0,0,1129029408,5.403,0,30.275035
OT01V2030352527,1776275585235.395,outbound-rtp,COT01_45_level-idx=5;profile=0;tier=0,video,video,2030352527,T01,428519,875,true,0,0,305,305,104594,27,8,SV225,0,0,0,4,[object Object],bandwidth,1,0,0,1129029408,5.556,0,30.460638999999997
OT01V2030352527,1776275585235.395,outbound-rtp,COT01_45_level-idx=5;profile=0;tier=0,video,video,2030352527,T01,428519,875,true,0,0,305,305,104594,27,8,SV225,0,0,0,4,[object Object],bandwidth,1,0,0,1129029408,5.556,0,30.460638999999997
OT01V2030352527,1776275585435.396,outbound-rtp,COT01_45_level-idx=5;profile=0;tier=0,video,video,2030352527,T01,440095,890,true,0,0,312,312,105078,28,8,SV225,0,0,0,4,[object Object],bandwidth,1,0,0,1129029408,5.693,0,30.635326
OT01V2030352527,1776275585435.396,outbound-rtp,COT01_45_level-idx=5;profile=0;tier=0,video,video,2030352527,T01,440095,890,true,0,0,312,312,105078,28,8,SV225,0,0,0,4,[object Object],bandwidth,1,0,0,1129029408,5.693,0,30.635326
OT01V2030352527,1776275585635.332,outbound-rtp,COT01_45_level-idx=5;profile=0;tier=0,video,video,2030352527,T01,455218,908,true,0,0,318,318,105654,28,8,SV225,0,0,0,4,[object Object],bandwidth,1,0,0,1129029408,5.811,0,30.635334
OT01V2030352527,1776275585635.332,outbound-rtp,COT01_45_level-idx=5;profile=0;tier=0,video,video,2030352527,T01,455218,908,true,0,0,318,318,105654,28,8,SV225,0,0,0,4,[object Object],bandwidth,1,0,0,1129029408,5.811,0,30.635334
OT01V2030352527,1776275585835.286,outbound-rtp,COT01_45_level-idx=5;profile=0;tier=0,video,video,2030352527,T01,473877,930,true,0,0,328,328,106358,30,8,SV225,0,0,0,4,[object Object],bandwidth,1,0,0,1129029408,6.013,0,30.755727
OT01V2030352527,1776275585835.286,outbound-rtp,COT01_45_level-idx=5;profile=0;tier=0,video,video,2030352527,T01,473877,930,true,0,0,328,328,106358,30,8,SV225,0,0,0,4,[object Object],bandwidth,1,0,0,1129029408,6.013,0,30.755727
OT01V2030352527,1776275586035.325,outbound-rtp,COT01_45_level-idx=5;profile=0;tier=0,video,video,2030352527,T01,486769,947,true,0,0,334,334,106938,30,8,SV225,0,0,0,4,[object Object],bandwidth,1,0,0,1129029408,6.115,0,31.406048
OT01V2030352527,1776275586035.325,outbound-rtp,COT01_45_level-idx=5;profile=0;tier=0,video,video,2030352527,T01,486769,947,true,0,0,334,334,106938,30,8,SV225,0,0,0,4,[object Object],bandwidth,1,0,0,1129029408,6.115,0,31.406048
OT01V2030352527,1776275586235.566,outbound-rtp,COT01_45_level-idx=5;profile=0;tier=0,video,video,2030352527,T01,501941,965,true,0,0,339,339,107562,30,8,SV225,0,0,0,4,[object Object],bandwidth,1,0,0,1129029408,6.225,0,31.406055
OT01V2030352527,1776275586235.566,outbound-rtp,COT01_45_level-idx=5;profile=0;tier=0,video,video,2030352527,T01,501941,965,true,0,0,339,339,107562,30,8,SV225,0,0,0,4,[object Object],bandwidth,1,0,0,1129029408,6.225,0,31.406055
OT01V2030352527,1776275586435.353,outbound-rtp,COT01_45_level-idx=5;profile=0;tier=0,video,video,2030352527,T01,517357,985,true,0,0,347,347,108206,31,8,SV225,0,0,0,4,[object Object],bandwidth,1,0,0,1129029408,6.433,0,31.73352
OT01V2030352527,1776275586435.353,outbound-rtp,COT01_45_level-idx=5;profile=0;tier=0,video,video,2030352527,T01,517357,985,true,0,0,347,347,108206,31,8,SV225,0,0,0,4,[object Object],bandwidth,1,0,0,1129029408,6.433,0,31.73352
OT01V2030352527,1776275586635.345,outbound-rtp,COT01_45_level-idx=5;profile=0;tier=0,video,video,2030352527,T01,533390,1004,true,0,0,353,353,108814,31,8,SV225,0,0,0,4,[object Object],bandwidth,1,0,0,1129029408,6.556,0,31.733521999999997
OT01V2030352527,1776275586635.345,outbound-rtp,COT01_45_level-idx=5;profile=0;tier=0,video,video,2030352527,T01,533390,1004,true,0,0,353,353,108814,31,8,SV225,0,0,0,4,[object Object],bandwidth,1,0,0,1129029408,6.556,0,31.733521999999997
OT01V2030352527,1776275586835.409,outbound-rtp,COT01_45_level-idx=5;profile=0;tier=0,video,video,2030352527,T01,551790,1025,true,0,0,362,362,109574,34,10,SV225,0,0,0,5,[object Object],bandwidth,1,0,0,1129029408,6.748,0,31.918878
OT01V2030352527,1776275586835.409,outbound-rtp,COT01_45_level-idx=5;profile=0;tier=0,video,video,2030352527,T01,551790,1025,true,0,0,362,362,109574,34,10,SV225,0,0,0,5,[object Object],bandwidth,1,0,0,1129029408,6.748,0,31.918878
OT01V2030352527,1776275587035.449,outbound-rtp,COT01_45_level-idx=5;profile=0;tier=0,video,video,2030352527,T01,572122,1049,true,0,0,370,370,110430,34,10,SV225,0,0,0,5,[object Object],bandwidth,1,0,0,1129029408,6.902,0,33.079601
OT01V2030352527,1776275587035.449,outbound-rtp,COT01_45_level-idx=5;profile=0;tier=0,video,video,2030352527,T01,572122,1049,true,0,0,370,370,110430,34,10,SV225,0,0,0,5,[object Object],bandwidth,1,0,0,1129029408,6.902,0,33.079601
OT01V2030352527,1776275587235.319,outbound-rtp,COT01_45_level-idx=5;profile=0;tier=0,video,video,2030352527,T01,585365,1064,true,0,0,377,377,110910,35,10,SV225,0,0,0,5,[object Object],bandwidth,1,0,0,1129029408,7.035,0,33.273436
OT01V2030352527,1776275587235.319,outbound-rtp,COT01_45_level-idx=5;profile=0;tier=0,video,video,2030352527,T01,585365,1064,true,0,0,377,377,110910,35,10,SV225,0,0,0,5,[object Object],bandwidth,1,0,0,1129029408,7.035,0,33.273436
OT01V2030352527,1776275587435.353,outbound-rtp,COT01_45_level-idx=5;profile=0;tier=0,video,video,2030352527,T01,600966,1081,true,0,0,382,382,111454,35,10,SV225,0,0,0,5,[object Object],bandwidth,1,0,0,1129029408,7.132,0,33.678717999999996
OT01V2030352527,1776275587435.353,outbound-rtp,COT01_45_level-idx=5;profile=0;tier=0,video,video,2030352527,T01,600966,1081,true,0,0,382,382,111454,35,10,SV225,0,0,0,5,[object Object],bandwidth,1,0,0,1129029408,7.132,0,33.678717999999996
OT01V2030352527,1776275587635.275,outbound-rtp,COT01_45_level-idx=5;profile=0;tier=0,video,video,2030352527,T01,618247,1101,true,0,0,389,389,112094,35,10,SV225,0,0,0,5,[object Object],bandwidth,1,0,0,1129029408,7.251,0,33.712973999999996
OT01V2030352527,1776275587635.275,outbound-rtp,COT01_45_level-idx=5;profile=0;tier=0,video,video,2030352527,T01,618247,1101,true,0,0,389,389,112094,35,10,SV225,0,0,0,5,[object Object],bandwidth,1,0,0,1129029408,7.251,0,33.712973999999996
OT01V2030352527,1776275587835.422,outbound-rtp,COT01_45_level-idx=5;profile=0;tier=0,video,video,2030352527,T01,637730,1121,true,0,0,398,398,112758,36,10,SV225,0,0,0,5,[object Object],bandwidth,1,0,0,1129029408,7.445,0,33.907042
OT01V2030352527,1776275587835.422,outbound-rtp,COT01_45_level-idx=5;profile=0;tier=0,video,video,2030352527,T01,637730,1121,true,0,0,398,398,112758,36,10,SV225,0,0,0,5,[object Object],bandwidth,1,0,0,1129029408,7.445,0,33.907042
OT01V2030352527,1776275588035.452,outbound-rtp,COT01_45_level-idx=5;profile=0;tier=0,video,video,2030352527,T01,655717,1142,true,0,0,405,405,113446,36,10,SV225,0,0,0,5,[object Object],bandwidth,1,0,0,1129029408,7.579,0,34.057134
OT01V2030352527,1776275588035.452,outbound-rtp,COT01_45_level-idx=5;profile=0;tier=0,video,video,2030352527,T01,655717,1142,true,0,0,405,405,113446,36,10,SV225,0,0,0,5,[object Object],bandwidth,1,0,0,1129029408,7.579,0,34.057134
OT01V2030352527,1776275588235.45,outbound-rtp,COT01_45_level-idx=5;profile=0;tier=0,video,video,2030352527,T01,673710,1163,true,0,0,413,413,114118,36,10,SV225,0,0,0,5,[object Object],bandwidth,1,0,0,1129029408,7.724,0,34.180063
OT01V2030352527,1776275588235.45,outbound-rtp,COT01_45_level-idx=5;profile=0;tier=0,video,video,2030352527,T01,673710,1163,true,0,0,413,413,114118,36,10,SV225,0,0,0,5,[object Object],bandwidth,1,0,0,1129029408,7.724,0,34.180063
OT01V2030352527,1776275588435.33,outbound-rtp,COT01_45_level-idx=5;profile=0;tier=0,video,video,2030352527,T01,693781,1185,true,0,0,420,420,114822,36,10,SV225,0,0,0,5,[object Object],bandwidth,1,0,0,1129029408,7.871,0,34.202166
OT01V2030352527,1776275588435.33,outbound-rtp,COT01_45_level-idx=5;profile=0;tier=0,video,video,2030352527,T01,693781,1185,true,0,0,420,420,114822,36,10,SV225,0,0,0,5,[object Object],bandwidth,1,0,0,1129029408,7.871,0,34.202166
OT01V2030352527,1776275588635.329,outbound-rtp,COT01_45_level-idx=5;profile=0;tier=0,video,video,2030352527,T01,712876,1205,true,0,0,428,428,115462,36,10,SV225,0,0,0,5,[object Object],bandwidth,1,0,0,1129029408,8.03,0,34.628412
OT01V2030352527,1776275588635.329,outbound-rtp,COT01_45_level-idx=5;profile=0;tier=0,video,video,2030352527,T01,712876,1205,true,0,0,428,428,115462,36,10,SV225,0,0,0,5,[object Object],bandwidth,1,0,0,1129029408,8.03,0,34.628412
OT01V2030352527,1776275588835.308,outbound-rtp,COT01_45_level-idx=5;profile=0;tier=0,video,video,2030352527,T01,734213,1229,true,0,0,437,437,116230,36,10,SV225,0,0,0,5,[object Object],bandwidth,1,0,0,1129029408,8.207,0,34.628422
OT01V2030352527,1776275588835.308,outbound-rtp,COT01_45_level-idx=5;profile=0;tier=0,video,video,2030352527,T01,734213,1229,true,0,0,437,437,116230,36,10,SV225,0,0,0,5,[object Object],bandwidth,1,0,0,1129029408,8.207,0,34.628422
OT01V2030352527,1776275589035.313,outbound-rtp,COT01_45_level-idx=5;profile=0;tier=0,video,video,2030352527,T01,752742,1249,true,0,0,444,444,116870,37,10,SV225,0,0,0,5,[object Object],bandwidth,1,0,0,1129029408,8.33,0,34.877885
OT01V2030352527,1776275589035.313,outbound-rtp,COT01_45_level-idx=5;profile=0;tier=0,video,video,2030352527,T01,752742,1249,true,0,0,444,444,116870,37,10,SV225,0,0,0,5,[object Object],bandwidth,1,0,0,1129029408,8.33,0,34.877885
OT01V2030352527,1776275589235.474,outbound-rtp,COT01_45_level-idx=5;profile=0;tier=0,video,video,2030352527,T01,768968,1267,true,0,0,450,450,117446,37,10,SV225,0,0,0,5,[object Object],bandwidth,1,0,0,1129029408,8.437,0,35.012260999999995
OT01V2030352527,1776275589235.474,outbound-rtp,COT01_45_level-idx=5;profile=0;tier=0,video,video,2030352527,T01,768968,1267,true,0,0,450,450,117446,37,10,SV225,0,0,0,5,[object Object],bandwidth,1,0,0,1129029408,8.437,0,35.012260999999995
OT01V2030352527,1776275589435.337,outbound-rtp,COT01_45_level-idx=5;profile=0;tier=0,video,video,2030352527,T01,792389,1291,true,0,0,459,459,118214,37,10,SV225,0,0,0,5,[object Object],bandwidth,1,0,0,1129029408,8.676,0,35.012271999999996
OT01V2030352527,1776275589435.337,outbound-rtp,COT01_45_level-idx=5;profile=0;tier=0,video,video,2030352527,T01,792389,1291,true,0,0,459,459,118214,37,10,SV225,0,0,0,5,[object Object],bandwidth,1,0,0,1129029408,8.676,0,35.012271999999996
OT01V2030352527,1776275589635.393,outbound-rtp,COT01_45_level-idx=5;profile=0;tier=0,video,video,2030352527,T01,809660,1309,true,0,0,466,466,118790,38,10,SV225,0,0,0,5,[object Object],bandwidth,1,0,0,1129029408,8.829,0,35.129203
OT01V2030352527,1776275589635.393,outbound-rtp,COT01_45_level-idx=5;profile=0;tier=0,video,video,2030352527,T01,809660,1309,true,0,0,466,466,118790,38,10,SV225,0,0,0,5,[object Object],bandwidth,1,0,0,1129029408,8.829,0,35.129203
OT01V2030352527,1776275589835.523,outbound-rtp,COT01_45_level-idx=5;profile=0;tier=0,video,video,2030352527,T01,833053,1332,true,0,0,476,476,119526,38,10,SV225,0,0,0,5,[object Object],bandwidth,1,0,0,1129029408,9.065,0,35.129218
OT01V2030352527,1776275589835.523,outbound-rtp,COT01_45_level-idx=5;profile=0;tier=0,video,video,2030352527,T01,833053,1332,true,0,0,476,476,119526,38,10,SV225,0,0,0,5,[object Object],bandwidth,1,0,0,1129029408,9.065,0,35.129218
OT01V2030352527,1776275590035.499,outbound-rtp,COT01_45_level-idx=5;profile=0;tier=0,video,video,2030352527,T01,855653,1358,true,0,0,485,485,120358,39,10,SV225,0,0,0,6,[object Object],bandwidth,1,0,0,1129029408,9.243,0,35.526599
OT01V2030352527,1776275590035.499,outbound-rtp,COT01_45_level-idx=5;profile=0;tier=0,video,video,2030352527,T01,855653,1358,true,0,0,485,485,120358,39,10,SV225,0,0,0,6,[object Object],bandwidth,1,0,0,1129029408,9.243,0,35.526599
OT01V2030352527,1776275590235.389,outbound-rtp,COT01_45_level-idx=5;profile=0;tier=0,video,video,2030352527,T01,875036,1377,true,0,0,491,491,121138,41,12,SV225,0,0,0,6,[object Object],bandwidth,1,0,0,1129029408,9.355,0,36.125256
OT01V2030352527,1776275590235.389,outbound-rtp,COT01_45_level-idx=5;profile=0;tier=0,video,video,2030352527,T01,875036,1377,true,0,0,491,491,121138,41,12,SV225,0,0,0,6,[object Object],bandwidth,1,0,0,1129029408,9.355,0,36.125256
OT01V2030352527,1776275590435.318,outbound-rtp,COT01_45_level-idx=5;profile=0;tier=0,video,video,2030352527,T01,895993,1399,true,0,0,498,498,121842,41,12,SV225,0,0,0,6,[object Object],bandwidth,1,0,0,1129029408,9.494,0,36.125257
OT01V2030352527,1776275590435.318,outbound-rtp,COT01_45_level-idx=5;profile=0;tier=0,video,video,2030352527,T01,895993,1399,true,0,0,498,498,121842,41,12,SV225,0,0,0,6,[object Object],bandwidth,1,0,0,1129029408,9.494,0,36.125257
OT01V2030352527,1776275590635.325,outbound-rtp,COT01_45_level-idx=5;profile=0;tier=0,video,video,2030352527,T01,920971,1424,true,0,0,506,506,122642,42,12,SV225,0,0,0,6,[object Object],bandwidth,1,0,0,1129029408,9.692,0,37.052065
OT01V2030352527,1776275590635.325,outbound-rtp,COT01_45_level-idx=5;profile=0;tier=0,video,video,2030352527,T01,920971,1424,true,0,0,506,506,122642,42,12,SV225,0,0,0,6,[object Object],bandwidth,1,0,0,1129029408,9.692,0,37.052065
OT01V2030352527,1776275590835.319,outbound-rtp,COT01_45_level-idx=5;profile=0;tier=0,video,video,2030352527,T01,945343,1450,true,0,0,515,515,123474,42,12,SV225,0,0,0,6,[object Object],bandwidth,1,0,0,1129029408,9.847,0,37.052077
OT01V2030352527,1776275590835.319,outbound-rtp,COT01_45_level-idx=5;profile=0;tier=0,video,video,2030352527,T01,945343,1450,true,0,0,515,515,123474,42,12,SV225,0,0,0,6,[object Object],bandwidth,1,0,0,1129029408,9.847,0,37.052077
OT01V2030352527,1776275591035.388,outbound-rtp,COT01_45_level-idx=5;profile=0;tier=0,video,video,2030352527,T01,963602,1469,true,0,0,522,522,124082,43,12,SV225,0,0,0,6,[object Object],bandwidth,1,0,0,1129029408,9.996,0,37.285863
OT01V2030352527,1776275591035.388,outbound-rtp,COT01_45_level-idx=5;profile=0;tier=0,video,video,2030352527,T01,963602,1469,true,0,0,522,522,124082,43,12,SV225,0,0,0,6,[object Object],bandwidth,1,0,0,1129029408,9.996,0,37.285863
OT01V2030352527,1776275591235.439,outbound-rtp,COT01_45_level-idx=5;profile=0;tier=0,video,video,2030352527,T01,986453,1492,true,0,0,529,529,124818,43,12,SV225,0,0,0,6,[object Object],bandwidth,1,0,0,1129029408,10.12,0,37.353004999999996
OT01V2030352527,1776275591235.439,outbound-rtp,COT01_45_level-idx=5;profile=0;tier=0,video,video,2030352527,T01,986453,1492,true,0,0,529,529,124818,43,12,SV225,0,0,0,6,[object Object],bandwidth,1,0,0,1129029408,10.12,0,37.353004999999996
OT01V2030352527,1776275591435.314,outbound-rtp,COT01_45_level-idx=5;profile=0;tier=0,video,video,2030352527,T01,1011663,1519,true,0,0,539,539,125682,43,12,SV225,0,0,0,6,[object Object],bandwidth,1,0,0,1129029408,10.318,0,37.468019999999996
OT01V2030352527,1776275591435.314,outbound-rtp,COT01_45_level-idx=5;profile=0;tier=0,video,video,2030352527,T01,1011663,1519,true,0,0,539,539,125682,43,12,SV225,0,0,0,6,[object Object],bandwidth,1,0,0,1129029408,10.318,0,37.468019999999996
OT01V2030352527,1776275591635.273,outbound-rtp,COT01_45_level-idx=5;profile=0;tier=0,video,video,2030352527,T01,1036131,1543,true,0,0,547,547,126450,43,12,SV225,0,0,0,6,[object Object],bandwidth,1,0,0,1129029408,10.485,0,37.46803
OT01V2030352527,1776275591635.273,outbound-rtp,COT01_45_level-idx=5;profile=0;tier=0,video,video,2030352527,T01,1036131,1543,true,0,0,547,547,126450,43,12,SV225,0,0,0,6,[object Object],bandwidth,1,0,0,1129029408,10.485,0,37.46803
OT01V2030352527,1776275591835.385,outbound-rtp,COT01_45_level-idx=5;profile=0;tier=0,video,video,2030352527,T01,1060659,1568,true,0,0,557,557,127202,44,12,SV225,0,0,0,6,[object Object],bandwidth,1,0,0,1129029408,10.657,0,37.832578999999996
OT01V2030352527,1776275591835.385,outbound-rtp,COT01_45_level-idx=5;profile=0;tier=0,video,video,2030352527,T01,1060659,1568,true,0,0,557,557,127202,44,12,SV225,0,0,0,6,[object Object],bandwidth,1,0,0,1129029408,10.657,0,37.832578999999996
OT01V2030352527,1776275592035.334,outbound-rtp,COT01_45_level-idx=5;profile=0;tier=0,video,video,2030352527,T01,1083849,1595,true,0,0,565,565,128046,44,12,SV225,0,0,0,6,[object Object],bandwidth,1,0,0,1129029408,10.82,0,37.899198
OT01V2030352527,1776275592035.334,outbound-rtp,COT01_45_level-idx=5;profile=0;tier=0,video,video,2030352527,T01,1083849,1595,true,0,0,565,565,128046,44,12,SV225,0,0,0,6,[object Object],bandwidth,1,0,0,1129029408,10.82,0,37.899198
OT01V2030352527,1776275592235.376,outbound-rtp,COT01_45_level-idx=5;profile=0;tier=0,video,video,2030352527,T01,1110526,1622,true,0,0,572,572,128910,44,12,SV225,0,0,0,6,[object Object],bandwidth,1,0,0,1129029408,10.976,0,37.899204999999995
OT01V2030352527,1776275592235.376,outbound-rtp,COT01_45_level-idx=5;profile=0;tier=0,video,video,2030352527,T01,1110526,1622,true,0,0,572,572,128910,44,12,SV225,0,0,0,6,[object Object],bandwidth,1,0,0,1129029408,10.976,0,37.899204999999995
OT01V2030352527,1776275592435.403,outbound-rtp,COT01_45_level-idx=5;profile=0;tier=0,video,video,2030352527,T01,1134163,1648,true,0,0,581,581,129742,44,12,SV225,0,0,0,6,[object Object],bandwidth,1,0,0,1129029408,11.145,0,38.122403
OT01V2030352527,1776275592435.403,outbound-rtp,COT01_45_level-idx=5;profile=0;tier=0,video,video,2030352527,T01,1134163,1648,true,0,0,581,581,129742,44,12,SV225,0,0,0,6,[object Object],bandwidth,1,0,0,1129029408,11.145,0,38.122403
OT01V2030352527,1776275592635.316,outbound-rtp,COT01_45_level-idx=5;profile=0;tier=0,video,video,2030352527,T01,1159185,1676,true,0,0,591,591,130638,44,12,SV225,0,0,0,6,[object Object],bandwidth,1,0,0,1129029408,11.362,0,38.139362
OT01V2030352527,1776275592635.316,outbound-rtp,COT01_45_level-idx=5;profile=0;tier=0,video,video,2030352527,T01,1159185,1676,true,0,0,591,591,130638,44,12,SV225,0,0,0,6,[object Object],bandwidth,1,0,0,1129029408,11.362,0,38.139362
OT01V2030352527,1776275592835.362,outbound-rtp,COT01_45_level-idx=5;profile=0;tier=0,video,video,2030352527,T01,1187209,1708,true,0,0,602,602,131634,44,12,SV225,0,0,0,6,[object Object],bandwidth,1,0,0,1129029408,11.576,0,38.218084999999995
OT01V2030352527,1776275592835.362,outbound-rtp,COT01_45_level-idx=5;profile=0;tier=0,video,video,2030352527,T01,1187209,1708,true,0,0,602,602,131634,44,12,SV225,0,0,0,6,[object Object],bandwidth,1,0,0,1129029408,11.576,0,38.218084999999995
OT01V2030352527,1776275593035.547,outbound-rtp,COT01_45_level-idx=5;profile=0;tier=0,video,video,2030352527,T01,1212432,1734,true,0,0,610,610,132458,44,12,SV225,0,0,0,6,[object Object],bandwidth,1,0,0,1129029408,11.704,0,38.294672999999996
OT01V2030352527,1776275593035.547,outbound-rtp,COT01_45_level-idx=5;profile=0;tier=0,video,video,2030352527,T01,1212432,1734,true,0,0,610,610,132458,44,12,SV225,0,0,0,6,[object Object],bandwidth,1,0,0,1129029408,11.704,0,38.294672999999996
OT01V2030352527,1776275593235.403,outbound-rtp,COT01_45_level-idx=5;profile=0;tier=0,video,video,2030352527,T01,1240374,1763,true,0,0,619,619,133358,44,12,SV225,0,0,0,6,[object Object],none,2,0,0,1129029408,11.942,0,38.46837
OT01V2030352527,1776275593235.403,outbound-rtp,COT01_45_level-idx=5;profile=0;tier=0,video,video,2030352527,T01,1240374,1763,true,0,0,619,619,133358,44,12,SV225,0,0,0,6,[object Object],none,2,0,0,1129029408,11.942,0,38.46837
OT01V2030352527,1776275593435.451,outbound-rtp,COT01_45_level-idx=5;profile=0;tier=0,video,video,2030352527,T01,1272065,1792,true,0,0,624,624,134506,48,15,SV225,0,0,0,7,[object Object],none,2,0,0,1129029408,12.154,0,39.049236
OT01V2030352527,1776275593435.451,outbound-rtp,COT01_45_level-idx=5;profile=0;tier=0,video,video,2030352527,T01,1272065,1792,true,0,0,624,624,134506,48,15,SV225,0,0,0,7,[object Object],none,2,0,0,1129029408,12.154,0,39.049236
OT01V2030352527,1776275593635.462,outbound-rtp,COT01_45_level-idx=5;profile=0;tier=0,video,video,2030352527,T01,1298767,1815,true,0,0,624,624,135154,48,15,SV225,0,0,0,7,[object Object],none,2,0,0,1129029408,12.154,0,43.065107
OT01V2030352527,1776275593635.462,outbound-rtp,COT01_45_level-idx=5;profile=0;tier=0,video,video,2030352527,T01,1298767,1815,true,0,0,624,624,135154,48,15,SV225,0,0,0,7,[object Object],none,2,0,0,1129029408,12.154,0,43.065107
OT01V2030352527,1776275593835.452,outbound-rtp,COT01_45_level-idx=5;profile=0;tier=0,video,video,2030352527,T01,1324551,1837,true,0,0,624,624,135770,48,15,SV225,0,0,0,7,[object Object],none,2,0,0,1129029408,12.154,0,43.065107
OT01V2030352527,1776275593835.452,outbound-rtp,COT01_45_level-idx=5;profile=0;tier=0,video,video,2030352527,T01,1324551,1837,true,0,0,624,624,135770,48,15,SV225,0,0,0,7,[object Object],none,2,0,0,1129029408,12.154,0,43.065107
OT01V2030352527,1776275594035.466,outbound-rtp,COT01_45_level-idx=5;profile=0;tier=0,video,video,2030352527,T01,1353851,1862,true,0,0,624,624,136470,48,15,SV225,0,0,0,7,[object Object],none,2,0,0,1129029408,12.154,0,43.065107
OT01V2030352527,1776275594035.466,outbound-rtp,COT01_45_level-idx=5;profile=0;tier=0,video,video,2030352527,T01,1353851,1862,true,0,0,624,624,136470,48,15,SV225,0,0,0,7,[object Object],none,2,0,0,1129029408,12.154,0,43.065107
OT01V2030352527,1776275594235.451,outbound-rtp,COT01_45_level-idx=5;profile=0;tier=0,video,video,2030352527,T01,1383151,1887,true,0,0,624,624,137170,48,15,SV225,0,0,0,8,[object Object],none,2,0,0,1129029408,12.154,0,43.065107
OT01V2030352527,1776275594235.451,outbound-rtp,COT01_45_level-idx=5;profile=0;tier=0,video,video,2030352527,T01,1383151,1887,true,0,0,624,624,137170,48,15,SV225,0,0,0,8,[object Object],none,2,0,0,1129029408,12.154,0,43.065107
OT01V2030352527,1776275594435.464,outbound-rtp,COT01_45_level-idx=5;profile=0;tier=0,video,video,2030352527,T01,1413623,1913,true,0,0,624,624,137898,48,15,SV225,0,0,0,8,[object Object],none,2,0,0,1129029408,12.154,0,43.065107
OT01V2030352527,1776275594435.464,outbound-rtp,COT01_45_level-idx=5;profile=0;tier=0,video,video,2030352527,T01,1413623,1913,true,0,0,624,624,137898,48,15,SV225,0,0,0,8,[object Object],none,2,0,0,1129029408,12.154,0,43.065107
OT01V2030352527,1776275594635.464,outbound-rtp,COT01_45_level-idx=5;profile=0;tier=0,video,video,2030352527,T01,1444095,1939,true,0,0,624,624,138626,48,15,SV225,0,0,0,8,[object Object],none,2,0,0,1129029408,12.154,0,43.065107
OT01V2030352527,1776275594635.464,outbound-rtp,COT01_45_level-idx=5;profile=0;tier=0,video,video,2030352527,T01,1444095,1939,true,0,0,624,624,138626,48,15,SV225,0,0,0,8,[object Object],none,2,0,0,1129029408,12.154,0,43.065107
OT01V2030352527,1776275594835.548,outbound-rtp,COT01_45_level-idx=5;profile=0;tier=0,video,video,2030352527,T01,1474567,1965,true,0,0,624,624,139354,48,15,SV225,0,0,0,8,[object Object],none,2,0,0,1129029408,12.154,0,43.065107
OT01V2030352527,1776275594835.548,outbound-rtp,COT01_45_level-idx=5;profile=0;tier=0,video,video,2030352527,T01,1474567,1965,true,0,0,624,624,139354,48,15,SV225,0,0,0,8,[object Object],none,2,0,0,1129029408,12.154,0,43.065107
OT01V2030352527,1776275595035.464,outbound-rtp,COT01_45_level-idx=5;profile=0;tier=0,video,video,2030352527,T01,1506211,1992,true,0,0,624,624,140110,48,15,SV225,0,0,0,8,[object Object],none,2,0,0,1129029408,12.154,0,43.065107
OT01V2030352527,1776275595035.464,outbound-rtp,COT01_45_level-idx=5;profile=0;tier=0,video,video,2030352527,T01,1506211,1992,true,0,0,624,624,140110,48,15,SV225,0,0,0,8,[object Object],none,2,0,0,1129029408,12.154,0,43.065107
OT01V2030352527,1776275595235.474,outbound-rtp,COT01_45_level-idx=5;profile=0;tier=0,video,video,2030352527,T01,1537855,2019,true,0,0,624,624,140866,48,15,SV225,0,0,0,9,[object Object],none,2,0,0,1129029408,12.154,0,43.065107
OT01V2030352527,1776275595235.474,outbound-rtp,COT01_45_level-idx=5;profile=0;tier=0,video,video,2030352527,T01,1537855,2019,true,0,0,624,624,140866,48,15,SV225,0,0,0,9,[object Object],none,2,0,0,1129029408,12.154,0,43.065107
OT01V2030352527,1776275595435.551,outbound-rtp,COT01_45_level-idx=5;profile=0;tier=0,video,video,2030352527,T01,1569499,2046,true,0,0,624,624,141622,48,15,SV225,0,0,0,9,[object Object],none,2,0,0,1129029408,12.154,0,43.065107
OT01V2030352527,1776275595435.551,outbound-rtp,COT01_45_level-idx=5;profile=0;tier=0,video,video,2030352527,T01,1569499,2046,true,0,0,624,624,141622,48,15,SV225,0,0,0,9,[object Object],none,2,0,0,1129029408,12.154,0,43.065107
OT01V2030352527,1776275595635.47,outbound-rtp,COT01_45_level-idx=5;profile=0;tier=0,video,video,2030352527,T01,1601143,2073,true,0,0,624,624,142378,48,15,SV225,0,0,0,9,[object Object],none,2,0,0,1129029408,12.154,0,43.065107
OT01V2030352527,1776275595635.47,outbound-rtp,COT01_45_level-idx=5;profile=0;tier=0,video,video,2030352527,T01,1601143,2073,true,0,0,624,624,142378,48,15,SV225,0,0,0,9,[object Object],none,2,0,0,1129029408,12.154,0,43.065107
OT01V2030352527,1776275595835.466,outbound-rtp,COT01_45_level-idx=5;profile=0;tier=0,video,video,2030352527,T01,1632787,2100,true,0,0,624,624,143134,48,15,SV225,0,0,0,9,[object Object],none,2,0,0,1129029408,12.154,0,43.065107
OT01V2030352527,1776275595835.466,outbound-rtp,COT01_45_level-idx=5;profile=0;tier=0,video,video,2030352527,T01,1632787,2100,true,0,0,624,624,143134,48,15,SV225,0,0,0,9,[object Object],none,2,0,0,1129029408,12.154,0,43.065107
OT01V2030352527,1776275596035.471,outbound-rtp,COT01_45_level-idx=5;profile=0;tier=0,video,video,2030352527,T01,1664431,2127,true,0,0,624,624,143890,48,15,SV225,0,0,0,9,[object Object],none,2,0,0,1129029408,12.154,0,43.065107
OT01V2030352527,1776275596035.471,outbound-rtp,COT01_45_level-idx=5;profile=0;tier=0,video,video,2030352527,T01,1664431,2127,true,0,0,624,624,143890,48,15,SV225,0,0,0,9,[object Object],none,2,0,0,1129029408,12.154,0,43.065107
OT01V2030352527,1776275596235.402,outbound-rtp,COT01_45_level-idx=5;profile=0;tier=0,video,video,2030352527,T01,1696075,2154,true,0,0,624,624,144646,48,15,SV225,0,0,0,9,[object Object],none,2,0,0,1129029408,12.154,0,43.065107
OT01V2030352527,1776275596235.402,outbound-rtp,COT01_45_level-idx=5;profile=0;tier=0,video,video,2030352527,T01,1696075,2154,true,0,0,624,624,144646,48,15,SV225,0,0,0,9,[object Object],none,2,0,0,1129029408,12.154,0,43.065107
OT01V2030352527,1776275596435.457,outbound-rtp,COT01_45_level-idx=5;profile=0;tier=0,video,video,2030352527,T01,1727719,2181,true,0,0,624,624,145402,48,15,SV225,0,0,0,10,[object Object],none,2,0,0,1129029408,12.154,0,43.065107
OT01V2030352527,1776275596435.457,outbound-rtp,COT01_45_level-idx=5;profile=0;tier=0,video,video,2030352527,T01,1727719,2181,true,0,0,624,624,145402,48,15,SV225,0,0,0,10,[object Object],none,2,0,0,1129029408,12.154,0,43.065107
OT01V2030352527,1776275596635.414,outbound-rtp,COT01_45_level-idx=5;profile=0;tier=0,video,video,2030352527,T01,1759363,2208,true,0,0,624,624,146158,48,15,SV225,0,0,0,10,[object Object],none,2,0,0,1129029408,12.154,0,43.065107
OT01V2030352527,1776275596635.414,outbound-rtp,COT01_45_level-idx=5;profile=0;tier=0,video,video,2030352527,T01,1759363,2208,true,0,0,624,624,146158,48,15,SV225,0,0,0,10,[object Object],none,2,0,0,1129029408,12.154,0,43.065107
OT01V2030352527,1776275596835.479,outbound-rtp,COT01_45_level-idx=5;profile=0;tier=0,video,video,2030352527,T01,1791007,2235,true,0,0,624,624,146914,48,15,SV225,0,0,0,10,[object Object],none,2,0,0,1129029408,12.154,0,43.065107
OT01V2030352527,1776275596835.479,outbound-rtp,COT01_45_level-idx=5;profile=0;tier=0,video,video,2030352527,T01,1791007,2235,true,0,0,624,624,146914,48,15,SV225,0,0,0,10,[object Object],none,2,0,0,1129029408,12.154,0,43.065107
OT01V2030352527,1776275597035.563,outbound-rtp,COT01_45_level-idx=5;profile=0;tier=0,video,video,2030352527,T01,1822651,2262,true,0,0,624,624,147670,48,15,SV225,0,0,0,10,[object Object],none,2,0,0,1129029408,12.154,0,43.065107
OT01V2030352527,1776275597035.563,outbound-rtp,COT01_45_level-idx=5;profile=0;tier=0,video,video,2030352527,T01,1822651,2262,true,0,0,624,624,147670,48,15,SV225,0,0,0,10,[object Object],none,2,0,0,1129029408,12.154,0,43.065107
OT01V2030352527,1776275597235.503,outbound-rtp,COT01_45_level-idx=5;profile=0;tier=0,video,video,2030352527,T01,1824995,2264,true,0,0,624,624,147726,48,15,SV225,0,0,0,10,[object Object],none,2,0,0,1129029408,12.154,0,43.065107
OT01V2030352527,1776275597235.503,outbound-rtp,COT01_45_level-idx=5;profile=0;tier=0,video,video,2030352527,T01,1824995,2264,true,0,0,624,624,147726,48,15,SV225,0,0,0,10,[object Object],none,2,0,0,1129029408,12.154,0,43.065107
OT01V2030352527,1776275597435.556,outbound-rtp,COT01_45_level-idx=5;profile=0;tier=0,video,video,2030352527,T01,1824995,2264,true,0,0,624,624,147726,48,15,SV225,0,0,0,11,[object Object],none,2,0,0,1129029408,12.154,0,43.065107
OT01V2030352527,1776275597435.556,outbound-rtp,COT01_45_level-idx=5;profile=0;tier=0,video,video,2030352527,T01,1824995,2264,true,0,0,624,624,147726,48,15,SV225,0,0,0,11,[object Object],none,2,0,0,1129029408,12.154,0,43.065107
OT01V2030352527,1776275597635.534,outbound-rtp,COT01_45_level-idx=5;profile=0;tier=0,video,video,2030352527,T01,1824995,2264,true,0,0,624,624,147726,48,15,SV225,0,0,0,11,[object Object],none,2,0,0,1129029408,12.154,0,43.065107
OT01V2030352527,1776275597635.534,outbound-rtp,COT01_45_level-idx=5;profile=0;tier=0,video,video,2030352527,T01,1824995,2264,true,0,0,624,624,147726,48,15,SV225,0,0,0,11,[object Object],none,2,0,0,1129029408,12.154,0,43.065107
OT01V2030352527,1776275597835.435,outbound-rtp,COT01_45_level-idx=5;profile=0;tier=0,video,video,2030352527,T01,1824995,2264,true,0,0,624,624,147726,48,15,SV225,0,0,0,11,[object Object],none,2,0,0,1129029408,12.154,0,43.065107
OT01V2030352527,1776275597835.435,outbound-rtp,COT01_45_level-idx=5;profile=0;tier=0,video,video,2030352527,T01,1824995,2264,true,0,0,624,624,147726,48,15,SV225,0,0,0,11,[object Object],none,2,0,0,1129029408,12.154,0,43.065107
OT01V2030352527,1776275598035.475,outbound-rtp,COT01_45_level-idx=5;profile=0;tier=0,video,video,2030352527,T01,1824995,2264,true,0,0,624,624,147726,48,15,SV225,0,0,0,11,[object Object],none,2,0,0,1129029408,12.154,0,43.065107
OT01V2030352527,1776275598035.475,outbound-rtp,COT01_45_level-idx=5;profile=0;tier=0,video,video,2030352527,T01,1824995,2264,true,0,0,624,624,147726,48,15,SV225,0,0,0,11,[object Object],none,2,0,0,1129029408,12.154,0,43.065107
OT01V2030352527,1776275598235.547,outbound-rtp,COT01_45_level-idx=5;profile=0;tier=0,video,video,2030352527,T01,1824995,2264,true,0,0,624,624,147726,48,15,SV225,0,0,0,11,[object Object],none,2,0,0,1129029408,12.154,0,43.065107
OT01V2030352527,1776275598235.547,outbound-rtp,COT01_45_level-idx=5;profile=0;tier=0,video,video,2030352527,T01,1824995,2264,true,0,0,624,624,147726,48,15,SV225,0,0,0,11,[object Object],none,2,0,0,1129029408,12.154,0,43.065107
OT01V2030352527,1776275598435.467,outbound-rtp,COT01_45_level-idx=5;profile=0;tier=0,video,video,2030352527,T01,1824995,2264,true,0,0,624,624,147726,48,15,SV225,0,0,0,11,[object Object],none,2,0,0,1129029408,12.154,0,43.065107
OT01V2030352527,1776275598435.467,outbound-rtp,COT01_45_level-idx=5;profile=0;tier=0,video,video,2030352527,T01,1824995,2264,true,0,0,624,624,147726,48,15,SV225,0,0,0,11,[object Object],none,2,0,0,1129029408,12.154,0,43.065107
OT01V2030352527,1776275598635.457,outbound-rtp,COT01_45_level-idx=5;profile=0;tier=0,video,video,2030352527,T01,1824995,2264,true,0,0,624,624,147726,48,15,SV225,0,0,0,11,[object Object],none,2,0,0,1129029408,12.154,0,43.065107
OT01V2030352527,1776275598635.457,outbound-rtp,COT01_45_level-idx=5;profile=0;tier=0,video,video,2030352527,T01,1824995,2264,true,0,0,624,624,147726,48,15,SV225,0,0,0,11,[object Object],none,2,0,0,1129029408,12.154,0,43.065107
OT01V2030352527,1776275598835.472,outbound-rtp,COT01_45_level-idx=5;profile=0;tier=0,video,video,2030352527,T01,1824995,2264,true,0,0,624,624,147726,48,15,SV225,0,0,0,11,[object Object],none,2,0,0,1129029408,12.154,0,43.065107
OT01V2030352527,1776275598835.472,outbound-rtp,COT01_45_level-idx=5;profile=0;tier=0,video,video,2030352527,T01,1824995,2264,true,0,0,624,624,147726,48,15,SV225,0,0,0,11,[object Object],none,2,0,0,1129029408,12.154,0,43.065107
OT01V2030352527,1776275599035.539,outbound-rtp,COT01_45_level-idx=5;profile=0;tier=0,video,video,2030352527,T01,1824995,2264,true,0,0,624,624,147726,48,15,SV225,0,0,0,11,[object Object],none,2,0,0,1129029408,12.154,0,43.065107
OT01V2030352527,1776275599035.539,outbound-rtp,COT01_45_level-idx=5;profile=0;tier=0,video,video,2030352527,T01,1824995,2264,true,0,0,624,624,147726,48,15,SV225,0,0,0,11,[object Object],none,2,0,0,1129029408,12.154,0,43.065107
OT01V2030352527,1776275599235.47,outbound-rtp,COT01_45_level-idx=5;profile=0;tier=0,video,video,2030352527,T01,1824995,2264,true,0,0,624,624,147726,48,15,SV225,0,0,0,11,[object Object],none,2,0,0,1129029408,12.154,0,43.065107
OT01V2030352527,1776275599235.47,outbound-rtp,COT01_45_level-idx=5;profile=0;tier=0,video,video,2030352527,T01,1824995,2264,true,0,0,624,624,147726,48,15,SV225,0,0,0,11,[object Object],none,2,0,0,1129029408,12.154,0,43.065107
OT01V2030352527,1776275599435.538,outbound-rtp,COT01_45_level-idx=5;profile=0;tier=0,video,video,2030352527,T01,1824995,2264,true,0,0,624,624,147726,48,15,SV225,0,0,0,11,[object Object],none,2,0,0,1129029408,12.154,0,43.065107
OT01V2030352527,1776275599435.538,outbound-rtp,COT01_45_level-idx=5;profile=0;tier=0,video,video,2030352527,T01,1824995,2264,true,0,0,624,624,147726,48,15,SV225,0,0,0,11,[object Object],none,2,0,0,1129029408,12.154,0,43.065107
OT01V2030352527,1776275599635.54,outbound-rtp,COT01_45_level-idx=5;profile=0;tier=0,video,video,2030352527,T01,1824995,2264,true,0,0,624,624,147726,48,15,SV225,0,0,0,11,[object Object],none,2,0,0,1129029408,12.154,0,43.065107
OT01V2030352527,1776275599635.54,outbound-rtp,COT01_45_level-idx=5;profile=0;tier=0,video,video,2030352527,T01,1824995,2264,true,0,0,624,624,147726,48,15,SV225,0,0,0,11,[object Object],none,2,0,0,1129029408,12.154,0,43.065107
OT01V2030352527,1776275599835.434,outbound-rtp,COT01_45_level-idx=5;profile=0;tier=0,video,video,2030352527,T01,1824995,2264,true,0,0,624,624,147726,48,15,SV225,0,0,0,11,[object Object],none,2,0,0,1129029408,12.154,0,43.065107
OT01V2030352527,1776275599835.434,outbound-rtp,COT01_45_level-idx=5;profile=0;tier=0,video,video,2030352527,T01,1824995,2264,true,0,0,624,624,147726,48,15,SV225,0,0,0,11,[object Object],none,2,0,0,1129029408,12.154,0,43.065107
OT01V2030352527,1776275600035.388,outbound-rtp,COT01_45_level-idx=5;profile=0;tier=0,video,video,2030352527,T01,1824995,2264,true,0,0,624,624,147726,48,15,SV225,0,0,0,11,[object Object],none,2,0,0,1129029408,12.154,0,43.065107
OT01V2030352527,1776275600035.388,outbound-rtp,COT01_45_level-idx=5;profile=0;tier=0,video,video,2030352527,T01,1824995,2264,true,0,0,624,624,147726,48,15,SV225,0,0,0,11,[object Object],none,2,0,0,1129029408,12.154,0,43.065107
OT01V2030352527,1776275600235.471,outbound-rtp,COT01_45_level-idx=5;profile=0;tier=0,video,video,2030352527,T01,1824995,2264,true,0,0,624,624,147726,48,15,SV225,0,0,0,11,[object Object],none,2,0,0,1129029408,12.154,0,43.065107
OT01V2030352527,1776275600235.471,outbound-rtp,COT01_45_level-idx=5;profile=0;tier=0,video,video,2030352527,T01,1824995,2264,true,0,0,624,624,147726,48,15,SV225,0,0,0,11,[object Object],none,2,0,0,1129029408,12.154,0,43.065107
OT01V2030352527,1776275600435.46,outbound-rtp,COT01_45_level-idx=5;profile=0;tier=0,video,video,2030352527,T01,1824995,2264,true,0,0,624,624,147726,48,15,SV225,0,0,0,11,[object Object],none,2,0,0,1129029408,12.154,0,43.065107
OT01V2030352527,1776275600435.46,outbound-rtp,COT01_45_level-idx=5;profile=0;tier=0,video,video,2030352527,T01,1824995,2264,true,0,0,624,624,147726,48,15,SV225,0,0,0,11,[object Object],none,2,0,0,1129029408,12.154,0,43.065107
OT01V2030352527,1776275600635.412,outbound-rtp,COT01_45_level-idx=5;profile=0;tier=0,video,video,2030352527,T01,1824995,2264,true,0,0,624,624,147726,48,15,SV225,0,0,0,11,[object Object],none,2,0,0,1129029408,12.154,0,43.065107
OT01V2030352527,1776275600635.412,outbound-rtp,COT01_45_level-idx=5;profile=0;tier=0,video,video,2030352527,T01,1824995,2264,true,0,0,624,624,147726,48,15,SV225,0,0,0,11,[object Object],none,2,0,0,1129029408,12.154,0,43.065107
OT01V2030352527,1776275600835.55,outbound-rtp,COT01_45_level-idx=5;profile=0;tier=0,video,video,2030352527,T01,1824995,2264,true,0,0,624,624,147726,48,15,SV225,0,0,0,11,[object Object],none,2,0,0,1129029408,12.154,0,43.065107
OT01V2030352527,1776275600835.55,outbound-rtp,COT01_45_level-idx=5;profile=0;tier=0,video,video,2030352527,T01,1824995,2264,true,0,0,624,624,147726,48,15,SV225,0,0,0,11,[object Object],none,2,0,0,1129029408,12.154,0,43.065107
OT01V2030352527,1776275601035.45,outbound-rtp,COT01_45_level-idx=5;profile=0;tier=0,video,video,2030352527,T01,1824995,2264,true,0,0,624,624,147726,48,15,SV225,0,0,0,11,[object Object],none,2,0,0,1129029408,12.154,0,43.065107
OT01V2030352527,1776275601035.45,outbound-rtp,COT01_45_level-idx=5;profile=0;tier=0,video,video,2030352527,T01,1824995,2264,true,0,0,624,624,147726,48,15,SV225,0,0,0,11,[object Object],none,2,0,0,1129029408,12.154,0,43.065107
OT01V2030352527,1776275601235.439,outbound-rtp,COT01_45_level-idx=5;profile=0;tier=0,video,video,2030352527,T01,1824995,2264,true,0,0,624,624,147726,48,15,SV225,0,0,0,11,[object Object],none,2,0,0,1129029408,12.154,0,43.065107
OT01V2030352527,1776275601235.439,outbound-rtp,COT01_45_level-idx=5;profile=0;tier=0,video,video,2030352527,T01,1824995,2264,true,0,0,624,624,147726,48,15,SV225,0,0,0,11,[object Object],none,2,0,0,1129029408,12.154,0,43.065107
OT01V2030352527,1776275601435.503,outbound-rtp,COT01_45_level-idx=5;profile=0;tier=0,video,video,2030352527,T01,1824995,2264,true,0,0,624,624,147726,48,15,SV225,0,0,0,11,[object Object],none,2,0,0,1129029408,12.154,0,43.065107
OT01V2030352527,1776275601435.503,outbound-rtp,COT01_45_level-idx=5;profile=0;tier=0,video,video,2030352527,T01,1824995,2264,true,0,0,624,624,147726,48,15,SV225,0,0,0,11,[object Object],none,2,0,0,1129029408,12.154,0,43.065107
OT01V2030352527,1776275601635.547,outbound-rtp,COT01_45_level-idx=5;profile=0;tier=0,video,video,2030352527,T01,1824995,2264,true,0,0,624,624,147726,48,15,SV225,0,0,0,11,[object Object],none,2,0,0,1129029408,12.154,0,43.065107
OT01V2030352527,1776275601635.547,outbound-rtp,COT01_45_level-idx=5;profile=0;tier=0,video,video,2030352527,T01,1824995,2264,true,0,0,624,624,147726,48,15,SV225,0,0,0,11,[object Object],none,2,0,0,1129029408,12.154,0,43.065107
OT01V2030352527,1776275601835.677,outbound-rtp,COT01_45_level-idx=5;profile=0;tier=0,video,video,2030352527,T01,1824995,2264,true,0,0,624,624,147726,48,15,SV225,0,0,0,11,[object Object],none,2,0,0,1129029408,12.154,0,43.065107
OT01V2030352527,1776275601835.677,outbound-rtp,COT01_45_level-idx=5;profile=0;tier=0,video,video,2030352527,T01,1824995,2264,true,0,0,624,624,147726,48,15,SV225,0,0,0,11,[object Object],none,2,0,0,1129029408,12.154,0,43.065107
OT01V2030352527,1776275602035.437,outbound-rtp,COT01_45_level-idx=5;profile=0;tier=0,video,video,2030352527,T01,1824995,2264,true,0,0,624,624,147726,48,15,SV225,0,0,0,11,[object Object],none,2,0,0,1129029408,12.154,0,43.065107
OT01V2030352527,1776275602035.437,outbound-rtp,COT01_45_level-idx=5;profile=0;tier=0,video,video,2030352527,T01,1824995,2264,true,0,0,624,624,147726,48,15,SV225,0,0,0,11,[object Object],none,2,0,0,1129029408,12.154,0,43.065107
OT01V2030352527,1776275602235.505,outbound-rtp,COT01_45_level-idx=5;profile=0;tier=0,video,video,2030352527,T01,1824995,2264,true,0,0,624,624,147726,48,15,SV225,0,0,0,11,[object Object],none,2,0,0,1129029408,12.154,0,43.065107
OT01V2030352527,1776275602235.505,outbound-rtp,COT01_45_level-idx=5;profile=0;tier=0,video,video,2030352527,T01,1824995,2264,true,0,0,624,624,147726,48,15,SV225,0,0,0,11,[object Object],none,2,0,0,1129029408,12.154,0,43.065107
OT01V2030352527,1776275602435.531,outbound-rtp,COT01_45_level-idx=5;profile=0;tier=0,video,video,2030352527,T01,1824995,2264,true,0,0,624,624,147726,48,15,SV225,0,0,0,11,[object Object],none,2,0,0,1129029408,12.154,0,43.065107
OT01V2030352527,1776275602435.531,outbound-rtp,COT01_45_level-idx=5;profile=0;tier=0,video,video,2030352527,T01,1824995,2264,true,0,0,624,624,147726,48,15,SV225,0,0,0,11,[object Object],none,2,0,0,1129029408,12.154,0,43.065107
OT01V2030352527,1776275602635.443,outbound-rtp,COT01_45_level-idx=5;profile=0;tier=0,video,video,2030352527,T01,1824995,2264,true,0,0,624,624,147726,48,15,SV225,0,0,0,11,[object Object],none,2,0,0,1129029408,12.154,0,43.065107
OT01V2030352527,1776275602635.443,outbound-rtp,COT01_45_level-idx=5;profile=0;tier=0,video,video,2030352527,T01,1824995,2264,true,0,0,624,624,147726,48,15,SV225,0,0,0,11,[object Object],none,2,0,0,1129029408,12.154,0,43.065107
OT01V2030352527,1776275602835.552,outbound-rtp,COT01_45_level-idx=5;profile=0;tier=0,video,video,2030352527,T01,1824995,2264,true,0,0,624,624,147726,48,15,SV225,0,0,0,11,[object Object],none,2,0,0,1129029408,12.154,0,43.065107
OT01V2030352527,1776275602835.552,outbound-rtp,COT01_45_level-idx=5;profile=0;tier=0,video,video,2030352527,T01,1824995,2264,true,0,0,624,624,147726,48,15,SV225,0,0,0,11,[object Object],none,2,0,0,1129029408,12.154,0,43.065107
OT01V2030352527,1776275603035.463,outbound-rtp,COT01_45_level-idx=5;profile=0;tier=0,video,video,2030352527,T01,1824995,2264,true,0,0,624,624,147726,48,15,SV225,0,0,0,11,[object Object],none,2,0,0,1129029408,12.154,0,43.065107
OT01V2030352527,1776275603035.463,outbound-rtp,COT01_45_level-idx=5;profile=0;tier=0,video,video,2030352527,T01,1824995,2264,true,0,0,624,624,147726,48,15,SV225,0,0,0,11,[object Object],none,2,0,0,1129029408,12.154,0,43.065107



id,timestamp,type,bytesReceived,bytesSent,dtlsCipher,dtlsRole,dtlsState,iceLocalUsernameFragment,iceRole,iceState,localCertificateId,packetsReceived,packetsSent,remoteCertificateId,selectedCandidatePairChanges,selectedCandidatePairId,srtpCipher,tlsVersion
T01,1776275575035.314,transport,770,753,TLS_ECDHE_ECDSA_WITH_CHACHA20_POLY1305_SHA256,client,connected,aLx7,controlling,connected,CF98:8C:83:B2:58:DE:26:BE:69:BE:80:63:8C:67:37:85:57:A4:8F:E4:28:1D:D2:1F:2E:D5:85:73:3C:0B:00:57,2,2,CFD4:1F:A0:6F:AB:20:6B:D1:82:72:42:D5:AD:C0:06:B3:67:1F:C0:4B:E5:E2:DD:4B:A3:BC:7A:CB:24:36:20:B8,1,CP2lC/v4Pi_3817qm6f,AEAD_AES_256_GCM,FEFD
T01,1776275575035.314,transport,770,753,TLS_ECDHE_ECDSA_WITH_CHACHA20_POLY1305_SHA256,client,connected,aLx7,controlling,connected,CF98:8C:83:B2:58:DE:26:BE:69:BE:80:63:8C:67:37:85:57:A4:8F:E4:28:1D:D2:1F:2E:D5:85:73:3C:0B:00:57,2,2,CFD4:1F:A0:6F:AB:20:6B:D1:82:72:42:D5:AD:C0:06:B3:67:1F:C0:4B:E5:E2:DD:4B:A3:BC:7A:CB:24:36:20:B8,1,CP2lC/v4Pi_3817qm6f,AEAD_AES_256_GCM,FEFD
T01,1776275575235.287,transport,854,11736,TLS_ECDHE_ECDSA_WITH_CHACHA20_POLY1305_SHA256,client,connected,aLx7,controlling,connected,CF98:8C:83:B2:58:DE:26:BE:69:BE:80:63:8C:67:37:85:57:A4:8F:E4:28:1D:D2:1F:2E:D5:85:73:3C:0B:00:57,4,14,CFD4:1F:A0:6F:AB:20:6B:D1:82:72:42:D5:AD:C0:06:B3:67:1F:C0:4B:E5:E2:DD:4B:A3:BC:7A:CB:24:36:20:B8,1,CP2lC/v4Pi_3817qm6f,AEAD_AES_256_GCM,FEFD
T01,1776275575235.287,transport,854,11736,TLS_ECDHE_ECDSA_WITH_CHACHA20_POLY1305_SHA256,client,connected,aLx7,controlling,connected,CF98:8C:83:B2:58:DE:26:BE:69:BE:80:63:8C:67:37:85:57:A4:8F:E4:28:1D:D2:1F:2E:D5:85:73:3C:0B:00:57,4,14,CFD4:1F:A0:6F:AB:20:6B:D1:82:72:42:D5:AD:C0:06:B3:67:1F:C0:4B:E5:E2:DD:4B:A3:BC:7A:CB:24:36:20:B8,1,CP2lC/v4Pi_3817qm6f,AEAD_AES_256_GCM,FEFD
T01,1776275575435.306,transport,898,15398,TLS_ECDHE_ECDSA_WITH_CHACHA20_POLY1305_SHA256,client,connected,aLx7,controlling,connected,CF98:8C:83:B2:58:DE:26:BE:69:BE:80:63:8C:67:37:85:57:A4:8F:E4:28:1D:D2:1F:2E:D5:85:73:3C:0B:00:57,5,20,CFD4:1F:A0:6F:AB:20:6B:D1:82:72:42:D5:AD:C0:06:B3:67:1F:C0:4B:E5:E2:DD:4B:A3:BC:7A:CB:24:36:20:B8,1,CP2lC/v4Pi_3817qm6f,AEAD_AES_256_GCM,FEFD
T01,1776275575435.306,transport,898,15398,TLS_ECDHE_ECDSA_WITH_CHACHA20_POLY1305_SHA256,client,connected,aLx7,controlling,connected,CF98:8C:83:B2:58:DE:26:BE:69:BE:80:63:8C:67:37:85:57:A4:8F:E4:28:1D:D2:1F:2E:D5:85:73:3C:0B:00:57,5,20,CFD4:1F:A0:6F:AB:20:6B:D1:82:72:42:D5:AD:C0:06:B3:67:1F:C0:4B:E5:E2:DD:4B:A3:BC:7A:CB:24:36:20:B8,1,CP2lC/v4Pi_3817qm6f,AEAD_AES_256_GCM,FEFD
T01,1776275575635.299,transport,1090,24484,TLS_ECDHE_ECDSA_WITH_CHACHA20_POLY1305_SHA256,client,connected,aLx7,controlling,connected,CF98:8C:83:B2:58:DE:26:BE:69:BE:80:63:8C:67:37:85:57:A4:8F:E4:28:1D:D2:1F:2E:D5:85:73:3C:0B:00:57,8,31,CFD4:1F:A0:6F:AB:20:6B:D1:82:72:42:D5:AD:C0:06:B3:67:1F:C0:4B:E5:E2:DD:4B:A3:BC:7A:CB:24:36:20:B8,1,CP2lC/v4Pi_3817qm6f,AEAD_AES_256_GCM,FEFD
T01,1776275575635.299,transport,1090,24484,TLS_ECDHE_ECDSA_WITH_CHACHA20_POLY1305_SHA256,client,connected,aLx7,controlling,connected,CF98:8C:83:B2:58:DE:26:BE:69:BE:80:63:8C:67:37:85:57:A4:8F:E4:28:1D:D2:1F:2E:D5:85:73:3C:0B:00:57,8,31,CFD4:1F:A0:6F:AB:20:6B:D1:82:72:42:D5:AD:C0:06:B3:67:1F:C0:4B:E5:E2:DD:4B:A3:BC:7A:CB:24:36:20:B8,1,CP2lC/v4Pi_3817qm6f,AEAD_AES_256_GCM,FEFD
T01,1776275575835.312,transport,1194,32913,TLS_ECDHE_ECDSA_WITH_CHACHA20_POLY1305_SHA256,client,connected,aLx7,controlling,connected,CF98:8C:83:B2:58:DE:26:BE:69:BE:80:63:8C:67:37:85:57:A4:8F:E4:28:1D:D2:1F:2E:D5:85:73:3C:0B:00:57,10,44,CFD4:1F:A0:6F:AB:20:6B:D1:82:72:42:D5:AD:C0:06:B3:67:1F:C0:4B:E5:E2:DD:4B:A3:BC:7A:CB:24:36:20:B8,1,CP2lC/v4Pi_3817qm6f,AEAD_AES_256_GCM,FEFD
T01,1776275575835.312,transport,1194,32913,TLS_ECDHE_ECDSA_WITH_CHACHA20_POLY1305_SHA256,client,connected,aLx7,controlling,connected,CF98:8C:83:B2:58:DE:26:BE:69:BE:80:63:8C:67:37:85:57:A4:8F:E4:28:1D:D2:1F:2E:D5:85:73:3C:0B:00:57,10,44,CFD4:1F:A0:6F:AB:20:6B:D1:82:72:42:D5:AD:C0:06:B3:67:1F:C0:4B:E5:E2:DD:4B:A3:BC:7A:CB:24:36:20:B8,1,CP2lC/v4Pi_3817qm6f,AEAD_AES_256_GCM,FEFD
T01,1776275576035.424,transport,1294,40715,TLS_ECDHE_ECDSA_WITH_CHACHA20_POLY1305_SHA256,client,connected,aLx7,controlling,connected,CF98:8C:83:B2:58:DE:26:BE:69:BE:80:63:8C:67:37:85:57:A4:8F:E4:28:1D:D2:1F:2E:D5:85:73:3C:0B:00:57,12,55,CFD4:1F:A0:6F:AB:20:6B:D1:82:72:42:D5:AD:C0:06:B3:67:1F:C0:4B:E5:E2:DD:4B:A3:BC:7A:CB:24:36:20:B8,1,CP2lC/v4Pi_3817qm6f,AEAD_AES_256_GCM,FEFD
T01,1776275576035.424,transport,1294,40715,TLS_ECDHE_ECDSA_WITH_CHACHA20_POLY1305_SHA256,client,connected,aLx7,controlling,connected,CF98:8C:83:B2:58:DE:26:BE:69:BE:80:63:8C:67:37:85:57:A4:8F:E4:28:1D:D2:1F:2E:D5:85:73:3C:0B:00:57,12,55,CFD4:1F:A0:6F:AB:20:6B:D1:82:72:42:D5:AD:C0:06:B3:67:1F:C0:4B:E5:E2:DD:4B:A3:BC:7A:CB:24:36:20:B8,1,CP2lC/v4Pi_3817qm6f,AEAD_AES_256_GCM,FEFD
T01,1776275576235.318,transport,1422,47172,TLS_ECDHE_ECDSA_WITH_CHACHA20_POLY1305_SHA256,client,connected,aLx7,controlling,connected,CF98:8C:83:B2:58:DE:26:BE:69:BE:80:63:8C:67:37:85:57:A4:8F:E4:28:1D:D2:1F:2E:D5:85:73:3C:0B:00:57,15,64,CFD4:1F:A0:6F:AB:20:6B:D1:82:72:42:D5:AD:C0:06:B3:67:1F:C0:4B:E5:E2:DD:4B:A3:BC:7A:CB:24:36:20:B8,1,CP2lC/v4Pi_3817qm6f,AEAD_AES_256_GCM,FEFD
T01,1776275576235.318,transport,1422,47172,TLS_ECDHE_ECDSA_WITH_CHACHA20_POLY1305_SHA256,client,connected,aLx7,controlling,connected,CF98:8C:83:B2:58:DE:26:BE:69:BE:80:63:8C:67:37:85:57:A4:8F:E4:28:1D:D2:1F:2E:D5:85:73:3C:0B:00:57,15,64,CFD4:1F:A0:6F:AB:20:6B:D1:82:72:42:D5:AD:C0:06:B3:67:1F:C0:4B:E5:E2:DD:4B:A3:BC:7A:CB:24:36:20:B8,1,CP2lC/v4Pi_3817qm6f,AEAD_AES_256_GCM,FEFD
T01,1776275576435.381,transport,1518,54702,TLS_ECDHE_ECDSA_WITH_CHACHA20_POLY1305_SHA256,client,connected,aLx7,controlling,connected,CF98:8C:83:B2:58:DE:26:BE:69:BE:80:63:8C:67:37:85:57:A4:8F:E4:28:1D:D2:1F:2E:D5:85:73:3C:0B:00:57,17,72,CFD4:1F:A0:6F:AB:20:6B:D1:82:72:42:D5:AD:C0:06:B3:67:1F:C0:4B:E5:E2:DD:4B:A3:BC:7A:CB:24:36:20:B8,1,CP2lC/v4Pi_3817qm6f,AEAD_AES_256_GCM,FEFD
T01,1776275576435.381,transport,1518,54702,TLS_ECDHE_ECDSA_WITH_CHACHA20_POLY1305_SHA256,client,connected,aLx7,controlling,connected,CF98:8C:83:B2:58:DE:26:BE:69:BE:80:63:8C:67:37:85:57:A4:8F:E4:28:1D:D2:1F:2E:D5:85:73:3C:0B:00:57,17,72,CFD4:1F:A0:6F:AB:20:6B:D1:82:72:42:D5:AD:C0:06:B3:67:1F:C0:4B:E5:E2:DD:4B:A3:BC:7A:CB:24:36:20:B8,1,CP2lC/v4Pi_3817qm6f,AEAD_AES_256_GCM,FEFD
T01,1776275576635.401,transport,1618,61046,TLS_ECDHE_ECDSA_WITH_CHACHA20_POLY1305_SHA256,client,connected,aLx7,controlling,connected,CF98:8C:83:B2:58:DE:26:BE:69:BE:80:63:8C:67:37:85:57:A4:8F:E4:28:1D:D2:1F:2E:D5:85:73:3C:0B:00:57,19,82,CFD4:1F:A0:6F:AB:20:6B:D1:82:72:42:D5:AD:C0:06:B3:67:1F:C0:4B:E5:E2:DD:4B:A3:BC:7A:CB:24:36:20:B8,1,CP2lC/v4Pi_3817qm6f,AEAD_AES_256_GCM,FEFD
T01,1776275576635.401,transport,1618,61046,TLS_ECDHE_ECDSA_WITH_CHACHA20_POLY1305_SHA256,client,connected,aLx7,controlling,connected,CF98:8C:83:B2:58:DE:26:BE:69:BE:80:63:8C:67:37:85:57:A4:8F:E4:28:1D:D2:1F:2E:D5:85:73:3C:0B:00:57,19,82,CFD4:1F:A0:6F:AB:20:6B:D1:82:72:42:D5:AD:C0:06:B3:67:1F:C0:4B:E5:E2:DD:4B:A3:BC:7A:CB:24:36:20:B8,1,CP2lC/v4Pi_3817qm6f,AEAD_AES_256_GCM,FEFD
T01,1776275576835.385,transport,1718,68241,TLS_ECDHE_ECDSA_WITH_CHACHA20_POLY1305_SHA256,client,connected,aLx7,controlling,connected,CF98:8C:83:B2:58:DE:26:BE:69:BE:80:63:8C:67:37:85:57:A4:8F:E4:28:1D:D2:1F:2E:D5:85:73:3C:0B:00:57,21,97,CFD4:1F:A0:6F:AB:20:6B:D1:82:72:42:D5:AD:C0:06:B3:67:1F:C0:4B:E5:E2:DD:4B:A3:BC:7A:CB:24:36:20:B8,1,CP2lC/v4Pi_3817qm6f,AEAD_AES_256_GCM,FEFD
T01,1776275576835.385,transport,1718,68241,TLS_ECDHE_ECDSA_WITH_CHACHA20_POLY1305_SHA256,client,connected,aLx7,controlling,connected,CF98:8C:83:B2:58:DE:26:BE:69:BE:80:63:8C:67:37:85:57:A4:8F:E4:28:1D:D2:1F:2E:D5:85:73:3C:0B:00:57,21,97,CFD4:1F:A0:6F:AB:20:6B:D1:82:72:42:D5:AD:C0:06:B3:67:1F:C0:4B:E5:E2:DD:4B:A3:BC:7A:CB:24:36:20:B8,1,CP2lC/v4Pi_3817qm6f,AEAD_AES_256_GCM,FEFD
T01,1776275577035.346,transport,1822,77758,TLS_ECDHE_ECDSA_WITH_CHACHA20_POLY1305_SHA256,client,connected,aLx7,controlling,connected,CF98:8C:83:B2:58:DE:26:BE:69:BE:80:63:8C:67:37:85:57:A4:8F:E4:28:1D:D2:1F:2E:D5:85:73:3C:0B:00:57,23,117,CFD4:1F:A0:6F:AB:20:6B:D1:82:72:42:D5:AD:C0:06:B3:67:1F:C0:4B:E5:E2:DD:4B:A3:BC:7A:CB:24:36:20:B8,1,CP2lC/v4Pi_3817qm6f,AEAD_AES_256_GCM,FEFD
T01,1776275577035.346,transport,1822,77758,TLS_ECDHE_ECDSA_WITH_CHACHA20_POLY1305_SHA256,client,connected,aLx7,controlling,connected,CF98:8C:83:B2:58:DE:26:BE:69:BE:80:63:8C:67:37:85:57:A4:8F:E4:28:1D:D2:1F:2E:D5:85:73:3C:0B:00:57,23,117,CFD4:1F:A0:6F:AB:20:6B:D1:82:72:42:D5:AD:C0:06:B3:67:1F:C0:4B:E5:E2:DD:4B:A3:BC:7A:CB:24:36:20:B8,1,CP2lC/v4Pi_3817qm6f,AEAD_AES_256_GCM,FEFD
T01,1776275577235.454,transport,2022,84593,TLS_ECDHE_ECDSA_WITH_CHACHA20_POLY1305_SHA256,client,connected,aLx7,controlling,connected,CF98:8C:83:B2:58:DE:26:BE:69:BE:80:63:8C:67:37:85:57:A4:8F:E4:28:1D:D2:1F:2E:D5:85:73:3C:0B:00:57,26,135,CFD4:1F:A0:6F:AB:20:6B:D1:82:72:42:D5:AD:C0:06:B3:67:1F:C0:4B:E5:E2:DD:4B:A3:BC:7A:CB:24:36:20:B8,1,CP2lC/v4Pi_3817qm6f,AEAD_AES_256_GCM,FEFD
T01,1776275577235.454,transport,2022,84593,TLS_ECDHE_ECDSA_WITH_CHACHA20_POLY1305_SHA256,client,connected,aLx7,controlling,connected,CF98:8C:83:B2:58:DE:26:BE:69:BE:80:63:8C:67:37:85:57:A4:8F:E4:28:1D:D2:1F:2E:D5:85:73:3C:0B:00:57,26,135,CFD4:1F:A0:6F:AB:20:6B:D1:82:72:42:D5:AD:C0:06:B3:67:1F:C0:4B:E5:E2:DD:4B:A3:BC:7A:CB:24:36:20:B8,1,CP2lC/v4Pi_3817qm6f,AEAD_AES_256_GCM,FEFD
T01,1776275577435.38,transport,2126,92434,TLS_ECDHE_ECDSA_WITH_CHACHA20_POLY1305_SHA256,client,connected,aLx7,controlling,connected,CF98:8C:83:B2:58:DE:26:BE:69:BE:80:63:8C:67:37:85:57:A4:8F:E4:28:1D:D2:1F:2E:D5:85:73:3C:0B:00:57,28,152,CFD4:1F:A0:6F:AB:20:6B:D1:82:72:42:D5:AD:C0:06:B3:67:1F:C0:4B:E5:E2:DD:4B:A3:BC:7A:CB:24:36:20:B8,1,CP2lC/v4Pi_3817qm6f,AEAD_AES_256_GCM,FEFD
T01,1776275577435.38,transport,2126,92434,TLS_ECDHE_ECDSA_WITH_CHACHA20_POLY1305_SHA256,client,connected,aLx7,controlling,connected,CF98:8C:83:B2:58:DE:26:BE:69:BE:80:63:8C:67:37:85:57:A4:8F:E4:28:1D:D2:1F:2E:D5:85:73:3C:0B:00:57,28,152,CFD4:1F:A0:6F:AB:20:6B:D1:82:72:42:D5:AD:C0:06:B3:67:1F:C0:4B:E5:E2:DD:4B:A3:BC:7A:CB:24:36:20:B8,1,CP2lC/v4Pi_3817qm6f,AEAD_AES_256_GCM,FEFD
T01,1776275577635.332,transport,2230,100860,TLS_ECDHE_ECDSA_WITH_CHACHA20_POLY1305_SHA256,client,connected,aLx7,controlling,connected,CF98:8C:83:B2:58:DE:26:BE:69:BE:80:63:8C:67:37:85:57:A4:8F:E4:28:1D:D2:1F:2E:D5:85:73:3C:0B:00:57,30,173,CFD4:1F:A0:6F:AB:20:6B:D1:82:72:42:D5:AD:C0:06:B3:67:1F:C0:4B:E5:E2:DD:4B:A3:BC:7A:CB:24:36:20:B8,1,CP2lC/v4Pi_3817qm6f,AEAD_AES_256_GCM,FEFD
T01,1776275577635.332,transport,2230,100860,TLS_ECDHE_ECDSA_WITH_CHACHA20_POLY1305_SHA256,client,connected,aLx7,controlling,connected,CF98:8C:83:B2:58:DE:26:BE:69:BE:80:63:8C:67:37:85:57:A4:8F:E4:28:1D:D2:1F:2E:D5:85:73:3C:0B:00:57,30,173,CFD4:1F:A0:6F:AB:20:6B:D1:82:72:42:D5:AD:C0:06:B3:67:1F:C0:4B:E5:E2:DD:4B:A3:BC:7A:CB:24:36:20:B8,1,CP2lC/v4Pi_3817qm6f,AEAD_AES_256_GCM,FEFD
T01,1776275577835.423,transport,2342,109634,TLS_ECDHE_ECDSA_WITH_CHACHA20_POLY1305_SHA256,client,connected,aLx7,controlling,connected,CF98:8C:83:B2:58:DE:26:BE:69:BE:80:63:8C:67:37:85:57:A4:8F:E4:28:1D:D2:1F:2E:D5:85:73:3C:0B:00:57,32,194,CFD4:1F:A0:6F:AB:20:6B:D1:82:72:42:D5:AD:C0:06:B3:67:1F:C0:4B:E5:E2:DD:4B:A3:BC:7A:CB:24:36:20:B8,1,CP2lC/v4Pi_3817qm6f,AEAD_AES_256_GCM,FEFD
T01,1776275577835.423,transport,2342,109634,TLS_ECDHE_ECDSA_WITH_CHACHA20_POLY1305_SHA256,client,connected,aLx7,controlling,connected,CF98:8C:83:B2:58:DE:26:BE:69:BE:80:63:8C:67:37:85:57:A4:8F:E4:28:1D:D2:1F:2E:D5:85:73:3C:0B:00:57,32,194,CFD4:1F:A0:6F:AB:20:6B:D1:82:72:42:D5:AD:C0:06:B3:67:1F:C0:4B:E5:E2:DD:4B:A3:BC:7A:CB:24:36:20:B8,1,CP2lC/v4Pi_3817qm6f,AEAD_AES_256_GCM,FEFD
T01,1776275578035.408,transport,2446,118290,TLS_ECDHE_ECDSA_WITH_CHACHA20_POLY1305_SHA256,client,connected,aLx7,controlling,connected,CF98:8C:83:B2:58:DE:26:BE:69:BE:80:63:8C:67:37:85:57:A4:8F:E4:28:1D:D2:1F:2E:D5:85:73:3C:0B:00:57,34,217,CFD4:1F:A0:6F:AB:20:6B:D1:82:72:42:D5:AD:C0:06:B3:67:1F:C0:4B:E5:E2:DD:4B:A3:BC:7A:CB:24:36:20:B8,1,CP2lC/v4Pi_3817qm6f,AEAD_AES_256_GCM,FEFD
T01,1776275578035.408,transport,2446,118290,TLS_ECDHE_ECDSA_WITH_CHACHA20_POLY1305_SHA256,client,connected,aLx7,controlling,connected,CF98:8C:83:B2:58:DE:26:BE:69:BE:80:63:8C:67:37:85:57:A4:8F:E4:28:1D:D2:1F:2E:D5:85:73:3C:0B:00:57,34,217,CFD4:1F:A0:6F:AB:20:6B:D1:82:72:42:D5:AD:C0:06:B3:67:1F:C0:4B:E5:E2:DD:4B:A3:BC:7A:CB:24:36:20:B8,1,CP2lC/v4Pi_3817qm6f,AEAD_AES_256_GCM,FEFD
T01,1776275578235.5,transport,2558,128155,TLS_ECDHE_ECDSA_WITH_CHACHA20_POLY1305_SHA256,client,connected,aLx7,controlling,connected,CF98:8C:83:B2:58:DE:26:BE:69:BE:80:63:8C:67:37:85:57:A4:8F:E4:28:1D:D2:1F:2E:D5:85:73:3C:0B:00:57,36,234,CFD4:1F:A0:6F:AB:20:6B:D1:82:72:42:D5:AD:C0:06:B3:67:1F:C0:4B:E5:E2:DD:4B:A3:BC:7A:CB:24:36:20:B8,1,CP2lC/v4Pi_3817qm6f,AEAD_AES_256_GCM,FEFD
T01,1776275578235.5,transport,2558,128155,TLS_ECDHE_ECDSA_WITH_CHACHA20_POLY1305_SHA256,client,connected,aLx7,controlling,connected,CF98:8C:83:B2:58:DE:26:BE:69:BE:80:63:8C:67:37:85:57:A4:8F:E4:28:1D:D2:1F:2E:D5:85:73:3C:0B:00:57,36,234,CFD4:1F:A0:6F:AB:20:6B:D1:82:72:42:D5:AD:C0:06:B3:67:1F:C0:4B:E5:E2:DD:4B:A3:BC:7A:CB:24:36:20:B8,1,CP2lC/v4Pi_3817qm6f,AEAD_AES_256_GCM,FEFD
T01,1776275578435.332,transport,2658,135977,TLS_ECDHE_ECDSA_WITH_CHACHA20_POLY1305_SHA256,client,connected,aLx7,controlling,connected,CF98:8C:83:B2:58:DE:26:BE:69:BE:80:63:8C:67:37:85:57:A4:8F:E4:28:1D:D2:1F:2E:D5:85:73:3C:0B:00:57,38,255,CFD4:1F:A0:6F:AB:20:6B:D1:82:72:42:D5:AD:C0:06:B3:67:1F:C0:4B:E5:E2:DD:4B:A3:BC:7A:CB:24:36:20:B8,1,CP2lC/v4Pi_3817qm6f,AEAD_AES_256_GCM,FEFD
T01,1776275578435.332,transport,2658,135977,TLS_ECDHE_ECDSA_WITH_CHACHA20_POLY1305_SHA256,client,connected,aLx7,controlling,connected,CF98:8C:83:B2:58:DE:26:BE:69:BE:80:63:8C:67:37:85:57:A4:8F:E4:28:1D:D2:1F:2E:D5:85:73:3C:0B:00:57,38,255,CFD4:1F:A0:6F:AB:20:6B:D1:82:72:42:D5:AD:C0:06:B3:67:1F:C0:4B:E5:E2:DD:4B:A3:BC:7A:CB:24:36:20:B8,1,CP2lC/v4Pi_3817qm6f,AEAD_AES_256_GCM,FEFD
T01,1776275578635.332,transport,2862,145441,TLS_ECDHE_ECDSA_WITH_CHACHA20_POLY1305_SHA256,client,connected,aLx7,controlling,connected,CF98:8C:83:B2:58:DE:26:BE:69:BE:80:63:8C:67:37:85:57:A4:8F:E4:28:1D:D2:1F:2E:D5:85:73:3C:0B:00:57,41,279,CFD4:1F:A0:6F:AB:20:6B:D1:82:72:42:D5:AD:C0:06:B3:67:1F:C0:4B:E5:E2:DD:4B:A3:BC:7A:CB:24:36:20:B8,1,CP2lC/v4Pi_3817qm6f,AEAD_AES_256_GCM,FEFD
T01,1776275578635.332,transport,2862,145441,TLS_ECDHE_ECDSA_WITH_CHACHA20_POLY1305_SHA256,client,connected,aLx7,controlling,connected,CF98:8C:83:B2:58:DE:26:BE:69:BE:80:63:8C:67:37:85:57:A4:8F:E4:28:1D:D2:1F:2E:D5:85:73:3C:0B:00:57,41,279,CFD4:1F:A0:6F:AB:20:6B:D1:82:72:42:D5:AD:C0:06:B3:67:1F:C0:4B:E5:E2:DD:4B:A3:BC:7A:CB:24:36:20:B8,1,CP2lC/v4Pi_3817qm6f,AEAD_AES_256_GCM,FEFD
T01,1776275578835.419,transport,2974,154499,TLS_ECDHE_ECDSA_WITH_CHACHA20_POLY1305_SHA256,client,connected,aLx7,controlling,connected,CF98:8C:83:B2:58:DE:26:BE:69:BE:80:63:8C:67:37:85:57:A4:8F:E4:28:1D:D2:1F:2E:D5:85:73:3C:0B:00:57,43,302,CFD4:1F:A0:6F:AB:20:6B:D1:82:72:42:D5:AD:C0:06:B3:67:1F:C0:4B:E5:E2:DD:4B:A3:BC:7A:CB:24:36:20:B8,1,CP2lC/v4Pi_3817qm6f,AEAD_AES_256_GCM,FEFD
T01,1776275578835.419,transport,2974,154499,TLS_ECDHE_ECDSA_WITH_CHACHA20_POLY1305_SHA256,client,connected,aLx7,controlling,connected,CF98:8C:83:B2:58:DE:26:BE:69:BE:80:63:8C:67:37:85:57:A4:8F:E4:28:1D:D2:1F:2E:D5:85:73:3C:0B:00:57,43,302,CFD4:1F:A0:6F:AB:20:6B:D1:82:72:42:D5:AD:C0:06:B3:67:1F:C0:4B:E5:E2:DD:4B:A3:BC:7A:CB:24:36:20:B8,1,CP2lC/v4Pi_3817qm6f,AEAD_AES_256_GCM,FEFD
T01,1776275579035.364,transport,3082,163890,TLS_ECDHE_ECDSA_WITH_CHACHA20_POLY1305_SHA256,client,connected,aLx7,controlling,connected,CF98:8C:83:B2:58:DE:26:BE:69:BE:80:63:8C:67:37:85:57:A4:8F:E4:28:1D:D2:1F:2E:D5:85:73:3C:0B:00:57,45,323,CFD4:1F:A0:6F:AB:20:6B:D1:82:72:42:D5:AD:C0:06:B3:67:1F:C0:4B:E5:E2:DD:4B:A3:BC:7A:CB:24:36:20:B8,1,CP2lC/v4Pi_3817qm6f,AEAD_AES_256_GCM,FEFD
T01,1776275579035.364,transport,3082,163890,TLS_ECDHE_ECDSA_WITH_CHACHA20_POLY1305_SHA256,client,connected,aLx7,controlling,connected,CF98:8C:83:B2:58:DE:26:BE:69:BE:80:63:8C:67:37:85:57:A4:8F:E4:28:1D:D2:1F:2E:D5:85:73:3C:0B:00:57,45,323,CFD4:1F:A0:6F:AB:20:6B:D1:82:72:42:D5:AD:C0:06:B3:67:1F:C0:4B:E5:E2:DD:4B:A3:BC:7A:CB:24:36:20:B8,1,CP2lC/v4Pi_3817qm6f,AEAD_AES_256_GCM,FEFD
T01,1776275579235.274,transport,3194,173427,TLS_ECDHE_ECDSA_WITH_CHACHA20_POLY1305_SHA256,client,connected,aLx7,controlling,connected,CF98:8C:83:B2:58:DE:26:BE:69:BE:80:63:8C:67:37:85:57:A4:8F:E4:28:1D:D2:1F:2E:D5:85:73:3C:0B:00:57,47,349,CFD4:1F:A0:6F:AB:20:6B:D1:82:72:42:D5:AD:C0:06:B3:67:1F:C0:4B:E5:E2:DD:4B:A3:BC:7A:CB:24:36:20:B8,1,CP2lC/v4Pi_3817qm6f,AEAD_AES_256_GCM,FEFD
T01,1776275579235.274,transport,3194,173427,TLS_ECDHE_ECDSA_WITH_CHACHA20_POLY1305_SHA256,client,connected,aLx7,controlling,connected,CF98:8C:83:B2:58:DE:26:BE:69:BE:80:63:8C:67:37:85:57:A4:8F:E4:28:1D:D2:1F:2E:D5:85:73:3C:0B:00:57,47,349,CFD4:1F:A0:6F:AB:20:6B:D1:82:72:42:D5:AD:C0:06:B3:67:1F:C0:4B:E5:E2:DD:4B:A3:BC:7A:CB:24:36:20:B8,1,CP2lC/v4Pi_3817qm6f,AEAD_AES_256_GCM,FEFD
T01,1776275579435.314,transport,3306,183446,TLS_ECDHE_ECDSA_WITH_CHACHA20_POLY1305_SHA256,client,connected,aLx7,controlling,connected,CF98:8C:83:B2:58:DE:26:BE:69:BE:80:63:8C:67:37:85:57:A4:8F:E4:28:1D:D2:1F:2E:D5:85:73:3C:0B:00:57,49,370,CFD4:1F:A0:6F:AB:20:6B:D1:82:72:42:D5:AD:C0:06:B3:67:1F:C0:4B:E5:E2:DD:4B:A3:BC:7A:CB:24:36:20:B8,1,CP2lC/v4Pi_3817qm6f,AEAD_AES_256_GCM,FEFD
T01,1776275579435.314,transport,3306,183446,TLS_ECDHE_ECDSA_WITH_CHACHA20_POLY1305_SHA256,client,connected,aLx7,controlling,connected,CF98:8C:83:B2:58:DE:26:BE:69:BE:80:63:8C:67:37:85:57:A4:8F:E4:28:1D:D2:1F:2E:D5:85:73:3C:0B:00:57,49,370,CFD4:1F:A0:6F:AB:20:6B:D1:82:72:42:D5:AD:C0:06:B3:67:1F:C0:4B:E5:E2:DD:4B:A3:BC:7A:CB:24:36:20:B8,1,CP2lC/v4Pi_3817qm6f,AEAD_AES_256_GCM,FEFD
T01,1776275579635.33,transport,3410,192861,TLS_ECDHE_ECDSA_WITH_CHACHA20_POLY1305_SHA256,client,connected,aLx7,controlling,connected,CF98:8C:83:B2:58:DE:26:BE:69:BE:80:63:8C:67:37:85:57:A4:8F:E4:28:1D:D2:1F:2E:D5:85:73:3C:0B:00:57,51,390,CFD4:1F:A0:6F:AB:20:6B:D1:82:72:42:D5:AD:C0:06:B3:67:1F:C0:4B:E5:E2:DD:4B:A3:BC:7A:CB:24:36:20:B8,1,CP2lC/v4Pi_3817qm6f,AEAD_AES_256_GCM,FEFD
T01,1776275579635.33,transport,3410,192861,TLS_ECDHE_ECDSA_WITH_CHACHA20_POLY1305_SHA256,client,connected,aLx7,controlling,connected,CF98:8C:83:B2:58:DE:26:BE:69:BE:80:63:8C:67:37:85:57:A4:8F:E4:28:1D:D2:1F:2E:D5:85:73:3C:0B:00:57,51,390,CFD4:1F:A0:6F:AB:20:6B:D1:82:72:42:D5:AD:C0:06:B3:67:1F:C0:4B:E5:E2:DD:4B:A3:BC:7A:CB:24:36:20:B8,1,CP2lC/v4Pi_3817qm6f,AEAD_AES_256_GCM,FEFD
T01,1776275579835.515,transport,3518,204638,TLS_ECDHE_ECDSA_WITH_CHACHA20_POLY1305_SHA256,client,connected,aLx7,controlling,connected,CF98:8C:83:B2:58:DE:26:BE:69:BE:80:63:8C:67:37:85:57:A4:8F:E4:28:1D:D2:1F:2E:D5:85:73:3C:0B:00:57,53,416,CFD4:1F:A0:6F:AB:20:6B:D1:82:72:42:D5:AD:C0:06:B3:67:1F:C0:4B:E5:E2:DD:4B:A3:BC:7A:CB:24:36:20:B8,1,CP2lC/v4Pi_3817qm6f,AEAD_AES_256_GCM,FEFD
T01,1776275579835.515,transport,3518,204638,TLS_ECDHE_ECDSA_WITH_CHACHA20_POLY1305_SHA256,client,connected,aLx7,controlling,connected,CF98:8C:83:B2:58:DE:26:BE:69:BE:80:63:8C:67:37:85:57:A4:8F:E4:28:1D:D2:1F:2E:D5:85:73:3C:0B:00:57,53,416,CFD4:1F:A0:6F:AB:20:6B:D1:82:72:42:D5:AD:C0:06:B3:67:1F:C0:4B:E5:E2:DD:4B:A3:BC:7A:CB:24:36:20:B8,1,CP2lC/v4Pi_3817qm6f,AEAD_AES_256_GCM,FEFD
T01,1776275580035.506,transport,3718,216268,TLS_ECDHE_ECDSA_WITH_CHACHA20_POLY1305_SHA256,client,connected,aLx7,controlling,connected,CF98:8C:83:B2:58:DE:26:BE:69:BE:80:63:8C:67:37:85:57:A4:8F:E4:28:1D:D2:1F:2E:D5:85:73:3C:0B:00:57,56,426,CFD4:1F:A0:6F:AB:20:6B:D1:82:72:42:D5:AD:C0:06:B3:67:1F:C0:4B:E5:E2:DD:4B:A3:BC:7A:CB:24:36:20:B8,1,CP2lC/v4Pi_3817qm6f,AEAD_AES_256_GCM,FEFD
T01,1776275580035.506,transport,3718,216268,TLS_ECDHE_ECDSA_WITH_CHACHA20_POLY1305_SHA256,client,connected,aLx7,controlling,connected,CF98:8C:83:B2:58:DE:26:BE:69:BE:80:63:8C:67:37:85:57:A4:8F:E4:28:1D:D2:1F:2E:D5:85:73:3C:0B:00:57,56,426,CFD4:1F:A0:6F:AB:20:6B:D1:82:72:42:D5:AD:C0:06:B3:67:1F:C0:4B:E5:E2:DD:4B:A3:BC:7A:CB:24:36:20:B8,1,CP2lC/v4Pi_3817qm6f,AEAD_AES_256_GCM,FEFD
T01,1776275580235.436,transport,3854,227251,TLS_ECDHE_ECDSA_WITH_CHACHA20_POLY1305_SHA256,client,connected,aLx7,controlling,connected,CF98:8C:83:B2:58:DE:26:BE:69:BE:80:63:8C:67:37:85:57:A4:8F:E4:28:1D:D2:1F:2E:D5:85:73:3C:0B:00:57,59,442,CFD4:1F:A0:6F:AB:20:6B:D1:82:72:42:D5:AD:C0:06:B3:67:1F:C0:4B:E5:E2:DD:4B:A3:BC:7A:CB:24:36:20:B8,1,CP2lC/v4Pi_3817qm6f,AEAD_AES_256_GCM,FEFD
T01,1776275580235.436,transport,3854,227251,TLS_ECDHE_ECDSA_WITH_CHACHA20_POLY1305_SHA256,client,connected,aLx7,controlling,connected,CF98:8C:83:B2:58:DE:26:BE:69:BE:80:63:8C:67:37:85:57:A4:8F:E4:28:1D:D2:1F:2E:D5:85:73:3C:0B:00:57,59,442,CFD4:1F:A0:6F:AB:20:6B:D1:82:72:42:D5:AD:C0:06:B3:67:1F:C0:4B:E5:E2:DD:4B:A3:BC:7A:CB:24:36:20:B8,1,CP2lC/v4Pi_3817qm6f,AEAD_AES_256_GCM,FEFD
T01,1776275580435.375,transport,3954,239872,TLS_ECDHE_ECDSA_WITH_CHACHA20_POLY1305_SHA256,client,connected,aLx7,controlling,connected,CF98:8C:83:B2:58:DE:26:BE:69:BE:80:63:8C:67:37:85:57:A4:8F:E4:28:1D:D2:1F:2E:D5:85:73:3C:0B:00:57,61,453,CFD4:1F:A0:6F:AB:20:6B:D1:82:72:42:D5:AD:C0:06:B3:67:1F:C0:4B:E5:E2:DD:4B:A3:BC:7A:CB:24:36:20:B8,1,CP2lC/v4Pi_3817qm6f,AEAD_AES_256_GCM,FEFD
T01,1776275580435.375,transport,3954,239872,TLS_ECDHE_ECDSA_WITH_CHACHA20_POLY1305_SHA256,client,connected,aLx7,controlling,connected,CF98:8C:83:B2:58:DE:26:BE:69:BE:80:63:8C:67:37:85:57:A4:8F:E4:28:1D:D2:1F:2E:D5:85:73:3C:0B:00:57,61,453,CFD4:1F:A0:6F:AB:20:6B:D1:82:72:42:D5:AD:C0:06:B3:67:1F:C0:4B:E5:E2:DD:4B:A3:BC:7A:CB:24:36:20:B8,1,CP2lC/v4Pi_3817qm6f,AEAD_AES_256_GCM,FEFD
T01,1776275580635.279,transport,4058,250643,TLS_ECDHE_ECDSA_WITH_CHACHA20_POLY1305_SHA256,client,connected,aLx7,controlling,connected,CF98:8C:83:B2:58:DE:26:BE:69:BE:80:63:8C:67:37:85:57:A4:8F:E4:28:1D:D2:1F:2E:D5:85:73:3C:0B:00:57,63,470,CFD4:1F:A0:6F:AB:20:6B:D1:82:72:42:D5:AD:C0:06:B3:67:1F:C0:4B:E5:E2:DD:4B:A3:BC:7A:CB:24:36:20:B8,1,CP2lC/v4Pi_3817qm6f,AEAD_AES_256_GCM,FEFD
T01,1776275580635.279,transport,4058,250643,TLS_ECDHE_ECDSA_WITH_CHACHA20_POLY1305_SHA256,client,connected,aLx7,controlling,connected,CF98:8C:83:B2:58:DE:26:BE:69:BE:80:63:8C:67:37:85:57:A4:8F:E4:28:1D:D2:1F:2E:D5:85:73:3C:0B:00:57,63,470,CFD4:1F:A0:6F:AB:20:6B:D1:82:72:42:D5:AD:C0:06:B3:67:1F:C0:4B:E5:E2:DD:4B:A3:BC:7A:CB:24:36:20:B8,1,CP2lC/v4Pi_3817qm6f,AEAD_AES_256_GCM,FEFD
T01,1776275580835.385,transport,4154,258455,TLS_ECDHE_ECDSA_WITH_CHACHA20_POLY1305_SHA256,client,connected,aLx7,controlling,connected,CF98:8C:83:B2:58:DE:26:BE:69:BE:80:63:8C:67:37:85:57:A4:8F:E4:28:1D:D2:1F:2E:D5:85:73:3C:0B:00:57,65,479,CFD4:1F:A0:6F:AB:20:6B:D1:82:72:42:D5:AD:C0:06:B3:67:1F:C0:4B:E5:E2:DD:4B:A3:BC:7A:CB:24:36:20:B8,1,CP2lC/v4Pi_3817qm6f,AEAD_AES_256_GCM,FEFD
T01,1776275580835.385,transport,4154,258455,TLS_ECDHE_ECDSA_WITH_CHACHA20_POLY1305_SHA256,client,connected,aLx7,controlling,connected,CF98:8C:83:B2:58:DE:26:BE:69:BE:80:63:8C:67:37:85:57:A4:8F:E4:28:1D:D2:1F:2E:D5:85:73:3C:0B:00:57,65,479,CFD4:1F:A0:6F:AB:20:6B:D1:82:72:42:D5:AD:C0:06:B3:67:1F:C0:4B:E5:E2:DD:4B:A3:BC:7A:CB:24:36:20:B8,1,CP2lC/v4Pi_3817qm6f,AEAD_AES_256_GCM,FEFD
T01,1776275581035.473,transport,4254,271683,TLS_ECDHE_ECDSA_WITH_CHACHA20_POLY1305_SHA256,client,connected,aLx7,controlling,connected,CF98:8C:83:B2:58:DE:26:BE:69:BE:80:63:8C:67:37:85:57:A4:8F:E4:28:1D:D2:1F:2E:D5:85:73:3C:0B:00:57,67,492,CFD4:1F:A0:6F:AB:20:6B:D1:82:72:42:D5:AD:C0:06:B3:67:1F:C0:4B:E5:E2:DD:4B:A3:BC:7A:CB:24:36:20:B8,1,CP2lC/v4Pi_3817qm6f,AEAD_AES_256_GCM,FEFD
T01,1776275581035.473,transport,4254,271683,TLS_ECDHE_ECDSA_WITH_CHACHA20_POLY1305_SHA256,client,connected,aLx7,controlling,connected,CF98:8C:83:B2:58:DE:26:BE:69:BE:80:63:8C:67:37:85:57:A4:8F:E4:28:1D:D2:1F:2E:D5:85:73:3C:0B:00:57,67,492,CFD4:1F:A0:6F:AB:20:6B:D1:82:72:42:D5:AD:C0:06:B3:67:1F:C0:4B:E5:E2:DD:4B:A3:BC:7A:CB:24:36:20:B8,1,CP2lC/v4Pi_3817qm6f,AEAD_AES_256_GCM,FEFD
T01,1776275581235.391,transport,4354,284420,TLS_ECDHE_ECDSA_WITH_CHACHA20_POLY1305_SHA256,client,connected,aLx7,controlling,connected,CF98:8C:83:B2:58:DE:26:BE:69:BE:80:63:8C:67:37:85:57:A4:8F:E4:28:1D:D2:1F:2E:D5:85:73:3C:0B:00:57,69,506,CFD4:1F:A0:6F:AB:20:6B:D1:82:72:42:D5:AD:C0:06:B3:67:1F:C0:4B:E5:E2:DD:4B:A3:BC:7A:CB:24:36:20:B8,1,CP2lC/v4Pi_3817qm6f,AEAD_AES_256_GCM,FEFD
T01,1776275581235.391,transport,4354,284420,TLS_ECDHE_ECDSA_WITH_CHACHA20_POLY1305_SHA256,client,connected,aLx7,controlling,connected,CF98:8C:83:B2:58:DE:26:BE:69:BE:80:63:8C:67:37:85:57:A4:8F:E4:28:1D:D2:1F:2E:D5:85:73:3C:0B:00:57,69,506,CFD4:1F:A0:6F:AB:20:6B:D1:82:72:42:D5:AD:C0:06:B3:67:1F:C0:4B:E5:E2:DD:4B:A3:BC:7A:CB:24:36:20:B8,1,CP2lC/v4Pi_3817qm6f,AEAD_AES_256_GCM,FEFD
T01,1776275581435.352,transport,4554,294961,TLS_ECDHE_ECDSA_WITH_CHACHA20_POLY1305_SHA256,client,connected,aLx7,controlling,connected,CF98:8C:83:B2:58:DE:26:BE:69:BE:80:63:8C:67:37:85:57:A4:8F:E4:28:1D:D2:1F:2E:D5:85:73:3C:0B:00:57,72,523,CFD4:1F:A0:6F:AB:20:6B:D1:82:72:42:D5:AD:C0:06:B3:67:1F:C0:4B:E5:E2:DD:4B:A3:BC:7A:CB:24:36:20:B8,1,CP2lC/v4Pi_3817qm6f,AEAD_AES_256_GCM,FEFD
T01,1776275581435.352,transport,4554,294961,TLS_ECDHE_ECDSA_WITH_CHACHA20_POLY1305_SHA256,client,connected,aLx7,controlling,connected,CF98:8C:83:B2:58:DE:26:BE:69:BE:80:63:8C:67:37:85:57:A4:8F:E4:28:1D:D2:1F:2E:D5:85:73:3C:0B:00:57,72,523,CFD4:1F:A0:6F:AB:20:6B:D1:82:72:42:D5:AD:C0:06:B3:67:1F:C0:4B:E5:E2:DD:4B:A3:BC:7A:CB:24:36:20:B8,1,CP2lC/v4Pi_3817qm6f,AEAD_AES_256_GCM,FEFD
T01,1776275581635.294,transport,4654,305508,TLS_ECDHE_ECDSA_WITH_CHACHA20_POLY1305_SHA256,client,connected,aLx7,controlling,connected,CF98:8C:83:B2:58:DE:26:BE:69:BE:80:63:8C:67:37:85:57:A4:8F:E4:28:1D:D2:1F:2E:D5:85:73:3C:0B:00:57,74,536,CFD4:1F:A0:6F:AB:20:6B:D1:82:72:42:D5:AD:C0:06:B3:67:1F:C0:4B:E5:E2:DD:4B:A3:BC:7A:CB:24:36:20:B8,1,CP2lC/v4Pi_3817qm6f,AEAD_AES_256_GCM,FEFD
T01,1776275581635.294,transport,4654,305508,TLS_ECDHE_ECDSA_WITH_CHACHA20_POLY1305_SHA256,client,connected,aLx7,controlling,connected,CF98:8C:83:B2:58:DE:26:BE:69:BE:80:63:8C:67:37:85:57:A4:8F:E4:28:1D:D2:1F:2E:D5:85:73:3C:0B:00:57,74,536,CFD4:1F:A0:6F:AB:20:6B:D1:82:72:42:D5:AD:C0:06:B3:67:1F:C0:4B:E5:E2:DD:4B:A3:BC:7A:CB:24:36:20:B8,1,CP2lC/v4Pi_3817qm6f,AEAD_AES_256_GCM,FEFD
T01,1776275581835.334,transport,4758,319483,TLS_ECDHE_ECDSA_WITH_CHACHA20_POLY1305_SHA256,client,connected,aLx7,controlling,connected,CF98:8C:83:B2:58:DE:26:BE:69:BE:80:63:8C:67:37:85:57:A4:8F:E4:28:1D:D2:1F:2E:D5:85:73:3C:0B:00:57,76,550,CFD4:1F:A0:6F:AB:20:6B:D1:82:72:42:D5:AD:C0:06:B3:67:1F:C0:4B:E5:E2:DD:4B:A3:BC:7A:CB:24:36:20:B8,1,CP2lC/v4Pi_3817qm6f,AEAD_AES_256_GCM,FEFD
T01,1776275581835.334,transport,4758,319483,TLS_ECDHE_ECDSA_WITH_CHACHA20_POLY1305_SHA256,client,connected,aLx7,controlling,connected,CF98:8C:83:B2:58:DE:26:BE:69:BE:80:63:8C:67:37:85:57:A4:8F:E4:28:1D:D2:1F:2E:D5:85:73:3C:0B:00:57,76,550,CFD4:1F:A0:6F:AB:20:6B:D1:82:72:42:D5:AD:C0:06:B3:67:1F:C0:4B:E5:E2:DD:4B:A3:BC:7A:CB:24:36:20:B8,1,CP2lC/v4Pi_3817qm6f,AEAD_AES_256_GCM,FEFD
T01,1776275582035.437,transport,4858,333090,TLS_ECDHE_ECDSA_WITH_CHACHA20_POLY1305_SHA256,client,connected,aLx7,controlling,connected,CF98:8C:83:B2:58:DE:26:BE:69:BE:80:63:8C:67:37:85:57:A4:8F:E4:28:1D:D2:1F:2E:D5:85:73:3C:0B:00:57,78,563,CFD4:1F:A0:6F:AB:20:6B:D1:82:72:42:D5:AD:C0:06:B3:67:1F:C0:4B:E5:E2:DD:4B:A3:BC:7A:CB:24:36:20:B8,1,CP2lC/v4Pi_3817qm6f,AEAD_AES_256_GCM,FEFD
T01,1776275582035.437,transport,4858,333090,TLS_ECDHE_ECDSA_WITH_CHACHA20_POLY1305_SHA256,client,connected,aLx7,controlling,connected,CF98:8C:83:B2:58:DE:26:BE:69:BE:80:63:8C:67:37:85:57:A4:8F:E4:28:1D:D2:1F:2E:D5:85:73:3C:0B:00:57,78,563,CFD4:1F:A0:6F:AB:20:6B:D1:82:72:42:D5:AD:C0:06:B3:67:1F:C0:4B:E5:E2:DD:4B:A3:BC:7A:CB:24:36:20:B8,1,CP2lC/v4Pi_3817qm6f,AEAD_AES_256_GCM,FEFD
T01,1776275582235.501,transport,4962,346315,TLS_ECDHE_ECDSA_WITH_CHACHA20_POLY1305_SHA256,client,connected,aLx7,controlling,connected,CF98:8C:83:B2:58:DE:26:BE:69:BE:80:63:8C:67:37:85:57:A4:8F:E4:28:1D:D2:1F:2E:D5:85:73:3C:0B:00:57,80,580,CFD4:1F:A0:6F:AB:20:6B:D1:82:72:42:D5:AD:C0:06:B3:67:1F:C0:4B:E5:E2:DD:4B:A3:BC:7A:CB:24:36:20:B8,1,CP2lC/v4Pi_3817qm6f,AEAD_AES_256_GCM,FEFD
T01,1776275582235.501,transport,4962,346315,TLS_ECDHE_ECDSA_WITH_CHACHA20_POLY1305_SHA256,client,connected,aLx7,controlling,connected,CF98:8C:83:B2:58:DE:26:BE:69:BE:80:63:8C:67:37:85:57:A4:8F:E4:28:1D:D2:1F:2E:D5:85:73:3C:0B:00:57,80,580,CFD4:1F:A0:6F:AB:20:6B:D1:82:72:42:D5:AD:C0:06:B3:67:1F:C0:4B:E5:E2:DD:4B:A3:BC:7A:CB:24:36:20:B8,1,CP2lC/v4Pi_3817qm6f,AEAD_AES_256_GCM,FEFD
T01,1776275582435.348,transport,5158,356238,TLS_ECDHE_ECDSA_WITH_CHACHA20_POLY1305_SHA256,client,connected,aLx7,controlling,connected,CF98:8C:83:B2:58:DE:26:BE:69:BE:80:63:8C:67:37:85:57:A4:8F:E4:28:1D:D2:1F:2E:D5:85:73:3C:0B:00:57,83,594,CFD4:1F:A0:6F:AB:20:6B:D1:82:72:42:D5:AD:C0:06:B3:67:1F:C0:4B:E5:E2:DD:4B:A3:BC:7A:CB:24:36:20:B8,1,CP2lC/v4Pi_3817qm6f,AEAD_AES_256_GCM,FEFD
T01,1776275582435.348,transport,5158,356238,TLS_ECDHE_ECDSA_WITH_CHACHA20_POLY1305_SHA256,client,connected,aLx7,controlling,connected,CF98:8C:83:B2:58:DE:26:BE:69:BE:80:63:8C:67:37:85:57:A4:8F:E4:28:1D:D2:1F:2E:D5:85:73:3C:0B:00:57,83,594,CFD4:1F:A0:6F:AB:20:6B:D1:82:72:42:D5:AD:C0:06:B3:67:1F:C0:4B:E5:E2:DD:4B:A3:BC:7A:CB:24:36:20:B8,1,CP2lC/v4Pi_3817qm6f,AEAD_AES_256_GCM,FEFD
T01,1776275582635.311,transport,5258,368749,TLS_ECDHE_ECDSA_WITH_CHACHA20_POLY1305_SHA256,client,connected,aLx7,controlling,connected,CF98:8C:83:B2:58:DE:26:BE:69:BE:80:63:8C:67:37:85:57:A4:8F:E4:28:1D:D2:1F:2E:D5:85:73:3C:0B:00:57,85,607,CFD4:1F:A0:6F:AB:20:6B:D1:82:72:42:D5:AD:C0:06:B3:67:1F:C0:4B:E5:E2:DD:4B:A3:BC:7A:CB:24:36:20:B8,1,CP2lC/v4Pi_3817qm6f,AEAD_AES_256_GCM,FEFD
T01,1776275582635.311,transport,5258,368749,TLS_ECDHE_ECDSA_WITH_CHACHA20_POLY1305_SHA256,client,connected,aLx7,controlling,connected,CF98:8C:83:B2:58:DE:26:BE:69:BE:80:63:8C:67:37:85:57:A4:8F:E4:28:1D:D2:1F:2E:D5:85:73:3C:0B:00:57,85,607,CFD4:1F:A0:6F:AB:20:6B:D1:82:72:42:D5:AD:C0:06:B3:67:1F:C0:4B:E5:E2:DD:4B:A3:BC:7A:CB:24:36:20:B8,1,CP2lC/v4Pi_3817qm6f,AEAD_AES_256_GCM,FEFD
T01,1776275582835.565,transport,5358,378844,TLS_ECDHE_ECDSA_WITH_CHACHA20_POLY1305_SHA256,client,connected,aLx7,controlling,connected,CF98:8C:83:B2:58:DE:26:BE:69:BE:80:63:8C:67:37:85:57:A4:8F:E4:28:1D:D2:1F:2E:D5:85:73:3C:0B:00:57,87,626,CFD4:1F:A0:6F:AB:20:6B:D1:82:72:42:D5:AD:C0:06:B3:67:1F:C0:4B:E5:E2:DD:4B:A3:BC:7A:CB:24:36:20:B8,1,CP2lC/v4Pi_3817qm6f,AEAD_AES_256_GCM,FEFD
T01,1776275582835.565,transport,5358,378844,TLS_ECDHE_ECDSA_WITH_CHACHA20_POLY1305_SHA256,client,connected,aLx7,controlling,connected,CF98:8C:83:B2:58:DE:26:BE:69:BE:80:63:8C:67:37:85:57:A4:8F:E4:28:1D:D2:1F:2E:D5:85:73:3C:0B:00:57,87,626,CFD4:1F:A0:6F:AB:20:6B:D1:82:72:42:D5:AD:C0:06:B3:67:1F:C0:4B:E5:E2:DD:4B:A3:BC:7A:CB:24:36:20:B8,1,CP2lC/v4Pi_3817qm6f,AEAD_AES_256_GCM,FEFD
T01,1776275583035.277,transport,5474,389682,TLS_ECDHE_ECDSA_WITH_CHACHA20_POLY1305_SHA256,client,connected,aLx7,controlling,connected,CF98:8C:83:B2:58:DE:26:BE:69:BE:80:63:8C:67:37:85:57:A4:8F:E4:28:1D:D2:1F:2E:D5:85:73:3C:0B:00:57,89,654,CFD4:1F:A0:6F:AB:20:6B:D1:82:72:42:D5:AD:C0:06:B3:67:1F:C0:4B:E5:E2:DD:4B:A3:BC:7A:CB:24:36:20:B8,1,CP2lC/v4Pi_3817qm6f,AEAD_AES_256_GCM,FEFD
T01,1776275583035.277,transport,5474,389682,TLS_ECDHE_ECDSA_WITH_CHACHA20_POLY1305_SHA256,client,connected,aLx7,controlling,connected,CF98:8C:83:B2:58:DE:26:BE:69:BE:80:63:8C:67:37:85:57:A4:8F:E4:28:1D:D2:1F:2E:D5:85:73:3C:0B:00:57,89,654,CFD4:1F:A0:6F:AB:20:6B:D1:82:72:42:D5:AD:C0:06:B3:67:1F:C0:4B:E5:E2:DD:4B:A3:BC:7A:CB:24:36:20:B8,1,CP2lC/v4Pi_3817qm6f,AEAD_AES_256_GCM,FEFD
T01,1776275583235.451,transport,5578,402852,TLS_ECDHE_ECDSA_WITH_CHACHA20_POLY1305_SHA256,client,connected,aLx7,controlling,connected,CF98:8C:83:B2:58:DE:26:BE:69:BE:80:63:8C:67:37:85:57:A4:8F:E4:28:1D:D2:1F:2E:D5:85:73:3C:0B:00:57,91,677,CFD4:1F:A0:6F:AB:20:6B:D1:82:72:42:D5:AD:C0:06:B3:67:1F:C0:4B:E5:E2:DD:4B:A3:BC:7A:CB:24:36:20:B8,1,CP2lC/v4Pi_3817qm6f,AEAD_AES_256_GCM,FEFD
T01,1776275583235.451,transport,5578,402852,TLS_ECDHE_ECDSA_WITH_CHACHA20_POLY1305_SHA256,client,connected,aLx7,controlling,connected,CF98:8C:83:B2:58:DE:26:BE:69:BE:80:63:8C:67:37:85:57:A4:8F:E4:28:1D:D2:1F:2E:D5:85:73:3C:0B:00:57,91,677,CFD4:1F:A0:6F:AB:20:6B:D1:82:72:42:D5:AD:C0:06:B3:67:1F:C0:4B:E5:E2:DD:4B:A3:BC:7A:CB:24:36:20:B8,1,CP2lC/v4Pi_3817qm6f,AEAD_AES_256_GCM,FEFD
T01,1776275583435.315,transport,5790,417963,TLS_ECDHE_ECDSA_WITH_CHACHA20_POLY1305_SHA256,client,connected,aLx7,controlling,connected,CF98:8C:83:B2:58:DE:26:BE:69:BE:80:63:8C:67:37:85:57:A4:8F:E4:28:1D:D2:1F:2E:D5:85:73:3C:0B:00:57,94,706,CFD4:1F:A0:6F:AB:20:6B:D1:82:72:42:D5:AD:C0:06:B3:67:1F:C0:4B:E5:E2:DD:4B:A3:BC:7A:CB:24:36:20:B8,1,CP2lC/v4Pi_3817qm6f,AEAD_AES_256_GCM,FEFD
T01,1776275583435.315,transport,5790,417963,TLS_ECDHE_ECDSA_WITH_CHACHA20_POLY1305_SHA256,client,connected,aLx7,controlling,connected,CF98:8C:83:B2:58:DE:26:BE:69:BE:80:63:8C:67:37:85:57:A4:8F:E4:28:1D:D2:1F:2E:D5:85:73:3C:0B:00:57,94,706,CFD4:1F:A0:6F:AB:20:6B:D1:82:72:42:D5:AD:C0:06:B3:67:1F:C0:4B:E5:E2:DD:4B:A3:BC:7A:CB:24:36:20:B8,1,CP2lC/v4Pi_3817qm6f,AEAD_AES_256_GCM,FEFD
T01,1776275583635.29,transport,5938,432043,TLS_ECDHE_ECDSA_WITH_CHACHA20_POLY1305_SHA256,client,connected,aLx7,controlling,connected,CF98:8C:83:B2:58:DE:26:BE:69:BE:80:63:8C:67:37:85:57:A4:8F:E4:28:1D:D2:1F:2E:D5:85:73:3C:0B:00:57,97,734,CFD4:1F:A0:6F:AB:20:6B:D1:82:72:42:D5:AD:C0:06:B3:67:1F:C0:4B:E5:E2:DD:4B:A3:BC:7A:CB:24:36:20:B8,1,CP2lC/v4Pi_3817qm6f,AEAD_AES_256_GCM,FEFD
T01,1776275583635.29,transport,5938,432043,TLS_ECDHE_ECDSA_WITH_CHACHA20_POLY1305_SHA256,client,connected,aLx7,controlling,connected,CF98:8C:83:B2:58:DE:26:BE:69:BE:80:63:8C:67:37:85:57:A4:8F:E4:28:1D:D2:1F:2E:D5:85:73:3C:0B:00:57,97,734,CFD4:1F:A0:6F:AB:20:6B:D1:82:72:42:D5:AD:C0:06:B3:67:1F:C0:4B:E5:E2:DD:4B:A3:BC:7A:CB:24:36:20:B8,1,CP2lC/v4Pi_3817qm6f,AEAD_AES_256_GCM,FEFD
T01,1776275583835.363,transport,6042,445177,TLS_ECDHE_ECDSA_WITH_CHACHA20_POLY1305_SHA256,client,connected,aLx7,controlling,connected,CF98:8C:83:B2:58:DE:26:BE:69:BE:80:63:8C:67:37:85:57:A4:8F:E4:28:1D:D2:1F:2E:D5:85:73:3C:0B:00:57,99,749,CFD4:1F:A0:6F:AB:20:6B:D1:82:72:42:D5:AD:C0:06:B3:67:1F:C0:4B:E5:E2:DD:4B:A3:BC:7A:CB:24:36:20:B8,1,CP2lC/v4Pi_3817qm6f,AEAD_AES_256_GCM,FEFD
T01,1776275583835.363,transport,6042,445177,TLS_ECDHE_ECDSA_WITH_CHACHA20_POLY1305_SHA256,client,connected,aLx7,controlling,connected,CF98:8C:83:B2:58:DE:26:BE:69:BE:80:63:8C:67:37:85:57:A4:8F:E4:28:1D:D2:1F:2E:D5:85:73:3C:0B:00:57,99,749,CFD4:1F:A0:6F:AB:20:6B:D1:82:72:42:D5:AD:C0:06:B3:67:1F:C0:4B:E5:E2:DD:4B:A3:BC:7A:CB:24:36:20:B8,1,CP2lC/v4Pi_3817qm6f,AEAD_AES_256_GCM,FEFD
T01,1776275584035.556,transport,6146,458291,TLS_ECDHE_ECDSA_WITH_CHACHA20_POLY1305_SHA256,client,connected,aLx7,controlling,connected,CF98:8C:83:B2:58:DE:26:BE:69:BE:80:63:8C:67:37:85:57:A4:8F:E4:28:1D:D2:1F:2E:D5:85:73:3C:0B:00:57,101,765,CFD4:1F:A0:6F:AB:20:6B:D1:82:72:42:D5:AD:C0:06:B3:67:1F:C0:4B:E5:E2:DD:4B:A3:BC:7A:CB:24:36:20:B8,1,CP2lC/v4Pi_3817qm6f,AEAD_AES_256_GCM,FEFD
T01,1776275584035.556,transport,6146,458291,TLS_ECDHE_ECDSA_WITH_CHACHA20_POLY1305_SHA256,client,connected,aLx7,controlling,connected,CF98:8C:83:B2:58:DE:26:BE:69:BE:80:63:8C:67:37:85:57:A4:8F:E4:28:1D:D2:1F:2E:D5:85:73:3C:0B:00:57,101,765,CFD4:1F:A0:6F:AB:20:6B:D1:82:72:42:D5:AD:C0:06:B3:67:1F:C0:4B:E5:E2:DD:4B:A3:BC:7A:CB:24:36:20:B8,1,CP2lC/v4Pi_3817qm6f,AEAD_AES_256_GCM,FEFD
T01,1776275584235.372,transport,6246,474523,TLS_ECDHE_ECDSA_WITH_CHACHA20_POLY1305_SHA256,client,connected,aLx7,controlling,connected,CF98:8C:83:B2:58:DE:26:BE:69:BE:80:63:8C:67:37:85:57:A4:8F:E4:28:1D:D2:1F:2E:D5:85:73:3C:0B:00:57,103,783,CFD4:1F:A0:6F:AB:20:6B:D1:82:72:42:D5:AD:C0:06:B3:67:1F:C0:4B:E5:E2:DD:4B:A3:BC:7A:CB:24:36:20:B8,1,CP2lC/v4Pi_3817qm6f,AEAD_AES_256_GCM,FEFD
T01,1776275584235.372,transport,6246,474523,TLS_ECDHE_ECDSA_WITH_CHACHA20_POLY1305_SHA256,client,connected,aLx7,controlling,connected,CF98:8C:83:B2:58:DE:26:BE:69:BE:80:63:8C:67:37:85:57:A4:8F:E4:28:1D:D2:1F:2E:D5:85:73:3C:0B:00:57,103,783,CFD4:1F:A0:6F:AB:20:6B:D1:82:72:42:D5:AD:C0:06:B3:67:1F:C0:4B:E5:E2:DD:4B:A3:BC:7A:CB:24:36:20:B8,1,CP2lC/v4Pi_3817qm6f,AEAD_AES_256_GCM,FEFD
T01,1776275584435.403,transport,6454,485595,TLS_ECDHE_ECDSA_WITH_CHACHA20_POLY1305_SHA256,client,connected,aLx7,controlling,connected,CF98:8C:83:B2:58:DE:26:BE:69:BE:80:63:8C:67:37:85:57:A4:8F:E4:28:1D:D2:1F:2E:D5:85:73:3C:0B:00:57,106,816,CFD4:1F:A0:6F:AB:20:6B:D1:82:72:42:D5:AD:C0:06:B3:67:1F:C0:4B:E5:E2:DD:4B:A3:BC:7A:CB:24:36:20:B8,1,CP2lC/v4Pi_3817qm6f,AEAD_AES_256_GCM,FEFD
T01,1776275584435.403,transport,6454,485595,TLS_ECDHE_ECDSA_WITH_CHACHA20_POLY1305_SHA256,client,connected,aLx7,controlling,connected,CF98:8C:83:B2:58:DE:26:BE:69:BE:80:63:8C:67:37:85:57:A4:8F:E4:28:1D:D2:1F:2E:D5:85:73:3C:0B:00:57,106,816,CFD4:1F:A0:6F:AB:20:6B:D1:82:72:42:D5:AD:C0:06:B3:67:1F:C0:4B:E5:E2:DD:4B:A3:BC:7A:CB:24:36:20:B8,1,CP2lC/v4Pi_3817qm6f,AEAD_AES_256_GCM,FEFD
T01,1776275584635.355,transport,6570,501877,TLS_ECDHE_ECDSA_WITH_CHACHA20_POLY1305_SHA256,client,connected,aLx7,controlling,connected,CF98:8C:83:B2:58:DE:26:BE:69:BE:80:63:8C:67:37:85:57:A4:8F:E4:28:1D:D2:1F:2E:D5:85:73:3C:0B:00:57,108,834,CFD4:1F:A0:6F:AB:20:6B:D1:82:72:42:D5:AD:C0:06:B3:67:1F:C0:4B:E5:E2:DD:4B:A3:BC:7A:CB:24:36:20:B8,1,CP2lC/v4Pi_3817qm6f,AEAD_AES_256_GCM,FEFD
T01,1776275584635.355,transport,6570,501877,TLS_ECDHE_ECDSA_WITH_CHACHA20_POLY1305_SHA256,client,connected,aLx7,controlling,connected,CF98:8C:83:B2:58:DE:26:BE:69:BE:80:63:8C:67:37:85:57:A4:8F:E4:28:1D:D2:1F:2E:D5:85:73:3C:0B:00:57,108,834,CFD4:1F:A0:6F:AB:20:6B:D1:82:72:42:D5:AD:C0:06:B3:67:1F:C0:4B:E5:E2:DD:4B:A3:BC:7A:CB:24:36:20:B8,1,CP2lC/v4Pi_3817qm6f,AEAD_AES_256_GCM,FEFD
T01,1776275584835.387,transport,6678,517362,TLS_ECDHE_ECDSA_WITH_CHACHA20_POLY1305_SHA256,client,connected,aLx7,controlling,connected,CF98:8C:83:B2:58:DE:26:BE:69:BE:80:63:8C:67:37:85:57:A4:8F:E4:28:1D:D2:1F:2E:D5:85:73:3C:0B:00:57,110,853,CFD4:1F:A0:6F:AB:20:6B:D1:82:72:42:D5:AD:C0:06:B3:67:1F:C0:4B:E5:E2:DD:4B:A3:BC:7A:CB:24:36:20:B8,1,CP2lC/v4Pi_3817qm6f,AEAD_AES_256_GCM,FEFD
T01,1776275584835.387,transport,6678,517362,TLS_ECDHE_ECDSA_WITH_CHACHA20_POLY1305_SHA256,client,connected,aLx7,controlling,connected,CF98:8C:83:B2:58:DE:26:BE:69:BE:80:63:8C:67:37:85:57:A4:8F:E4:28:1D:D2:1F:2E:D5:85:73:3C:0B:00:57,110,853,CFD4:1F:A0:6F:AB:20:6B:D1:82:72:42:D5:AD:C0:06:B3:67:1F:C0:4B:E5:E2:DD:4B:A3:BC:7A:CB:24:36:20:B8,1,CP2lC/v4Pi_3817qm6f,AEAD_AES_256_GCM,FEFD
T01,1776275585035.482,transport,6778,530487,TLS_ECDHE_ECDSA_WITH_CHACHA20_POLY1305_SHA256,client,connected,aLx7,controlling,connected,CF98:8C:83:B2:58:DE:26:BE:69:BE:80:63:8C:67:37:85:57:A4:8F:E4:28:1D:D2:1F:2E:D5:85:73:3C:0B:00:57,112,869,CFD4:1F:A0:6F:AB:20:6B:D1:82:72:42:D5:AD:C0:06:B3:67:1F:C0:4B:E5:E2:DD:4B:A3:BC:7A:CB:24:36:20:B8,1,CP2lC/v4Pi_3817qm6f,AEAD_AES_256_GCM,FEFD
T01,1776275585035.482,transport,6778,530487,TLS_ECDHE_ECDSA_WITH_CHACHA20_POLY1305_SHA256,client,connected,aLx7,controlling,connected,CF98:8C:83:B2:58:DE:26:BE:69:BE:80:63:8C:67:37:85:57:A4:8F:E4:28:1D:D2:1F:2E:D5:85:73:3C:0B:00:57,112,869,CFD4:1F:A0:6F:AB:20:6B:D1:82:72:42:D5:AD:C0:06:B3:67:1F:C0:4B:E5:E2:DD:4B:A3:BC:7A:CB:24:36:20:B8,1,CP2lC/v4Pi_3817qm6f,AEAD_AES_256_GCM,FEFD
T01,1776275585235.395,transport,6886,548970,TLS_ECDHE_ECDSA_WITH_CHACHA20_POLY1305_SHA256,client,connected,aLx7,controlling,connected,CF98:8C:83:B2:58:DE:26:BE:69:BE:80:63:8C:67:37:85:57:A4:8F:E4:28:1D:D2:1F:2E:D5:85:73:3C:0B:00:57,114,889,CFD4:1F:A0:6F:AB:20:6B:D1:82:72:42:D5:AD:C0:06:B3:67:1F:C0:4B:E5:E2:DD:4B:A3:BC:7A:CB:24:36:20:B8,1,CP2lC/v4Pi_3817qm6f,AEAD_AES_256_GCM,FEFD
T01,1776275585235.395,transport,6886,548970,TLS_ECDHE_ECDSA_WITH_CHACHA20_POLY1305_SHA256,client,connected,aLx7,controlling,connected,CF98:8C:83:B2:58:DE:26:BE:69:BE:80:63:8C:67:37:85:57:A4:8F:E4:28:1D:D2:1F:2E:D5:85:73:3C:0B:00:57,114,889,CFD4:1F:A0:6F:AB:20:6B:D1:82:72:42:D5:AD:C0:06:B3:67:1F:C0:4B:E5:E2:DD:4B:A3:BC:7A:CB:24:36:20:B8,1,CP2lC/v4Pi_3817qm6f,AEAD_AES_256_GCM,FEFD
T01,1776275585435.396,transport,7086,562438,TLS_ECDHE_ECDSA_WITH_CHACHA20_POLY1305_SHA256,client,connected,aLx7,controlling,connected,CF98:8C:83:B2:58:DE:26:BE:69:BE:80:63:8C:67:37:85:57:A4:8F:E4:28:1D:D2:1F:2E:D5:85:73:3C:0B:00:57,117,905,CFD4:1F:A0:6F:AB:20:6B:D1:82:72:42:D5:AD:C0:06:B3:67:1F:C0:4B:E5:E2:DD:4B:A3:BC:7A:CB:24:36:20:B8,1,CP2lC/v4Pi_3817qm6f,AEAD_AES_256_GCM,FEFD
T01,1776275585435.396,transport,7086,562438,TLS_ECDHE_ECDSA_WITH_CHACHA20_POLY1305_SHA256,client,connected,aLx7,controlling,connected,CF98:8C:83:B2:58:DE:26:BE:69:BE:80:63:8C:67:37:85:57:A4:8F:E4:28:1D:D2:1F:2E:D5:85:73:3C:0B:00:57,117,905,CFD4:1F:A0:6F:AB:20:6B:D1:82:72:42:D5:AD:C0:06:B3:67:1F:C0:4B:E5:E2:DD:4B:A3:BC:7A:CB:24:36:20:B8,1,CP2lC/v4Pi_3817qm6f,AEAD_AES_256_GCM,FEFD
T01,1776275585635.332,transport,7190,577257,TLS_ECDHE_ECDSA_WITH_CHACHA20_POLY1305_SHA256,client,connected,aLx7,controlling,connected,CF98:8C:83:B2:58:DE:26:BE:69:BE:80:63:8C:67:37:85:57:A4:8F:E4:28:1D:D2:1F:2E:D5:85:73:3C:0B:00:57,119,922,CFD4:1F:A0:6F:AB:20:6B:D1:82:72:42:D5:AD:C0:06:B3:67:1F:C0:4B:E5:E2:DD:4B:A3:BC:7A:CB:24:36:20:B8,1,CP2lC/v4Pi_3817qm6f,AEAD_AES_256_GCM,FEFD
T01,1776275585635.332,transport,7190,577257,TLS_ECDHE_ECDSA_WITH_CHACHA20_POLY1305_SHA256,client,connected,aLx7,controlling,connected,CF98:8C:83:B2:58:DE:26:BE:69:BE:80:63:8C:67:37:85:57:A4:8F:E4:28:1D:D2:1F:2E:D5:85:73:3C:0B:00:57,119,922,CFD4:1F:A0:6F:AB:20:6B:D1:82:72:42:D5:AD:C0:06:B3:67:1F:C0:4B:E5:E2:DD:4B:A3:BC:7A:CB:24:36:20:B8,1,CP2lC/v4Pi_3817qm6f,AEAD_AES_256_GCM,FEFD
T01,1776275585835.286,transport,7294,597072,TLS_ECDHE_ECDSA_WITH_CHACHA20_POLY1305_SHA256,client,connected,aLx7,controlling,connected,CF98:8C:83:B2:58:DE:26:BE:69:BE:80:63:8C:67:37:85:57:A4:8F:E4:28:1D:D2:1F:2E:D5:85:73:3C:0B:00:57,121,945,CFD4:1F:A0:6F:AB:20:6B:D1:82:72:42:D5:AD:C0:06:B3:67:1F:C0:4B:E5:E2:DD:4B:A3:BC:7A:CB:24:36:20:B8,1,CP2lC/v4Pi_3817qm6f,AEAD_AES_256_GCM,FEFD
T01,1776275585835.286,transport,7294,597072,TLS_ECDHE_ECDSA_WITH_CHACHA20_POLY1305_SHA256,client,connected,aLx7,controlling,connected,CF98:8C:83:B2:58:DE:26:BE:69:BE:80:63:8C:67:37:85:57:A4:8F:E4:28:1D:D2:1F:2E:D5:85:73:3C:0B:00:57,121,945,CFD4:1F:A0:6F:AB:20:6B:D1:82:72:42:D5:AD:C0:06:B3:67:1F:C0:4B:E5:E2:DD:4B:A3:BC:7A:CB:24:36:20:B8,1,CP2lC/v4Pi_3817qm6f,AEAD_AES_256_GCM,FEFD
T01,1776275586035.325,transport,7398,610816,TLS_ECDHE_ECDSA_WITH_CHACHA20_POLY1305_SHA256,client,connected,aLx7,controlling,connected,CF98:8C:83:B2:58:DE:26:BE:69:BE:80:63:8C:67:37:85:57:A4:8F:E4:28:1D:D2:1F:2E:D5:85:73:3C:0B:00:57,123,962,CFD4:1F:A0:6F:AB:20:6B:D1:82:72:42:D5:AD:C0:06:B3:67:1F:C0:4B:E5:E2:DD:4B:A3:BC:7A:CB:24:36:20:B8,1,CP2lC/v4Pi_3817qm6f,AEAD_AES_256_GCM,FEFD
T01,1776275586035.325,transport,7398,610816,TLS_ECDHE_ECDSA_WITH_CHACHA20_POLY1305_SHA256,client,connected,aLx7,controlling,connected,CF98:8C:83:B2:58:DE:26:BE:69:BE:80:63:8C:67:37:85:57:A4:8F:E4:28:1D:D2:1F:2E:D5:85:73:3C:0B:00:57,123,962,CFD4:1F:A0:6F:AB:20:6B:D1:82:72:42:D5:AD:C0:06:B3:67:1F:C0:4B:E5:E2:DD:4B:A3:BC:7A:CB:24:36:20:B8,1,CP2lC/v4Pi_3817qm6f,AEAD_AES_256_GCM,FEFD
T01,1776275586235.566,transport,7502,626900,TLS_ECDHE_ECDSA_WITH_CHACHA20_POLY1305_SHA256,client,connected,aLx7,controlling,connected,CF98:8C:83:B2:58:DE:26:BE:69:BE:80:63:8C:67:37:85:57:A4:8F:E4:28:1D:D2:1F:2E:D5:85:73:3C:0B:00:57,125,980,CFD4:1F:A0:6F:AB:20:6B:D1:82:72:42:D5:AD:C0:06:B3:67:1F:C0:4B:E5:E2:DD:4B:A3:BC:7A:CB:24:36:20:B8,1,CP2lC/v4Pi_3817qm6f,AEAD_AES_256_GCM,FEFD
T01,1776275586235.566,transport,7502,626900,TLS_ECDHE_ECDSA_WITH_CHACHA20_POLY1305_SHA256,client,connected,aLx7,controlling,connected,CF98:8C:83:B2:58:DE:26:BE:69:BE:80:63:8C:67:37:85:57:A4:8F:E4:28:1D:D2:1F:2E:D5:85:73:3C:0B:00:57,125,980,CFD4:1F:A0:6F:AB:20:6B:D1:82:72:42:D5:AD:C0:06:B3:67:1F:C0:4B:E5:E2:DD:4B:A3:BC:7A:CB:24:36:20:B8,1,CP2lC/v4Pi_3817qm6f,AEAD_AES_256_GCM,FEFD
T01,1776275586435.353,transport,7610,643356,TLS_ECDHE_ECDSA_WITH_CHACHA20_POLY1305_SHA256,client,connected,aLx7,controlling,connected,CF98:8C:83:B2:58:DE:26:BE:69:BE:80:63:8C:67:37:85:57:A4:8F:E4:28:1D:D2:1F:2E:D5:85:73:3C:0B:00:57,127,1001,CFD4:1F:A0:6F:AB:20:6B:D1:82:72:42:D5:AD:C0:06:B3:67:1F:C0:4B:E5:E2:DD:4B:A3:BC:7A:CB:24:36:20:B8,1,CP2lC/v4Pi_3817qm6f,AEAD_AES_256_GCM,FEFD
T01,1776275586435.353,transport,7610,643356,TLS_ECDHE_ECDSA_WITH_CHACHA20_POLY1305_SHA256,client,connected,aLx7,controlling,connected,CF98:8C:83:B2:58:DE:26:BE:69:BE:80:63:8C:67:37:85:57:A4:8F:E4:28:1D:D2:1F:2E:D5:85:73:3C:0B:00:57,127,1001,CFD4:1F:A0:6F:AB:20:6B:D1:82:72:42:D5:AD:C0:06:B3:67:1F:C0:4B:E5:E2:DD:4B:A3:BC:7A:CB:24:36:20:B8,1,CP2lC/v4Pi_3817qm6f,AEAD_AES_256_GCM,FEFD
T01,1776275586635.345,transport,7810,660301,TLS_ECDHE_ECDSA_WITH_CHACHA20_POLY1305_SHA256,client,connected,aLx7,controlling,connected,CF98:8C:83:B2:58:DE:26:BE:69:BE:80:63:8C:67:37:85:57:A4:8F:E4:28:1D:D2:1F:2E:D5:85:73:3C:0B:00:57,130,1020,CFD4:1F:A0:6F:AB:20:6B:D1:82:72:42:D5:AD:C0:06:B3:67:1F:C0:4B:E5:E2:DD:4B:A3:BC:7A:CB:24:36:20:B8,1,CP2lC/v4Pi_3817qm6f,AEAD_AES_256_GCM,FEFD
T01,1776275586635.345,transport,7810,660301,TLS_ECDHE_ECDSA_WITH_CHACHA20_POLY1305_SHA256,client,connected,aLx7,controlling,connected,CF98:8C:83:B2:58:DE:26:BE:69:BE:80:63:8C:67:37:85:57:A4:8F:E4:28:1D:D2:1F:2E:D5:85:73:3C:0B:00:57,130,1020,CFD4:1F:A0:6F:AB:20:6B:D1:82:72:42:D5:AD:C0:06:B3:67:1F:C0:4B:E5:E2:DD:4B:A3:BC:7A:CB:24:36:20:B8,1,CP2lC/v4Pi_3817qm6f,AEAD_AES_256_GCM,FEFD
T01,1776275586835.409,transport,7950,679897,TLS_ECDHE_ECDSA_WITH_CHACHA20_POLY1305_SHA256,client,connected,aLx7,controlling,connected,CF98:8C:83:B2:58:DE:26:BE:69:BE:80:63:8C:67:37:85:57:A4:8F:E4:28:1D:D2:1F:2E:D5:85:73:3C:0B:00:57,133,1042,CFD4:1F:A0:6F:AB:20:6B:D1:82:72:42:D5:AD:C0:06:B3:67:1F:C0:4B:E5:E2:DD:4B:A3:BC:7A:CB:24:36:20:B8,1,CP2lC/v4Pi_3817qm6f,AEAD_AES_256_GCM,FEFD
T01,1776275586835.409,transport,7950,679897,TLS_ECDHE_ECDSA_WITH_CHACHA20_POLY1305_SHA256,client,connected,aLx7,controlling,connected,CF98:8C:83:B2:58:DE:26:BE:69:BE:80:63:8C:67:37:85:57:A4:8F:E4:28:1D:D2:1F:2E:D5:85:73:3C:0B:00:57,133,1042,CFD4:1F:A0:6F:AB:20:6B:D1:82:72:42:D5:AD:C0:06:B3:67:1F:C0:4B:E5:E2:DD:4B:A3:BC:7A:CB:24:36:20:B8,1,CP2lC/v4Pi_3817qm6f,AEAD_AES_256_GCM,FEFD
T01,1776275587035.449,transport,8058,701469,TLS_ECDHE_ECDSA_WITH_CHACHA20_POLY1305_SHA256,client,connected,aLx7,controlling,connected,CF98:8C:83:B2:58:DE:26:BE:69:BE:80:63:8C:67:37:85:57:A4:8F:E4:28:1D:D2:1F:2E:D5:85:73:3C:0B:00:57,135,1066,CFD4:1F:A0:6F:AB:20:6B:D1:82:72:42:D5:AD:C0:06:B3:67:1F:C0:4B:E5:E2:DD:4B:A3:BC:7A:CB:24:36:20:B8,1,CP2lC/v4Pi_3817qm6f,AEAD_AES_256_GCM,FEFD
T01,1776275587035.449,transport,8058,701469,TLS_ECDHE_ECDSA_WITH_CHACHA20_POLY1305_SHA256,client,connected,aLx7,controlling,connected,CF98:8C:83:B2:58:DE:26:BE:69:BE:80:63:8C:67:37:85:57:A4:8F:E4:28:1D:D2:1F:2E:D5:85:73:3C:0B:00:57,135,1066,CFD4:1F:A0:6F:AB:20:6B:D1:82:72:42:D5:AD:C0:06:B3:67:1F:C0:4B:E5:E2:DD:4B:A3:BC:7A:CB:24:36:20:B8,1,CP2lC/v4Pi_3817qm6f,AEAD_AES_256_GCM,FEFD
T01,1776275587235.319,transport,8162,715432,TLS_ECDHE_ECDSA_WITH_CHACHA20_POLY1305_SHA256,client,connected,aLx7,controlling,connected,CF98:8C:83:B2:58:DE:26:BE:69:BE:80:63:8C:67:37:85:57:A4:8F:E4:28:1D:D2:1F:2E:D5:85:73:3C:0B:00:57,137,1081,CFD4:1F:A0:6F:AB:20:6B:D1:82:72:42:D5:AD:C0:06:B3:67:1F:C0:4B:E5:E2:DD:4B:A3:BC:7A:CB:24:36:20:B8,1,CP2lC/v4Pi_3817qm6f,AEAD_AES_256_GCM,FEFD
T01,1776275587235.319,transport,8162,715432,TLS_ECDHE_ECDSA_WITH_CHACHA20_POLY1305_SHA256,client,connected,aLx7,controlling,connected,CF98:8C:83:B2:58:DE:26:BE:69:BE:80:63:8C:67:37:85:57:A4:8F:E4:28:1D:D2:1F:2E:D5:85:73:3C:0B:00:57,137,1081,CFD4:1F:A0:6F:AB:20:6B:D1:82:72:42:D5:AD:C0:06:B3:67:1F:C0:4B:E5:E2:DD:4B:A3:BC:7A:CB:24:36:20:B8,1,CP2lC/v4Pi_3817qm6f,AEAD_AES_256_GCM,FEFD
T01,1776275587435.353,transport,8266,731849,TLS_ECDHE_ECDSA_WITH_CHACHA20_POLY1305_SHA256,client,connected,aLx7,controlling,connected,CF98:8C:83:B2:58:DE:26:BE:69:BE:80:63:8C:67:37:85:57:A4:8F:E4:28:1D:D2:1F:2E:D5:85:73:3C:0B:00:57,139,1098,CFD4:1F:A0:6F:AB:20:6B:D1:82:72:42:D5:AD:C0:06:B3:67:1F:C0:4B:E5:E2:DD:4B:A3:BC:7A:CB:24:36:20:B8,1,CP2lC/v4Pi_3817qm6f,AEAD_AES_256_GCM,FEFD
T01,1776275587435.353,transport,8266,731849,TLS_ECDHE_ECDSA_WITH_CHACHA20_POLY1305_SHA256,client,connected,aLx7,controlling,connected,CF98:8C:83:B2:58:DE:26:BE:69:BE:80:63:8C:67:37:85:57:A4:8F:E4:28:1D:D2:1F:2E:D5:85:73:3C:0B:00:57,139,1098,CFD4:1F:A0:6F:AB:20:6B:D1:82:72:42:D5:AD:C0:06:B3:67:1F:C0:4B:E5:E2:DD:4B:A3:BC:7A:CB:24:36:20:B8,1,CP2lC/v4Pi_3817qm6f,AEAD_AES_256_GCM,FEFD
T01,1776275587635.275,transport,8470,750190,TLS_ECDHE_ECDSA_WITH_CHACHA20_POLY1305_SHA256,client,connected,aLx7,controlling,connected,CF98:8C:83:B2:58:DE:26:BE:69:BE:80:63:8C:67:37:85:57:A4:8F:E4:28:1D:D2:1F:2E:D5:85:73:3C:0B:00:57,142,1119,CFD4:1F:A0:6F:AB:20:6B:D1:82:72:42:D5:AD:C0:06:B3:67:1F:C0:4B:E5:E2:DD:4B:A3:BC:7A:CB:24:36:20:B8,1,CP2lC/v4Pi_3817qm6f,AEAD_AES_256_GCM,FEFD
T01,1776275587635.275,transport,8470,750190,TLS_ECDHE_ECDSA_WITH_CHACHA20_POLY1305_SHA256,client,connected,aLx7,controlling,connected,CF98:8C:83:B2:58:DE:26:BE:69:BE:80:63:8C:67:37:85:57:A4:8F:E4:28:1D:D2:1F:2E:D5:85:73:3C:0B:00:57,142,1119,CFD4:1F:A0:6F:AB:20:6B:D1:82:72:42:D5:AD:C0:06:B3:67:1F:C0:4B:E5:E2:DD:4B:A3:BC:7A:CB:24:36:20:B8,1,CP2lC/v4Pi_3817qm6f,AEAD_AES_256_GCM,FEFD
T01,1776275587835.422,transport,8578,770657,TLS_ECDHE_ECDSA_WITH_CHACHA20_POLY1305_SHA256,client,connected,aLx7,controlling,connected,CF98:8C:83:B2:58:DE:26:BE:69:BE:80:63:8C:67:37:85:57:A4:8F:E4:28:1D:D2:1F:2E:D5:85:73:3C:0B:00:57,144,1139,CFD4:1F:A0:6F:AB:20:6B:D1:82:72:42:D5:AD:C0:06:B3:67:1F:C0:4B:E5:E2:DD:4B:A3:BC:7A:CB:24:36:20:B8,1,CP2lC/v4Pi_3817qm6f,AEAD_AES_256_GCM,FEFD
T01,1776275587835.422,transport,8578,770657,TLS_ECDHE_ECDSA_WITH_CHACHA20_POLY1305_SHA256,client,connected,aLx7,controlling,connected,CF98:8C:83:B2:58:DE:26:BE:69:BE:80:63:8C:67:37:85:57:A4:8F:E4:28:1D:D2:1F:2E:D5:85:73:3C:0B:00:57,144,1139,CFD4:1F:A0:6F:AB:20:6B:D1:82:72:42:D5:AD:C0:06:B3:67:1F:C0:4B:E5:E2:DD:4B:A3:BC:7A:CB:24:36:20:B8,1,CP2lC/v4Pi_3817qm6f,AEAD_AES_256_GCM,FEFD
T01,1776275588035.452,transport,8682,789668,TLS_ECDHE_ECDSA_WITH_CHACHA20_POLY1305_SHA256,client,connected,aLx7,controlling,connected,CF98:8C:83:B2:58:DE:26:BE:69:BE:80:63:8C:67:37:85:57:A4:8F:E4:28:1D:D2:1F:2E:D5:85:73:3C:0B:00:57,146,1160,CFD4:1F:A0:6F:AB:20:6B:D1:82:72:42:D5:AD:C0:06:B3:67:1F:C0:4B:E5:E2:DD:4B:A3:BC:7A:CB:24:36:20:B8,1,CP2lC/v4Pi_3817qm6f,AEAD_AES_256_GCM,FEFD
T01,1776275588035.452,transport,8682,789668,TLS_ECDHE_ECDSA_WITH_CHACHA20_POLY1305_SHA256,client,connected,aLx7,controlling,connected,CF98:8C:83:B2:58:DE:26:BE:69:BE:80:63:8C:67:37:85:57:A4:8F:E4:28:1D:D2:1F:2E:D5:85:73:3C:0B:00:57,146,1160,CFD4:1F:A0:6F:AB:20:6B:D1:82:72:42:D5:AD:C0:06:B3:67:1F:C0:4B:E5:E2:DD:4B:A3:BC:7A:CB:24:36:20:B8,1,CP2lC/v4Pi_3817qm6f,AEAD_AES_256_GCM,FEFD
T01,1776275588235.45,transport,8790,808745,TLS_ECDHE_ECDSA_WITH_CHACHA20_POLY1305_SHA256,client,connected,aLx7,controlling,connected,CF98:8C:83:B2:58:DE:26:BE:69:BE:80:63:8C:67:37:85:57:A4:8F:E4:28:1D:D2:1F:2E:D5:85:73:3C:0B:00:57,148,1182,CFD4:1F:A0:6F:AB:20:6B:D1:82:72:42:D5:AD:C0:06:B3:67:1F:C0:4B:E5:E2:DD:4B:A3:BC:7A:CB:24:36:20:B8,1,CP2lC/v4Pi_3817qm6f,AEAD_AES_256_GCM,FEFD
T01,1776275588235.45,transport,8790,808745,TLS_ECDHE_ECDSA_WITH_CHACHA20_POLY1305_SHA256,client,connected,aLx7,controlling,connected,CF98:8C:83:B2:58:DE:26:BE:69:BE:80:63:8C:67:37:85:57:A4:8F:E4:28:1D:D2:1F:2E:D5:85:73:3C:0B:00:57,148,1182,CFD4:1F:A0:6F:AB:20:6B:D1:82:72:42:D5:AD:C0:06:B3:67:1F:C0:4B:E5:E2:DD:4B:A3:BC:7A:CB:24:36:20:B8,1,CP2lC/v4Pi_3817qm6f,AEAD_AES_256_GCM,FEFD
T01,1776275588435.33,transport,8894,829872,TLS_ECDHE_ECDSA_WITH_CHACHA20_POLY1305_SHA256,client,connected,aLx7,controlling,connected,CF98:8C:83:B2:58:DE:26:BE:69:BE:80:63:8C:67:37:85:57:A4:8F:E4:28:1D:D2:1F:2E:D5:85:73:3C:0B:00:57,150,1204,CFD4:1F:A0:6F:AB:20:6B:D1:82:72:42:D5:AD:C0:06:B3:67:1F:C0:4B:E5:E2:DD:4B:A3:BC:7A:CB:24:36:20:B8,1,CP2lC/v4Pi_3817qm6f,AEAD_AES_256_GCM,FEFD
T01,1776275588435.33,transport,8894,829872,TLS_ECDHE_ECDSA_WITH_CHACHA20_POLY1305_SHA256,client,connected,aLx7,controlling,connected,CF98:8C:83:B2:58:DE:26:BE:69:BE:80:63:8C:67:37:85:57:A4:8F:E4:28:1D:D2:1F:2E:D5:85:73:3C:0B:00:57,150,1204,CFD4:1F:A0:6F:AB:20:6B:D1:82:72:42:D5:AD:C0:06:B3:67:1F:C0:4B:E5:E2:DD:4B:A3:BC:7A:CB:24:36:20:B8,1,CP2lC/v4Pi_3817qm6f,AEAD_AES_256_GCM,FEFD
T01,1776275588635.329,transport,9002,850003,TLS_ECDHE_ECDSA_WITH_CHACHA20_POLY1305_SHA256,client,connected,aLx7,controlling,connected,CF98:8C:83:B2:58:DE:26:BE:69:BE:80:63:8C:67:37:85:57:A4:8F:E4:28:1D:D2:1F:2E:D5:85:73:3C:0B:00:57,152,1225,CFD4:1F:A0:6F:AB:20:6B:D1:82:72:42:D5:AD:C0:06:B3:67:1F:C0:4B:E5:E2:DD:4B:A3:BC:7A:CB:24:36:20:B8,1,CP2lC/v4Pi_3817qm6f,AEAD_AES_256_GCM,FEFD
T01,1776275588635.329,transport,9002,850003,TLS_ECDHE_ECDSA_WITH_CHACHA20_POLY1305_SHA256,client,connected,aLx7,controlling,connected,CF98:8C:83:B2:58:DE:26:BE:69:BE:80:63:8C:67:37:85:57:A4:8F:E4:28:1D:D2:1F:2E:D5:85:73:3C:0B:00:57,152,1225,CFD4:1F:A0:6F:AB:20:6B:D1:82:72:42:D5:AD:C0:06:B3:67:1F:C0:4B:E5:E2:DD:4B:A3:BC:7A:CB:24:36:20:B8,1,CP2lC/v4Pi_3817qm6f,AEAD_AES_256_GCM,FEFD
T01,1776275588835.308,transport,9206,872492,TLS_ECDHE_ECDSA_WITH_CHACHA20_POLY1305_SHA256,client,connected,aLx7,controlling,connected,CF98:8C:83:B2:58:DE:26:BE:69:BE:80:63:8C:67:37:85:57:A4:8F:E4:28:1D:D2:1F:2E:D5:85:73:3C:0B:00:57,155,1249,CFD4:1F:A0:6F:AB:20:6B:D1:82:72:42:D5:AD:C0:06:B3:67:1F:C0:4B:E5:E2:DD:4B:A3:BC:7A:CB:24:36:20:B8,1,CP2lC/v4Pi_3817qm6f,AEAD_AES_256_GCM,FEFD
T01,1776275588835.308,transport,9206,872492,TLS_ECDHE_ECDSA_WITH_CHACHA20_POLY1305_SHA256,client,connected,aLx7,controlling,connected,CF98:8C:83:B2:58:DE:26:BE:69:BE:80:63:8C:67:37:85:57:A4:8F:E4:28:1D:D2:1F:2E:D5:85:73:3C:0B:00:57,155,1249,CFD4:1F:A0:6F:AB:20:6B:D1:82:72:42:D5:AD:C0:06:B3:67:1F:C0:4B:E5:E2:DD:4B:A3:BC:7A:CB:24:36:20:B8,1,CP2lC/v4Pi_3817qm6f,AEAD_AES_256_GCM,FEFD
T01,1776275589035.313,transport,9314,891981,TLS_ECDHE_ECDSA_WITH_CHACHA20_POLY1305_SHA256,client,connected,aLx7,controlling,connected,CF98:8C:83:B2:58:DE:26:BE:69:BE:80:63:8C:67:37:85:57:A4:8F:E4:28:1D:D2:1F:2E:D5:85:73:3C:0B:00:57,157,1269,CFD4:1F:A0:6F:AB:20:6B:D1:82:72:42:D5:AD:C0:06:B3:67:1F:C0:4B:E5:E2:DD:4B:A3:BC:7A:CB:24:36:20:B8,1,CP2lC/v4Pi_3817qm6f,AEAD_AES_256_GCM,FEFD
T01,1776275589035.313,transport,9314,891981,TLS_ECDHE_ECDSA_WITH_CHACHA20_POLY1305_SHA256,client,connected,aLx7,controlling,connected,CF98:8C:83:B2:58:DE:26:BE:69:BE:80:63:8C:67:37:85:57:A4:8F:E4:28:1D:D2:1F:2E:D5:85:73:3C:0B:00:57,157,1269,CFD4:1F:A0:6F:AB:20:6B:D1:82:72:42:D5:AD:C0:06:B3:67:1F:C0:4B:E5:E2:DD:4B:A3:BC:7A:CB:24:36:20:B8,1,CP2lC/v4Pi_3817qm6f,AEAD_AES_256_GCM,FEFD
T01,1776275589235.474,transport,9418,909171,TLS_ECDHE_ECDSA_WITH_CHACHA20_POLY1305_SHA256,client,connected,aLx7,controlling,connected,CF98:8C:83:B2:58:DE:26:BE:69:BE:80:63:8C:67:37:85:57:A4:8F:E4:28:1D:D2:1F:2E:D5:85:73:3C:0B:00:57,159,1288,CFD4:1F:A0:6F:AB:20:6B:D1:82:72:42:D5:AD:C0:06:B3:67:1F:C0:4B:E5:E2:DD:4B:A3:BC:7A:CB:24:36:20:B8,1,CP2lC/v4Pi_3817qm6f,AEAD_AES_256_GCM,FEFD
T01,1776275589235.474,transport,9418,909171,TLS_ECDHE_ECDSA_WITH_CHACHA20_POLY1305_SHA256,client,connected,aLx7,controlling,connected,CF98:8C:83:B2:58:DE:26:BE:69:BE:80:63:8C:67:37:85:57:A4:8F:E4:28:1D:D2:1F:2E:D5:85:73:3C:0B:00:57,159,1288,CFD4:1F:A0:6F:AB:20:6B:D1:82:72:42:D5:AD:C0:06:B3:67:1F:C0:4B:E5:E2:DD:4B:A3:BC:7A:CB:24:36:20:B8,1,CP2lC/v4Pi_3817qm6f,AEAD_AES_256_GCM,FEFD
T01,1776275589435.337,transport,9526,933744,TLS_ECDHE_ECDSA_WITH_CHACHA20_POLY1305_SHA256,client,connected,aLx7,controlling,connected,CF98:8C:83:B2:58:DE:26:BE:69:BE:80:63:8C:67:37:85:57:A4:8F:E4:28:1D:D2:1F:2E:D5:85:73:3C:0B:00:57,161,1312,CFD4:1F:A0:6F:AB:20:6B:D1:82:72:42:D5:AD:C0:06:B3:67:1F:C0:4B:E5:E2:DD:4B:A3:BC:7A:CB:24:36:20:B8,1,CP2lC/v4Pi_3817qm6f,AEAD_AES_256_GCM,FEFD
T01,1776275589435.337,transport,9526,933744,TLS_ECDHE_ECDSA_WITH_CHACHA20_POLY1305_SHA256,client,connected,aLx7,controlling,connected,CF98:8C:83:B2:58:DE:26:BE:69:BE:80:63:8C:67:37:85:57:A4:8F:E4:28:1D:D2:1F:2E:D5:85:73:3C:0B:00:57,161,1312,CFD4:1F:A0:6F:AB:20:6B:D1:82:72:42:D5:AD:C0:06:B3:67:1F:C0:4B:E5:E2:DD:4B:A3:BC:7A:CB:24:36:20:B8,1,CP2lC/v4Pi_3817qm6f,AEAD_AES_256_GCM,FEFD
T01,1776275589635.393,transport,9634,951879,TLS_ECDHE_ECDSA_WITH_CHACHA20_POLY1305_SHA256,client,connected,aLx7,controlling,connected,CF98:8C:83:B2:58:DE:26:BE:69:BE:80:63:8C:67:37:85:57:A4:8F:E4:28:1D:D2:1F:2E:D5:85:73:3C:0B:00:57,163,1330,CFD4:1F:A0:6F:AB:20:6B:D1:82:72:42:D5:AD:C0:06:B3:67:1F:C0:4B:E5:E2:DD:4B:A3:BC:7A:CB:24:36:20:B8,1,CP2lC/v4Pi_3817qm6f,AEAD_AES_256_GCM,FEFD
T01,1776275589635.393,transport,9634,951879,TLS_ECDHE_ECDSA_WITH_CHACHA20_POLY1305_SHA256,client,connected,aLx7,controlling,connected,CF98:8C:83:B2:58:DE:26:BE:69:BE:80:63:8C:67:37:85:57:A4:8F:E4:28:1D:D2:1F:2E:D5:85:73:3C:0B:00:57,163,1330,CFD4:1F:A0:6F:AB:20:6B:D1:82:72:42:D5:AD:C0:06:B3:67:1F:C0:4B:E5:E2:DD:4B:A3:BC:7A:CB:24:36:20:B8,1,CP2lC/v4Pi_3817qm6f,AEAD_AES_256_GCM,FEFD
T01,1776275589835.523,transport,9842,976452,TLS_ECDHE_ECDSA_WITH_CHACHA20_POLY1305_SHA256,client,connected,aLx7,controlling,connected,CF98:8C:83:B2:58:DE:26:BE:69:BE:80:63:8C:67:37:85:57:A4:8F:E4:28:1D:D2:1F:2E:D5:85:73:3C:0B:00:57,166,1354,CFD4:1F:A0:6F:AB:20:6B:D1:82:72:42:D5:AD:C0:06:B3:67:1F:C0:4B:E5:E2:DD:4B:A3:BC:7A:CB:24:36:20:B8,1,CP2lC/v4Pi_3817qm6f,AEAD_AES_256_GCM,FEFD
T01,1776275589835.523,transport,9842,976452,TLS_ECDHE_ECDSA_WITH_CHACHA20_POLY1305_SHA256,client,connected,aLx7,controlling,connected,CF98:8C:83:B2:58:DE:26:BE:69:BE:80:63:8C:67:37:85:57:A4:8F:E4:28:1D:D2:1F:2E:D5:85:73:3C:0B:00:57,166,1354,CFD4:1F:A0:6F:AB:20:6B:D1:82:72:42:D5:AD:C0:06:B3:67:1F:C0:4B:E5:E2:DD:4B:A3:BC:7A:CB:24:36:20:B8,1,CP2lC/v4Pi_3817qm6f,AEAD_AES_256_GCM,FEFD
T01,1776275590035.499,transport,9990,1000300,TLS_ECDHE_ECDSA_WITH_CHACHA20_POLY1305_SHA256,client,connected,aLx7,controlling,connected,CF98:8C:83:B2:58:DE:26:BE:69:BE:80:63:8C:67:37:85:57:A4:8F:E4:28:1D:D2:1F:2E:D5:85:73:3C:0B:00:57,169,1380,CFD4:1F:A0:6F:AB:20:6B:D1:82:72:42:D5:AD:C0:06:B3:67:1F:C0:4B:E5:E2:DD:4B:A3:BC:7A:CB:24:36:20:B8,1,CP2lC/v4Pi_3817qm6f,AEAD_AES_256_GCM,FEFD
T01,1776275590035.499,transport,9990,1000300,TLS_ECDHE_ECDSA_WITH_CHACHA20_POLY1305_SHA256,client,connected,aLx7,controlling,connected,CF98:8C:83:B2:58:DE:26:BE:69:BE:80:63:8C:67:37:85:57:A4:8F:E4:28:1D:D2:1F:2E:D5:85:73:3C:0B:00:57,169,1380,CFD4:1F:A0:6F:AB:20:6B:D1:82:72:42:D5:AD:C0:06:B3:67:1F:C0:4B:E5:E2:DD:4B:A3:BC:7A:CB:24:36:20:B8,1,CP2lC/v4Pi_3817qm6f,AEAD_AES_256_GCM,FEFD
T01,1776275590235.389,transport,10094,1020867,TLS_ECDHE_ECDSA_WITH_CHACHA20_POLY1305_SHA256,client,connected,aLx7,controlling,connected,CF98:8C:83:B2:58:DE:26:BE:69:BE:80:63:8C:67:37:85:57:A4:8F:E4:28:1D:D2:1F:2E:D5:85:73:3C:0B:00:57,171,1400,CFD4:1F:A0:6F:AB:20:6B:D1:82:72:42:D5:AD:C0:06:B3:67:1F:C0:4B:E5:E2:DD:4B:A3:BC:7A:CB:24:36:20:B8,1,CP2lC/v4Pi_3817qm6f,AEAD_AES_256_GCM,FEFD
T01,1776275590235.389,transport,10094,1020867,TLS_ECDHE_ECDSA_WITH_CHACHA20_POLY1305_SHA256,client,connected,aLx7,controlling,connected,CF98:8C:83:B2:58:DE:26:BE:69:BE:80:63:8C:67:37:85:57:A4:8F:E4:28:1D:D2:1F:2E:D5:85:73:3C:0B:00:57,171,1400,CFD4:1F:A0:6F:AB:20:6B:D1:82:72:42:D5:AD:C0:06:B3:67:1F:C0:4B:E5:E2:DD:4B:A3:BC:7A:CB:24:36:20:B8,1,CP2lC/v4Pi_3817qm6f,AEAD_AES_256_GCM,FEFD
T01,1776275590435.318,transport,10202,1042880,TLS_ECDHE_ECDSA_WITH_CHACHA20_POLY1305_SHA256,client,connected,aLx7,controlling,connected,CF98:8C:83:B2:58:DE:26:BE:69:BE:80:63:8C:67:37:85:57:A4:8F:E4:28:1D:D2:1F:2E:D5:85:73:3C:0B:00:57,173,1422,CFD4:1F:A0:6F:AB:20:6B:D1:82:72:42:D5:AD:C0:06:B3:67:1F:C0:4B:E5:E2:DD:4B:A3:BC:7A:CB:24:36:20:B8,1,CP2lC/v4Pi_3817qm6f,AEAD_AES_256_GCM,FEFD
T01,1776275590435.318,transport,10202,1042880,TLS_ECDHE_ECDSA_WITH_CHACHA20_POLY1305_SHA256,client,connected,aLx7,controlling,connected,CF98:8C:83:B2:58:DE:26:BE:69:BE:80:63:8C:67:37:85:57:A4:8F:E4:28:1D:D2:1F:2E:D5:85:73:3C:0B:00:57,173,1422,CFD4:1F:A0:6F:AB:20:6B:D1:82:72:42:D5:AD:C0:06:B3:67:1F:C0:4B:E5:E2:DD:4B:A3:BC:7A:CB:24:36:20:B8,1,CP2lC/v4Pi_3817qm6f,AEAD_AES_256_GCM,FEFD
T01,1776275590635.325,transport,10314,1069134,TLS_ECDHE_ECDSA_WITH_CHACHA20_POLY1305_SHA256,client,connected,aLx7,controlling,connected,CF98:8C:83:B2:58:DE:26:BE:69:BE:80:63:8C:67:37:85:57:A4:8F:E4:28:1D:D2:1F:2E:D5:85:73:3C:0B:00:57,175,1448,CFD4:1F:A0:6F:AB:20:6B:D1:82:72:42:D5:AD:C0:06:B3:67:1F:C0:4B:E5:E2:DD:4B:A3:BC:7A:CB:24:36:20:B8,1,CP2lC/v4Pi_3817qm6f,AEAD_AES_256_GCM,FEFD
T01,1776275590635.325,transport,10314,1069134,TLS_ECDHE_ECDSA_WITH_CHACHA20_POLY1305_SHA256,client,connected,aLx7,controlling,connected,CF98:8C:83:B2:58:DE:26:BE:69:BE:80:63:8C:67:37:85:57:A4:8F:E4:28:1D:D2:1F:2E:D5:85:73:3C:0B:00:57,175,1448,CFD4:1F:A0:6F:AB:20:6B:D1:82:72:42:D5:AD:C0:06:B3:67:1F:C0:4B:E5:E2:DD:4B:A3:BC:7A:CB:24:36:20:B8,1,CP2lC/v4Pi_3817qm6f,AEAD_AES_256_GCM,FEFD
T01,1776275590835.319,transport,10422,1094754,TLS_ECDHE_ECDSA_WITH_CHACHA20_POLY1305_SHA256,client,connected,aLx7,controlling,connected,CF98:8C:83:B2:58:DE:26:BE:69:BE:80:63:8C:67:37:85:57:A4:8F:E4:28:1D:D2:1F:2E:D5:85:73:3C:0B:00:57,177,1474,CFD4:1F:A0:6F:AB:20:6B:D1:82:72:42:D5:AD:C0:06:B3:67:1F:C0:4B:E5:E2:DD:4B:A3:BC:7A:CB:24:36:20:B8,1,CP2lC/v4Pi_3817qm6f,AEAD_AES_256_GCM,FEFD
T01,1776275590835.319,transport,10422,1094754,TLS_ECDHE_ECDSA_WITH_CHACHA20_POLY1305_SHA256,client,connected,aLx7,controlling,connected,CF98:8C:83:B2:58:DE:26:BE:69:BE:80:63:8C:67:37:85:57:A4:8F:E4:28:1D:D2:1F:2E:D5:85:73:3C:0B:00:57,177,1474,CFD4:1F:A0:6F:AB:20:6B:D1:82:72:42:D5:AD:C0:06:B3:67:1F:C0:4B:E5:E2:DD:4B:A3:BC:7A:CB:24:36:20:B8,1,CP2lC/v4Pi_3817qm6f,AEAD_AES_256_GCM,FEFD
T01,1776275591035.388,transport,10538,1114001,TLS_ECDHE_ECDSA_WITH_CHACHA20_POLY1305_SHA256,client,connected,aLx7,controlling,connected,CF98:8C:83:B2:58:DE:26:BE:69:BE:80:63:8C:67:37:85:57:A4:8F:E4:28:1D:D2:1F:2E:D5:85:73:3C:0B:00:57,179,1494,CFD4:1F:A0:6F:AB:20:6B:D1:82:72:42:D5:AD:C0:06:B3:67:1F:C0:4B:E5:E2:DD:4B:A3:BC:7A:CB:24:36:20:B8,1,CP2lC/v4Pi_3817qm6f,AEAD_AES_256_GCM,FEFD
T01,1776275591035.388,transport,10538,1114001,TLS_ECDHE_ECDSA_WITH_CHACHA20_POLY1305_SHA256,client,connected,aLx7,controlling,connected,CF98:8C:83:B2:58:DE:26:BE:69:BE:80:63:8C:67:37:85:57:A4:8F:E4:28:1D:D2:1F:2E:D5:85:73:3C:0B:00:57,179,1494,CFD4:1F:A0:6F:AB:20:6B:D1:82:72:42:D5:AD:C0:06:B3:67:1F:C0:4B:E5:E2:DD:4B:A3:BC:7A:CB:24:36:20:B8,1,CP2lC/v4Pi_3817qm6f,AEAD_AES_256_GCM,FEFD
T01,1776275591235.439,transport,10742,1137956,TLS_ECDHE_ECDSA_WITH_CHACHA20_POLY1305_SHA256,client,connected,aLx7,controlling,connected,CF98:8C:83:B2:58:DE:26:BE:69:BE:80:63:8C:67:37:85:57:A4:8F:E4:28:1D:D2:1F:2E:D5:85:73:3C:0B:00:57,182,1517,CFD4:1F:A0:6F:AB:20:6B:D1:82:72:42:D5:AD:C0:06:B3:67:1F:C0:4B:E5:E2:DD:4B:A3:BC:7A:CB:24:36:20:B8,1,CP2lC/v4Pi_3817qm6f,AEAD_AES_256_GCM,FEFD
T01,1776275591235.439,transport,10742,1137956,TLS_ECDHE_ECDSA_WITH_CHACHA20_POLY1305_SHA256,client,connected,aLx7,controlling,connected,CF98:8C:83:B2:58:DE:26:BE:69:BE:80:63:8C:67:37:85:57:A4:8F:E4:28:1D:D2:1F:2E:D5:85:73:3C:0B:00:57,182,1517,CFD4:1F:A0:6F:AB:20:6B:D1:82:72:42:D5:AD:C0:06:B3:67:1F:C0:4B:E5:E2:DD:4B:A3:BC:7A:CB:24:36:20:B8,1,CP2lC/v4Pi_3817qm6f,AEAD_AES_256_GCM,FEFD
T01,1776275591435.314,transport,10858,1164562,TLS_ECDHE_ECDSA_WITH_CHACHA20_POLY1305_SHA256,client,connected,aLx7,controlling,connected,CF98:8C:83:B2:58:DE:26:BE:69:BE:80:63:8C:67:37:85:57:A4:8F:E4:28:1D:D2:1F:2E:D5:85:73:3C:0B:00:57,184,1545,CFD4:1F:A0:6F:AB:20:6B:D1:82:72:42:D5:AD:C0:06:B3:67:1F:C0:4B:E5:E2:DD:4B:A3:BC:7A:CB:24:36:20:B8,1,CP2lC/v4Pi_3817qm6f,AEAD_AES_256_GCM,FEFD
T01,1776275591435.314,transport,10858,1164562,TLS_ECDHE_ECDSA_WITH_CHACHA20_POLY1305_SHA256,client,connected,aLx7,controlling,connected,CF98:8C:83:B2:58:DE:26:BE:69:BE:80:63:8C:67:37:85:57:A4:8F:E4:28:1D:D2:1F:2E:D5:85:73:3C:0B:00:57,184,1545,CFD4:1F:A0:6F:AB:20:6B:D1:82:72:42:D5:AD:C0:06:B3:67:1F:C0:4B:E5:E2:DD:4B:A3:BC:7A:CB:24:36:20:B8,1,CP2lC/v4Pi_3817qm6f,AEAD_AES_256_GCM,FEFD
T01,1776275591635.273,transport,10962,1190182,TLS_ECDHE_ECDSA_WITH_CHACHA20_POLY1305_SHA256,client,connected,aLx7,controlling,connected,CF98:8C:83:B2:58:DE:26:BE:69:BE:80:63:8C:67:37:85:57:A4:8F:E4:28:1D:D2:1F:2E:D5:85:73:3C:0B:00:57,186,1569,CFD4:1F:A0:6F:AB:20:6B:D1:82:72:42:D5:AD:C0:06:B3:67:1F:C0:4B:E5:E2:DD:4B:A3:BC:7A:CB:24:36:20:B8,1,CP2lC/v4Pi_3817qm6f,AEAD_AES_256_GCM,FEFD
T01,1776275591635.273,transport,10962,1190182,TLS_ECDHE_ECDSA_WITH_CHACHA20_POLY1305_SHA256,client,connected,aLx7,controlling,connected,CF98:8C:83:B2:58:DE:26:BE:69:BE:80:63:8C:67:37:85:57:A4:8F:E4:28:1D:D2:1F:2E:D5:85:73:3C:0B:00:57,186,1569,CFD4:1F:A0:6F:AB:20:6B:D1:82:72:42:D5:AD:C0:06:B3:67:1F:C0:4B:E5:E2:DD:4B:A3:BC:7A:CB:24:36:20:B8,1,CP2lC/v4Pi_3817qm6f,AEAD_AES_256_GCM,FEFD
T01,1776275591835.385,transport,11074,1215938,TLS_ECDHE_ECDSA_WITH_CHACHA20_POLY1305_SHA256,client,connected,aLx7,controlling,connected,CF98:8C:83:B2:58:DE:26:BE:69:BE:80:63:8C:67:37:85:57:A4:8F:E4:28:1D:D2:1F:2E:D5:85:73:3C:0B:00:57,188,1595,CFD4:1F:A0:6F:AB:20:6B:D1:82:72:42:D5:AD:C0:06:B3:67:1F:C0:4B:E5:E2:DD:4B:A3:BC:7A:CB:24:36:20:B8,1,CP2lC/v4Pi_3817qm6f,AEAD_AES_256_GCM,FEFD
T01,1776275591835.385,transport,11074,1215938,TLS_ECDHE_ECDSA_WITH_CHACHA20_POLY1305_SHA256,client,connected,aLx7,controlling,connected,CF98:8C:83:B2:58:DE:26:BE:69:BE:80:63:8C:67:37:85:57:A4:8F:E4:28:1D:D2:1F:2E:D5:85:73:3C:0B:00:57,188,1595,CFD4:1F:A0:6F:AB:20:6B:D1:82:72:42:D5:AD:C0:06:B3:67:1F:C0:4B:E5:E2:DD:4B:A3:BC:7A:CB:24:36:20:B8,1,CP2lC/v4Pi_3817qm6f,AEAD_AES_256_GCM,FEFD
T01,1776275592035.334,transport,11190,1240404,TLS_ECDHE_ECDSA_WITH_CHACHA20_POLY1305_SHA256,client,connected,aLx7,controlling,connected,CF98:8C:83:B2:58:DE:26:BE:69:BE:80:63:8C:67:37:85:57:A4:8F:E4:28:1D:D2:1F:2E:D5:85:73:3C:0B:00:57,190,1622,CFD4:1F:A0:6F:AB:20:6B:D1:82:72:42:D5:AD:C0:06:B3:67:1F:C0:4B:E5:E2:DD:4B:A3:BC:7A:CB:24:36:20:B8,1,CP2lC/v4Pi_3817qm6f,AEAD_AES_256_GCM,FEFD
T01,1776275592035.334,transport,11190,1240404,TLS_ECDHE_ECDSA_WITH_CHACHA20_POLY1305_SHA256,client,connected,aLx7,controlling,connected,CF98:8C:83:B2:58:DE:26:BE:69:BE:80:63:8C:67:37:85:57:A4:8F:E4:28:1D:D2:1F:2E:D5:85:73:3C:0B:00:57,190,1622,CFD4:1F:A0:6F:AB:20:6B:D1:82:72:42:D5:AD:C0:06:B3:67:1F:C0:4B:E5:E2:DD:4B:A3:BC:7A:CB:24:36:20:B8,1,CP2lC/v4Pi_3817qm6f,AEAD_AES_256_GCM,FEFD
T01,1776275592235.376,transport,11298,1268377,TLS_ECDHE_ECDSA_WITH_CHACHA20_POLY1305_SHA256,client,connected,aLx7,controlling,connected,CF98:8C:83:B2:58:DE:26:BE:69:BE:80:63:8C:67:37:85:57:A4:8F:E4:28:1D:D2:1F:2E:D5:85:73:3C:0B:00:57,192,1649,CFD4:1F:A0:6F:AB:20:6B:D1:82:72:42:D5:AD:C0:06:B3:67:1F:C0:4B:E5:E2:DD:4B:A3:BC:7A:CB:24:36:20:B8,1,CP2lC/v4Pi_3817qm6f,AEAD_AES_256_GCM,FEFD
T01,1776275592235.376,transport,11298,1268377,TLS_ECDHE_ECDSA_WITH_CHACHA20_POLY1305_SHA256,client,connected,aLx7,controlling,connected,CF98:8C:83:B2:58:DE:26:BE:69:BE:80:63:8C:67:37:85:57:A4:8F:E4:28:1D:D2:1F:2E:D5:85:73:3C:0B:00:57,192,1649,CFD4:1F:A0:6F:AB:20:6B:D1:82:72:42:D5:AD:C0:06:B3:67:1F:C0:4B:E5:E2:DD:4B:A3:BC:7A:CB:24:36:20:B8,1,CP2lC/v4Pi_3817qm6f,AEAD_AES_256_GCM,FEFD
T01,1776275592435.403,transport,11510,1293362,TLS_ECDHE_ECDSA_WITH_CHACHA20_POLY1305_SHA256,client,connected,aLx7,controlling,connected,CF98:8C:83:B2:58:DE:26:BE:69:BE:80:63:8C:67:37:85:57:A4:8F:E4:28:1D:D2:1F:2E:D5:85:73:3C:0B:00:57,195,1676,CFD4:1F:A0:6F:AB:20:6B:D1:82:72:42:D5:AD:C0:06:B3:67:1F:C0:4B:E5:E2:DD:4B:A3:BC:7A:CB:24:36:20:B8,1,CP2lC/v4Pi_3817qm6f,AEAD_AES_256_GCM,FEFD
T01,1776275592435.403,transport,11510,1293362,TLS_ECDHE_ECDSA_WITH_CHACHA20_POLY1305_SHA256,client,connected,aLx7,controlling,connected,CF98:8C:83:B2:58:DE:26:BE:69:BE:80:63:8C:67:37:85:57:A4:8F:E4:28:1D:D2:1F:2E:D5:85:73:3C:0B:00:57,195,1676,CFD4:1F:A0:6F:AB:20:6B:D1:82:72:42:D5:AD:C0:06:B3:67:1F:C0:4B:E5:E2:DD:4B:A3:BC:7A:CB:24:36:20:B8,1,CP2lC/v4Pi_3817qm6f,AEAD_AES_256_GCM,FEFD
T01,1776275592635.316,transport,11626,1319728,TLS_ECDHE_ECDSA_WITH_CHACHA20_POLY1305_SHA256,client,connected,aLx7,controlling,connected,CF98:8C:83:B2:58:DE:26:BE:69:BE:80:63:8C:67:37:85:57:A4:8F:E4:28:1D:D2:1F:2E:D5:85:73:3C:0B:00:57,197,1704,CFD4:1F:A0:6F:AB:20:6B:D1:82:72:42:D5:AD:C0:06:B3:67:1F:C0:4B:E5:E2:DD:4B:A3:BC:7A:CB:24:36:20:B8,1,CP2lC/v4Pi_3817qm6f,AEAD_AES_256_GCM,FEFD
T01,1776275592635.316,transport,11626,1319728,TLS_ECDHE_ECDSA_WITH_CHACHA20_POLY1305_SHA256,client,connected,aLx7,controlling,connected,CF98:8C:83:B2:58:DE:26:BE:69:BE:80:63:8C:67:37:85:57:A4:8F:E4:28:1D:D2:1F:2E:D5:85:73:3C:0B:00:57,197,1704,CFD4:1F:A0:6F:AB:20:6B:D1:82:72:42:D5:AD:C0:06:B3:67:1F:C0:4B:E5:E2:DD:4B:A3:BC:7A:CB:24:36:20:B8,1,CP2lC/v4Pi_3817qm6f,AEAD_AES_256_GCM,FEFD
T01,1776275592835.362,transport,11746,1349336,TLS_ECDHE_ECDSA_WITH_CHACHA20_POLY1305_SHA256,client,connected,aLx7,controlling,connected,CF98:8C:83:B2:58:DE:26:BE:69:BE:80:63:8C:67:37:85:57:A4:8F:E4:28:1D:D2:1F:2E:D5:85:73:3C:0B:00:57,199,1737,CFD4:1F:A0:6F:AB:20:6B:D1:82:72:42:D5:AD:C0:06:B3:67:1F:C0:4B:E5:E2:DD:4B:A3:BC:7A:CB:24:36:20:B8,1,CP2lC/v4Pi_3817qm6f,AEAD_AES_256_GCM,FEFD
T01,1776275592835.362,transport,11746,1349336,TLS_ECDHE_ECDSA_WITH_CHACHA20_POLY1305_SHA256,client,connected,aLx7,controlling,connected,CF98:8C:83:B2:58:DE:26:BE:69:BE:80:63:8C:67:37:85:57:A4:8F:E4:28:1D:D2:1F:2E:D5:85:73:3C:0B:00:57,199,1737,CFD4:1F:A0:6F:AB:20:6B:D1:82:72:42:D5:AD:C0:06:B3:67:1F:C0:4B:E5:E2:DD:4B:A3:BC:7A:CB:24:36:20:B8,1,CP2lC/v4Pi_3817qm6f,AEAD_AES_256_GCM,FEFD
T01,1776275593035.547,transport,11858,1375875,TLS_ECDHE_ECDSA_WITH_CHACHA20_POLY1305_SHA256,client,connected,aLx7,controlling,connected,CF98:8C:83:B2:58:DE:26:BE:69:BE:80:63:8C:67:37:85:57:A4:8F:E4:28:1D:D2:1F:2E:D5:85:73:3C:0B:00:57,201,1764,CFD4:1F:A0:6F:AB:20:6B:D1:82:72:42:D5:AD:C0:06:B3:67:1F:C0:4B:E5:E2:DD:4B:A3:BC:7A:CB:24:36:20:B8,1,CP2lC/v4Pi_3817qm6f,AEAD_AES_256_GCM,FEFD
T01,1776275593035.547,transport,11858,1375875,TLS_ECDHE_ECDSA_WITH_CHACHA20_POLY1305_SHA256,client,connected,aLx7,controlling,connected,CF98:8C:83:B2:58:DE:26:BE:69:BE:80:63:8C:67:37:85:57:A4:8F:E4:28:1D:D2:1F:2E:D5:85:73:3C:0B:00:57,201,1764,CFD4:1F:A0:6F:AB:20:6B:D1:82:72:42:D5:AD:C0:06:B3:67:1F:C0:4B:E5:E2:DD:4B:A3:BC:7A:CB:24:36:20:B8,1,CP2lC/v4Pi_3817qm6f,AEAD_AES_256_GCM,FEFD
T01,1776275593235.403,transport,11974,1405181,TLS_ECDHE_ECDSA_WITH_CHACHA20_POLY1305_SHA256,client,connected,aLx7,controlling,connected,CF98:8C:83:B2:58:DE:26:BE:69:BE:80:63:8C:67:37:85:57:A4:8F:E4:28:1D:D2:1F:2E:D5:85:73:3C:0B:00:57,203,1793,CFD4:1F:A0:6F:AB:20:6B:D1:82:72:42:D5:AD:C0:06:B3:67:1F:C0:4B:E5:E2:DD:4B:A3:BC:7A:CB:24:36:20:B8,1,CP2lC/v4Pi_3817qm6f,AEAD_AES_256_GCM,FEFD
T01,1776275593235.403,transport,11974,1405181,TLS_ECDHE_ECDSA_WITH_CHACHA20_POLY1305_SHA256,client,connected,aLx7,controlling,connected,CF98:8C:83:B2:58:DE:26:BE:69:BE:80:63:8C:67:37:85:57:A4:8F:E4:28:1D:D2:1F:2E:D5:85:73:3C:0B:00:57,203,1793,CFD4:1F:A0:6F:AB:20:6B:D1:82:72:42:D5:AD:C0:06:B3:67:1F:C0:4B:E5:E2:DD:4B:A3:BC:7A:CB:24:36:20:B8,1,CP2lC/v4Pi_3817qm6f,AEAD_AES_256_GCM,FEFD
T01,1776275593435.451,transport,12118,1438560,TLS_ECDHE_ECDSA_WITH_CHACHA20_POLY1305_SHA256,client,connected,aLx7,controlling,connected,CF98:8C:83:B2:58:DE:26:BE:69:BE:80:63:8C:67:37:85:57:A4:8F:E4:28:1D:D2:1F:2E:D5:85:73:3C:0B:00:57,206,1823,CFD4:1F:A0:6F:AB:20:6B:D1:82:72:42:D5:AD:C0:06:B3:67:1F:C0:4B:E5:E2:DD:4B:A3:BC:7A:CB:24:36:20:B8,1,CP2lC/v4Pi_3817qm6f,AEAD_AES_256_GCM,FEFD
T01,1776275593435.451,transport,12118,1438560,TLS_ECDHE_ECDSA_WITH_CHACHA20_POLY1305_SHA256,client,connected,aLx7,controlling,connected,CF98:8C:83:B2:58:DE:26:BE:69:BE:80:63:8C:67:37:85:57:A4:8F:E4:28:1D:D2:1F:2E:D5:85:73:3C:0B:00:57,206,1823,CFD4:1F:A0:6F:AB:20:6B:D1:82:72:42:D5:AD:C0:06:B3:67:1F:C0:4B:E5:E2:DD:4B:A3:BC:7A:CB:24:36:20:B8,1,CP2lC/v4Pi_3817qm6f,AEAD_AES_256_GCM,FEFD
T01,1776275593635.462,transport,12330,1466354,TLS_ECDHE_ECDSA_WITH_CHACHA20_POLY1305_SHA256,client,connected,aLx7,controlling,connected,CF98:8C:83:B2:58:DE:26:BE:69:BE:80:63:8C:67:37:85:57:A4:8F:E4:28:1D:D2:1F:2E:D5:85:73:3C:0B:00:57,209,1847,CFD4:1F:A0:6F:AB:20:6B:D1:82:72:42:D5:AD:C0:06:B3:67:1F:C0:4B:E5:E2:DD:4B:A3:BC:7A:CB:24:36:20:B8,1,CP2lC/v4Pi_3817qm6f,AEAD_AES_256_GCM,FEFD
T01,1776275593635.462,transport,12330,1466354,TLS_ECDHE_ECDSA_WITH_CHACHA20_POLY1305_SHA256,client,connected,aLx7,controlling,connected,CF98:8C:83:B2:58:DE:26:BE:69:BE:80:63:8C:67:37:85:57:A4:8F:E4:28:1D:D2:1F:2E:D5:85:73:3C:0B:00:57,209,1847,CFD4:1F:A0:6F:AB:20:6B:D1:82:72:42:D5:AD:C0:06:B3:67:1F:C0:4B:E5:E2:DD:4B:A3:BC:7A:CB:24:36:20:B8,1,CP2lC/v4Pi_3817qm6f,AEAD_AES_256_GCM,FEFD
T01,1776275593835.452,transport,12438,1493106,TLS_ECDHE_ECDSA_WITH_CHACHA20_POLY1305_SHA256,client,connected,aLx7,controlling,connected,CF98:8C:83:B2:58:DE:26:BE:69:BE:80:63:8C:67:37:85:57:A4:8F:E4:28:1D:D2:1F:2E:D5:85:73:3C:0B:00:57,211,1869,CFD4:1F:A0:6F:AB:20:6B:D1:82:72:42:D5:AD:C0:06:B3:67:1F:C0:4B:E5:E2:DD:4B:A3:BC:7A:CB:24:36:20:B8,1,CP2lC/v4Pi_3817qm6f,AEAD_AES_256_GCM,FEFD
T01,1776275593835.452,transport,12438,1493106,TLS_ECDHE_ECDSA_WITH_CHACHA20_POLY1305_SHA256,client,connected,aLx7,controlling,connected,CF98:8C:83:B2:58:DE:26:BE:69:BE:80:63:8C:67:37:85:57:A4:8F:E4:28:1D:D2:1F:2E:D5:85:73:3C:0B:00:57,211,1869,CFD4:1F:A0:6F:AB:20:6B:D1:82:72:42:D5:AD:C0:06:B3:67:1F:C0:4B:E5:E2:DD:4B:A3:BC:7A:CB:24:36:20:B8,1,CP2lC/v4Pi_3817qm6f,AEAD_AES_256_GCM,FEFD
T01,1776275594035.466,transport,12550,1523606,TLS_ECDHE_ECDSA_WITH_CHACHA20_POLY1305_SHA256,client,connected,aLx7,controlling,connected,CF98:8C:83:B2:58:DE:26:BE:69:BE:80:63:8C:67:37:85:57:A4:8F:E4:28:1D:D2:1F:2E:D5:85:73:3C:0B:00:57,213,1895,CFD4:1F:A0:6F:AB:20:6B:D1:82:72:42:D5:AD:C0:06:B3:67:1F:C0:4B:E5:E2:DD:4B:A3:BC:7A:CB:24:36:20:B8,1,CP2lC/v4Pi_3817qm6f,AEAD_AES_256_GCM,FEFD
T01,1776275594035.466,transport,12550,1523606,TLS_ECDHE_ECDSA_WITH_CHACHA20_POLY1305_SHA256,client,connected,aLx7,controlling,connected,CF98:8C:83:B2:58:DE:26:BE:69:BE:80:63:8C:67:37:85:57:A4:8F:E4:28:1D:D2:1F:2E:D5:85:73:3C:0B:00:57,213,1895,CFD4:1F:A0:6F:AB:20:6B:D1:82:72:42:D5:AD:C0:06:B3:67:1F:C0:4B:E5:E2:DD:4B:A3:BC:7A:CB:24:36:20:B8,1,CP2lC/v4Pi_3817qm6f,AEAD_AES_256_GCM,FEFD
T01,1776275594235.451,transport,12694,1554082,TLS_ECDHE_ECDSA_WITH_CHACHA20_POLY1305_SHA256,client,connected,aLx7,controlling,connected,CF98:8C:83:B2:58:DE:26:BE:69:BE:80:63:8C:67:37:85:57:A4:8F:E4:28:1D:D2:1F:2E:D5:85:73:3C:0B:00:57,216,1921,CFD4:1F:A0:6F:AB:20:6B:D1:82:72:42:D5:AD:C0:06:B3:67:1F:C0:4B:E5:E2:DD:4B:A3:BC:7A:CB:24:36:20:B8,1,CP2lC/v4Pi_3817qm6f,AEAD_AES_256_GCM,FEFD
T01,1776275594235.451,transport,12694,1554082,TLS_ECDHE_ECDSA_WITH_CHACHA20_POLY1305_SHA256,client,connected,aLx7,controlling,connected,CF98:8C:83:B2:58:DE:26:BE:69:BE:80:63:8C:67:37:85:57:A4:8F:E4:28:1D:D2:1F:2E:D5:85:73:3C:0B:00:57,216,1921,CFD4:1F:A0:6F:AB:20:6B:D1:82:72:42:D5:AD:C0:06:B3:67:1F:C0:4B:E5:E2:DD:4B:A3:BC:7A:CB:24:36:20:B8,1,CP2lC/v4Pi_3817qm6f,AEAD_AES_256_GCM,FEFD
T01,1776275594435.464,transport,12806,1585698,TLS_ECDHE_ECDSA_WITH_CHACHA20_POLY1305_SHA256,client,connected,aLx7,controlling,connected,CF98:8C:83:B2:58:DE:26:BE:69:BE:80:63:8C:67:37:85:57:A4:8F:E4:28:1D:D2:1F:2E:D5:85:73:3C:0B:00:57,218,1947,CFD4:1F:A0:6F:AB:20:6B:D1:82:72:42:D5:AD:C0:06:B3:67:1F:C0:4B:E5:E2:DD:4B:A3:BC:7A:CB:24:36:20:B8,1,CP2lC/v4Pi_3817qm6f,AEAD_AES_256_GCM,FEFD
T01,1776275594435.464,transport,12806,1585698,TLS_ECDHE_ECDSA_WITH_CHACHA20_POLY1305_SHA256,client,connected,aLx7,controlling,connected,CF98:8C:83:B2:58:DE:26:BE:69:BE:80:63:8C:67:37:85:57:A4:8F:E4:28:1D:D2:1F:2E:D5:85:73:3C:0B:00:57,218,1947,CFD4:1F:A0:6F:AB:20:6B:D1:82:72:42:D5:AD:C0:06:B3:67:1F:C0:4B:E5:E2:DD:4B:A3:BC:7A:CB:24:36:20:B8,1,CP2lC/v4Pi_3817qm6f,AEAD_AES_256_GCM,FEFD
T01,1776275594635.464,transport,12918,1617390,TLS_ECDHE_ECDSA_WITH_CHACHA20_POLY1305_SHA256,client,connected,aLx7,controlling,connected,CF98:8C:83:B2:58:DE:26:BE:69:BE:80:63:8C:67:37:85:57:A4:8F:E4:28:1D:D2:1F:2E:D5:85:73:3C:0B:00:57,220,1974,CFD4:1F:A0:6F:AB:20:6B:D1:82:72:42:D5:AD:C0:06:B3:67:1F:C0:4B:E5:E2:DD:4B:A3:BC:7A:CB:24:36:20:B8,1,CP2lC/v4Pi_3817qm6f,AEAD_AES_256_GCM,FEFD
T01,1776275594635.464,transport,12918,1617390,TLS_ECDHE_ECDSA_WITH_CHACHA20_POLY1305_SHA256,client,connected,aLx7,controlling,connected,CF98:8C:83:B2:58:DE:26:BE:69:BE:80:63:8C:67:37:85:57:A4:8F:E4:28:1D:D2:1F:2E:D5:85:73:3C:0B:00:57,220,1974,CFD4:1F:A0:6F:AB:20:6B:D1:82:72:42:D5:AD:C0:06:B3:67:1F:C0:4B:E5:E2:DD:4B:A3:BC:7A:CB:24:36:20:B8,1,CP2lC/v4Pi_3817qm6f,AEAD_AES_256_GCM,FEFD
T01,1776275594835.548,transport,13126,1650322,TLS_ECDHE_ECDSA_WITH_CHACHA20_POLY1305_SHA256,client,connected,aLx7,controlling,connected,CF98:8C:83:B2:58:DE:26:BE:69:BE:80:63:8C:67:37:85:57:A4:8F:E4:28:1D:D2:1F:2E:D5:85:73:3C:0B:00:57,223,2002,CFD4:1F:A0:6F:AB:20:6B:D1:82:72:42:D5:AD:C0:06:B3:67:1F:C0:4B:E5:E2:DD:4B:A3:BC:7A:CB:24:36:20:B8,1,CP2lC/v4Pi_3817qm6f,AEAD_AES_256_GCM,FEFD
T01,1776275594835.548,transport,13126,1650322,TLS_ECDHE_ECDSA_WITH_CHACHA20_POLY1305_SHA256,client,connected,aLx7,controlling,connected,CF98:8C:83:B2:58:DE:26:BE:69:BE:80:63:8C:67:37:85:57:A4:8F:E4:28:1D:D2:1F:2E:D5:85:73:3C:0B:00:57,223,2002,CFD4:1F:A0:6F:AB:20:6B:D1:82:72:42:D5:AD:C0:06:B3:67:1F:C0:4B:E5:E2:DD:4B:A3:BC:7A:CB:24:36:20:B8,1,CP2lC/v4Pi_3817qm6f,AEAD_AES_256_GCM,FEFD
T01,1776275595035.464,transport,13238,1682014,TLS_ECDHE_ECDSA_WITH_CHACHA20_POLY1305_SHA256,client,connected,aLx7,controlling,connected,CF98:8C:83:B2:58:DE:26:BE:69:BE:80:63:8C:67:37:85:57:A4:8F:E4:28:1D:D2:1F:2E:D5:85:73:3C:0B:00:57,225,2029,CFD4:1F:A0:6F:AB:20:6B:D1:82:72:42:D5:AD:C0:06:B3:67:1F:C0:4B:E5:E2:DD:4B:A3:BC:7A:CB:24:36:20:B8,1,CP2lC/v4Pi_3817qm6f,AEAD_AES_256_GCM,FEFD
T01,1776275595035.464,transport,13238,1682014,TLS_ECDHE_ECDSA_WITH_CHACHA20_POLY1305_SHA256,client,connected,aLx7,controlling,connected,CF98:8C:83:B2:58:DE:26:BE:69:BE:80:63:8C:67:37:85:57:A4:8F:E4:28:1D:D2:1F:2E:D5:85:73:3C:0B:00:57,225,2029,CFD4:1F:A0:6F:AB:20:6B:D1:82:72:42:D5:AD:C0:06:B3:67:1F:C0:4B:E5:E2:DD:4B:A3:BC:7A:CB:24:36:20:B8,1,CP2lC/v4Pi_3817qm6f,AEAD_AES_256_GCM,FEFD
T01,1776275595235.474,transport,13382,1714846,TLS_ECDHE_ECDSA_WITH_CHACHA20_POLY1305_SHA256,client,connected,aLx7,controlling,connected,CF98:8C:83:B2:58:DE:26:BE:69:BE:80:63:8C:67:37:85:57:A4:8F:E4:28:1D:D2:1F:2E:D5:85:73:3C:0B:00:57,228,2056,CFD4:1F:A0:6F:AB:20:6B:D1:82:72:42:D5:AD:C0:06:B3:67:1F:C0:4B:E5:E2:DD:4B:A3:BC:7A:CB:24:36:20:B8,1,CP2lC/v4Pi_3817qm6f,AEAD_AES_256_GCM,FEFD
T01,1776275595235.474,transport,13382,1714846,TLS_ECDHE_ECDSA_WITH_CHACHA20_POLY1305_SHA256,client,connected,aLx7,controlling,connected,CF98:8C:83:B2:58:DE:26:BE:69:BE:80:63:8C:67:37:85:57:A4:8F:E4:28:1D:D2:1F:2E:D5:85:73:3C:0B:00:57,228,2056,CFD4:1F:A0:6F:AB:20:6B:D1:82:72:42:D5:AD:C0:06:B3:67:1F:C0:4B:E5:E2:DD:4B:A3:BC:7A:CB:24:36:20:B8,1,CP2lC/v4Pi_3817qm6f,AEAD_AES_256_GCM,FEFD
T01,1776275595435.551,transport,13494,1747754,TLS_ECDHE_ECDSA_WITH_CHACHA20_POLY1305_SHA256,client,connected,aLx7,controlling,connected,CF98:8C:83:B2:58:DE:26:BE:69:BE:80:63:8C:67:37:85:57:A4:8F:E4:28:1D:D2:1F:2E:D5:85:73:3C:0B:00:57,230,2084,CFD4:1F:A0:6F:AB:20:6B:D1:82:72:42:D5:AD:C0:06:B3:67:1F:C0:4B:E5:E2:DD:4B:A3:BC:7A:CB:24:36:20:B8,1,CP2lC/v4Pi_3817qm6f,AEAD_AES_256_GCM,FEFD
T01,1776275595435.551,transport,13494,1747754,TLS_ECDHE_ECDSA_WITH_CHACHA20_POLY1305_SHA256,client,connected,aLx7,controlling,connected,CF98:8C:83:B2:58:DE:26:BE:69:BE:80:63:8C:67:37:85:57:A4:8F:E4:28:1D:D2:1F:2E:D5:85:73:3C:0B:00:57,230,2084,CFD4:1F:A0:6F:AB:20:6B:D1:82:72:42:D5:AD:C0:06:B3:67:1F:C0:4B:E5:E2:DD:4B:A3:BC:7A:CB:24:36:20:B8,1,CP2lC/v4Pi_3817qm6f,AEAD_AES_256_GCM,FEFD
T01,1776275595635.47,transport,13606,1780586,TLS_ECDHE_ECDSA_WITH_CHACHA20_POLY1305_SHA256,client,connected,aLx7,controlling,connected,CF98:8C:83:B2:58:DE:26:BE:69:BE:80:63:8C:67:37:85:57:A4:8F:E4:28:1D:D2:1F:2E:D5:85:73:3C:0B:00:57,232,2111,CFD4:1F:A0:6F:AB:20:6B:D1:82:72:42:D5:AD:C0:06:B3:67:1F:C0:4B:E5:E2:DD:4B:A3:BC:7A:CB:24:36:20:B8,1,CP2lC/v4Pi_3817qm6f,AEAD_AES_256_GCM,FEFD
T01,1776275595635.47,transport,13606,1780586,TLS_ECDHE_ECDSA_WITH_CHACHA20_POLY1305_SHA256,client,connected,aLx7,controlling,connected,CF98:8C:83:B2:58:DE:26:BE:69:BE:80:63:8C:67:37:85:57:A4:8F:E4:28:1D:D2:1F:2E:D5:85:73:3C:0B:00:57,232,2111,CFD4:1F:A0:6F:AB:20:6B:D1:82:72:42:D5:AD:C0:06:B3:67:1F:C0:4B:E5:E2:DD:4B:A3:BC:7A:CB:24:36:20:B8,1,CP2lC/v4Pi_3817qm6f,AEAD_AES_256_GCM,FEFD
T01,1776275595835.466,transport,13718,1813494,TLS_ECDHE_ECDSA_WITH_CHACHA20_POLY1305_SHA256,client,connected,aLx7,controlling,connected,CF98:8C:83:B2:58:DE:26:BE:69:BE:80:63:8C:67:37:85:57:A4:8F:E4:28:1D:D2:1F:2E:D5:85:73:3C:0B:00:57,234,2139,CFD4:1F:A0:6F:AB:20:6B:D1:82:72:42:D5:AD:C0:06:B3:67:1F:C0:4B:E5:E2:DD:4B:A3:BC:7A:CB:24:36:20:B8,1,CP2lC/v4Pi_3817qm6f,AEAD_AES_256_GCM,FEFD
T01,1776275595835.466,transport,13718,1813494,TLS_ECDHE_ECDSA_WITH_CHACHA20_POLY1305_SHA256,client,connected,aLx7,controlling,connected,CF98:8C:83:B2:58:DE:26:BE:69:BE:80:63:8C:67:37:85:57:A4:8F:E4:28:1D:D2:1F:2E:D5:85:73:3C:0B:00:57,234,2139,CFD4:1F:A0:6F:AB:20:6B:D1:82:72:42:D5:AD:C0:06:B3:67:1F:C0:4B:E5:E2:DD:4B:A3:BC:7A:CB:24:36:20:B8,1,CP2lC/v4Pi_3817qm6f,AEAD_AES_256_GCM,FEFD
T01,1776275596035.471,transport,13926,1846426,TLS_ECDHE_ECDSA_WITH_CHACHA20_POLY1305_SHA256,client,connected,aLx7,controlling,connected,CF98:8C:83:B2:58:DE:26:BE:69:BE:80:63:8C:67:37:85:57:A4:8F:E4:28:1D:D2:1F:2E:D5:85:73:3C:0B:00:57,237,2167,CFD4:1F:A0:6F:AB:20:6B:D1:82:72:42:D5:AD:C0:06:B3:67:1F:C0:4B:E5:E2:DD:4B:A3:BC:7A:CB:24:36:20:B8,1,CP2lC/v4Pi_3817qm6f,AEAD_AES_256_GCM,FEFD
T01,1776275596035.471,transport,13926,1846426,TLS_ECDHE_ECDSA_WITH_CHACHA20_POLY1305_SHA256,client,connected,aLx7,controlling,connected,CF98:8C:83:B2:58:DE:26:BE:69:BE:80:63:8C:67:37:85:57:A4:8F:E4:28:1D:D2:1F:2E:D5:85:73:3C:0B:00:57,237,2167,CFD4:1F:A0:6F:AB:20:6B:D1:82:72:42:D5:AD:C0:06:B3:67:1F:C0:4B:E5:E2:DD:4B:A3:BC:7A:CB:24:36:20:B8,1,CP2lC/v4Pi_3817qm6f,AEAD_AES_256_GCM,FEFD
T01,1776275596235.402,transport,14042,1879258,TLS_ECDHE_ECDSA_WITH_CHACHA20_POLY1305_SHA256,client,connected,aLx7,controlling,connected,CF98:8C:83:B2:58:DE:26:BE:69:BE:80:63:8C:67:37:85:57:A4:8F:E4:28:1D:D2:1F:2E:D5:85:73:3C:0B:00:57,239,2194,CFD4:1F:A0:6F:AB:20:6B:D1:82:72:42:D5:AD:C0:06:B3:67:1F:C0:4B:E5:E2:DD:4B:A3:BC:7A:CB:24:36:20:B8,1,CP2lC/v4Pi_3817qm6f,AEAD_AES_256_GCM,FEFD
T01,1776275596235.402,transport,14042,1879258,TLS_ECDHE_ECDSA_WITH_CHACHA20_POLY1305_SHA256,client,connected,aLx7,controlling,connected,CF98:8C:83:B2:58:DE:26:BE:69:BE:80:63:8C:67:37:85:57:A4:8F:E4:28:1D:D2:1F:2E:D5:85:73:3C:0B:00:57,239,2194,CFD4:1F:A0:6F:AB:20:6B:D1:82:72:42:D5:AD:C0:06:B3:67:1F:C0:4B:E5:E2:DD:4B:A3:BC:7A:CB:24:36:20:B8,1,CP2lC/v4Pi_3817qm6f,AEAD_AES_256_GCM,FEFD
T01,1776275596435.457,transport,14186,1912166,TLS_ECDHE_ECDSA_WITH_CHACHA20_POLY1305_SHA256,client,connected,aLx7,controlling,connected,CF98:8C:83:B2:58:DE:26:BE:69:BE:80:63:8C:67:37:85:57:A4:8F:E4:28:1D:D2:1F:2E:D5:85:73:3C:0B:00:57,242,2222,CFD4:1F:A0:6F:AB:20:6B:D1:82:72:42:D5:AD:C0:06:B3:67:1F:C0:4B:E5:E2:DD:4B:A3:BC:7A:CB:24:36:20:B8,1,CP2lC/v4Pi_3817qm6f,AEAD_AES_256_GCM,FEFD
T01,1776275596435.457,transport,14186,1912166,TLS_ECDHE_ECDSA_WITH_CHACHA20_POLY1305_SHA256,client,connected,aLx7,controlling,connected,CF98:8C:83:B2:58:DE:26:BE:69:BE:80:63:8C:67:37:85:57:A4:8F:E4:28:1D:D2:1F:2E:D5:85:73:3C:0B:00:57,242,2222,CFD4:1F:A0:6F:AB:20:6B:D1:82:72:42:D5:AD:C0:06:B3:67:1F:C0:4B:E5:E2:DD:4B:A3:BC:7A:CB:24:36:20:B8,1,CP2lC/v4Pi_3817qm6f,AEAD_AES_256_GCM,FEFD
T01,1776275596635.414,transport,14298,1944998,TLS_ECDHE_ECDSA_WITH_CHACHA20_POLY1305_SHA256,client,connected,aLx7,controlling,connected,CF98:8C:83:B2:58:DE:26:BE:69:BE:80:63:8C:67:37:85:57:A4:8F:E4:28:1D:D2:1F:2E:D5:85:73:3C:0B:00:57,244,2249,CFD4:1F:A0:6F:AB:20:6B:D1:82:72:42:D5:AD:C0:06:B3:67:1F:C0:4B:E5:E2:DD:4B:A3:BC:7A:CB:24:36:20:B8,1,CP2lC/v4Pi_3817qm6f,AEAD_AES_256_GCM,FEFD
T01,1776275596635.414,transport,14298,1944998,TLS_ECDHE_ECDSA_WITH_CHACHA20_POLY1305_SHA256,client,connected,aLx7,controlling,connected,CF98:8C:83:B2:58:DE:26:BE:69:BE:80:63:8C:67:37:85:57:A4:8F:E4:28:1D:D2:1F:2E:D5:85:73:3C:0B:00:57,244,2249,CFD4:1F:A0:6F:AB:20:6B:D1:82:72:42:D5:AD:C0:06:B3:67:1F:C0:4B:E5:E2:DD:4B:A3:BC:7A:CB:24:36:20:B8,1,CP2lC/v4Pi_3817qm6f,AEAD_AES_256_GCM,FEFD
T01,1776275596835.479,transport,14354,1977906,TLS_ECDHE_ECDSA_WITH_CHACHA20_POLY1305_SHA256,client,connected,aLx7,controlling,connected,CF98:8C:83:B2:58:DE:26:BE:69:BE:80:63:8C:67:37:85:57:A4:8F:E4:28:1D:D2:1F:2E:D5:85:73:3C:0B:00:57,245,2277,CFD4:1F:A0:6F:AB:20:6B:D1:82:72:42:D5:AD:C0:06:B3:67:1F:C0:4B:E5:E2:DD:4B:A3:BC:7A:CB:24:36:20:B8,1,CP2lC/v4Pi_3817qm6f,AEAD_AES_256_GCM,FEFD
T01,1776275596835.479,transport,14354,1977906,TLS_ECDHE_ECDSA_WITH_CHACHA20_POLY1305_SHA256,client,connected,aLx7,controlling,connected,CF98:8C:83:B2:58:DE:26:BE:69:BE:80:63:8C:67:37:85:57:A4:8F:E4:28:1D:D2:1F:2E:D5:85:73:3C:0B:00:57,245,2277,CFD4:1F:A0:6F:AB:20:6B:D1:82:72:42:D5:AD:C0:06:B3:67:1F:C0:4B:E5:E2:DD:4B:A3:BC:7A:CB:24:36:20:B8,1,CP2lC/v4Pi_3817qm6f,AEAD_AES_256_GCM,FEFD
T01,1776275597035.563,transport,14466,2010738,TLS_ECDHE_ECDSA_WITH_CHACHA20_POLY1305_SHA256,client,connected,aLx7,controlling,connected,CF98:8C:83:B2:58:DE:26:BE:69:BE:80:63:8C:67:37:85:57:A4:8F:E4:28:1D:D2:1F:2E:D5:85:73:3C:0B:00:57,247,2304,CFD4:1F:A0:6F:AB:20:6B:D1:82:72:42:D5:AD:C0:06:B3:67:1F:C0:4B:E5:E2:DD:4B:A3:BC:7A:CB:24:36:20:B8,1,CP2lC/v4Pi_3817qm6f,AEAD_AES_256_GCM,FEFD
T01,1776275597035.563,transport,14466,2010738,TLS_ECDHE_ECDSA_WITH_CHACHA20_POLY1305_SHA256,client,connected,aLx7,controlling,connected,CF98:8C:83:B2:58:DE:26:BE:69:BE:80:63:8C:67:37:85:57:A4:8F:E4:28:1D:D2:1F:2E:D5:85:73:3C:0B:00:57,247,2304,CFD4:1F:A0:6F:AB:20:6B:D1:82:72:42:D5:AD:C0:06:B3:67:1F:C0:4B:E5:E2:DD:4B:A3:BC:7A:CB:24:36:20:B8,1,CP2lC/v4Pi_3817qm6f,AEAD_AES_256_GCM,FEFD
T01,1776275597235.503,transport,14570,2013246,TLS_ECDHE_ECDSA_WITH_CHACHA20_POLY1305_SHA256,client,connected,aLx7,controlling,connected,CF98:8C:83:B2:58:DE:26:BE:69:BE:80:63:8C:67:37:85:57:A4:8F:E4:28:1D:D2:1F:2E:D5:85:73:3C:0B:00:57,249,2307,CFD4:1F:A0:6F:AB:20:6B:D1:82:72:42:D5:AD:C0:06:B3:67:1F:C0:4B:E5:E2:DD:4B:A3:BC:7A:CB:24:36:20:B8,1,CP2lC/v4Pi_3817qm6f,AEAD_AES_256_GCM,FEFD
T01,1776275597235.503,transport,14570,2013246,TLS_ECDHE_ECDSA_WITH_CHACHA20_POLY1305_SHA256,client,connected,aLx7,controlling,connected,CF98:8C:83:B2:58:DE:26:BE:69:BE:80:63:8C:67:37:85:57:A4:8F:E4:28:1D:D2:1F:2E:D5:85:73:3C:0B:00:57,249,2307,CFD4:1F:A0:6F:AB:20:6B:D1:82:72:42:D5:AD:C0:06:B3:67:1F:C0:4B:E5:E2:DD:4B:A3:BC:7A:CB:24:36:20:B8,1,CP2lC/v4Pi_3817qm6f,AEAD_AES_256_GCM,FEFD
T01,1776275597435.556,transport,14698,2013346,TLS_ECDHE_ECDSA_WITH_CHACHA20_POLY1305_SHA256,client,connected,aLx7,controlling,connected,CF98:8C:83:B2:58:DE:26:BE:69:BE:80:63:8C:67:37:85:57:A4:8F:E4:28:1D:D2:1F:2E:D5:85:73:3C:0B:00:57,251,2308,CFD4:1F:A0:6F:AB:20:6B:D1:82:72:42:D5:AD:C0:06:B3:67:1F:C0:4B:E5:E2:DD:4B:A3:BC:7A:CB:24:36:20:B8,1,CP2lC/v4Pi_3817qm6f,AEAD_AES_256_GCM,FEFD
T01,1776275597435.556,transport,14698,2013346,TLS_ECDHE_ECDSA_WITH_CHACHA20_POLY1305_SHA256,client,connected,aLx7,controlling,connected,CF98:8C:83:B2:58:DE:26:BE:69:BE:80:63:8C:67:37:85:57:A4:8F:E4:28:1D:D2:1F:2E:D5:85:73:3C:0B:00:57,251,2308,CFD4:1F:A0:6F:AB:20:6B:D1:82:72:42:D5:AD:C0:06:B3:67:1F:C0:4B:E5:E2:DD:4B:A3:BC:7A:CB:24:36:20:B8,1,CP2lC/v4Pi_3817qm6f,AEAD_AES_256_GCM,FEFD
T01,1776275597635.534,transport,14698,2013346,TLS_ECDHE_ECDSA_WITH_CHACHA20_POLY1305_SHA256,client,connected,aLx7,controlling,connected,CF98:8C:83:B2:58:DE:26:BE:69:BE:80:63:8C:67:37:85:57:A4:8F:E4:28:1D:D2:1F:2E:D5:85:73:3C:0B:00:57,251,2308,CFD4:1F:A0:6F:AB:20:6B:D1:82:72:42:D5:AD:C0:06:B3:67:1F:C0:4B:E5:E2:DD:4B:A3:BC:7A:CB:24:36:20:B8,1,CP2lC/v4Pi_3817qm6f,AEAD_AES_256_GCM,FEFD
T01,1776275597635.534,transport,14698,2013346,TLS_ECDHE_ECDSA_WITH_CHACHA20_POLY1305_SHA256,client,connected,aLx7,controlling,connected,CF98:8C:83:B2:58:DE:26:BE:69:BE:80:63:8C:67:37:85:57:A4:8F:E4:28:1D:D2:1F:2E:D5:85:73:3C:0B:00:57,251,2308,CFD4:1F:A0:6F:AB:20:6B:D1:82:72:42:D5:AD:C0:06:B3:67:1F:C0:4B:E5:E2:DD:4B:A3:BC:7A:CB:24:36:20:B8,1,CP2lC/v4Pi_3817qm6f,AEAD_AES_256_GCM,FEFD
T01,1776275597835.435,transport,14698,2013346,TLS_ECDHE_ECDSA_WITH_CHACHA20_POLY1305_SHA256,client,connected,aLx7,controlling,connected,CF98:8C:83:B2:58:DE:26:BE:69:BE:80:63:8C:67:37:85:57:A4:8F:E4:28:1D:D2:1F:2E:D5:85:73:3C:0B:00:57,251,2308,CFD4:1F:A0:6F:AB:20:6B:D1:82:72:42:D5:AD:C0:06:B3:67:1F:C0:4B:E5:E2:DD:4B:A3:BC:7A:CB:24:36:20:B8,1,CP2lC/v4Pi_3817qm6f,AEAD_AES_256_GCM,FEFD
T01,1776275597835.435,transport,14698,2013346,TLS_ECDHE_ECDSA_WITH_CHACHA20_POLY1305_SHA256,client,connected,aLx7,controlling,connected,CF98:8C:83:B2:58:DE:26:BE:69:BE:80:63:8C:67:37:85:57:A4:8F:E4:28:1D:D2:1F:2E:D5:85:73:3C:0B:00:57,251,2308,CFD4:1F:A0:6F:AB:20:6B:D1:82:72:42:D5:AD:C0:06:B3:67:1F:C0:4B:E5:E2:DD:4B:A3:BC:7A:CB:24:36:20:B8,1,CP2lC/v4Pi_3817qm6f,AEAD_AES_256_GCM,FEFD
T01,1776275598035.475,transport,14698,2013422,TLS_ECDHE_ECDSA_WITH_CHACHA20_POLY1305_SHA256,client,connected,aLx7,controlling,connected,CF98:8C:83:B2:58:DE:26:BE:69:BE:80:63:8C:67:37:85:57:A4:8F:E4:28:1D:D2:1F:2E:D5:85:73:3C:0B:00:57,251,2309,CFD4:1F:A0:6F:AB:20:6B:D1:82:72:42:D5:AD:C0:06:B3:67:1F:C0:4B:E5:E2:DD:4B:A3:BC:7A:CB:24:36:20:B8,1,CP2lC/v4Pi_3817qm6f,AEAD_AES_256_GCM,FEFD
T01,1776275598035.475,transport,14698,2013422,TLS_ECDHE_ECDSA_WITH_CHACHA20_POLY1305_SHA256,client,connected,aLx7,controlling,connected,CF98:8C:83:B2:58:DE:26:BE:69:BE:80:63:8C:67:37:85:57:A4:8F:E4:28:1D:D2:1F:2E:D5:85:73:3C:0B:00:57,251,2309,CFD4:1F:A0:6F:AB:20:6B:D1:82:72:42:D5:AD:C0:06:B3:67:1F:C0:4B:E5:E2:DD:4B:A3:BC:7A:CB:24:36:20:B8,1,CP2lC/v4Pi_3817qm6f,AEAD_AES_256_GCM,FEFD
T01,1776275598235.547,transport,14698,2013422,TLS_ECDHE_ECDSA_WITH_CHACHA20_POLY1305_SHA256,client,connected,aLx7,controlling,connected,CF98:8C:83:B2:58:DE:26:BE:69:BE:80:63:8C:67:37:85:57:A4:8F:E4:28:1D:D2:1F:2E:D5:85:73:3C:0B:00:57,251,2309,CFD4:1F:A0:6F:AB:20:6B:D1:82:72:42:D5:AD:C0:06:B3:67:1F:C0:4B:E5:E2:DD:4B:A3:BC:7A:CB:24:36:20:B8,1,CP2lC/v4Pi_3817qm6f,AEAD_AES_256_GCM,FEFD
T01,1776275598235.547,transport,14698,2013422,TLS_ECDHE_ECDSA_WITH_CHACHA20_POLY1305_SHA256,client,connected,aLx7,controlling,connected,CF98:8C:83:B2:58:DE:26:BE:69:BE:80:63:8C:67:37:85:57:A4:8F:E4:28:1D:D2:1F:2E:D5:85:73:3C:0B:00:57,251,2309,CFD4:1F:A0:6F:AB:20:6B:D1:82:72:42:D5:AD:C0:06:B3:67:1F:C0:4B:E5:E2:DD:4B:A3:BC:7A:CB:24:36:20:B8,1,CP2lC/v4Pi_3817qm6f,AEAD_AES_256_GCM,FEFD
T01,1776275598435.467,transport,14698,2013422,TLS_ECDHE_ECDSA_WITH_CHACHA20_POLY1305_SHA256,client,connected,aLx7,controlling,connected,CF98:8C:83:B2:58:DE:26:BE:69:BE:80:63:8C:67:37:85:57:A4:8F:E4:28:1D:D2:1F:2E:D5:85:73:3C:0B:00:57,251,2309,CFD4:1F:A0:6F:AB:20:6B:D1:82:72:42:D5:AD:C0:06:B3:67:1F:C0:4B:E5:E2:DD:4B:A3:BC:7A:CB:24:36:20:B8,1,CP2lC/v4Pi_3817qm6f,AEAD_AES_256_GCM,FEFD
T01,1776275598435.467,transport,14698,2013422,TLS_ECDHE_ECDSA_WITH_CHACHA20_POLY1305_SHA256,client,connected,aLx7,controlling,connected,CF98:8C:83:B2:58:DE:26:BE:69:BE:80:63:8C:67:37:85:57:A4:8F:E4:28:1D:D2:1F:2E:D5:85:73:3C:0B:00:57,251,2309,CFD4:1F:A0:6F:AB:20:6B:D1:82:72:42:D5:AD:C0:06:B3:67:1F:C0:4B:E5:E2:DD:4B:A3:BC:7A:CB:24:36:20:B8,1,CP2lC/v4Pi_3817qm6f,AEAD_AES_256_GCM,FEFD
T01,1776275598635.457,transport,14698,2013422,TLS_ECDHE_ECDSA_WITH_CHACHA20_POLY1305_SHA256,client,connected,aLx7,controlling,connected,CF98:8C:83:B2:58:DE:26:BE:69:BE:80:63:8C:67:37:85:57:A4:8F:E4:28:1D:D2:1F:2E:D5:85:73:3C:0B:00:57,251,2309,CFD4:1F:A0:6F:AB:20:6B:D1:82:72:42:D5:AD:C0:06:B3:67:1F:C0:4B:E5:E2:DD:4B:A3:BC:7A:CB:24:36:20:B8,1,CP2lC/v4Pi_3817qm6f,AEAD_AES_256_GCM,FEFD
T01,1776275598635.457,transport,14698,2013422,TLS_ECDHE_ECDSA_WITH_CHACHA20_POLY1305_SHA256,client,connected,aLx7,controlling,connected,CF98:8C:83:B2:58:DE:26:BE:69:BE:80:63:8C:67:37:85:57:A4:8F:E4:28:1D:D2:1F:2E:D5:85:73:3C:0B:00:57,251,2309,CFD4:1F:A0:6F:AB:20:6B:D1:82:72:42:D5:AD:C0:06:B3:67:1F:C0:4B:E5:E2:DD:4B:A3:BC:7A:CB:24:36:20:B8,1,CP2lC/v4Pi_3817qm6f,AEAD_AES_256_GCM,FEFD
T01,1776275598835.472,transport,14794,2013422,TLS_ECDHE_ECDSA_WITH_CHACHA20_POLY1305_SHA256,client,connected,aLx7,controlling,connected,CF98:8C:83:B2:58:DE:26:BE:69:BE:80:63:8C:67:37:85:57:A4:8F:E4:28:1D:D2:1F:2E:D5:85:73:3C:0B:00:57,252,2309,CFD4:1F:A0:6F:AB:20:6B:D1:82:72:42:D5:AD:C0:06:B3:67:1F:C0:4B:E5:E2:DD:4B:A3:BC:7A:CB:24:36:20:B8,1,CP2lC/v4Pi_3817qm6f,AEAD_AES_256_GCM,FEFD
T01,1776275598835.472,transport,14794,2013422,TLS_ECDHE_ECDSA_WITH_CHACHA20_POLY1305_SHA256,client,connected,aLx7,controlling,connected,CF98:8C:83:B2:58:DE:26:BE:69:BE:80:63:8C:67:37:85:57:A4:8F:E4:28:1D:D2:1F:2E:D5:85:73:3C:0B:00:57,252,2309,CFD4:1F:A0:6F:AB:20:6B:D1:82:72:42:D5:AD:C0:06:B3:67:1F:C0:4B:E5:E2:DD:4B:A3:BC:7A:CB:24:36:20:B8,1,CP2lC/v4Pi_3817qm6f,AEAD_AES_256_GCM,FEFD
T01,1776275599035.539,transport,14794,2013522,TLS_ECDHE_ECDSA_WITH_CHACHA20_POLY1305_SHA256,client,connected,aLx7,controlling,connected,CF98:8C:83:B2:58:DE:26:BE:69:BE:80:63:8C:67:37:85:57:A4:8F:E4:28:1D:D2:1F:2E:D5:85:73:3C:0B:00:57,252,2310,CFD4:1F:A0:6F:AB:20:6B:D1:82:72:42:D5:AD:C0:06:B3:67:1F:C0:4B:E5:E2:DD:4B:A3:BC:7A:CB:24:36:20:B8,1,CP2lC/v4Pi_3817qm6f,AEAD_AES_256_GCM,FEFD
T01,1776275599035.539,transport,14794,2013522,TLS_ECDHE_ECDSA_WITH_CHACHA20_POLY1305_SHA256,client,connected,aLx7,controlling,connected,CF98:8C:83:B2:58:DE:26:BE:69:BE:80:63:8C:67:37:85:57:A4:8F:E4:28:1D:D2:1F:2E:D5:85:73:3C:0B:00:57,252,2310,CFD4:1F:A0:6F:AB:20:6B:D1:82:72:42:D5:AD:C0:06:B3:67:1F:C0:4B:E5:E2:DD:4B:A3:BC:7A:CB:24:36:20:B8,1,CP2lC/v4Pi_3817qm6f,AEAD_AES_256_GCM,FEFD
T01,1776275599235.47,transport,14794,2013522,TLS_ECDHE_ECDSA_WITH_CHACHA20_POLY1305_SHA256,client,connected,aLx7,controlling,connected,CF98:8C:83:B2:58:DE:26:BE:69:BE:80:63:8C:67:37:85:57:A4:8F:E4:28:1D:D2:1F:2E:D5:85:73:3C:0B:00:57,252,2310,CFD4:1F:A0:6F:AB:20:6B:D1:82:72:42:D5:AD:C0:06:B3:67:1F:C0:4B:E5:E2:DD:4B:A3:BC:7A:CB:24:36:20:B8,1,CP2lC/v4Pi_3817qm6f,AEAD_AES_256_GCM,FEFD
T01,1776275599235.47,transport,14794,2013522,TLS_ECDHE_ECDSA_WITH_CHACHA20_POLY1305_SHA256,client,connected,aLx7,controlling,connected,CF98:8C:83:B2:58:DE:26:BE:69:BE:80:63:8C:67:37:85:57:A4:8F:E4:28:1D:D2:1F:2E:D5:85:73:3C:0B:00:57,252,2310,CFD4:1F:A0:6F:AB:20:6B:D1:82:72:42:D5:AD:C0:06:B3:67:1F:C0:4B:E5:E2:DD:4B:A3:BC:7A:CB:24:36:20:B8,1,CP2lC/v4Pi_3817qm6f,AEAD_AES_256_GCM,FEFD
T01,1776275599435.538,transport,14794,2013522,TLS_ECDHE_ECDSA_WITH_CHACHA20_POLY1305_SHA256,client,connected,aLx7,controlling,connected,CF98:8C:83:B2:58:DE:26:BE:69:BE:80:63:8C:67:37:85:57:A4:8F:E4:28:1D:D2:1F:2E:D5:85:73:3C:0B:00:57,252,2310,CFD4:1F:A0:6F:AB:20:6B:D1:82:72:42:D5:AD:C0:06:B3:67:1F:C0:4B:E5:E2:DD:4B:A3:BC:7A:CB:24:36:20:B8,1,CP2lC/v4Pi_3817qm6f,AEAD_AES_256_GCM,FEFD
T01,1776275599435.538,transport,14794,2013522,TLS_ECDHE_ECDSA_WITH_CHACHA20_POLY1305_SHA256,client,connected,aLx7,controlling,connected,CF98:8C:83:B2:58:DE:26:BE:69:BE:80:63:8C:67:37:85:57:A4:8F:E4:28:1D:D2:1F:2E:D5:85:73:3C:0B:00:57,252,2310,CFD4:1F:A0:6F:AB:20:6B:D1:82:72:42:D5:AD:C0:06:B3:67:1F:C0:4B:E5:E2:DD:4B:A3:BC:7A:CB:24:36:20:B8,1,CP2lC/v4Pi_3817qm6f,AEAD_AES_256_GCM,FEFD
T01,1776275599635.54,transport,14794,2013522,TLS_ECDHE_ECDSA_WITH_CHACHA20_POLY1305_SHA256,client,connected,aLx7,controlling,connected,CF98:8C:83:B2:58:DE:26:BE:69:BE:80:63:8C:67:37:85:57:A4:8F:E4:28:1D:D2:1F:2E:D5:85:73:3C:0B:00:57,252,2310,CFD4:1F:A0:6F:AB:20:6B:D1:82:72:42:D5:AD:C0:06:B3:67:1F:C0:4B:E5:E2:DD:4B:A3:BC:7A:CB:24:36:20:B8,1,CP2lC/v4Pi_3817qm6f,AEAD_AES_256_GCM,FEFD
T01,1776275599635.54,transport,14794,2013522,TLS_ECDHE_ECDSA_WITH_CHACHA20_POLY1305_SHA256,client,connected,aLx7,controlling,connected,CF98:8C:83:B2:58:DE:26:BE:69:BE:80:63:8C:67:37:85:57:A4:8F:E4:28:1D:D2:1F:2E:D5:85:73:3C:0B:00:57,252,2310,CFD4:1F:A0:6F:AB:20:6B:D1:82:72:42:D5:AD:C0:06:B3:67:1F:C0:4B:E5:E2:DD:4B:A3:BC:7A:CB:24:36:20:B8,1,CP2lC/v4Pi_3817qm6f,AEAD_AES_256_GCM,FEFD
T01,1776275599835.434,transport,14794,2013598,TLS_ECDHE_ECDSA_WITH_CHACHA20_POLY1305_SHA256,client,connected,aLx7,controlling,connected,CF98:8C:83:B2:58:DE:26:BE:69:BE:80:63:8C:67:37:85:57:A4:8F:E4:28:1D:D2:1F:2E:D5:85:73:3C:0B:00:57,252,2311,CFD4:1F:A0:6F:AB:20:6B:D1:82:72:42:D5:AD:C0:06:B3:67:1F:C0:4B:E5:E2:DD:4B:A3:BC:7A:CB:24:36:20:B8,1,CP2lC/v4Pi_3817qm6f,AEAD_AES_256_GCM,FEFD
T01,1776275599835.434,transport,14794,2013598,TLS_ECDHE_ECDSA_WITH_CHACHA20_POLY1305_SHA256,client,connected,aLx7,controlling,connected,CF98:8C:83:B2:58:DE:26:BE:69:BE:80:63:8C:67:37:85:57:A4:8F:E4:28:1D:D2:1F:2E:D5:85:73:3C:0B:00:57,252,2311,CFD4:1F:A0:6F:AB:20:6B:D1:82:72:42:D5:AD:C0:06:B3:67:1F:C0:4B:E5:E2:DD:4B:A3:BC:7A:CB:24:36:20:B8,1,CP2lC/v4Pi_3817qm6f,AEAD_AES_256_GCM,FEFD
T01,1776275600035.388,transport,14794,2013598,TLS_ECDHE_ECDSA_WITH_CHACHA20_POLY1305_SHA256,client,connected,aLx7,controlling,connected,CF98:8C:83:B2:58:DE:26:BE:69:BE:80:63:8C:67:37:85:57:A4:8F:E4:28:1D:D2:1F:2E:D5:85:73:3C:0B:00:57,252,2311,CFD4:1F:A0:6F:AB:20:6B:D1:82:72:42:D5:AD:C0:06:B3:67:1F:C0:4B:E5:E2:DD:4B:A3:BC:7A:CB:24:36:20:B8,1,CP2lC/v4Pi_3817qm6f,AEAD_AES_256_GCM,FEFD
T01,1776275600035.388,transport,14794,2013598,TLS_ECDHE_ECDSA_WITH_CHACHA20_POLY1305_SHA256,client,connected,aLx7,controlling,connected,CF98:8C:83:B2:58:DE:26:BE:69:BE:80:63:8C:67:37:85:57:A4:8F:E4:28:1D:D2:1F:2E:D5:85:73:3C:0B:00:57,252,2311,CFD4:1F:A0:6F:AB:20:6B:D1:82:72:42:D5:AD:C0:06:B3:67:1F:C0:4B:E5:E2:DD:4B:A3:BC:7A:CB:24:36:20:B8,1,CP2lC/v4Pi_3817qm6f,AEAD_AES_256_GCM,FEFD
T01,1776275600235.471,transport,14890,2013598,TLS_ECDHE_ECDSA_WITH_CHACHA20_POLY1305_SHA256,client,connected,aLx7,controlling,connected,CF98:8C:83:B2:58:DE:26:BE:69:BE:80:63:8C:67:37:85:57:A4:8F:E4:28:1D:D2:1F:2E:D5:85:73:3C:0B:00:57,253,2311,CFD4:1F:A0:6F:AB:20:6B:D1:82:72:42:D5:AD:C0:06:B3:67:1F:C0:4B:E5:E2:DD:4B:A3:BC:7A:CB:24:36:20:B8,1,CP2lC/v4Pi_3817qm6f,AEAD_AES_256_GCM,FEFD
T01,1776275600235.471,transport,14890,2013598,TLS_ECDHE_ECDSA_WITH_CHACHA20_POLY1305_SHA256,client,connected,aLx7,controlling,connected,CF98:8C:83:B2:58:DE:26:BE:69:BE:80:63:8C:67:37:85:57:A4:8F:E4:28:1D:D2:1F:2E:D5:85:73:3C:0B:00:57,253,2311,CFD4:1F:A0:6F:AB:20:6B:D1:82:72:42:D5:AD:C0:06:B3:67:1F:C0:4B:E5:E2:DD:4B:A3:BC:7A:CB:24:36:20:B8,1,CP2lC/v4Pi_3817qm6f,AEAD_AES_256_GCM,FEFD
T01,1776275600435.46,transport,14890,2013598,TLS_ECDHE_ECDSA_WITH_CHACHA20_POLY1305_SHA256,client,connected,aLx7,controlling,connected,CF98:8C:83:B2:58:DE:26:BE:69:BE:80:63:8C:67:37:85:57:A4:8F:E4:28:1D:D2:1F:2E:D5:85:73:3C:0B:00:57,253,2311,CFD4:1F:A0:6F:AB:20:6B:D1:82:72:42:D5:AD:C0:06:B3:67:1F:C0:4B:E5:E2:DD:4B:A3:BC:7A:CB:24:36:20:B8,1,CP2lC/v4Pi_3817qm6f,AEAD_AES_256_GCM,FEFD
T01,1776275600435.46,transport,14890,2013598,TLS_ECDHE_ECDSA_WITH_CHACHA20_POLY1305_SHA256,client,connected,aLx7,controlling,connected,CF98:8C:83:B2:58:DE:26:BE:69:BE:80:63:8C:67:37:85:57:A4:8F:E4:28:1D:D2:1F:2E:D5:85:73:3C:0B:00:57,253,2311,CFD4:1F:A0:6F:AB:20:6B:D1:82:72:42:D5:AD:C0:06:B3:67:1F:C0:4B:E5:E2:DD:4B:A3:BC:7A:CB:24:36:20:B8,1,CP2lC/v4Pi_3817qm6f,AEAD_AES_256_GCM,FEFD
T01,1776275600635.412,transport,14890,2013698,TLS_ECDHE_ECDSA_WITH_CHACHA20_POLY1305_SHA256,client,connected,aLx7,controlling,connected,CF98:8C:83:B2:58:DE:26:BE:69:BE:80:63:8C:67:37:85:57:A4:8F:E4:28:1D:D2:1F:2E:D5:85:73:3C:0B:00:57,253,2312,CFD4:1F:A0:6F:AB:20:6B:D1:82:72:42:D5:AD:C0:06:B3:67:1F:C0:4B:E5:E2:DD:4B:A3:BC:7A:CB:24:36:20:B8,1,CP2lC/v4Pi_3817qm6f,AEAD_AES_256_GCM,FEFD
T01,1776275600635.412,transport,14890,2013698,TLS_ECDHE_ECDSA_WITH_CHACHA20_POLY1305_SHA256,client,connected,aLx7,controlling,connected,CF98:8C:83:B2:58:DE:26:BE:69:BE:80:63:8C:67:37:85:57:A4:8F:E4:28:1D:D2:1F:2E:D5:85:73:3C:0B:00:57,253,2312,CFD4:1F:A0:6F:AB:20:6B:D1:82:72:42:D5:AD:C0:06:B3:67:1F:C0:4B:E5:E2:DD:4B:A3:BC:7A:CB:24:36:20:B8,1,CP2lC/v4Pi_3817qm6f,AEAD_AES_256_GCM,FEFD
T01,1776275600835.55,transport,14890,2013698,TLS_ECDHE_ECDSA_WITH_CHACHA20_POLY1305_SHA256,client,connected,aLx7,controlling,connected,CF98:8C:83:B2:58:DE:26:BE:69:BE:80:63:8C:67:37:85:57:A4:8F:E4:28:1D:D2:1F:2E:D5:85:73:3C:0B:00:57,253,2312,CFD4:1F:A0:6F:AB:20:6B:D1:82:72:42:D5:AD:C0:06:B3:67:1F:C0:4B:E5:E2:DD:4B:A3:BC:7A:CB:24:36:20:B8,1,CP2lC/v4Pi_3817qm6f,AEAD_AES_256_GCM,FEFD
T01,1776275600835.55,transport,14890,2013698,TLS_ECDHE_ECDSA_WITH_CHACHA20_POLY1305_SHA256,client,connected,aLx7,controlling,connected,CF98:8C:83:B2:58:DE:26:BE:69:BE:80:63:8C:67:37:85:57:A4:8F:E4:28:1D:D2:1F:2E:D5:85:73:3C:0B:00:57,253,2312,CFD4:1F:A0:6F:AB:20:6B:D1:82:72:42:D5:AD:C0:06:B3:67:1F:C0:4B:E5:E2:DD:4B:A3:BC:7A:CB:24:36:20:B8,1,CP2lC/v4Pi_3817qm6f,AEAD_AES_256_GCM,FEFD
T01,1776275601035.45,transport,14890,2013698,TLS_ECDHE_ECDSA_WITH_CHACHA20_POLY1305_SHA256,client,connected,aLx7,controlling,connected,CF98:8C:83:B2:58:DE:26:BE:69:BE:80:63:8C:67:37:85:57:A4:8F:E4:28:1D:D2:1F:2E:D5:85:73:3C:0B:00:57,253,2312,CFD4:1F:A0:6F:AB:20:6B:D1:82:72:42:D5:AD:C0:06:B3:67:1F:C0:4B:E5:E2:DD:4B:A3:BC:7A:CB:24:36:20:B8,1,CP2lC/v4Pi_3817qm6f,AEAD_AES_256_GCM,FEFD
T01,1776275601035.45,transport,14890,2013698,TLS_ECDHE_ECDSA_WITH_CHACHA20_POLY1305_SHA256,client,connected,aLx7,controlling,connected,CF98:8C:83:B2:58:DE:26:BE:69:BE:80:63:8C:67:37:85:57:A4:8F:E4:28:1D:D2:1F:2E:D5:85:73:3C:0B:00:57,253,2312,CFD4:1F:A0:6F:AB:20:6B:D1:82:72:42:D5:AD:C0:06:B3:67:1F:C0:4B:E5:E2:DD:4B:A3:BC:7A:CB:24:36:20:B8,1,CP2lC/v4Pi_3817qm6f,AEAD_AES_256_GCM,FEFD
T01,1776275601235.439,transport,14986,2013774,TLS_ECDHE_ECDSA_WITH_CHACHA20_POLY1305_SHA256,client,connected,aLx7,controlling,connected,CF98:8C:83:B2:58:DE:26:BE:69:BE:80:63:8C:67:37:85:57:A4:8F:E4:28:1D:D2:1F:2E:D5:85:73:3C:0B:00:57,254,2313,CFD4:1F:A0:6F:AB:20:6B:D1:82:72:42:D5:AD:C0:06:B3:67:1F:C0:4B:E5:E2:DD:4B:A3:BC:7A:CB:24:36:20:B8,1,CP2lC/v4Pi_3817qm6f,AEAD_AES_256_GCM,FEFD
T01,1776275601235.439,transport,14986,2013774,TLS_ECDHE_ECDSA_WITH_CHACHA20_POLY1305_SHA256,client,connected,aLx7,controlling,connected,CF98:8C:83:B2:58:DE:26:BE:69:BE:80:63:8C:67:37:85:57:A4:8F:E4:28:1D:D2:1F:2E:D5:85:73:3C:0B:00:57,254,2313,CFD4:1F:A0:6F:AB:20:6B:D1:82:72:42:D5:AD:C0:06:B3:67:1F:C0:4B:E5:E2:DD:4B:A3:BC:7A:CB:24:36:20:B8,1,CP2lC/v4Pi_3817qm6f,AEAD_AES_256_GCM,FEFD
T01,1776275601435.503,transport,14986,2013774,TLS_ECDHE_ECDSA_WITH_CHACHA20_POLY1305_SHA256,client,connected,aLx7,controlling,connected,CF98:8C:83:B2:58:DE:26:BE:69:BE:80:63:8C:67:37:85:57:A4:8F:E4:28:1D:D2:1F:2E:D5:85:73:3C:0B:00:57,254,2313,CFD4:1F:A0:6F:AB:20:6B:D1:82:72:42:D5:AD:C0:06:B3:67:1F:C0:4B:E5:E2:DD:4B:A3:BC:7A:CB:24:36:20:B8,1,CP2lC/v4Pi_3817qm6f,AEAD_AES_256_GCM,FEFD
T01,1776275601435.503,transport,14986,2013774,TLS_ECDHE_ECDSA_WITH_CHACHA20_POLY1305_SHA256,client,connected,aLx7,controlling,connected,CF98:8C:83:B2:58:DE:26:BE:69:BE:80:63:8C:67:37:85:57:A4:8F:E4:28:1D:D2:1F:2E:D5:85:73:3C:0B:00:57,254,2313,CFD4:1F:A0:6F:AB:20:6B:D1:82:72:42:D5:AD:C0:06:B3:67:1F:C0:4B:E5:E2:DD:4B:A3:BC:7A:CB:24:36:20:B8,1,CP2lC/v4Pi_3817qm6f,AEAD_AES_256_GCM,FEFD
T01,1776275601635.547,transport,14986,2013774,TLS_ECDHE_ECDSA_WITH_CHACHA20_POLY1305_SHA256,client,connected,aLx7,controlling,connected,CF98:8C:83:B2:58:DE:26:BE:69:BE:80:63:8C:67:37:85:57:A4:8F:E4:28:1D:D2:1F:2E:D5:85:73:3C:0B:00:57,254,2313,CFD4:1F:A0:6F:AB:20:6B:D1:82:72:42:D5:AD:C0:06:B3:67:1F:C0:4B:E5:E2:DD:4B:A3:BC:7A:CB:24:36:20:B8,1,CP2lC/v4Pi_3817qm6f,AEAD_AES_256_GCM,FEFD
T01,1776275601635.547,transport,14986,2013774,TLS_ECDHE_ECDSA_WITH_CHACHA20_POLY1305_SHA256,client,connected,aLx7,controlling,connected,CF98:8C:83:B2:58:DE:26:BE:69:BE:80:63:8C:67:37:85:57:A4:8F:E4:28:1D:D2:1F:2E:D5:85:73:3C:0B:00:57,254,2313,CFD4:1F:A0:6F:AB:20:6B:D1:82:72:42:D5:AD:C0:06:B3:67:1F:C0:4B:E5:E2:DD:4B:A3:BC:7A:CB:24:36:20:B8,1,CP2lC/v4Pi_3817qm6f,AEAD_AES_256_GCM,FEFD
T01,1776275601835.677,transport,14986,2013774,TLS_ECDHE_ECDSA_WITH_CHACHA20_POLY1305_SHA256,client,connected,aLx7,controlling,connected,CF98:8C:83:B2:58:DE:26:BE:69:BE:80:63:8C:67:37:85:57:A4:8F:E4:28:1D:D2:1F:2E:D5:85:73:3C:0B:00:57,254,2313,CFD4:1F:A0:6F:AB:20:6B:D1:82:72:42:D5:AD:C0:06:B3:67:1F:C0:4B:E5:E2:DD:4B:A3:BC:7A:CB:24:36:20:B8,1,CP2lC/v4Pi_3817qm6f,AEAD_AES_256_GCM,FEFD
T01,1776275601835.677,transport,14986,2013774,TLS_ECDHE_ECDSA_WITH_CHACHA20_POLY1305_SHA256,client,connected,aLx7,controlling,connected,CF98:8C:83:B2:58:DE:26:BE:69:BE:80:63:8C:67:37:85:57:A4:8F:E4:28:1D:D2:1F:2E:D5:85:73:3C:0B:00:57,254,2313,CFD4:1F:A0:6F:AB:20:6B:D1:82:72:42:D5:AD:C0:06:B3:67:1F:C0:4B:E5:E2:DD:4B:A3:BC:7A:CB:24:36:20:B8,1,CP2lC/v4Pi_3817qm6f,AEAD_AES_256_GCM,FEFD
T01,1776275602035.437,transport,14986,2013774,TLS_ECDHE_ECDSA_WITH_CHACHA20_POLY1305_SHA256,client,connected,aLx7,controlling,connected,CF98:8C:83:B2:58:DE:26:BE:69:BE:80:63:8C:67:37:85:57:A4:8F:E4:28:1D:D2:1F:2E:D5:85:73:3C:0B:00:57,254,2313,CFD4:1F:A0:6F:AB:20:6B:D1:82:72:42:D5:AD:C0:06:B3:67:1F:C0:4B:E5:E2:DD:4B:A3:BC:7A:CB:24:36:20:B8,1,CP2lC/v4Pi_3817qm6f,AEAD_AES_256_GCM,FEFD
T01,1776275602035.437,transport,14986,2013774,TLS_ECDHE_ECDSA_WITH_CHACHA20_POLY1305_SHA256,client,connected,aLx7,controlling,connected,CF98:8C:83:B2:58:DE:26:BE:69:BE:80:63:8C:67:37:85:57:A4:8F:E4:28:1D:D2:1F:2E:D5:85:73:3C:0B:00:57,254,2313,CFD4:1F:A0:6F:AB:20:6B:D1:82:72:42:D5:AD:C0:06:B3:67:1F:C0:4B:E5:E2:DD:4B:A3:BC:7A:CB:24:36:20:B8,1,CP2lC/v4Pi_3817qm6f,AEAD_AES_256_GCM,FEFD
T01,1776275602235.505,transport,15082,2013774,TLS_ECDHE_ECDSA_WITH_CHACHA20_POLY1305_SHA256,client,connected,aLx7,controlling,connected,CF98:8C:83:B2:58:DE:26:BE:69:BE:80:63:8C:67:37:85:57:A4:8F:E4:28:1D:D2:1F:2E:D5:85:73:3C:0B:00:57,255,2313,CFD4:1F:A0:6F:AB:20:6B:D1:82:72:42:D5:AD:C0:06:B3:67:1F:C0:4B:E5:E2:DD:4B:A3:BC:7A:CB:24:36:20:B8,1,CP2lC/v4Pi_3817qm6f,AEAD_AES_256_GCM,FEFD
T01,1776275602235.505,transport,15082,2013774,TLS_ECDHE_ECDSA_WITH_CHACHA20_POLY1305_SHA256,client,connected,aLx7,controlling,connected,CF98:8C:83:B2:58:DE:26:BE:69:BE:80:63:8C:67:37:85:57:A4:8F:E4:28:1D:D2:1F:2E:D5:85:73:3C:0B:00:57,255,2313,CFD4:1F:A0:6F:AB:20:6B:D1:82:72:42:D5:AD:C0:06:B3:67:1F:C0:4B:E5:E2:DD:4B:A3:BC:7A:CB:24:36:20:B8,1,CP2lC/v4Pi_3817qm6f,AEAD_AES_256_GCM,FEFD
T01,1776275602435.531,transport,15082,2013774,TLS_ECDHE_ECDSA_WITH_CHACHA20_POLY1305_SHA256,client,connected,aLx7,controlling,connected,CF98:8C:83:B2:58:DE:26:BE:69:BE:80:63:8C:67:37:85:57:A4:8F:E4:28:1D:D2:1F:2E:D5:85:73:3C:0B:00:57,255,2313,CFD4:1F:A0:6F:AB:20:6B:D1:82:72:42:D5:AD:C0:06:B3:67:1F:C0:4B:E5:E2:DD:4B:A3:BC:7A:CB:24:36:20:B8,1,CP2lC/v4Pi_3817qm6f,AEAD_AES_256_GCM,FEFD
T01,1776275602435.531,transport,15082,2013774,TLS_ECDHE_ECDSA_WITH_CHACHA20_POLY1305_SHA256,client,connected,aLx7,controlling,connected,CF98:8C:83:B2:58:DE:26:BE:69:BE:80:63:8C:67:37:85:57:A4:8F:E4:28:1D:D2:1F:2E:D5:85:73:3C:0B:00:57,255,2313,CFD4:1F:A0:6F:AB:20:6B:D1:82:72:42:D5:AD:C0:06:B3:67:1F:C0:4B:E5:E2:DD:4B:A3:BC:7A:CB:24:36:20:B8,1,CP2lC/v4Pi_3817qm6f,AEAD_AES_256_GCM,FEFD
T01,1776275602635.443,transport,15082,2013874,TLS_ECDHE_ECDSA_WITH_CHACHA20_POLY1305_SHA256,client,connected,aLx7,controlling,connected,CF98:8C:83:B2:58:DE:26:BE:69:BE:80:63:8C:67:37:85:57:A4:8F:E4:28:1D:D2:1F:2E:D5:85:73:3C:0B:00:57,255,2314,CFD4:1F:A0:6F:AB:20:6B:D1:82:72:42:D5:AD:C0:06:B3:67:1F:C0:4B:E5:E2:DD:4B:A3:BC:7A:CB:24:36:20:B8,1,CP2lC/v4Pi_3817qm6f,AEAD_AES_256_GCM,FEFD
T01,1776275602635.443,transport,15082,2013874,TLS_ECDHE_ECDSA_WITH_CHACHA20_POLY1305_SHA256,client,connected,aLx7,controlling,connected,CF98:8C:83:B2:58:DE:26:BE:69:BE:80:63:8C:67:37:85:57:A4:8F:E4:28:1D:D2:1F:2E:D5:85:73:3C:0B:00:57,255,2314,CFD4:1F:A0:6F:AB:20:6B:D1:82:72:42:D5:AD:C0:06:B3:67:1F:C0:4B:E5:E2:DD:4B:A3:BC:7A:CB:24:36:20:B8,1,CP2lC/v4Pi_3817qm6f,AEAD_AES_256_GCM,FEFD
T01,1776275602835.552,transport,15082,2013874,TLS_ECDHE_ECDSA_WITH_CHACHA20_POLY1305_SHA256,client,connected,aLx7,controlling,connected,CF98:8C:83:B2:58:DE:26:BE:69:BE:80:63:8C:67:37:85:57:A4:8F:E4:28:1D:D2:1F:2E:D5:85:73:3C:0B:00:57,255,2314,CFD4:1F:A0:6F:AB:20:6B:D1:82:72:42:D5:AD:C0:06:B3:67:1F:C0:4B:E5:E2:DD:4B:A3:BC:7A:CB:24:36:20:B8,1,CP2lC/v4Pi_3817qm6f,AEAD_AES_256_GCM,FEFD
T01,1776275602835.552,transport,15082,2013874,TLS_ECDHE_ECDSA_WITH_CHACHA20_POLY1305_SHA256,client,connected,aLx7,controlling,connected,CF98:8C:83:B2:58:DE:26:BE:69:BE:80:63:8C:67:37:85:57:A4:8F:E4:28:1D:D2:1F:2E:D5:85:73:3C:0B:00:57,255,2314,CFD4:1F:A0:6F:AB:20:6B:D1:82:72:42:D5:AD:C0:06:B3:67:1F:C0:4B:E5:E2:DD:4B:A3:BC:7A:CB:24:36:20:B8,1,CP2lC/v4Pi_3817qm6f,AEAD_AES_256_GCM,FEFD
T01,1776275603035.463,transport,15082,2013950,TLS_ECDHE_ECDSA_WITH_CHACHA20_POLY1305_SHA256,client,connected,aLx7,controlling,connected,CF98:8C:83:B2:58:DE:26:BE:69:BE:80:63:8C:67:37:85:57:A4:8F:E4:28:1D:D2:1F:2E:D5:85:73:3C:0B:00:57,255,2315,CFD4:1F:A0:6F:AB:20:6B:D1:82:72:42:D5:AD:C0:06:B3:67:1F:C0:4B:E5:E2:DD:4B:A3:BC:7A:CB:24:36:20:B8,1,CP2lC/v4Pi_3817qm6f,AEAD_AES_256_GCM,FEFD
T01,1776275603035.463,transport,15082,2013950,TLS_ECDHE_ECDSA_WITH_CHACHA20_POLY1305_SHA256,client,connected,aLx7,controlling,connected,CF98:8C:83:B2:58:DE:26:BE:69:BE:80:63:8C:67:37:85:57:A4:8F:E4:28:1D:D2:1F:2E:D5:85:73:3C:0B:00:57,255,2315,CFD4:1F:A0:6F:AB:20:6B:D1:82:72:42:D5:AD:C0:06:B3:67:1F:C0:4B:E5:E2:DD:4B:A3:BC:7A:CB:24:36:20:B8,1,CP2lC/v4Pi_3817qm6f,AEAD_AES_256_GCM,FEFD

track,timestamp,framerate,width,height
0,1776275575035,30,1920,1080
0,1776275575235,30,1920,1080
0,1776275575435,30,1920,1080
0,1776275575635,30,1920,1080
0,1776275575835,30,1920,1080
0,1776275576036,30,1920,1080
0,1776275576235,30,1920,1080
0,1776275576435,30,1920,1080
0,1776275576636,30,1920,1080
0,1776275576836,30,1920,1080
0,1776275577035,30,1920,1080
0,1776275577236,30,1920,1080
0,1776275577435,30,1920,1080
0,1776275577635,30,1920,1080
0,1776275577835,30,1920,1080
0,1776275578036,30,1920,1080
0,1776275578235,30,1920,1080
0,1776275578435,30,1920,1080
0,1776275578635,30,1920,1080
0,1776275578835,30,1920,1080
0,1776275579036,30,1920,1080
0,1776275579235,30,1920,1080
0,1776275579435,30,1920,1080
0,1776275579635,30,1920,1080
0,1776275579836,30,1920,1080
0,1776275580036,30,1920,1080
0,1776275580236,30,1920,1080
0,1776275580435,30,1920,1080
0,1776275580635,30,1920,1080
0,1776275580835,30,1920,1080
0,1776275581036,30,1920,1080
0,1776275581236,30,1920,1080
0,1776275581435,30,1920,1080
0,1776275581635,30,1920,1080
0,1776275581835,30,1920,1080
0,1776275582036,30,1920,1080
0,1776275582236,30,1920,1080
0,1776275582435,30,1920,1080
0,1776275582635,30,1920,1080
0,1776275582836,30,1920,1080
0,1776275583035,30,1920,1080
0,1776275583236,30,1920,1080
0,1776275583435,30,1920,1080
0,1776275583635,30,1920,1080
0,1776275583835,30,1920,1080
0,1776275584036,30,1920,1080
0,1776275584236,30,1920,1080
0,1776275584435,30,1920,1080
0,1776275584635,30,1920,1080
0,1776275584835,30,1920,1080
0,1776275585036,30,1920,1080
0,1776275585236,30,1920,1080
0,1776275585435,30,1920,1080
0,1776275585635,30,1920,1080
0,1776275585835,30,1920,1080
0,1776275586036,30,1920,1080
0,1776275586236,30,1920,1080
0,1776275586436,30,1920,1080
0,1776275586635,30,1920,1080
0,1776275586835,30,1920,1080
0,1776275587036,30,1920,1080
0,1776275587235,30,1920,1080
0,1776275587435,30,1920,1080
0,1776275587635,30,1920,1080
0,1776275587835,30,1920,1080
0,1776275588036,30,1920,1080
0,1776275588236,30,1920,1080
0,1776275588435,30,1920,1080
0,1776275588635,30,1920,1080
0,1776275588835,30,1920,1080
0,1776275589035,30,1920,1080
0,1776275589237,30,1920,1080
0,1776275589435,30,1920,1080
0,1776275589635,30,1920,1080
0,1776275589836,30,1920,1080
0,1776275590036,30,1920,1080
0,1776275590236,30,1920,1080
0,1776275590435,30,1920,1080
0,1776275590635,30,1920,1080
0,1776275590835,30,1920,1080
0,1776275591036,30,1920,1080
0,1776275591236,30,1920,1080
0,1776275591435,30,1920,1080
0,1776275591635,30,1920,1080
0,1776275591835,30,1920,1080
0,1776275592035,30,1920,1080
0,1776275592236,30,1920,1080
0,1776275592435,30,1920,1080
0,1776275592635,30,1920,1080
0,1776275592836,30,1920,1080
0,1776275593036,30,1920,1080
0,1776275593236,30,1920,1080
0,1776275593436,30,1920,1080
0,1776275593636,30,1920,1080
0,1776275593836,30,1920,1080
0,1776275594036,30,1920,1080
0,1776275594236,30,1920,1080
0,1776275594436,30,1920,1080
0,1776275594636,30,1920,1080
0,1776275594836,30,1920,1080
0,1776275595036,30,1920,1080
0,1776275595236,30,1920,1080
0,1776275595436,30,1920,1080
0,1776275595636,30,1920,1080
0,1776275595836,30,1920,1080
0,1776275596036,30,1920,1080
0,1776275596236,30,1920,1080
0,1776275596436,30,1920,1080
0,1776275596636,30,1920,1080
0,1776275596836,30,1920,1080
0,1776275597036,30,1920,1080
0,1776275597236,30,1920,1080
0,1776275597436,30,1920,1080
0,1776275597636,30,1920,1080
0,1776275597836,30,1920,1080
0,1776275598036,30,1920,1080
0,1776275598236,30,1920,1080
0,1776275598436,30,1920,1080
0,1776275598636,30,1920,1080
0,1776275598836,30,1920,1080
0,1776275599036,30,1920,1080
0,1776275599236,30,1920,1080
0,1776275599436,30,1920,1080
0,1776275599636,30,1920,1080
0,1776275599836,30,1920,1080
0,1776275600036,30,1920,1080
0,1776275600236,30,1920,1080
0,1776275600436,30,1920,1080
0,1776275600636,30,1920,1080
0,1776275600836,30,1920,1080
0,1776275601036,30,1920,1080
0,1776275601236,30,1920,1080
0,1776275601436,30,1920,1080
0,1776275601636,30,1920,1080
0,1776275601837,30,1920,1080
0,1776275602036,30,1920,1080
0,1776275602236,30,1920,1080
0,1776275602436,30,1920,1080
0,1776275602636,30,1920,1080
0,1776275602836,30,1920,1080
0,1776275603036,30,1920,1080