id,timestamp,type,codecId,kind,mediaType,ssrc,transportId,bytesSent,packetsSent,active,encodingIndex,firCount,framesEncoded,framesSent,headerBytesSent,hugeFramesSent,keyFramesEncoded,mediaSourceId,mid,nackCount,packetsSentWithEct1,pliCount,qualityLimitationDurations,qualityLimitationReason,qualityLimitationResolutionChanges,retransmittedBytesSent,retransmittedPacketsSent,rtxSsrc,totalEncodeTime,totalEncodedBytesTarget,totalPacketSendDelay
OT01V2176220543,1776276545125.723,outbound-rtp,COT01_45_level-idx=5;profile=0;tier=0,video,video,2176220543,T01,0,0,true,0,0,0,0,0,0,0,SV254,0,0,0,0,[object Object],bandwidth,0,0,0,857413197,0,0,0
OT01V2176220543,1776276545125.723,outbound-rtp,COT01_45_level-idx=5;profile=0;tier=0,video,video,2176220543,T01,0,0,true,0,0,0,0,0,0,0,SV254,0,0,0,0,[object Object],bandwidth,0,0,0,857413197,0,0,0
OT01V2176220543,1776276545325.661,outbound-rtp,COT01_45_level-idx=5;profile=0;tier=0,video,video,2176220543,T01,8978,13,true,0,0,4,4,1512,1,1,SV254,0,0,0,0,[object Object],bandwidth,0,0,0,857413197,0.165,0,0.24138099999999998
OT01V2176220543,1776276545325.661,outbound-rtp,COT01_45_level-idx=5;profile=0;tier=0,video,video,2176220543,T01,8978,13,true,0,0,4,4,1512,1,1,SV254,0,0,0,0,[object Object],bandwidth,0,0,0,857413197,0.165,0,0.24138099999999998
OT01V2176220543,1776276545525.846,outbound-rtp,COT01_45_level-idx=5;profile=0;tier=0,video,video,2176220543,T01,13466,22,true,0,0,10,10,1828,1,1,SV254,0,0,0,0,[object Object],bandwidth,0,0,0,857413197,0.287,0,1.2723529999999998
OT01V2176220543,1776276545525.846,outbound-rtp,COT01_45_level-idx=5;profile=0;tier=0,video,video,2176220543,T01,13466,22,true,0,0,10,10,1828,1,1,SV254,0,0,0,0,[object Object],bandwidth,0,0,0,857413197,0.287,0,1.2723529999999998
OT01V2176220543,1776276545725.971,outbound-rtp,COT01_45_level-idx=5;profile=0;tier=0,video,video,2176220543,T01,19384,30,true,0,0,16,16,2104,1,1,SV254,0,0,0,0,[object Object],bandwidth,0,0,0,857413197,0.392,0,2.0932459999999997
OT01V2176220543,1776276545725.971,outbound-rtp,COT01_45_level-idx=5;profile=0;tier=0,video,video,2176220543,T01,19384,30,true,0,0,16,16,2104,1,1,SV254,0,0,0,0,[object Object],bandwidth,0,0,0,857413197,0.392,0,2.0932459999999997
OT01V2176220543,1776276545925.664,outbound-rtp,COT01_45_level-idx=5;profile=0;tier=0,video,video,2176220543,T01,27950,44,true,0,0,23,23,2568,1,1,SV254,0,0,0,0,[object Object],bandwidth,0,0,0,857413197,0.506,0,2.838199
OT01V2176220543,1776276545925.664,outbound-rtp,COT01_45_level-idx=5;profile=0;tier=0,video,video,2176220543,T01,27950,44,true,0,0,23,23,2568,1,1,SV254,0,0,0,0,[object Object],bandwidth,0,0,0,857413197,0.506,0,2.838199
OT01V2176220543,1776276546125.745,outbound-rtp,COT01_45_level-idx=5;profile=0;tier=0,video,video,2176220543,T01,32260,51,true,0,0,28,28,2792,1,1,SV254,0,0,0,0,[object Object],bandwidth,0,0,0,857413197,0.586,0,2.8712269999999998
OT01V2176220543,1776276546125.745,outbound-rtp,COT01_45_level-idx=5;profile=0;tier=0,video,video,2176220543,T01,32260,51,true,0,0,28,28,2792,1,1,SV254,0,0,0,0,[object Object],bandwidth,0,0,0,857413197,0.586,0,2.8712269999999998
OT01V2176220543,1776276546325.736,outbound-rtp,COT01_45_level-idx=5;profile=0;tier=0,video,video,2176220543,T01,40729,62,true,0,0,35,35,3228,2,2,SV254,0,0,0,1,[object Object],bandwidth,0,0,0,857413197,0.712,0,2.9026359999999998
OT01V2176220543,1776276546325.736,outbound-rtp,COT01_45_level-idx=5;profile=0;tier=0,video,video,2176220543,T01,40729,62,true,0,0,35,35,3228,2,2,SV254,0,0,0,1,[object Object],bandwidth,0,0,0,857413197,0.712,0,2.9026359999999998
OT01V2176220543,1776276546525.901,outbound-rtp,COT01_45_level-idx=5;profile=0;tier=0,video,video,2176220543,T01,48529,71,true,0,0,41,41,3508,2,2,SV254,0,0,0,1,[object Object],bandwidth,0,0,0,857413197,0.817,0,3.297214
OT01V2176220543,1776276546525.901,outbound-rtp,COT01_45_level-idx=5;profile=0;tier=0,video,video,2176220543,T01,48529,71,true,0,0,41,41,3508,2,2,SV254,0,0,0,1,[object Object],bandwidth,0,0,0,857413197,0.817,0,3.297214
OT01V2176220543,1776276546725.82,outbound-rtp,COT01_45_level-idx=5;profile=0;tier=0,video,video,2176220543,T01,52305,85,true,0,0,45,45,5438,2,2,SV254,0,0,0,1,[object Object],bandwidth,0,0,0,857413197,0.885,0,3.39337
OT01V2176220543,1776276546725.82,outbound-rtp,COT01_45_level-idx=5;profile=0;tier=0,video,video,2176220543,T01,52305,85,true,0,0,45,45,5438,2,2,SV254,0,0,0,1,[object Object],bandwidth,0,0,0,857413197,0.885,0,3.39337
OT01V2176220543,1776276546925.782,outbound-rtp,COT01_45_level-idx=5;profile=0;tier=0,video,video,2176220543,T01,55854,103,true,0,0,49,49,9225,2,2,SV254,0,0,0,1,[object Object],bandwidth,0,0,0,857413197,0.958,0,3.3933739999999997
OT01V2176220543,1776276546925.782,outbound-rtp,COT01_45_level-idx=5;profile=0;tier=0,video,video,2176220543,T01,55854,103,true,0,0,49,49,9225,2,2,SV254,0,0,0,1,[object Object],bandwidth,0,0,0,857413197,0.958,0,3.3933739999999997
OT01V2176220543,1776276547125.826,outbound-rtp,COT01_45_level-idx=5;profile=0;tier=0,video,video,2176220543,T01,60953,120,true,0,0,55,55,11992,2,2,SV254,0,0,0,1,[object Object],bandwidth,0,0,0,857413197,1.057,0,3.393383
OT01V2176220543,1776276547125.826,outbound-rtp,COT01_45_level-idx=5;profile=0;tier=0,video,video,2176220543,T01,60953,120,true,0,0,55,55,11992,2,2,SV254,0,0,0,1,[object Object],bandwidth,0,0,0,857413197,1.057,0,3.393383
OT01V2176220543,1776276547325.743,outbound-rtp,COT01_45_level-idx=5;profile=0;tier=0,video,video,2176220543,T01,64861,141,true,0,0,61,61,16122,2,2,SV254,0,0,0,1,[object Object],bandwidth,0,0,0,857413197,1.158,0,3.425267
OT01V2176220543,1776276547325.743,outbound-rtp,COT01_45_level-idx=5;profile=0;tier=0,video,video,2176220543,T01,64861,141,true,0,0,61,61,16122,2,2,SV254,0,0,0,1,[object Object],bandwidth,0,0,0,857413197,1.158,0,3.425267
OT01V2176220543,1776276547525.865,outbound-rtp,COT01_45_level-idx=5;profile=0;tier=0,video,video,2176220543,T01,68306,164,true,0,0,65,65,20810,2,2,SV254,0,0,0,1,[object Object],bandwidth,0,0,0,857413197,1.224,0,3.425268
OT01V2176220543,1776276547525.865,outbound-rtp,COT01_45_level-idx=5;profile=0;tier=0,video,video,2176220543,T01,68306,164,true,0,0,65,65,20810,2,2,SV254,0,0,0,1,[object Object],bandwidth,0,0,0,857413197,1.224,0,3.425268
OT01V2176220543,1776276547725.835,outbound-rtp,COT01_45_level-idx=5;profile=0;tier=0,video,video,2176220543,T01,73343,184,true,0,0,72,72,24167,2,2,SV254,0,0,0,1,[object Object],bandwidth,0,0,0,857413197,1.345,0,3.425277
OT01V2176220543,1776276547725.835,outbound-rtp,COT01_45_level-idx=5;profile=0;tier=0,video,video,2176220543,T01,73343,184,true,0,0,72,72,24167,2,2,SV254,0,0,0,1,[object Object],bandwidth,0,0,0,857413197,1.345,0,3.425277
OT01V2176220543,1776276547925.871,outbound-rtp,COT01_45_level-idx=5;profile=0;tier=0,video,video,2176220543,T01,76280,207,true,0,0,77,77,29102,2,2,SV254,0,0,0,1,[object Object],bandwidth,0,0,0,857413197,1.429,0,3.425281
OT01V2176220543,1776276547925.871,outbound-rtp,COT01_45_level-idx=5;profile=0;tier=0,video,video,2176220543,T01,76280,207,true,0,0,77,77,29102,2,2,SV254,0,0,0,1,[object Object],bandwidth,0,0,0,857413197,1.429,0,3.425281
OT01V2176220543,1776276548125.758,outbound-rtp,COT01_45_level-idx=5;profile=0;tier=0,video,video,2176220543,T01,81488,228,true,0,0,83,83,32738,2,2,SV254,0,0,0,1,[object Object],bandwidth,0,0,0,857413197,1.529,0,3.454601
OT01V2176220543,1776276548125.758,outbound-rtp,COT01_45_level-idx=5;profile=0;tier=0,video,video,2176220543,T01,81488,228,true,0,0,83,83,32738,2,2,SV254,0,0,0,1,[object Object],bandwidth,0,0,0,857413197,1.529,0,3.454601
OT01V2176220543,1776276548325.797,outbound-rtp,COT01_45_level-idx=5;profile=0;tier=0,video,video,2176220543,T01,84991,251,true,0,0,89,89,37426,2,2,SV254,0,0,0,1,[object Object],bandwidth,0,0,0,857413197,1.627,0,3.4546029999999996
OT01V2176220543,1776276548325.797,outbound-rtp,COT01_45_level-idx=5;profile=0;tier=0,video,video,2176220543,T01,84991,251,true,0,0,89,89,37426,2,2,SV254,0,0,0,1,[object Object],bandwidth,0,0,0,857413197,1.627,0,3.4546029999999996
OT01V2176220543,1776276548525.87,outbound-rtp,COT01_45_level-idx=5;profile=0;tier=0,video,video,2176220543,T01,89694,274,true,0,0,95,95,42114,2,2,SV254,0,0,0,1,[object Object],bandwidth,0,0,0,857413197,1.73,0,3.454608
OT01V2176220543,1776276548525.87,outbound-rtp,COT01_45_level-idx=5;profile=0;tier=0,video,video,2176220543,T01,89694,274,true,0,0,95,95,42114,2,2,SV254,0,0,0,1,[object Object],bandwidth,0,0,0,857413197,1.73,0,3.454608
OT01V2176220543,1776276548725.774,outbound-rtp,COT01_45_level-idx=5;profile=0;tier=0,video,video,2176220543,T01,96039,293,true,0,0,101,101,44945,2,2,SV254,0,0,0,1,[object Object],bandwidth,0,0,0,857413197,1.836,0,3.490407
OT01V2176220543,1776276548725.774,outbound-rtp,COT01_45_level-idx=5;profile=0;tier=0,video,video,2176220543,T01,96039,293,true,0,0,101,101,44945,2,2,SV254,0,0,0,1,[object Object],bandwidth,0,0,0,857413197,1.836,0,3.490407
OT01V2176220543,1776276548925.788,outbound-rtp,COT01_45_level-idx=5;profile=0;tier=0,video,video,2176220543,T01,101066,316,true,0,0,107,107,49139,2,2,SV254,0,0,0,1,[object Object],bandwidth,0,0,0,857413197,1.932,0,3.49042
OT01V2176220543,1776276548925.788,outbound-rtp,COT01_45_level-idx=5;profile=0;tier=0,video,video,2176220543,T01,101066,316,true,0,0,107,107,49139,2,2,SV254,0,0,0,1,[object Object],bandwidth,0,0,0,857413197,1.932,0,3.49042
OT01V2176220543,1776276549125.795,outbound-rtp,COT01_45_level-idx=5;profile=0;tier=0,video,video,2176220543,T01,104017,340,true,0,0,112,112,54353,2,2,SV254,0,0,0,1,[object Object],bandwidth,0,0,0,857413197,2.019,0,3.490426
OT01V2176220543,1776276549125.795,outbound-rtp,COT01_45_level-idx=5;profile=0;tier=0,video,video,2176220543,T01,104017,340,true,0,0,112,112,54353,2,2,SV254,0,0,0,1,[object Object],bandwidth,0,0,0,857413197,2.019,0,3.490426
OT01V2176220543,1776276549325.912,outbound-rtp,COT01_45_level-idx=5;profile=0;tier=0,video,video,2176220543,T01,108780,365,true,0,0,118,118,59352,2,2,SV254,0,0,0,1,[object Object],bandwidth,0,0,0,857413197,2.123,0,3.490434
OT01V2176220543,1776276549325.912,outbound-rtp,COT01_45_level-idx=5;profile=0;tier=0,video,video,2176220543,T01,108780,365,true,0,0,118,118,59352,2,2,SV254,0,0,0,1,[object Object],bandwidth,0,0,0,857413197,2.123,0,3.490434
OT01V2176220543,1776276549525.867,outbound-rtp,COT01_45_level-idx=5;profile=0;tier=0,video,video,2176220543,T01,118211,381,true,0,0,127,127,61422,3,3,SV254,0,0,0,1,[object Object],bandwidth,1,0,0,857413197,2.288,0,3.745646
OT01V2176220543,1776276549525.867,outbound-rtp,COT01_45_level-idx=5;profile=0;tier=0,video,video,2176220543,T01,118211,381,true,0,0,127,127,61422,3,3,SV254,0,0,0,1,[object Object],bandwidth,1,0,0,857413197,2.288,0,3.745646
OT01V2176220543,1776276549725.906,outbound-rtp,COT01_45_level-idx=5;profile=0;tier=0,video,video,2176220543,T01,127214,393,true,0,0,139,139,61810,4,3,SV254,0,0,0,1,[object Object],bandwidth,1,0,0,857413197,2.583,0,5.825317999999999
OT01V2176220543,1776276549725.906,outbound-rtp,COT01_45_level-idx=5;profile=0;tier=0,video,video,2176220543,T01,127214,393,true,0,0,139,139,61810,4,3,SV254,0,0,0,1,[object Object],bandwidth,1,0,0,857413197,2.583,0,5.825317999999999
OT01V2176220543,1776276549925.801,outbound-rtp,COT01_45_level-idx=5;profile=0;tier=0,video,video,2176220543,T01,138302,408,true,0,0,146,146,62294,4,3,SV254,0,0,0,1,[object Object],bandwidth,1,0,0,857413197,2.735,0,8.563575
OT01V2176220543,1776276549925.801,outbound-rtp,COT01_45_level-idx=5;profile=0;tier=0,video,video,2176220543,T01,138302,408,true,0,0,146,146,62294,4,3,SV254,0,0,0,1,[object Object],bandwidth,1,0,0,857413197,2.735,0,8.563575
OT01V2176220543,1776276550125.735,outbound-rtp,COT01_45_level-idx=5;profile=0;tier=0,video,video,2176220543,T01,149752,422,true,0,0,153,153,62742,4,3,SV254,0,0,0,1,[object Object],bandwidth,1,0,0,857413197,2.884,0,12.263846
OT01V2176220543,1776276550125.735,outbound-rtp,COT01_45_level-idx=5;profile=0;tier=0,video,video,2176220543,T01,149752,422,true,0,0,153,153,62742,4,3,SV254,0,0,0,1,[object Object],bandwidth,1,0,0,857413197,2.884,0,12.263846
OT01V2176220543,1776276550325.791,outbound-rtp,COT01_45_level-idx=5;profile=0;tier=0,video,video,2176220543,T01,160501,436,true,0,0,161,161,63190,6,3,SV254,0,0,0,1,[object Object],bandwidth,1,0,0,857413197,3.034,0,16.102593
OT01V2176220543,1776276550325.791,outbound-rtp,COT01_45_level-idx=5;profile=0;tier=0,video,video,2176220543,T01,160501,436,true,0,0,161,161,63190,6,3,SV254,0,0,0,1,[object Object],bandwidth,1,0,0,857413197,3.034,0,16.102593
OT01V2176220543,1776276550525.907,outbound-rtp,COT01_45_level-idx=5;profile=0;tier=0,video,video,2176220543,T01,172435,449,true,0,0,165,165,63626,6,3,SV254,0,0,0,1,[object Object],bandwidth,1,0,0,857413197,3.115,0,19.914445
OT01V2176220543,1776276550525.907,outbound-rtp,COT01_45_level-idx=5;profile=0;tier=0,video,video,2176220543,T01,172435,449,true,0,0,165,165,63626,6,3,SV254,0,0,0,1,[object Object],bandwidth,1,0,0,857413197,3.115,0,19.914445
OT01V2176220543,1776276550725.919,outbound-rtp,COT01_45_level-idx=5;profile=0;tier=0,video,video,2176220543,T01,184994,461,true,0,0,171,171,64046,7,3,SV254,0,0,0,1,[object Object],bandwidth,1,0,0,857413197,3.231,0,24.573817
OT01V2176220543,1776276550725.919,outbound-rtp,COT01_45_level-idx=5;profile=0;tier=0,video,video,2176220543,T01,184994,461,true,0,0,171,171,64046,7,3,SV254,0,0,0,1,[object Object],bandwidth,1,0,0,857413197,3.231,0,24.573817
OT01V2176220543,1776276550925.878,outbound-rtp,COT01_45_level-idx=5;profile=0;tier=0,video,video,2176220543,T01,195970,477,true,0,0,178,178,64558,7,3,SV254,0,0,0,1,[object Object],bandwidth,1,0,0,857413197,3.395,0,29.953083999999997
OT01V2176220543,1776276550925.878,outbound-rtp,COT01_45_level-idx=5;profile=0;tier=0,video,video,2176220543,T01,195970,477,true,0,0,178,178,64558,7,3,SV254,0,0,0,1,[object Object],bandwidth,1,0,0,857413197,3.395,0,29.953083999999997
OT01V2176220543,1776276551125.874,outbound-rtp,COT01_45_level-idx=5;profile=0;tier=0,video,video,2176220543,T01,206815,495,true,0,0,184,184,65134,8,3,SV254,0,0,0,1,[object Object],bandwidth,1,0,0,857413197,3.525,0,33.999081
OT01V2176220543,1776276551125.874,outbound-rtp,COT01_45_level-idx=5;profile=0;tier=0,video,video,2176220543,T01,206815,495,true,0,0,184,184,65134,8,3,SV254,0,0,0,1,[object Object],bandwidth,1,0,0,857413197,3.525,0,33.999081
OT01V2176220543,1776276551325.813,outbound-rtp,COT01_45_level-idx=5;profile=0;tier=0,video,video,2176220543,T01,218240,509,true,0,0,191,191,65582,8,3,SV254,0,0,0,1,[object Object],bandwidth,1,0,0,857413197,3.697,0,36.163159
OT01V2176220543,1776276551325.813,outbound-rtp,COT01_45_level-idx=5;profile=0;tier=0,video,video,2176220543,T01,218240,509,true,0,0,191,191,65582,8,3,SV254,0,0,0,1,[object Object],bandwidth,1,0,0,857413197,3.697,0,36.163159
OT01V2176220543,1776276551525.911,outbound-rtp,COT01_45_level-idx=5;profile=0;tier=0,video,video,2176220543,T01,229648,522,true,0,0,199,199,65998,10,3,SV254,0,0,0,1,[object Object],bandwidth,1,0,0,857413197,3.875,0,37.519152999999996
OT01V2176220543,1776276551525.911,outbound-rtp,COT01_45_level-idx=5;profile=0;tier=0,video,video,2176220543,T01,229648,522,true,0,0,199,199,65998,10,3,SV254,0,0,0,1,[object Object],bandwidth,1,0,0,857413197,3.875,0,37.519152999999996
OT01V2176220543,1776276551725.865,outbound-rtp,COT01_45_level-idx=5;profile=0;tier=0,video,video,2176220543,T01,244266,542,true,0,0,206,206,66638,10,3,SV254,0,0,0,1,[object Object],bandwidth,1,0,0,857413197,4.037,0,39.843824
OT01V2176220543,1776276551725.865,outbound-rtp,COT01_45_level-idx=5;profile=0;tier=0,video,video,2176220543,T01,244266,542,true,0,0,206,206,66638,10,3,SV254,0,0,0,1,[object Object],bandwidth,1,0,0,857413197,4.037,0,39.843824
OT01V2176220543,1776276551925.791,outbound-rtp,COT01_45_level-idx=5;profile=0;tier=0,video,video,2176220543,T01,256676,555,true,0,0,213,213,67054,11,3,SV254,0,0,0,1,[object Object],bandwidth,1,0,0,857413197,4.205,0,40.393632
OT01V2176220543,1776276551925.791,outbound-rtp,COT01_45_level-idx=5;profile=0;tier=0,video,video,2176220543,T01,256676,555,true,0,0,213,213,67054,11,3,SV254,0,0,0,1,[object Object],bandwidth,1,0,0,857413197,4.205,0,40.393632
OT01V2176220543,1776276552125.871,outbound-rtp,COT01_45_level-idx=5;profile=0;tier=0,video,video,2176220543,T01,263731,568,true,0,0,219,219,67470,11,3,SV254,0,0,0,1,[object Object],bandwidth,1,0,0,857413197,4.333,0,41.19569
OT01V2176220543,1776276552125.871,outbound-rtp,COT01_45_level-idx=5;profile=0;tier=0,video,video,2176220543,T01,263731,568,true,0,0,219,219,67470,11,3,SV254,0,0,0,1,[object Object],bandwidth,1,0,0,857413197,4.333,0,41.19569
OT01V2176220543,1776276552325.816,outbound-rtp,COT01_45_level-idx=5;profile=0;tier=0,video,video,2176220543,T01,272167,579,true,0,0,225,225,67822,12,3,SV254,0,0,0,1,[object Object],bandwidth,1,0,0,857413197,4.48,0,41.352011999999995
OT01V2176220543,1776276552325.816,outbound-rtp,COT01_45_level-idx=5;profile=0;tier=0,video,video,2176220543,T01,272167,579,true,0,0,225,225,67822,12,3,SV254,0,0,0,1,[object Object],bandwidth,1,0,0,857413197,4.48,0,41.352011999999995
OT01V2176220543,1776276552525.959,outbound-rtp,COT01_45_level-idx=5;profile=0;tier=0,video,video,2176220543,T01,282374,592,true,0,0,232,232,68262,13,3,SV254,0,0,0,1,[object Object],bandwidth,1,0,0,857413197,4.648,0,41.585422
OT01V2176220543,1776276552525.959,outbound-rtp,COT01_45_level-idx=5;profile=0;tier=0,video,video,2176220543,T01,282374,592,true,0,0,232,232,68262,13,3,SV254,0,0,0,1,[object Object],bandwidth,1,0,0,857413197,4.648,0,41.585422
OT01V2176220543,1776276552725.797,outbound-rtp,COT01_45_level-idx=5;profile=0;tier=0,video,video,2176220543,T01,297516,610,true,0,0,241,241,68838,14,3,SV254,0,0,0,1,[object Object],bandwidth,1,0,0,857413197,4.874,0,41.955109
OT01V2176220543,1776276552725.797,outbound-rtp,COT01_45_level-idx=5;profile=0;tier=0,video,video,2176220543,T01,297516,610,true,0,0,241,241,68838,14,3,SV254,0,0,0,1,[object Object],bandwidth,1,0,0,857413197,4.874,0,41.955109
OT01V2176220543,1776276552925.858,outbound-rtp,COT01_45_level-idx=5;profile=0;tier=0,video,video,2176220543,T01,303248,621,true,0,0,247,247,69190,14,3,SV254,0,0,0,1,[object Object],bandwidth,1,0,0,857413197,4.998,0,42.320902
OT01V2176220543,1776276552925.858,outbound-rtp,COT01_45_level-idx=5;profile=0;tier=0,video,video,2176220543,T01,303248,621,true,0,0,247,247,69190,14,3,SV254,0,0,0,1,[object Object],bandwidth,1,0,0,857413197,4.998,0,42.320902
OT01V2176220543,1776276553125.923,outbound-rtp,COT01_45_level-idx=5;profile=0;tier=0,video,video,2176220543,T01,313035,646,true,0,0,255,255,72954,16,3,SV254,0,0,0,1,[object Object],bandwidth,1,0,0,857413197,5.188,0,42.392618999999996
OT01V2176220543,1776276553125.923,outbound-rtp,COT01_45_level-idx=5;profile=0;tier=0,video,video,2176220543,T01,313035,646,true,0,0,255,255,72954,16,3,SV254,0,0,0,1,[object Object],bandwidth,1,0,0,857413197,5.188,0,42.392618999999996
OT01V2176220543,1776276553325.935,outbound-rtp,COT01_45_level-idx=5;profile=0;tier=0,video,video,2176220543,T01,326350,661,true,0,0,263,263,73454,17,3,SV254,0,0,0,1,[object Object],bandwidth,1,0,0,857413197,5.37,0,43.484697
OT01V2176220543,1776276553325.935,outbound-rtp,COT01_45_level-idx=5;profile=0;tier=0,video,video,2176220543,T01,326350,661,true,0,0,263,263,73454,17,3,SV254,0,0,0,1,[object Object],bandwidth,1,0,0,857413197,5.37,0,43.484697
OT01V2176220543,1776276553525.79,outbound-rtp,COT01_45_level-idx=5;profile=0;tier=0,video,video,2176220543,T01,333948,677,true,0,0,269,269,74954,17,3,SV254,0,0,0,1,[object Object],bandwidth,1,0,0,857413197,5.502,0,43.917919999999995
OT01V2176220543,1776276553525.79,outbound-rtp,COT01_45_level-idx=5;profile=0;tier=0,video,video,2176220543,T01,333948,677,true,0,0,269,269,74954,17,3,SV254,0,0,0,1,[object Object],bandwidth,1,0,0,857413197,5.502,0,43.917919999999995
OT01V2176220543,1776276553725.836,outbound-rtp,COT01_45_level-idx=5;profile=0;tier=0,video,video,2176220543,T01,340022,710,true,0,0,277,277,81938,18,3,SV254,0,0,0,1,[object Object],bandwidth,1,0,0,857413197,5.683,0,43.917984
OT01V2176220543,1776276553725.836,outbound-rtp,COT01_45_level-idx=5;profile=0;tier=0,video,video,2176220543,T01,340022,710,true,0,0,277,277,81938,18,3,SV254,0,0,0,1,[object Object],bandwidth,1,0,0,857413197,5.683,0,43.917984
OT01V2176220543,1776276553925.856,outbound-rtp,COT01_45_level-idx=5;profile=0;tier=0,video,video,2176220543,T01,353153,727,true,0,0,283,283,82482,18,3,SV254,0,0,0,1,[object Object],bandwidth,1,0,0,857413197,5.815,0,44.590605
OT01V2176220543,1776276553925.856,outbound-rtp,COT01_45_level-idx=5;profile=0;tier=0,video,video,2176220543,T01,353153,727,true,0,0,283,283,82482,18,3,SV254,0,0,0,1,[object Object],bandwidth,1,0,0,857413197,5.815,0,44.590605
OT01V2176220543,1776276554125.744,outbound-rtp,COT01_45_level-idx=5;profile=0;tier=0,video,video,2176220543,T01,368769,745,true,0,0,292,292,83058,20,3,SV254,0,0,0,1,[object Object],bandwidth,1,0,0,857413197,5.992,0,44.590703
OT01V2176220543,1776276554125.744,outbound-rtp,COT01_45_level-idx=5;profile=0;tier=0,video,video,2176220543,T01,368769,745,true,0,0,292,292,83058,20,3,SV254,0,0,0,1,[object Object],bandwidth,1,0,0,857413197,5.992,0,44.590703
OT01V2176220543,1776276554325.692,outbound-rtp,COT01_45_level-idx=5;profile=0;tier=0,video,video,2176220543,T01,382017,763,true,0,0,299,299,83634,20,3,SV254,0,0,0,1,[object Object],bandwidth,1,0,0,857413197,6.151,0,45.104454999999994
OT01V2176220543,1776276554325.692,outbound-rtp,COT01_45_level-idx=5;profile=0;tier=0,video,video,2176220543,T01,382017,763,true,0,0,299,299,83634,20,3,SV254,0,0,0,1,[object Object],bandwidth,1,0,0,857413197,6.151,0,45.104454999999994
OT01V2176220543,1776276554525.728,outbound-rtp,COT01_45_level-idx=5;profile=0;tier=0,video,video,2176220543,T01,395478,780,true,0,0,306,306,84178,21,3,SV254,0,0,0,1,[object Object],bandwidth,1,0,0,857413197,6.294,0,45.120557999999996
OT01V2176220543,1776276554525.728,outbound-rtp,COT01_45_level-idx=5;profile=0;tier=0,video,video,2176220543,T01,395478,780,true,0,0,306,306,84178,21,3,SV254,0,0,0,1,[object Object],bandwidth,1,0,0,857413197,6.294,0,45.120557999999996
OT01V2176220543,1776276554725.861,outbound-rtp,COT01_45_level-idx=5;profile=0;tier=0,video,video,2176220543,T01,408782,795,true,0,0,313,313,84658,22,3,SV254,0,0,0,1,[object Object],bandwidth,1,0,0,857413197,6.451,0,45.407902
OT01V2176220543,1776276554725.861,outbound-rtp,COT01_45_level-idx=5;profile=0;tier=0,video,video,2176220543,T01,408782,795,true,0,0,313,313,84658,22,3,SV254,0,0,0,1,[object Object],bandwidth,1,0,0,857413197,6.451,0,45.407902
OT01V2176220543,1776276554925.783,outbound-rtp,COT01_45_level-idx=5;profile=0;tier=0,video,video,2176220543,T01,421870,812,true,0,0,319,319,85202,22,3,SV254,0,0,0,1,[object Object],bandwidth,1,0,0,857413197,6.557,0,45.89461
OT01V2176220543,1776276554925.783,outbound-rtp,COT01_45_level-idx=5;profile=0;tier=0,video,video,2176220543,T01,421870,812,true,0,0,319,319,85202,22,3,SV254,0,0,0,1,[object Object],bandwidth,1,0,0,857413197,6.557,0,45.89461
OT01V2176220543,1776276555125.874,outbound-rtp,COT01_45_level-idx=5;profile=0;tier=0,video,video,2176220543,T01,440025,833,true,0,0,326,326,85874,23,3,SV254,0,0,0,1,[object Object],bandwidth,1,0,0,857413197,6.724,0,45.977007
OT01V2176220543,1776276555125.874,outbound-rtp,COT01_45_level-idx=5;profile=0;tier=0,video,video,2176220543,T01,440025,833,true,0,0,326,326,85874,23,3,SV254,0,0,0,1,[object Object],bandwidth,1,0,0,857413197,6.724,0,45.977007
OT01V2176220543,1776276555325.82,outbound-rtp,COT01_45_level-idx=5;profile=0;tier=0,video,video,2176220543,T01,453506,850,true,0,0,333,333,86446,24,3,SV254,0,0,0,1,[object Object],bandwidth,1,0,0,857413197,6.892,0,46.562718
OT01V2176220543,1776276555325.82,outbound-rtp,COT01_45_level-idx=5;profile=0;tier=0,video,video,2176220543,T01,453506,850,true,0,0,333,333,86446,24,3,SV254,0,0,0,1,[object Object],bandwidth,1,0,0,857413197,6.892,0,46.562718
OT01V2176220543,1776276555525.739,outbound-rtp,COT01_45_level-idx=5;profile=0;tier=0,video,video,2176220543,T01,468465,868,true,0,0,342,342,87042,24,3,SV254,0,0,0,1,[object Object],bandwidth,1,0,0,857413197,7.104,0,46.607141999999996
OT01V2176220543,1776276555525.739,outbound-rtp,COT01_45_level-idx=5;profile=0;tier=0,video,video,2176220543,T01,468465,868,true,0,0,342,342,87042,24,3,SV254,0,0,0,1,[object Object],bandwidth,1,0,0,857413197,7.104,0,46.607141999999996
OT01V2176220543,1776276555725.754,outbound-rtp,COT01_45_level-idx=5;profile=0;tier=0,video,video,2176220543,T01,483583,886,true,0,0,348,348,87618,24,3,SV254,0,0,0,1,[object Object],bandwidth,1,0,0,857413197,7.232,0,46.677175
OT01V2176220543,1776276555725.754,outbound-rtp,COT01_45_level-idx=5;profile=0;tier=0,video,video,2176220543,T01,483583,886,true,0,0,348,348,87618,24,3,SV254,0,0,0,1,[object Object],bandwidth,1,0,0,857413197,7.232,0,46.677175
OT01V2176220543,1776276555925.739,outbound-rtp,COT01_45_level-idx=5;profile=0;tier=0,video,video,2176220543,T01,498513,903,true,0,0,357,357,88162,25,3,SV254,0,0,0,1,[object Object],bandwidth,1,0,0,857413197,7.426,0,46.748014999999995
OT01V2176220543,1776276555925.739,outbound-rtp,COT01_45_level-idx=5;profile=0;tier=0,video,video,2176220543,T01,498513,903,true,0,0,357,357,88162,25,3,SV254,0,0,0,1,[object Object],bandwidth,1,0,0,857413197,7.426,0,46.748014999999995
OT01V2176220543,1776276556125.819,outbound-rtp,COT01_45_level-idx=5;profile=0;tier=0,video,video,2176220543,T01,512788,921,true,0,0,362,362,88738,25,3,SV254,0,0,0,1,[object Object],bandwidth,1,0,0,857413197,7.55,0,47.324912999999995
OT01V2176220543,1776276556125.819,outbound-rtp,COT01_45_level-idx=5;profile=0;tier=0,video,video,2176220543,T01,512788,921,true,0,0,362,362,88738,25,3,SV254,0,0,0,1,[object Object],bandwidth,1,0,0,857413197,7.55,0,47.324912999999995
OT01V2176220543,1776276556325.853,outbound-rtp,COT01_45_level-idx=5;profile=0;tier=0,video,video,2176220543,T01,529423,939,true,0,0,370,370,89314,26,3,SV254,0,0,0,1,[object Object],bandwidth,1,0,0,857413197,7.724,0,47.369018
OT01V2176220543,1776276556325.853,outbound-rtp,COT01_45_level-idx=5;profile=0;tier=0,video,video,2176220543,T01,529423,939,true,0,0,370,370,89314,26,3,SV254,0,0,0,1,[object Object],bandwidth,1,0,0,857413197,7.724,0,47.369018
OT01V2176220543,1776276556525.83,outbound-rtp,COT01_45_level-idx=5;profile=0;tier=0,video,video,2176220543,T01,544367,958,true,0,0,376,376,89922,26,3,SV254,0,0,0,1,[object Object],bandwidth,1,0,0,857413197,7.846,0,47.576603
OT01V2176220543,1776276556525.83,outbound-rtp,COT01_45_level-idx=5;profile=0;tier=0,video,video,2176220543,T01,544367,958,true,0,0,376,376,89922,26,3,SV254,0,0,0,1,[object Object],bandwidth,1,0,0,857413197,7.846,0,47.576603
OT01V2176220543,1776276556725.75,outbound-rtp,COT01_45_level-idx=5;profile=0;tier=0,video,video,2176220543,T01,563501,979,true,0,0,385,385,90594,27,3,SV254,0,0,0,1,[object Object],bandwidth,1,0,0,857413197,8.044,0,47.684455
OT01V2176220543,1776276556725.75,outbound-rtp,COT01_45_level-idx=5;profile=0;tier=0,video,video,2176220543,T01,563501,979,true,0,0,385,385,90594,27,3,SV254,0,0,0,1,[object Object],bandwidth,1,0,0,857413197,8.044,0,47.684455
OT01V2176220543,1776276556925.843,outbound-rtp,COT01_45_level-idx=5;profile=0;tier=0,video,video,2176220543,T01,578354,996,true,0,0,391,391,91166,28,3,SV254,0,0,0,1,[object Object],bandwidth,1,0,0,857413197,8.172,0,47.993046
OT01V2176220543,1776276556925.843,outbound-rtp,COT01_45_level-idx=5;profile=0;tier=0,video,video,2176220543,T01,578354,996,true,0,0,391,391,91166,28,3,SV254,0,0,0,1,[object Object],bandwidth,1,0,0,857413197,8.172,0,47.993046
OT01V2176220543,1776276557125.716,outbound-rtp,COT01_45_level-idx=5;profile=0;tier=0,video,video,2176220543,T01,597215,1018,true,0,0,401,401,91882,29,3,SV254,0,0,0,1,[object Object],bandwidth,1,0,0,857413197,8.404,0,47.993058
OT01V2176220543,1776276557125.716,outbound-rtp,COT01_45_level-idx=5;profile=0;tier=0,video,video,2176220543,T01,597215,1018,true,0,0,401,401,91882,29,3,SV254,0,0,0,1,[object Object],bandwidth,1,0,0,857413197,8.404,0,47.993058
OT01V2176220543,1776276557325.859,outbound-rtp,COT01_45_level-idx=5;profile=0;tier=0,video,video,2176220543,T01,611996,1035,true,0,0,407,407,92426,30,3,SV254,0,0,0,1,[object Object],bandwidth,1,0,0,857413197,8.534,0,48.337634
OT01V2176220543,1776276557325.859,outbound-rtp,COT01_45_level-idx=5;profile=0;tier=0,video,video,2176220543,T01,611996,1035,true,0,0,407,407,92426,30,3,SV254,0,0,0,1,[object Object],bandwidth,1,0,0,857413197,8.534,0,48.337634
OT01V2176220543,1776276557525.774,outbound-rtp,COT01_45_level-idx=5;profile=0;tier=0,video,video,2176220543,T01,631654,1057,true,0,0,415,415,93130,30,3,SV254,0,0,0,1,[object Object],bandwidth,1,0,0,857413197,8.716,0,48.517154999999995
OT01V2176220543,1776276557525.774,outbound-rtp,COT01_45_level-idx=5;profile=0;tier=0,video,video,2176220543,T01,631654,1057,true,0,0,415,415,93130,30,3,SV254,0,0,0,1,[object Object],bandwidth,1,0,0,857413197,8.716,0,48.517154999999995
OT01V2176220543,1776276557725.834,outbound-rtp,COT01_45_level-idx=5;profile=0;tier=0,video,video,2176220543,T01,647352,1074,true,0,0,421,421,93674,30,3,SV254,0,0,0,1,[object Object],bandwidth,1,0,0,857413197,8.858,0,48.546033
OT01V2176220543,1776276557725.834,outbound-rtp,COT01_45_level-idx=5;profile=0;tier=0,video,video,2176220543,T01,647352,1074,true,0,0,421,421,93674,30,3,SV254,0,0,0,1,[object Object],bandwidth,1,0,0,857413197,8.858,0,48.546033
OT01V2176220543,1776276557925.846,outbound-rtp,COT01_45_level-idx=5;profile=0;tier=0,video,video,2176220543,T01,665141,1094,true,0,0,429,429,94314,31,3,SV254,0,0,0,1,[object Object],bandwidth,1,0,0,857413197,9.035,0,48.675346999999995
OT01V2176220543,1776276557925.846,outbound-rtp,COT01_45_level-idx=5;profile=0;tier=0,video,video,2176220543,T01,665141,1094,true,0,0,429,429,94314,31,3,SV254,0,0,0,1,[object Object],bandwidth,1,0,0,857413197,9.035,0,48.675346999999995
OT01V2176220543,1776276558125.803,outbound-rtp,COT01_45_level-idx=5;profile=0;tier=0,video,video,2176220543,T01,683709,1115,true,0,0,435,435,94986,31,3,SV254,0,0,0,1,[object Object],bandwidth,1,0,0,857413197,9.174,0,48.675360999999995
OT01V2176220543,1776276558125.803,outbound-rtp,COT01_45_level-idx=5;profile=0;tier=0,video,video,2176220543,T01,683709,1115,true,0,0,435,435,94986,31,3,SV254,0,0,0,1,[object Object],bandwidth,1,0,0,857413197,9.174,0,48.675360999999995
OT01V2176220543,1776276558325.782,outbound-rtp,COT01_45_level-idx=5;profile=0;tier=0,video,video,2176220543,T01,703239,1137,true,0,0,444,444,95690,32,3,SV254,0,0,0,1,[object Object],bandwidth,1,0,0,857413197,9.372,0,48.794520999999996
OT01V2176220543,1776276558325.782,outbound-rtp,COT01_45_level-idx=5;profile=0;tier=0,video,video,2176220543,T01,703239,1137,true,0,0,444,444,95690,32,3,SV254,0,0,0,1,[object Object],bandwidth,1,0,0,857413197,9.372,0,48.794520999999996
OT01V2176220543,1776276558525.914,outbound-rtp,COT01_45_level-idx=5;profile=0;tier=0,video,video,2176220543,T01,721076,1156,true,0,0,451,451,96298,33,3,SV254,0,0,0,1,[object Object],bandwidth,1,0,0,857413197,9.524,0,49.076938
OT01V2176220543,1776276558525.914,outbound-rtp,COT01_45_level-idx=5;profile=0;tier=0,video,video,2176220543,T01,721076,1156,true,0,0,451,451,96298,33,3,SV254,0,0,0,1,[object Object],bandwidth,1,0,0,857413197,9.524,0,49.076938
OT01V2176220543,1776276558725.824,outbound-rtp,COT01_45_level-idx=5;profile=0;tier=0,video,video,2176220543,T01,740386,1176,true,0,0,458,458,96938,33,3,SV254,0,0,0,1,[object Object],bandwidth,1,0,0,857413197,9.687,0,49.076944999999995
OT01V2176220543,1776276558725.824,outbound-rtp,COT01_45_level-idx=5;profile=0;tier=0,video,video,2176220543,T01,740386,1176,true,0,0,458,458,96938,33,3,SV254,0,0,0,1,[object Object],bandwidth,1,0,0,857413197,9.687,0,49.076944999999995
OT01V2176220543,1776276558925.749,outbound-rtp,COT01_45_level-idx=5;profile=0;tier=0,video,video,2176220543,T01,762542,1200,true,0,0,466,466,97726,34,3,SV254,0,0,0,1,[object Object],bandwidth,1,0,0,857413197,9.875,0,49.268678
OT01V2176220543,1776276558925.749,outbound-rtp,COT01_45_level-idx=5;profile=0;tier=0,video,video,2176220543,T01,762542,1200,true,0,0,466,466,97726,34,3,SV254,0,0,0,1,[object Object],bandwidth,1,0,0,857413197,9.875,0,49.268678
OT01V2176220543,1776276559125.738,outbound-rtp,COT01_45_level-idx=5;profile=0;tier=0,video,video,2176220543,T01,781270,1219,true,0,0,473,473,98374,35,3,SV254,0,0,0,1,[object Object],bandwidth,1,0,0,857413197,10.055,0,49.375225
OT01V2176220543,1776276559125.738,outbound-rtp,COT01_45_level-idx=5;profile=0;tier=0,video,video,2176220543,T01,781270,1219,true,0,0,473,473,98374,35,3,SV254,0,0,0,1,[object Object],bandwidth,1,0,0,857413197,10.055,0,49.375225
OT01V2176220543,1776276559325.723,outbound-rtp,COT01_45_level-idx=5;profile=0;tier=0,video,video,2176220543,T01,799914,1241,true,0,0,480,480,99086,35,3,SV254,0,0,0,1,[object Object],bandwidth,1,0,0,857413197,10.208,0,49.508398
OT01V2176220543,1776276559325.723,outbound-rtp,COT01_45_level-idx=5;profile=0;tier=0,video,video,2176220543,T01,799914,1241,true,0,0,480,480,99086,35,3,SV254,0,0,0,1,[object Object],bandwidth,1,0,0,857413197,10.208,0,49.508398
OT01V2176220543,1776276559525.814,outbound-rtp,COT01_45_level-idx=5;profile=0;tier=0,video,video,2176220543,T01,820016,1263,true,0,0,487,487,99790,35,3,SV254,0,0,0,1,[object Object],bandwidth,1,0,0,857413197,10.376,0,49.508404
OT01V2176220543,1776276559525.814,outbound-rtp,COT01_45_level-idx=5;profile=0;tier=0,video,video,2176220543,T01,820016,1263,true,0,0,487,487,99790,35,3,SV254,0,0,0,1,[object Object],bandwidth,1,0,0,857413197,10.376,0,49.508404
OT01V2176220543,1776276559725.681,outbound-rtp,COT01_45_level-idx=5;profile=0;tier=0,video,video,2176220543,T01,842741,1289,true,0,0,496,496,100622,36,3,SV254,0,0,0,1,[object Object],bandwidth,1,0,0,857413197,10.572,0,49.89102
OT01V2176220543,1776276559725.681,outbound-rtp,COT01_45_level-idx=5;profile=0;tier=0,video,video,2176220543,T01,842741,1289,true,0,0,496,496,100622,36,3,SV254,0,0,0,1,[object Object],bandwidth,1,0,0,857413197,10.572,0,49.89102
OT01V2176220543,1776276559925.807,outbound-rtp,COT01_45_level-idx=5;profile=0;tier=0,video,video,2176220543,T01,862981,1310,true,0,0,502,502,101294,36,3,SV254,0,0,0,1,[object Object],bandwidth,1,0,0,857413197,10.716,0,49.891026
OT01V2176220543,1776276559925.807,outbound-rtp,COT01_45_level-idx=5;profile=0;tier=0,video,video,2176220543,T01,862981,1310,true,0,0,502,502,101294,36,3,SV254,0,0,0,1,[object Object],bandwidth,1,0,0,857413197,10.716,0,49.891026
OT01V2176220543,1776276560125.765,outbound-rtp,COT01_45_level-idx=5;profile=0;tier=0,video,video,2176220543,T01,884104,1333,true,0,0,510,510,102030,36,3,SV254,0,0,0,1,[object Object],bandwidth,1,0,0,857413197,10.906,0,50.100012
OT01V2176220543,1776276560125.765,outbound-rtp,COT01_45_level-idx=5;profile=0;tier=0,video,video,2176220543,T01,884104,1333,true,0,0,510,510,102030,36,3,SV254,0,0,0,1,[object Object],bandwidth,1,0,0,857413197,10.906,0,50.100012
OT01V2176220543,1776276560325.773,outbound-rtp,COT01_45_level-idx=5;profile=0;tier=0,video,video,2176220543,T01,905268,1358,true,0,0,519,519,102830,36,3,SV254,0,0,0,1,[object Object],bandwidth,1,0,0,857413197,11.12,0,50.163804
OT01V2176220543,1776276560325.773,outbound-rtp,COT01_45_level-idx=5;profile=0;tier=0,video,video,2176220543,T01,905268,1358,true,0,0,519,519,102830,36,3,SV254,0,0,0,1,[object Object],bandwidth,1,0,0,857413197,11.12,0,50.163804
OT01V2176220543,1776276560525.725,outbound-rtp,COT01_45_level-idx=5;profile=0;tier=0,video,video,2176220543,T01,930904,1384,true,0,0,529,529,103662,36,3,SV254,0,0,0,1,[object Object],bandwidth,1,0,0,857413197,11.354,0,50.206914999999995
OT01V2176220543,1776276560525.725,outbound-rtp,COT01_45_level-idx=5;profile=0;tier=0,video,video,2176220543,T01,930904,1384,true,0,0,529,529,103662,36,3,SV254,0,0,0,1,[object Object],bandwidth,1,0,0,857413197,11.354,0,50.206914999999995
OT01V2176220543,1776276560725.895,outbound-rtp,COT01_45_level-idx=5;profile=0;tier=0,video,video,2176220543,T01,949753,1406,true,0,0,537,537,104366,36,3,SV254,0,0,0,1,[object Object],bandwidth,1,0,0,857413197,11.554,0,50.273444
OT01V2176220543,1776276560725.895,outbound-rtp,COT01_45_level-idx=5;profile=0;tier=0,video,video,2176220543,T01,949753,1406,true,0,0,537,537,104366,36,3,SV254,0,0,0,1,[object Object],bandwidth,1,0,0,857413197,11.554,0,50.273444
OT01V2176220543,1776276560925.916,outbound-rtp,COT01_45_level-idx=5;profile=0;tier=0,video,video,2176220543,T01,974979,1432,true,0,0,546,546,105190,36,3,SV254,0,0,0,1,[object Object],bandwidth,1,0,0,857413197,11.748,0,50.273454
OT01V2176220543,1776276560925.916,outbound-rtp,COT01_45_level-idx=5;profile=0;tier=0,video,video,2176220543,T01,974979,1432,true,0,0,546,546,105190,36,3,SV254,0,0,0,1,[object Object],bandwidth,1,0,0,857413197,11.748,0,50.273454
OT01V2176220543,1776276561125.756,outbound-rtp,COT01_45_level-idx=5;profile=0;tier=0,video,video,2176220543,T01,997685,1457,true,0,0,556,556,105958,36,3,SV254,0,0,0,1,[object Object],bandwidth,1,0,0,857413197,11.986,0,50.46022
OT01V2176220543,1776276561125.756,outbound-rtp,COT01_45_level-idx=5;profile=0;tier=0,video,video,2176220543,T01,997685,1457,true,0,0,556,556,105958,36,3,SV254,0,0,0,1,[object Object],bandwidth,1,0,0,857413197,11.986,0,50.46022
OT01V2176220543,1776276561325.706,outbound-rtp,COT01_45_level-idx=5;profile=0;tier=0,video,video,2176220543,T01,1021835,1483,true,0,0,564,564,106778,36,3,SV254,0,0,0,1,[object Object],bandwidth,1,0,0,857413197,12.172,0,50.460238999999994
OT01V2176220543,1776276561325.706,outbound-rtp,COT01_45_level-idx=5;profile=0;tier=0,video,video,2176220543,T01,1021835,1483,true,0,0,564,564,106778,36,3,SV254,0,0,0,1,[object Object],bandwidth,1,0,0,857413197,12.172,0,50.460238999999994
OT01V2176220543,1776276561525.828,outbound-rtp,COT01_45_level-idx=5;profile=0;tier=0,video,video,2176220543,T01,1043604,1508,true,0,0,574,574,107550,36,3,SV254,0,0,0,1,[object Object],bandwidth,1,0,0,857413197,12.399,0,50.553979999999996
OT01V2176220543,1776276561525.828,outbound-rtp,COT01_45_level-idx=5;profile=0;tier=0,video,video,2176220543,T01,1043604,1508,true,0,0,574,574,107550,36,3,SV254,0,0,0,1,[object Object],bandwidth,1,0,0,857413197,12.399,0,50.553979999999996
OT01V2176220543,1776276561725.696,outbound-rtp,COT01_45_level-idx=5;profile=0;tier=0,video,video,2176220543,T01,1071180,1537,true,0,0,585,585,108478,36,3,SV254,0,0,0,1,[object Object],bandwidth,1,0,0,857413197,12.638,0,50.599298999999995
OT01V2176220543,1776276561725.696,outbound-rtp,COT01_45_level-idx=5;profile=0;tier=0,video,video,2176220543,T01,1071180,1537,true,0,0,585,585,108478,36,3,SV254,0,0,0,1,[object Object],bandwidth,1,0,0,857413197,12.638,0,50.599298999999995
OT01V2176220543,1776276561925.869,outbound-rtp,COT01_45_level-idx=5;profile=0;tier=0,video,video,2176220543,T01,1092397,1560,true,0,0,593,593,109214,36,3,SV254,0,0,0,1,[object Object],bandwidth,1,0,0,857413197,12.831,0,50.699732
OT01V2176220543,1776276561925.869,outbound-rtp,COT01_45_level-idx=5;profile=0;tier=0,video,video,2176220543,T01,1092397,1560,true,0,0,593,593,109214,36,3,SV254,0,0,0,1,[object Object],bandwidth,1,0,0,857413197,12.831,0,50.699732
OT01V2176220543,1776276562125.716,outbound-rtp,COT01_45_level-idx=5;profile=0;tier=0,video,video,2176220543,T01,1120088,1589,true,0,0,605,605,110142,36,3,SV254,0,0,0,1,[object Object],bandwidth,1,0,0,857413197,13.115,0,50.699746999999995
OT01V2176220543,1776276562125.716,outbound-rtp,COT01_45_level-idx=5;profile=0;tier=0,video,video,2176220543,T01,1120088,1589,true,0,0,605,605,110142,36,3,SV254,0,0,0,1,[object Object],bandwidth,1,0,0,857413197,13.115,0,50.699746999999995
OT01V2176220543,1776276562325.808,outbound-rtp,COT01_45_level-idx=5;profile=0;tier=0,video,video,2176220543,T01,1142802,1613,true,0,0,612,612,110910,36,3,SV254,0,0,0,1,[object Object],bandwidth,1,0,0,857413197,13.283,0,50.846498
OT01V2176220543,1776276562325.808,outbound-rtp,COT01_45_level-idx=5;profile=0;tier=0,video,video,2176220543,T01,1142802,1613,true,0,0,612,612,110910,36,3,SV254,0,0,0,1,[object Object],bandwidth,1,0,0,857413197,13.283,0,50.846498
OT01V2176220543,1776276562525.7,outbound-rtp,COT01_45_level-idx=5;profile=0;tier=0,video,video,2176220543,T01,1172396,1642,true,0,0,623,623,111826,36,3,SV254,0,0,0,1,[object Object],bandwidth,1,0,0,857413197,13.533,0,50.884287
OT01V2176220543,1776276562525.7,outbound-rtp,COT01_45_level-idx=5;profile=0;tier=0,video,video,2176220543,T01,1172396,1642,true,0,0,623,623,111826,36,3,SV254,0,0,0,1,[object Object],bandwidth,1,0,0,857413197,13.533,0,50.884287
OT01V2176220543,1776276562725.716,outbound-rtp,COT01_45_level-idx=5;profile=0;tier=0,video,video,2176220543,T01,1195013,1668,true,0,0,632,632,112626,36,3,SV254,0,0,0,1,[object Object],bandwidth,1,0,0,857413197,13.73,0,50.926344
OT01V2176220543,1776276562725.716,outbound-rtp,COT01_45_level-idx=5;profile=0;tier=0,video,video,2176220543,T01,1195013,1668,true,0,0,632,632,112626,36,3,SV254,0,0,0,1,[object Object],bandwidth,1,0,0,857413197,13.73,0,50.926344
OT01V2176220543,1776276562925.745,outbound-rtp,COT01_45_level-idx=5;profile=0;tier=0,video,video,2176220543,T01,1223276,1697,true,0,0,643,643,113554,36,3,SV254,0,0,0,1,[object Object],bandwidth,1,0,0,857413197,13.931,0,50.926351
OT01V2176220543,1776276562925.745,outbound-rtp,COT01_45_level-idx=5;profile=0;tier=0,video,video,2176220543,T01,1223276,1697,true,0,0,643,643,113554,36,3,SV254,0,0,0,1,[object Object],bandwidth,1,0,0,857413197,13.931,0,50.926351
OT01V2176220543,1776276563125.674,outbound-rtp,COT01_45_level-idx=5;profile=0;tier=0,video,video,2176220543,T01,1248430,1724,true,0,0,651,651,114418,36,3,SV254,0,0,0,1,[object Object],bandwidth,1,0,0,857413197,14.117,0,50.979670999999996
OT01V2176220543,1776276563125.674,outbound-rtp,COT01_45_level-idx=5;profile=0;tier=0,video,video,2176220543,T01,1248430,1724,true,0,0,651,651,114418,36,3,SV254,0,0,0,1,[object Object],bandwidth,1,0,0,857413197,14.117,0,50.979670999999996
OT01V2176220543,1776276563325.679,outbound-rtp,COT01_45_level-idx=5;profile=0;tier=0,video,video,2176220543,T01,1279390,1755,true,0,0,660,660,115414,37,3,SV254,0,0,0,1,[object Object],none,2,0,0,857413197,14.41,0,51.052381
OT01V2176220543,1776276563325.679,outbound-rtp,COT01_45_level-idx=5;profile=0;tier=0,video,video,2176220543,T01,1279390,1755,true,0,0,660,660,115414,37,3,SV254,0,0,0,1,[object Object],none,2,0,0,857413197,14.41,0,51.052381
OT01V2176220543,1776276563525.922,outbound-rtp,COT01_45_level-idx=5;profile=0;tier=0,video,video,2176220543,T01,1312602,1785,true,0,0,662,662,116470,39,4,SV254,0,0,0,1,[object Object],none,2,0,0,857413197,14.478,0,53.239652
OT01V2176220543,1776276563525.922,outbound-rtp,COT01_45_level-idx=5;profile=0;tier=0,video,video,2176220543,T01,1312602,1785,true,0,0,662,662,116470,39,4,SV254,0,0,0,1,[object Object],none,2,0,0,857413197,14.478,0,53.239652
OT01V2176220543,1776276563725.832,outbound-rtp,COT01_45_level-idx=5;profile=0;tier=0,video,video,2176220543,T01,1332516,1803,true,0,0,662,662,117078,39,4,SV254,0,0,0,1,[object Object],none,2,0,0,857413197,14.478,0,55.477745999999996
OT01V2176220543,1776276563725.832,outbound-rtp,COT01_45_level-idx=5;profile=0;tier=0,video,video,2176220543,T01,1332516,1803,true,0,0,662,662,117078,39,4,SV254,0,0,0,1,[object Object],none,2,0,0,857413197,14.478,0,55.477745999999996
OT01V2176220543,1776276563925.868,outbound-rtp,COT01_45_level-idx=5;profile=0;tier=0,video,video,2176220543,T01,1361595,1830,true,0,0,662,662,118050,39,4,SV254,0,0,0,1,[object Object],none,2,0,0,857413197,14.478,0,55.477745999999996
OT01V2176220543,1776276563925.868,outbound-rtp,COT01_45_level-idx=5;profile=0;tier=0,video,video,2176220543,T01,1361595,1830,true,0,0,662,662,118050,39,4,SV254,0,0,0,1,[object Object],none,2,0,0,857413197,14.478,0,55.477745999999996
OT01V2176220543,1776276564125.853,outbound-rtp,COT01_45_level-idx=5;profile=0;tier=0,video,video,2176220543,T01,1390674,1857,true,0,0,662,662,119022,39,4,SV254,0,0,0,1,[object Object],none,2,0,0,857413197,14.478,0,55.477745999999996
OT01V2176220543,1776276564125.853,outbound-rtp,COT01_45_level-idx=5;profile=0;tier=0,video,video,2176220543,T01,1390674,1857,true,0,0,662,662,119022,39,4,SV254,0,0,0,1,[object Object],none,2,0,0,857413197,14.478,0,55.477745999999996
OT01V2176220543,1776276564325.829,outbound-rtp,COT01_45_level-idx=5;profile=0;tier=0,video,video,2176220543,T01,1420830,1885,true,0,0,662,662,120030,39,4,SV254,0,0,0,1,[object Object],none,2,0,0,857413197,14.478,0,55.477745999999996
OT01V2176220543,1776276564325.829,outbound-rtp,COT01_45_level-idx=5;profile=0;tier=0,video,video,2176220543,T01,1420830,1885,true,0,0,662,662,120030,39,4,SV254,0,0,0,1,[object Object],none,2,0,0,857413197,14.478,0,55.477745999999996
OT01V2176220543,1776276564525.95,outbound-rtp,COT01_45_level-idx=5;profile=0;tier=0,video,video,2176220543,T01,1450986,1913,true,0,0,662,662,121038,39,4,SV254,0,0,0,1,[object Object],none,2,0,0,857413197,14.478,0,55.477745999999996
OT01V2176220543,1776276564525.95,outbound-rtp,COT01_45_level-idx=5;profile=0;tier=0,video,video,2176220543,T01,1450986,1913,true,0,0,662,662,121038,39,4,SV254,0,0,0,1,[object Object],none,2,0,0,857413197,14.478,0,55.477745999999996
OT01V2176220543,1776276564725.898,outbound-rtp,COT01_45_level-idx=5;profile=0;tier=0,video,video,2176220543,T01,1482219,1942,true,0,0,662,662,122082,39,4,SV254,0,0,0,1,[object Object],none,2,0,0,857413197,14.478,0,55.477745999999996
OT01V2176220543,1776276564725.898,outbound-rtp,COT01_45_level-idx=5;profile=0;tier=0,video,video,2176220543,T01,1482219,1942,true,0,0,662,662,122082,39,4,SV254,0,0,0,1,[object Object],none,2,0,0,857413197,14.478,0,55.477745999999996
OT01V2176220543,1776276564925.923,outbound-rtp,COT01_45_level-idx=5;profile=0;tier=0,video,video,2176220543,T01,1513452,1971,true,0,0,662,662,123126,39,4,SV254,0,0,0,1,[object Object],none,2,0,0,857413197,14.478,0,55.477745999999996
OT01V2176220543,1776276564925.923,outbound-rtp,COT01_45_level-idx=5;profile=0;tier=0,video,video,2176220543,T01,1513452,1971,true,0,0,662,662,123126,39,4,SV254,0,0,0,1,[object Object],none,2,0,0,857413197,14.478,0,55.477745999999996
OT01V2176220543,1776276565125.785,outbound-rtp,COT01_45_level-idx=5;profile=0;tier=0,video,video,2176220543,T01,1544685,2000,true,0,0,662,662,124170,39,4,SV254,0,0,0,1,[object Object],none,2,0,0,857413197,14.478,0,55.477745999999996
OT01V2176220543,1776276565125.785,outbound-rtp,COT01_45_level-idx=5;profile=0;tier=0,video,video,2176220543,T01,1544685,2000,true,0,0,662,662,124170,39,4,SV254,0,0,0,1,[object Object],none,2,0,0,857413197,14.478,0,55.477745999999996
OT01V2176220543,1776276565325.855,outbound-rtp,COT01_45_level-idx=5;profile=0;tier=0,video,video,2176220543,T01,1575918,2029,true,0,0,662,662,125214,39,4,SV254,0,0,0,1,[object Object],none,2,0,0,857413197,14.478,0,55.477745999999996
OT01V2176220543,1776276565325.855,outbound-rtp,COT01_45_level-idx=5;profile=0;tier=0,video,video,2176220543,T01,1575918,2029,true,0,0,662,662,125214,39,4,SV254,0,0,0,1,[object Object],none,2,0,0,857413197,14.478,0,55.477745999999996
OT01V2176220543,1776276565525.932,outbound-rtp,COT01_45_level-idx=5;profile=0;tier=0,video,video,2176220543,T01,1607151,2058,true,0,0,662,662,126258,39,4,SV254,0,0,0,1,[object Object],none,2,0,0,857413197,14.478,0,55.477745999999996
OT01V2176220543,1776276565525.932,outbound-rtp,COT01_45_level-idx=5;profile=0;tier=0,video,video,2176220543,T01,1607151,2058,true,0,0,662,662,126258,39,4,SV254,0,0,0,1,[object Object],none,2,0,0,857413197,14.478,0,55.477745999999996
OT01V2176220543,1776276565725.914,outbound-rtp,COT01_45_level-idx=5;profile=0;tier=0,video,video,2176220543,T01,1638384,2087,true,0,0,662,662,127302,39,4,SV254,0,0,0,1,[object Object],none,2,0,0,857413197,14.478,0,55.477745999999996
OT01V2176220543,1776276565725.914,outbound-rtp,COT01_45_level-idx=5;profile=0;tier=0,video,video,2176220543,T01,1638384,2087,true,0,0,662,662,127302,39,4,SV254,0,0,0,1,[object Object],none,2,0,0,857413197,14.478,0,55.477745999999996
OT01V2176220543,1776276565925.839,outbound-rtp,COT01_45_level-idx=5;profile=0;tier=0,video,video,2176220543,T01,1669617,2116,true,0,0,662,662,128346,39,4,SV254,0,0,0,1,[object Object],none,2,0,0,857413197,14.478,0,55.477745999999996
OT01V2176220543,1776276565925.839,outbound-rtp,COT01_45_level-idx=5;profile=0;tier=0,video,video,2176220543,T01,1669617,2116,true,0,0,662,662,128346,39,4,SV254,0,0,0,1,[object Object],none,2,0,0,857413197,14.478,0,55.477745999999996
OT01V2176220543,1776276566125.812,outbound-rtp,COT01_45_level-idx=5;profile=0;tier=0,video,video,2176220543,T01,1700850,2145,true,0,0,662,662,129390,39,4,SV254,0,0,0,1,[object Object],none,2,0,0,857413197,14.478,0,55.477745999999996
OT01V2176220543,1776276566125.812,outbound-rtp,COT01_45_level-idx=5;profile=0;tier=0,video,video,2176220543,T01,1700850,2145,true,0,0,662,662,129390,39,4,SV254,0,0,0,1,[object Object],none,2,0,0,857413197,14.478,0,55.477745999999996
OT01V2176220543,1776276566325.845,outbound-rtp,COT01_45_level-idx=5;profile=0;tier=0,video,video,2176220543,T01,1732083,2174,true,0,0,662,662,130434,39,4,SV254,0,0,0,2,[object Object],none,2,0,0,857413197,14.478,0,55.477745999999996
OT01V2176220543,1776276566325.845,outbound-rtp,COT01_45_level-idx=5;profile=0;tier=0,video,video,2176220543,T01,1732083,2174,true,0,0,662,662,130434,39,4,SV254,0,0,0,2,[object Object],none,2,0,0,857413197,14.478,0,55.477745999999996
OT01V2176220543,1776276566525.866,outbound-rtp,COT01_45_level-idx=5;profile=0;tier=0,video,video,2176220543,T01,1763316,2203,true,0,0,662,662,131478,39,4,SV254,0,0,0,2,[object Object],none,2,0,0,857413197,14.478,0,55.477745999999996
OT01V2176220543,1776276566525.866,outbound-rtp,COT01_45_level-idx=5;profile=0;tier=0,video,video,2176220543,T01,1763316,2203,true,0,0,662,662,131478,39,4,SV254,0,0,0,2,[object Object],none,2,0,0,857413197,14.478,0,55.477745999999996
OT01V2176220543,1776276566725.845,outbound-rtp,COT01_45_level-idx=5;profile=0;tier=0,video,video,2176220543,T01,1794549,2232,true,0,0,662,662,132522,39,4,SV254,0,0,0,2,[object Object],none,2,0,0,857413197,14.478,0,55.477745999999996
OT01V2176220543,1776276566725.845,outbound-rtp,COT01_45_level-idx=5;profile=0;tier=0,video,video,2176220543,T01,1794549,2232,true,0,0,662,662,132522,39,4,SV254,0,0,0,2,[object Object],none,2,0,0,857413197,14.478,0,55.477745999999996
OT01V2176220543,1776276566925.849,outbound-rtp,COT01_45_level-idx=5;profile=0;tier=0,video,video,2176220543,T01,1825782,2261,true,0,0,662,662,133566,39,4,SV254,0,0,0,2,[object Object],none,2,0,0,857413197,14.478,0,55.477745999999996
OT01V2176220543,1776276566925.849,outbound-rtp,COT01_45_level-idx=5;profile=0;tier=0,video,video,2176220543,T01,1825782,2261,true,0,0,662,662,133566,39,4,SV254,0,0,0,2,[object Object],none,2,0,0,857413197,14.478,0,55.477745999999996
OT01V2176220543,1776276567125.91,outbound-rtp,COT01_45_level-idx=5;profile=0;tier=0,video,video,2176220543,T01,1857015,2290,true,0,0,662,662,134610,39,4,SV254,0,0,0,2,[object Object],none,2,0,0,857413197,14.478,0,55.477745999999996
OT01V2176220543,1776276567125.91,outbound-rtp,COT01_45_level-idx=5;profile=0;tier=0,video,video,2176220543,T01,1857015,2290,true,0,0,662,662,134610,39,4,SV254,0,0,0,2,[object Object],none,2,0,0,857413197,14.478,0,55.477745999999996
OT01V2176220543,1776276567325.928,outbound-rtp,COT01_45_level-idx=5;profile=0;tier=0,video,video,2176220543,T01,1859169,2292,true,0,0,662,662,134682,39,4,SV254,0,0,0,3,[object Object],none,2,0,0,857413197,14.478,0,55.477745999999996
OT01V2176220543,1776276567325.928,outbound-rtp,COT01_45_level-idx=5;profile=0;tier=0,video,video,2176220543,T01,1859169,2292,true,0,0,662,662,134682,39,4,SV254,0,0,0,3,[object Object],none,2,0,0,857413197,14.478,0,55.477745999999996
OT01V2176220543,1776276567525.899,outbound-rtp,COT01_45_level-idx=5;profile=0;tier=0,video,video,2176220543,T01,1859169,2292,true,0,0,662,662,134682,39,4,SV254,0,0,0,3,[object Object],none,2,0,0,857413197,14.478,0,55.477745999999996
OT01V2176220543,1776276567525.899,outbound-rtp,COT01_45_level-idx=5;profile=0;tier=0,video,video,2176220543,T01,1859169,2292,true,0,0,662,662,134682,39,4,SV254,0,0,0,3,[object Object],none,2,0,0,857413197,14.478,0,55.477745999999996
OT01V2176220543,1776276567725.907,outbound-rtp,COT01_45_level-idx=5;profile=0;tier=0,video,video,2176220543,T01,1859169,2292,true,0,0,662,662,134682,39,4,SV254,0,0,0,3,[object Object],none,2,0,0,857413197,14.478,0,55.477745999999996
OT01V2176220543,1776276567725.907,outbound-rtp,COT01_45_level-idx=5;profile=0;tier=0,video,video,2176220543,T01,1859169,2292,true,0,0,662,662,134682,39,4,SV254,0,0,0,3,[object Object],none,2,0,0,857413197,14.478,0,55.477745999999996
OT01V2176220543,1776276567925.911,outbound-rtp,COT01_45_level-idx=5;profile=0;tier=0,video,video,2176220543,T01,1859169,2292,true,0,0,662,662,134682,39,4,SV254,0,0,0,3,[object Object],none,2,0,0,857413197,14.478,0,55.477745999999996
OT01V2176220543,1776276567925.911,outbound-rtp,COT01_45_level-idx=5;profile=0;tier=0,video,video,2176220543,T01,1859169,2292,true,0,0,662,662,134682,39,4,SV254,0,0,0,3,[object Object],none,2,0,0,857413197,14.478,0,55.477745999999996
OT01V2176220543,1776276568125.903,outbound-rtp,COT01_45_level-idx=5;profile=0;tier=0,video,video,2176220543,T01,1859169,2292,true,0,0,662,662,134682,39,4,SV254,0,0,0,3,[object Object],none,2,0,0,857413197,14.478,0,55.477745999999996
OT01V2176220543,1776276568125.903,outbound-rtp,COT01_45_level-idx=5;profile=0;tier=0,video,video,2176220543,T01,1859169,2292,true,0,0,662,662,134682,39,4,SV254,0,0,0,3,[object Object],none,2,0,0,857413197,14.478,0,55.477745999999996
OT01V2176220543,1776276568325.905,outbound-rtp,COT01_45_level-idx=5;profile=0;tier=0,video,video,2176220543,T01,1859169,2292,true,0,0,662,662,134682,39,4,SV254,0,0,0,3,[object Object],none,2,0,0,857413197,14.478,0,55.477745999999996
OT01V2176220543,1776276568325.905,outbound-rtp,COT01_45_level-idx=5;profile=0;tier=0,video,video,2176220543,T01,1859169,2292,true,0,0,662,662,134682,39,4,SV254,0,0,0,3,[object Object],none,2,0,0,857413197,14.478,0,55.477745999999996
OT01V2176220543,1776276568525.899,outbound-rtp,COT01_45_level-idx=5;profile=0;tier=0,video,video,2176220543,T01,1859169,2292,true,0,0,662,662,134682,39,4,SV254,0,0,0,3,[object Object],none,2,0,0,857413197,14.478,0,55.477745999999996
OT01V2176220543,1776276568525.899,outbound-rtp,COT01_45_level-idx=5;profile=0;tier=0,video,video,2176220543,T01,1859169,2292,true,0,0,662,662,134682,39,4,SV254,0,0,0,3,[object Object],none,2,0,0,857413197,14.478,0,55.477745999999996
OT01V2176220543,1776276568725.823,outbound-rtp,COT01_45_level-idx=5;profile=0;tier=0,video,video,2176220543,T01,1859169,2292,true,0,0,662,662,134682,39,4,SV254,0,0,0,3,[object Object],none,2,0,0,857413197,14.478,0,55.477745999999996
OT01V2176220543,1776276568725.823,outbound-rtp,COT01_45_level-idx=5;profile=0;tier=0,video,video,2176220543,T01,1859169,2292,true,0,0,662,662,134682,39,4,SV254,0,0,0,3,[object Object],none,2,0,0,857413197,14.478,0,55.477745999999996
OT01V2176220543,1776276568925.86,outbound-rtp,COT01_45_level-idx=5;profile=0;tier=0,video,video,2176220543,T01,1859169,2292,true,0,0,662,662,134682,39,4,SV254,0,0,0,3,[object Object],none,2,0,0,857413197,14.478,0,55.477745999999996
OT01V2176220543,1776276568925.86,outbound-rtp,COT01_45_level-idx=5;profile=0;tier=0,video,video,2176220543,T01,1859169,2292,true,0,0,662,662,134682,39,4,SV254,0,0,0,3,[object Object],none,2,0,0,857413197,14.478,0,55.477745999999996
OT01V2176220543,1776276569125.872,outbound-rtp,COT01_45_level-idx=5;profile=0;tier=0,video,video,2176220543,T01,1859169,2292,true,0,0,662,662,134682,39,4,SV254,0,0,0,3,[object Object],none,2,0,0,857413197,14.478,0,55.477745999999996
OT01V2176220543,1776276569125.872,outbound-rtp,COT01_45_level-idx=5;profile=0;tier=0,video,video,2176220543,T01,1859169,2292,true,0,0,662,662,134682,39,4,SV254,0,0,0,3,[object Object],none,2,0,0,857413197,14.478,0,55.477745999999996
OT01V2176220543,1776276569325.851,outbound-rtp,COT01_45_level-idx=5;profile=0;tier=0,video,video,2176220543,T01,1859169,2292,true,0,0,662,662,134682,39,4,SV254,0,0,0,3,[object Object],none,2,0,0,857413197,14.478,0,55.477745999999996
OT01V2176220543,1776276569325.851,outbound-rtp,COT01_45_level-idx=5;profile=0;tier=0,video,video,2176220543,T01,1859169,2292,true,0,0,662,662,134682,39,4,SV254,0,0,0,3,[object Object],none,2,0,0,857413197,14.478,0,55.477745999999996
OT01V2176220543,1776276569525.786,outbound-rtp,COT01_45_level-idx=5;profile=0;tier=0,video,video,2176220543,T01,1859169,2292,true,0,0,662,662,134682,39,4,SV254,0,0,0,3,[object Object],none,2,0,0,857413197,14.478,0,55.477745999999996
OT01V2176220543,1776276569525.786,outbound-rtp,COT01_45_level-idx=5;profile=0;tier=0,video,video,2176220543,T01,1859169,2292,true,0,0,662,662,134682,39,4,SV254,0,0,0,3,[object Object],none,2,0,0,857413197,14.478,0,55.477745999999996
OT01V2176220543,1776276569725.908,outbound-rtp,COT01_45_level-idx=5;profile=0;tier=0,video,video,2176220543,T01,1859169,2292,true,0,0,662,662,134682,39,4,SV254,0,0,0,3,[object Object],none,2,0,0,857413197,14.478,0,55.477745999999996
OT01V2176220543,1776276569725.908,outbound-rtp,COT01_45_level-idx=5;profile=0;tier=0,video,video,2176220543,T01,1859169,2292,true,0,0,662,662,134682,39,4,SV254,0,0,0,3,[object Object],none,2,0,0,857413197,14.478,0,55.477745999999996
OT01V2176220543,1776276569925.843,outbound-rtp,COT01_45_level-idx=5;profile=0;tier=0,video,video,2176220543,T01,1859169,2292,true,0,0,662,662,134682,39,4,SV254,0,0,0,3,[object Object],none,2,0,0,857413197,14.478,0,55.477745999999996
OT01V2176220543,1776276569925.843,outbound-rtp,COT01_45_level-idx=5;profile=0;tier=0,video,video,2176220543,T01,1859169,2292,true,0,0,662,662,134682,39,4,SV254,0,0,0,3,[object Object],none,2,0,0,857413197,14.478,0,55.477745999999996
OT01V2176220543,1776276570125.899,outbound-rtp,COT01_45_level-idx=5;profile=0;tier=0,video,video,2176220543,T01,1859169,2292,true,0,0,662,662,134682,39,4,SV254,0,0,0,3,[object Object],none,2,0,0,857413197,14.478,0,55.477745999999996
OT01V2176220543,1776276570125.899,outbound-rtp,COT01_45_level-idx=5;profile=0;tier=0,video,video,2176220543,T01,1859169,2292,true,0,0,662,662,134682,39,4,SV254,0,0,0,3,[object Object],none,2,0,0,857413197,14.478,0,55.477745999999996
OT01V2176220543,1776276570325.907,outbound-rtp,COT01_45_level-idx=5;profile=0;tier=0,video,video,2176220543,T01,1859169,2292,true,0,0,662,662,134682,39,4,SV254,0,0,0,3,[object Object],none,2,0,0,857413197,14.478,0,55.477745999999996
OT01V2176220543,1776276570325.907,outbound-rtp,COT01_45_level-idx=5;profile=0;tier=0,video,video,2176220543,T01,1859169,2292,true,0,0,662,662,134682,39,4,SV254,0,0,0,3,[object Object],none,2,0,0,857413197,14.478,0,55.477745999999996
OT01V2176220543,1776276570525.822,outbound-rtp,COT01_45_level-idx=5;profile=0;tier=0,video,video,2176220543,T01,1859169,2292,true,0,0,662,662,134682,39,4,SV254,0,0,0,3,[object Object],none,2,0,0,857413197,14.478,0,55.477745999999996
OT01V2176220543,1776276570525.822,outbound-rtp,COT01_45_level-idx=5;profile=0;tier=0,video,video,2176220543,T01,1859169,2292,true,0,0,662,662,134682,39,4,SV254,0,0,0,3,[object Object],none,2,0,0,857413197,14.478,0,55.477745999999996
OT01V2176220543,1776276570725.912,outbound-rtp,COT01_45_level-idx=5;profile=0;tier=0,video,video,2176220543,T01,1859169,2292,true,0,0,662,662,134682,39,4,SV254,0,0,0,3,[object Object],none,2,0,0,857413197,14.478,0,55.477745999999996
OT01V2176220543,1776276570725.912,outbound-rtp,COT01_45_level-idx=5;profile=0;tier=0,video,video,2176220543,T01,1859169,2292,true,0,0,662,662,134682,39,4,SV254,0,0,0,3,[object Object],none,2,0,0,857413197,14.478,0,55.477745999999996
OT01V2176220543,1776276570925.856,outbound-rtp,COT01_45_level-idx=5;profile=0;tier=0,video,video,2176220543,T01,1859169,2292,true,0,0,662,662,134682,39,4,SV254,0,0,0,3,[object Object],none,2,0,0,857413197,14.478,0,55.477745999999996
OT01V2176220543,1776276570925.856,outbound-rtp,COT01_45_level-idx=5;profile=0;tier=0,video,video,2176220543,T01,1859169,2292,true,0,0,662,662,134682,39,4,SV254,0,0,0,3,[object Object],none,2,0,0,857413197,14.478,0,55.477745999999996
OT01V2176220543,1776276571125.848,outbound-rtp,COT01_45_level-idx=5;profile=0;tier=0,video,video,2176220543,T01,1859169,2292,true,0,0,662,662,134682,39,4,SV254,0,0,0,3,[object Object],none,2,0,0,857413197,14.478,0,55.477745999999996
OT01V2176220543,1776276571125.848,outbound-rtp,COT01_45_level-idx=5;profile=0;tier=0,video,video,2176220543,T01,1859169,2292,true,0,0,662,662,134682,39,4,SV254,0,0,0,3,[object Object],none,2,0,0,857413197,14.478,0,55.477745999999996
OT01V2176220543,1776276571325.829,outbound-rtp,COT01_45_level-idx=5;profile=0;tier=0,video,video,2176220543,T01,1859169,2292,true,0,0,662,662,134682,39,4,SV254,0,0,0,3,[object Object],none,2,0,0,857413197,14.478,0,55.477745999999996
OT01V2176220543,1776276571325.829,outbound-rtp,COT01_45_level-idx=5;profile=0;tier=0,video,video,2176220543,T01,1859169,2292,true,0,0,662,662,134682,39,4,SV254,0,0,0,3,[object Object],none,2,0,0,857413197,14.478,0,55.477745999999996
OT01V2176220543,1776276571525.798,outbound-rtp,COT01_45_level-idx=5;profile=0;tier=0,video,video,2176220543,T01,1859169,2292,true,0,0,662,662,134682,39,4,SV254,0,0,0,3,[object Object],none,2,0,0,857413197,14.478,0,55.477745999999996
OT01V2176220543,1776276571525.798,outbound-rtp,COT01_45_level-idx=5;profile=0;tier=0,video,video,2176220543,T01,1859169,2292,true,0,0,662,662,134682,39,4,SV254,0,0,0,3,[object Object],none,2,0,0,857413197,14.478,0,55.477745999999996
OT01V2176220543,1776276571725.884,outbound-rtp,COT01_45_level-idx=5;profile=0;tier=0,video,video,2176220543,T01,1859169,2292,true,0,0,662,662,134682,39,4,SV254,0,0,0,3,[object Object],none,2,0,0,857413197,14.478,0,55.477745999999996
OT01V2176220543,1776276571725.884,outbound-rtp,COT01_45_level-idx=5;profile=0;tier=0,video,video,2176220543,T01,1859169,2292,true,0,0,662,662,134682,39,4,SV254,0,0,0,3,[object Object],none,2,0,0,857413197,14.478,0,55.477745999999996
OT01V2176220543,1776276571926.01,outbound-rtp,COT01_45_level-idx=5;profile=0;tier=0,video,video,2176220543,T01,1859169,2292,true,0,0,662,662,134682,39,4,SV254,0,0,0,3,[object Object],none,2,0,0,857413197,14.478,0,55.477745999999996
OT01V2176220543,1776276571926.01,outbound-rtp,COT01_45_level-idx=5;profile=0;tier=0,video,video,2176220543,T01,1859169,2292,true,0,0,662,662,134682,39,4,SV254,0,0,0,3,[object Object],none,2,0,0,857413197,14.478,0,55.477745999999996
OT01V2176220543,1776276572125.884,outbound-rtp,COT01_45_level-idx=5;profile=0;tier=0,video,video,2176220543,T01,1859169,2292,true,0,0,662,662,134682,39,4,SV254,0,0,0,3,[object Object],none,2,0,0,857413197,14.478,0,55.477745999999996
OT01V2176220543,1776276572125.884,outbound-rtp,COT01_45_level-idx=5;profile=0;tier=0,video,video,2176220543,T01,1859169,2292,true,0,0,662,662,134682,39,4,SV254,0,0,0,3,[object Object],none,2,0,0,857413197,14.478,0,55.477745999999996
OT01V2176220543,1776276572325.898,outbound-rtp,COT01_45_level-idx=5;profile=0;tier=0,video,video,2176220543,T01,1859169,2292,true,0,0,662,662,134682,39,4,SV254,0,0,0,3,[object Object],none,2,0,0,857413197,14.478,0,55.477745999999996
OT01V2176220543,1776276572325.898,outbound-rtp,COT01_45_level-idx=5;profile=0;tier=0,video,video,2176220543,T01,1859169,2292,true,0,0,662,662,134682,39,4,SV254,0,0,0,3,[object Object],none,2,0,0,857413197,14.478,0,55.477745999999996
OT01V2176220543,1776276572525.856,outbound-rtp,COT01_45_level-idx=5;profile=0;tier=0,video,video,2176220543,T01,1859169,2292,true,0,0,662,662,134682,39,4,SV254,0,0,0,3,[object Object],none,2,0,0,857413197,14.478,0,55.477745999999996
OT01V2176220543,1776276572525.856,outbound-rtp,COT01_45_level-idx=5;profile=0;tier=0,video,video,2176220543,T01,1859169,2292,true,0,0,662,662,134682,39,4,SV254,0,0,0,3,[object Object],none,2,0,0,857413197,14.478,0,55.477745999999996
OT01V2176220543,1776276572725.899,outbound-rtp,COT01_45_level-idx=5;profile=0;tier=0,video,video,2176220543,T01,1859169,2292,true,0,0,662,662,134682,39,4,SV254,0,0,0,3,[object Object],none,2,0,0,857413197,14.478,0,55.477745999999996
OT01V2176220543,1776276572725.899,outbound-rtp,COT01_45_level-idx=5;profile=0;tier=0,video,video,2176220543,T01,1859169,2292,true,0,0,662,662,134682,39,4,SV254,0,0,0,3,[object Object],none,2,0,0,857413197,14.478,0,55.477745999999996
OT01V2176220543,1776276572925.919,outbound-rtp,COT01_45_level-idx=5;profile=0;tier=0,video,video,2176220543,T01,1859169,2292,true,0,0,662,662,134682,39,4,SV254,0,0,0,3,[object Object],none,2,0,0,857413197,14.478,0,55.477745999999996
OT01V2176220543,1776276572925.919,outbound-rtp,COT01_45_level-idx=5;profile=0;tier=0,video,video,2176220543,T01,1859169,2292,true,0,0,662,662,134682,39,4,SV254,0,0,0,3,[object Object],none,2,0,0,857413197,14.478,0,55.477745999999996
OT01V2176220543,1776276573125.837,outbound-rtp,COT01_45_level-idx=5;profile=0;tier=0,video,video,2176220543,T01,1859169,2292,true,0,0,662,662,134682,39,4,SV254,0,0,0,3,[object Object],none,2,0,0,857413197,14.478,0,55.477745999999996
OT01V2176220543,1776276573125.837,outbound-rtp,COT01_45_level-idx=5;profile=0;tier=0,video,video,2176220543,T01,1859169,2292,true,0,0,662,662,134682,39,4,SV254,0,0,0,3,[object Object],none,2,0,0,857413197,14.478,0,55.477745999999996



id,timestamp,type,bytesReceived,bytesSent,dtlsCipher,dtlsRole,dtlsState,iceLocalUsernameFragment,iceRole,iceState,localCertificateId,packetsReceived,packetsSent,remoteCertificateId,selectedCandidatePairChanges,selectedCandidatePairId,srtpCipher,tlsVersion
T01,1776276545125.723,transport,769,755,TLS_ECDHE_ECDSA_WITH_CHACHA20_POLY1305_SHA256,client,connected,oVi3,controlling,connected,CF9E:0C:9B:A6:A2:03:F6:6B:6B:20:85:17:87:C0:65:8D:12:68:50:65:48:E3:42:50:C9:03:C1:01:4F:AB:8D:8C,2,2,CF1E:DB:57:17:81:40:03:97:02:D8:DC:5B:BD:34:A6:22:AA:B8:53:AC:74:92:4B:6D:95:1D:D5:75:2C:00:40:5B,1,CP1ySjqEX0_TyXtRysx,AEAD_AES_256_GCM,FEFD
T01,1776276545125.723,transport,769,755,TLS_ECDHE_ECDSA_WITH_CHACHA20_POLY1305_SHA256,client,connected,oVi3,controlling,connected,CF9E:0C:9B:A6:A2:03:F6:6B:6B:20:85:17:87:C0:65:8D:12:68:50:65:48:E3:42:50:C9:03:C1:01:4F:AB:8D:8C,2,2,CF1E:DB:57:17:81:40:03:97:02:D8:DC:5B:BD:34:A6:22:AA:B8:53:AC:74:92:4B:6D:95:1D:D5:75:2C:00:40:5B,1,CP1ySjqEX0_TyXtRysx,AEAD_AES_256_GCM,FEFD
T01,1776276545325.661,transport,825,11453,TLS_ECDHE_ECDSA_WITH_CHACHA20_POLY1305_SHA256,client,connected,oVi3,controlling,connected,CF9E:0C:9B:A6:A2:03:F6:6B:6B:20:85:17:87:C0:65:8D:12:68:50:65:48:E3:42:50:C9:03:C1:01:4F:AB:8D:8C,3,15,CF1E:DB:57:17:81:40:03:97:02:D8:DC:5B:BD:34:A6:22:AA:B8:53:AC:74:92:4B:6D:95:1D:D5:75:2C:00:40:5B,1,CP1ySjqEX0_TyXtRysx,AEAD_AES_256_GCM,FEFD
T01,1776276545325.661,transport,825,11453,TLS_ECDHE_ECDSA_WITH_CHACHA20_POLY1305_SHA256,client,connected,oVi3,controlling,connected,CF9E:0C:9B:A6:A2:03:F6:6B:6B:20:85:17:87:C0:65:8D:12:68:50:65:48:E3:42:50:C9:03:C1:01:4F:AB:8D:8C,3,15,CF1E:DB:57:17:81:40:03:97:02:D8:DC:5B:BD:34:A6:22:AA:B8:53:AC:74:92:4B:6D:95:1D:D5:75:2C:00:40:5B,1,CP1ySjqEX0_TyXtRysx,AEAD_AES_256_GCM,FEFD
T01,1776276545525.846,transport,873,16401,TLS_ECDHE_ECDSA_WITH_CHACHA20_POLY1305_SHA256,client,connected,oVi3,controlling,connected,CF9E:0C:9B:A6:A2:03:F6:6B:6B:20:85:17:87:C0:65:8D:12:68:50:65:48:E3:42:50:C9:03:C1:01:4F:AB:8D:8C,4,24,CF1E:DB:57:17:81:40:03:97:02:D8:DC:5B:BD:34:A6:22:AA:B8:53:AC:74:92:4B:6D:95:1D:D5:75:2C:00:40:5B,1,CP1ySjqEX0_TyXtRysx,AEAD_AES_256_GCM,FEFD
T01,1776276545525.846,transport,873,16401,TLS_ECDHE_ECDSA_WITH_CHACHA20_POLY1305_SHA256,client,connected,oVi3,controlling,connected,CF9E:0C:9B:A6:A2:03:F6:6B:6B:20:85:17:87:C0:65:8D:12:68:50:65:48:E3:42:50:C9:03:C1:01:4F:AB:8D:8C,4,24,CF1E:DB:57:17:81:40:03:97:02:D8:DC:5B:BD:34:A6:22:AA:B8:53:AC:74:92:4B:6D:95:1D:D5:75:2C:00:40:5B,1,CP1ySjqEX0_TyXtRysx,AEAD_AES_256_GCM,FEFD
T01,1776276545725.971,transport,1065,22799,TLS_ECDHE_ECDSA_WITH_CHACHA20_POLY1305_SHA256,client,connected,oVi3,controlling,connected,CF9E:0C:9B:A6:A2:03:F6:6B:6B:20:85:17:87:C0:65:8D:12:68:50:65:48:E3:42:50:C9:03:C1:01:4F:AB:8D:8C,7,33,CF1E:DB:57:17:81:40:03:97:02:D8:DC:5B:BD:34:A6:22:AA:B8:53:AC:74:92:4B:6D:95:1D:D5:75:2C:00:40:5B,1,CP1ySjqEX0_TyXtRysx,AEAD_AES_256_GCM,FEFD
T01,1776276545725.971,transport,1065,22799,TLS_ECDHE_ECDSA_WITH_CHACHA20_POLY1305_SHA256,client,connected,oVi3,controlling,connected,CF9E:0C:9B:A6:A2:03:F6:6B:6B:20:85:17:87:C0:65:8D:12:68:50:65:48:E3:42:50:C9:03:C1:01:4F:AB:8D:8C,7,33,CF1E:DB:57:17:81:40:03:97:02:D8:DC:5B:BD:34:A6:22:AA:B8:53:AC:74:92:4B:6D:95:1D:D5:75:2C:00:40:5B,1,CP1ySjqEX0_TyXtRysx,AEAD_AES_256_GCM,FEFD
T01,1776276545925.664,transport,1165,32053,TLS_ECDHE_ECDSA_WITH_CHACHA20_POLY1305_SHA256,client,connected,oVi3,controlling,connected,CF9E:0C:9B:A6:A2:03:F6:6B:6B:20:85:17:87:C0:65:8D:12:68:50:65:48:E3:42:50:C9:03:C1:01:4F:AB:8D:8C,9,47,CF1E:DB:57:17:81:40:03:97:02:D8:DC:5B:BD:34:A6:22:AA:B8:53:AC:74:92:4B:6D:95:1D:D5:75:2C:00:40:5B,1,CP1ySjqEX0_TyXtRysx,AEAD_AES_256_GCM,FEFD
T01,1776276545925.664,transport,1165,32053,TLS_ECDHE_ECDSA_WITH_CHACHA20_POLY1305_SHA256,client,connected,oVi3,controlling,connected,CF9E:0C:9B:A6:A2:03:F6:6B:6B:20:85:17:87:C0:65:8D:12:68:50:65:48:E3:42:50:C9:03:C1:01:4F:AB:8D:8C,9,47,CF1E:DB:57:17:81:40:03:97:02:D8:DC:5B:BD:34:A6:22:AA:B8:53:AC:74:92:4B:6D:95:1D:D5:75:2C:00:40:5B,1,CP1ySjqEX0_TyXtRysx,AEAD_AES_256_GCM,FEFD
T01,1776276546125.745,transport,1261,36699,TLS_ECDHE_ECDSA_WITH_CHACHA20_POLY1305_SHA256,client,connected,oVi3,controlling,connected,CF9E:0C:9B:A6:A2:03:F6:6B:6B:20:85:17:87:C0:65:8D:12:68:50:65:48:E3:42:50:C9:03:C1:01:4F:AB:8D:8C,11,54,CF1E:DB:57:17:81:40:03:97:02:D8:DC:5B:BD:34:A6:22:AA:B8:53:AC:74:92:4B:6D:95:1D:D5:75:2C:00:40:5B,1,CP1ySjqEX0_TyXtRysx,AEAD_AES_256_GCM,FEFD
T01,1776276546125.745,transport,1261,36699,TLS_ECDHE_ECDSA_WITH_CHACHA20_POLY1305_SHA256,client,connected,oVi3,controlling,connected,CF9E:0C:9B:A6:A2:03:F6:6B:6B:20:85:17:87:C0:65:8D:12:68:50:65:48:E3:42:50:C9:03:C1:01:4F:AB:8D:8C,11,54,CF1E:DB:57:17:81:40:03:97:02:D8:DC:5B:BD:34:A6:22:AA:B8:53:AC:74:92:4B:6D:95:1D:D5:75:2C:00:40:5B,1,CP1ySjqEX0_TyXtRysx,AEAD_AES_256_GCM,FEFD
T01,1776276546325.736,transport,1393,45880,TLS_ECDHE_ECDSA_WITH_CHACHA20_POLY1305_SHA256,client,connected,oVi3,controlling,connected,CF9E:0C:9B:A6:A2:03:F6:6B:6B:20:85:17:87:C0:65:8D:12:68:50:65:48:E3:42:50:C9:03:C1:01:4F:AB:8D:8C,14,66,CF1E:DB:57:17:81:40:03:97:02:D8:DC:5B:BD:34:A6:22:AA:B8:53:AC:74:92:4B:6D:95:1D:D5:75:2C:00:40:5B,1,CP1ySjqEX0_TyXtRysx,AEAD_AES_256_GCM,FEFD
T01,1776276546325.736,transport,1393,45880,TLS_ECDHE_ECDSA_WITH_CHACHA20_POLY1305_SHA256,client,connected,oVi3,controlling,connected,CF9E:0C:9B:A6:A2:03:F6:6B:6B:20:85:17:87:C0:65:8D:12:68:50:65:48:E3:42:50:C9:03:C1:01:4F:AB:8D:8C,14,66,CF1E:DB:57:17:81:40:03:97:02:D8:DC:5B:BD:34:A6:22:AA:B8:53:AC:74:92:4B:6D:95:1D:D5:75:2C:00:40:5B,1,CP1ySjqEX0_TyXtRysx,AEAD_AES_256_GCM,FEFD
T01,1776276546525.901,transport,1489,54104,TLS_ECDHE_ECDSA_WITH_CHACHA20_POLY1305_SHA256,client,connected,oVi3,controlling,connected,CF9E:0C:9B:A6:A2:03:F6:6B:6B:20:85:17:87:C0:65:8D:12:68:50:65:48:E3:42:50:C9:03:C1:01:4F:AB:8D:8C,16,75,CF1E:DB:57:17:81:40:03:97:02:D8:DC:5B:BD:34:A6:22:AA:B8:53:AC:74:92:4B:6D:95:1D:D5:75:2C:00:40:5B,1,CP1ySjqEX0_TyXtRysx,AEAD_AES_256_GCM,FEFD
T01,1776276546525.901,transport,1489,54104,TLS_ECDHE_ECDSA_WITH_CHACHA20_POLY1305_SHA256,client,connected,oVi3,controlling,connected,CF9E:0C:9B:A6:A2:03:F6:6B:6B:20:85:17:87:C0:65:8D:12:68:50:65:48:E3:42:50:C9:03:C1:01:4F:AB:8D:8C,16,75,CF1E:DB:57:17:81:40:03:97:02:D8:DC:5B:BD:34:A6:22:AA:B8:53:AC:74:92:4B:6D:95:1D:D5:75:2C:00:40:5B,1,CP1ySjqEX0_TyXtRysx,AEAD_AES_256_GCM,FEFD
T01,1776276546725.82,transport,1585,60034,TLS_ECDHE_ECDSA_WITH_CHACHA20_POLY1305_SHA256,client,connected,oVi3,controlling,connected,CF9E:0C:9B:A6:A2:03:F6:6B:6B:20:85:17:87:C0:65:8D:12:68:50:65:48:E3:42:50:C9:03:C1:01:4F:AB:8D:8C,18,89,CF1E:DB:57:17:81:40:03:97:02:D8:DC:5B:BD:34:A6:22:AA:B8:53:AC:74:92:4B:6D:95:1D:D5:75:2C:00:40:5B,1,CP1ySjqEX0_TyXtRysx,AEAD_AES_256_GCM,FEFD
T01,1776276546725.82,transport,1585,60034,TLS_ECDHE_ECDSA_WITH_CHACHA20_POLY1305_SHA256,client,connected,oVi3,controlling,connected,CF9E:0C:9B:A6:A2:03:F6:6B:6B:20:85:17:87:C0:65:8D:12:68:50:65:48:E3:42:50:C9:03:C1:01:4F:AB:8D:8C,18,89,CF1E:DB:57:17:81:40:03:97:02:D8:DC:5B:BD:34:A6:22:AA:B8:53:AC:74:92:4B:6D:95:1D:D5:75:2C:00:40:5B,1,CP1ySjqEX0_TyXtRysx,AEAD_AES_256_GCM,FEFD
T01,1776276546925.782,transport,1689,67658,TLS_ECDHE_ECDSA_WITH_CHACHA20_POLY1305_SHA256,client,connected,oVi3,controlling,connected,CF9E:0C:9B:A6:A2:03:F6:6B:6B:20:85:17:87:C0:65:8D:12:68:50:65:48:E3:42:50:C9:03:C1:01:4F:AB:8D:8C,20,107,CF1E:DB:57:17:81:40:03:97:02:D8:DC:5B:BD:34:A6:22:AA:B8:53:AC:74:92:4B:6D:95:1D:D5:75:2C:00:40:5B,1,CP1ySjqEX0_TyXtRysx,AEAD_AES_256_GCM,FEFD
T01,1776276546925.782,transport,1689,67658,TLS_ECDHE_ECDSA_WITH_CHACHA20_POLY1305_SHA256,client,connected,oVi3,controlling,connected,CF9E:0C:9B:A6:A2:03:F6:6B:6B:20:85:17:87:C0:65:8D:12:68:50:65:48:E3:42:50:C9:03:C1:01:4F:AB:8D:8C,20,107,CF1E:DB:57:17:81:40:03:97:02:D8:DC:5B:BD:34:A6:22:AA:B8:53:AC:74:92:4B:6D:95:1D:D5:75:2C:00:40:5B,1,CP1ySjqEX0_TyXtRysx,AEAD_AES_256_GCM,FEFD
T01,1776276547125.826,transport,1893,76191,TLS_ECDHE_ECDSA_WITH_CHACHA20_POLY1305_SHA256,client,connected,oVi3,controlling,connected,CF9E:0C:9B:A6:A2:03:F6:6B:6B:20:85:17:87:C0:65:8D:12:68:50:65:48:E3:42:50:C9:03:C1:01:4F:AB:8D:8C,23,126,CF1E:DB:57:17:81:40:03:97:02:D8:DC:5B:BD:34:A6:22:AA:B8:53:AC:74:92:4B:6D:95:1D:D5:75:2C:00:40:5B,1,CP1ySjqEX0_TyXtRysx,AEAD_AES_256_GCM,FEFD
T01,1776276547125.826,transport,1893,76191,TLS_ECDHE_ECDSA_WITH_CHACHA20_POLY1305_SHA256,client,connected,oVi3,controlling,connected,CF9E:0C:9B:A6:A2:03:F6:6B:6B:20:85:17:87:C0:65:8D:12:68:50:65:48:E3:42:50:C9:03:C1:01:4F:AB:8D:8C,23,126,CF1E:DB:57:17:81:40:03:97:02:D8:DC:5B:BD:34:A6:22:AA:B8:53:AC:74:92:4B:6D:95:1D:D5:75:2C:00:40:5B,1,CP1ySjqEX0_TyXtRysx,AEAD_AES_256_GCM,FEFD
T01,1776276547325.743,transport,1997,84550,TLS_ECDHE_ECDSA_WITH_CHACHA20_POLY1305_SHA256,client,connected,oVi3,controlling,connected,CF9E:0C:9B:A6:A2:03:F6:6B:6B:20:85:17:87:C0:65:8D:12:68:50:65:48:E3:42:50:C9:03:C1:01:4F:AB:8D:8C,25,147,CF1E:DB:57:17:81:40:03:97:02:D8:DC:5B:BD:34:A6:22:AA:B8:53:AC:74:92:4B:6D:95:1D:D5:75:2C:00:40:5B,1,CP1ySjqEX0_TyXtRysx,AEAD_AES_256_GCM,FEFD
T01,1776276547325.743,transport,1997,84550,TLS_ECDHE_ECDSA_WITH_CHACHA20_POLY1305_SHA256,client,connected,oVi3,controlling,connected,CF9E:0C:9B:A6:A2:03:F6:6B:6B:20:85:17:87:C0:65:8D:12:68:50:65:48:E3:42:50:C9:03:C1:01:4F:AB:8D:8C,25,147,CF1E:DB:57:17:81:40:03:97:02:D8:DC:5B:BD:34:A6:22:AA:B8:53:AC:74:92:4B:6D:95:1D:D5:75:2C:00:40:5B,1,CP1ySjqEX0_TyXtRysx,AEAD_AES_256_GCM,FEFD
T01,1776276547525.865,transport,2105,92771,TLS_ECDHE_ECDSA_WITH_CHACHA20_POLY1305_SHA256,client,connected,oVi3,controlling,connected,CF9E:0C:9B:A6:A2:03:F6:6B:6B:20:85:17:87:C0:65:8D:12:68:50:65:48:E3:42:50:C9:03:C1:01:4F:AB:8D:8C,27,169,CF1E:DB:57:17:81:40:03:97:02:D8:DC:5B:BD:34:A6:22:AA:B8:53:AC:74:92:4B:6D:95:1D:D5:75:2C:00:40:5B,1,CP1ySjqEX0_TyXtRysx,AEAD_AES_256_GCM,FEFD
T01,1776276547525.865,transport,2105,92771,TLS_ECDHE_ECDSA_WITH_CHACHA20_POLY1305_SHA256,client,connected,oVi3,controlling,connected,CF9E:0C:9B:A6:A2:03:F6:6B:6B:20:85:17:87:C0:65:8D:12:68:50:65:48:E3:42:50:C9:03:C1:01:4F:AB:8D:8C,27,169,CF1E:DB:57:17:81:40:03:97:02:D8:DC:5B:BD:34:A6:22:AA:B8:53:AC:74:92:4B:6D:95:1D:D5:75:2C:00:40:5B,1,CP1ySjqEX0_TyXtRysx,AEAD_AES_256_GCM,FEFD
T01,1776276547725.835,transport,2217,101485,TLS_ECDHE_ECDSA_WITH_CHACHA20_POLY1305_SHA256,client,connected,oVi3,controlling,connected,CF9E:0C:9B:A6:A2:03:F6:6B:6B:20:85:17:87:C0:65:8D:12:68:50:65:48:E3:42:50:C9:03:C1:01:4F:AB:8D:8C,29,189,CF1E:DB:57:17:81:40:03:97:02:D8:DC:5B:BD:34:A6:22:AA:B8:53:AC:74:92:4B:6D:95:1D:D5:75:2C:00:40:5B,1,CP1ySjqEX0_TyXtRysx,AEAD_AES_256_GCM,FEFD
T01,1776276547725.835,transport,2217,101485,TLS_ECDHE_ECDSA_WITH_CHACHA20_POLY1305_SHA256,client,connected,oVi3,controlling,connected,CF9E:0C:9B:A6:A2:03:F6:6B:6B:20:85:17:87:C0:65:8D:12:68:50:65:48:E3:42:50:C9:03:C1:01:4F:AB:8D:8C,29,189,CF1E:DB:57:17:81:40:03:97:02:D8:DC:5B:BD:34:A6:22:AA:B8:53:AC:74:92:4B:6D:95:1D:D5:75:2C:00:40:5B,1,CP1ySjqEX0_TyXtRysx,AEAD_AES_256_GCM,FEFD
T01,1776276547925.871,transport,2321,109801,TLS_ECDHE_ECDSA_WITH_CHACHA20_POLY1305_SHA256,client,connected,oVi3,controlling,connected,CF9E:0C:9B:A6:A2:03:F6:6B:6B:20:85:17:87:C0:65:8D:12:68:50:65:48:E3:42:50:C9:03:C1:01:4F:AB:8D:8C,31,213,CF1E:DB:57:17:81:40:03:97:02:D8:DC:5B:BD:34:A6:22:AA:B8:53:AC:74:92:4B:6D:95:1D:D5:75:2C:00:40:5B,1,CP1ySjqEX0_TyXtRysx,AEAD_AES_256_GCM,FEFD
T01,1776276547925.871,transport,2321,109801,TLS_ECDHE_ECDSA_WITH_CHACHA20_POLY1305_SHA256,client,connected,oVi3,controlling,connected,CF9E:0C:9B:A6:A2:03:F6:6B:6B:20:85:17:87:C0:65:8D:12:68:50:65:48:E3:42:50:C9:03:C1:01:4F:AB:8D:8C,31,213,CF1E:DB:57:17:81:40:03:97:02:D8:DC:5B:BD:34:A6:22:AA:B8:53:AC:74:92:4B:6D:95:1D:D5:75:2C:00:40:5B,1,CP1ySjqEX0_TyXtRysx,AEAD_AES_256_GCM,FEFD
T01,1776276548125.758,transport,2437,118981,TLS_ECDHE_ECDSA_WITH_CHACHA20_POLY1305_SHA256,client,connected,oVi3,controlling,connected,CF9E:0C:9B:A6:A2:03:F6:6B:6B:20:85:17:87:C0:65:8D:12:68:50:65:48:E3:42:50:C9:03:C1:01:4F:AB:8D:8C,33,234,CF1E:DB:57:17:81:40:03:97:02:D8:DC:5B:BD:34:A6:22:AA:B8:53:AC:74:92:4B:6D:95:1D:D5:75:2C:00:40:5B,1,CP1ySjqEX0_TyXtRysx,AEAD_AES_256_GCM,FEFD
T01,1776276548125.758,transport,2437,118981,TLS_ECDHE_ECDSA_WITH_CHACHA20_POLY1305_SHA256,client,connected,oVi3,controlling,connected,CF9E:0C:9B:A6:A2:03:F6:6B:6B:20:85:17:87:C0:65:8D:12:68:50:65:48:E3:42:50:C9:03:C1:01:4F:AB:8D:8C,33,234,CF1E:DB:57:17:81:40:03:97:02:D8:DC:5B:BD:34:A6:22:AA:B8:53:AC:74:92:4B:6D:95:1D:D5:75:2C:00:40:5B,1,CP1ySjqEX0_TyXtRysx,AEAD_AES_256_GCM,FEFD
T01,1776276548325.797,transport,2637,127540,TLS_ECDHE_ECDSA_WITH_CHACHA20_POLY1305_SHA256,client,connected,oVi3,controlling,connected,CF9E:0C:9B:A6:A2:03:F6:6B:6B:20:85:17:87:C0:65:8D:12:68:50:65:48:E3:42:50:C9:03:C1:01:4F:AB:8D:8C,36,257,CF1E:DB:57:17:81:40:03:97:02:D8:DC:5B:BD:34:A6:22:AA:B8:53:AC:74:92:4B:6D:95:1D:D5:75:2C:00:40:5B,1,CP1ySjqEX0_TyXtRysx,AEAD_AES_256_GCM,FEFD
T01,1776276548325.797,transport,2637,127540,TLS_ECDHE_ECDSA_WITH_CHACHA20_POLY1305_SHA256,client,connected,oVi3,controlling,connected,CF9E:0C:9B:A6:A2:03:F6:6B:6B:20:85:17:87:C0:65:8D:12:68:50:65:48:E3:42:50:C9:03:C1:01:4F:AB:8D:8C,36,257,CF1E:DB:57:17:81:40:03:97:02:D8:DC:5B:BD:34:A6:22:AA:B8:53:AC:74:92:4B:6D:95:1D:D5:75:2C:00:40:5B,1,CP1ySjqEX0_TyXtRysx,AEAD_AES_256_GCM,FEFD
T01,1776276548525.87,transport,2749,139093,TLS_ECDHE_ECDSA_WITH_CHACHA20_POLY1305_SHA256,client,connected,oVi3,controlling,connected,CF9E:0C:9B:A6:A2:03:F6:6B:6B:20:85:17:87:C0:65:8D:12:68:50:65:48:E3:42:50:C9:03:C1:01:4F:AB:8D:8C,38,282,CF1E:DB:57:17:81:40:03:97:02:D8:DC:5B:BD:34:A6:22:AA:B8:53:AC:74:92:4B:6D:95:1D:D5:75:2C:00:40:5B,1,CP1ySjqEX0_TyXtRysx,AEAD_AES_256_GCM,FEFD
T01,1776276548525.87,transport,2749,139093,TLS_ECDHE_ECDSA_WITH_CHACHA20_POLY1305_SHA256,client,connected,oVi3,controlling,connected,CF9E:0C:9B:A6:A2:03:F6:6B:6B:20:85:17:87:C0:65:8D:12:68:50:65:48:E3:42:50:C9:03:C1:01:4F:AB:8D:8C,38,282,CF1E:DB:57:17:81:40:03:97:02:D8:DC:5B:BD:34:A6:22:AA:B8:53:AC:74:92:4B:6D:95:1D:D5:75:2C:00:40:5B,1,CP1ySjqEX0_TyXtRysx,AEAD_AES_256_GCM,FEFD
T01,1776276548725.774,transport,2849,146879,TLS_ECDHE_ECDSA_WITH_CHACHA20_POLY1305_SHA256,client,connected,oVi3,controlling,connected,CF9E:0C:9B:A6:A2:03:F6:6B:6B:20:85:17:87:C0:65:8D:12:68:50:65:48:E3:42:50:C9:03:C1:01:4F:AB:8D:8C,40,300,CF1E:DB:57:17:81:40:03:97:02:D8:DC:5B:BD:34:A6:22:AA:B8:53:AC:74:92:4B:6D:95:1D:D5:75:2C:00:40:5B,1,CP1ySjqEX0_TyXtRysx,AEAD_AES_256_GCM,FEFD
T01,1776276548725.774,transport,2849,146879,TLS_ECDHE_ECDSA_WITH_CHACHA20_POLY1305_SHA256,client,connected,oVi3,controlling,connected,CF9E:0C:9B:A6:A2:03:F6:6B:6B:20:85:17:87:C0:65:8D:12:68:50:65:48:E3:42:50:C9:03:C1:01:4F:AB:8D:8C,40,300,CF1E:DB:57:17:81:40:03:97:02:D8:DC:5B:BD:34:A6:22:AA:B8:53:AC:74:92:4B:6D:95:1D:D5:75:2C:00:40:5B,1,CP1ySjqEX0_TyXtRysx,AEAD_AES_256_GCM,FEFD
T01,1776276548925.788,transport,2961,156468,TLS_ECDHE_ECDSA_WITH_CHACHA20_POLY1305_SHA256,client,connected,oVi3,controlling,connected,CF9E:0C:9B:A6:A2:03:F6:6B:6B:20:85:17:87:C0:65:8D:12:68:50:65:48:E3:42:50:C9:03:C1:01:4F:AB:8D:8C,42,323,CF1E:DB:57:17:81:40:03:97:02:D8:DC:5B:BD:34:A6:22:AA:B8:53:AC:74:92:4B:6D:95:1D:D5:75:2C:00:40:5B,1,CP1ySjqEX0_TyXtRysx,AEAD_AES_256_GCM,FEFD
T01,1776276548925.788,transport,2961,156468,TLS_ECDHE_ECDSA_WITH_CHACHA20_POLY1305_SHA256,client,connected,oVi3,controlling,connected,CF9E:0C:9B:A6:A2:03:F6:6B:6B:20:85:17:87:C0:65:8D:12:68:50:65:48:E3:42:50:C9:03:C1:01:4F:AB:8D:8C,42,323,CF1E:DB:57:17:81:40:03:97:02:D8:DC:5B:BD:34:A6:22:AA:B8:53:AC:74:92:4B:6D:95:1D:D5:75:2C:00:40:5B,1,CP1ySjqEX0_TyXtRysx,AEAD_AES_256_GCM,FEFD
T01,1776276549125.795,transport,3073,165017,TLS_ECDHE_ECDSA_WITH_CHACHA20_POLY1305_SHA256,client,connected,oVi3,controlling,connected,CF9E:0C:9B:A6:A2:03:F6:6B:6B:20:85:17:87:C0:65:8D:12:68:50:65:48:E3:42:50:C9:03:C1:01:4F:AB:8D:8C,44,347,CF1E:DB:57:17:81:40:03:97:02:D8:DC:5B:BD:34:A6:22:AA:B8:53:AC:74:92:4B:6D:95:1D:D5:75:2C:00:40:5B,1,CP1ySjqEX0_TyXtRysx,AEAD_AES_256_GCM,FEFD
T01,1776276549125.795,transport,3073,165017,TLS_ECDHE_ECDSA_WITH_CHACHA20_POLY1305_SHA256,client,connected,oVi3,controlling,connected,CF9E:0C:9B:A6:A2:03:F6:6B:6B:20:85:17:87:C0:65:8D:12:68:50:65:48:E3:42:50:C9:03:C1:01:4F:AB:8D:8C,44,347,CF1E:DB:57:17:81:40:03:97:02:D8:DC:5B:BD:34:A6:22:AA:B8:53:AC:74:92:4B:6D:95:1D:D5:75:2C:00:40:5B,1,CP1ySjqEX0_TyXtRysx,AEAD_AES_256_GCM,FEFD
T01,1776276549325.912,transport,3189,175179,TLS_ECDHE_ECDSA_WITH_CHACHA20_POLY1305_SHA256,client,connected,oVi3,controlling,connected,CF9E:0C:9B:A6:A2:03:F6:6B:6B:20:85:17:87:C0:65:8D:12:68:50:65:48:E3:42:50:C9:03:C1:01:4F:AB:8D:8C,46,372,CF1E:DB:57:17:81:40:03:97:02:D8:DC:5B:BD:34:A6:22:AA:B8:53:AC:74:92:4B:6D:95:1D:D5:75:2C:00:40:5B,1,CP1ySjqEX0_TyXtRysx,AEAD_AES_256_GCM,FEFD
T01,1776276549325.912,transport,3189,175179,TLS_ECDHE_ECDSA_WITH_CHACHA20_POLY1305_SHA256,client,connected,oVi3,controlling,connected,CF9E:0C:9B:A6:A2:03:F6:6B:6B:20:85:17:87:C0:65:8D:12:68:50:65:48:E3:42:50:C9:03:C1:01:4F:AB:8D:8C,46,372,CF1E:DB:57:17:81:40:03:97:02:D8:DC:5B:BD:34:A6:22:AA:B8:53:AC:74:92:4B:6D:95:1D:D5:75:2C:00:40:5B,1,CP1ySjqEX0_TyXtRysx,AEAD_AES_256_GCM,FEFD
T01,1776276549525.867,transport,3389,186936,TLS_ECDHE_ECDSA_WITH_CHACHA20_POLY1305_SHA256,client,connected,oVi3,controlling,connected,CF9E:0C:9B:A6:A2:03:F6:6B:6B:20:85:17:87:C0:65:8D:12:68:50:65:48:E3:42:50:C9:03:C1:01:4F:AB:8D:8C,49,388,CF1E:DB:57:17:81:40:03:97:02:D8:DC:5B:BD:34:A6:22:AA:B8:53:AC:74:92:4B:6D:95:1D:D5:75:2C:00:40:5B,1,CP1ySjqEX0_TyXtRysx,AEAD_AES_256_GCM,FEFD
T01,1776276549525.867,transport,3389,186936,TLS_ECDHE_ECDSA_WITH_CHACHA20_POLY1305_SHA256,client,connected,oVi3,controlling,connected,CF9E:0C:9B:A6:A2:03:F6:6B:6B:20:85:17:87:C0:65:8D:12:68:50:65:48:E3:42:50:C9:03:C1:01:4F:AB:8D:8C,49,388,CF1E:DB:57:17:81:40:03:97:02:D8:DC:5B:BD:34:A6:22:AA:B8:53:AC:74:92:4B:6D:95:1D:D5:75:2C:00:40:5B,1,CP1ySjqEX0_TyXtRysx,AEAD_AES_256_GCM,FEFD
T01,1776276549725.906,transport,3485,196619,TLS_ECDHE_ECDSA_WITH_CHACHA20_POLY1305_SHA256,client,connected,oVi3,controlling,connected,CF9E:0C:9B:A6:A2:03:F6:6B:6B:20:85:17:87:C0:65:8D:12:68:50:65:48:E3:42:50:C9:03:C1:01:4F:AB:8D:8C,51,401,CF1E:DB:57:17:81:40:03:97:02:D8:DC:5B:BD:34:A6:22:AA:B8:53:AC:74:92:4B:6D:95:1D:D5:75:2C:00:40:5B,1,CP1ySjqEX0_TyXtRysx,AEAD_AES_256_GCM,FEFD
T01,1776276549725.906,transport,3485,196619,TLS_ECDHE_ECDSA_WITH_CHACHA20_POLY1305_SHA256,client,connected,oVi3,controlling,connected,CF9E:0C:9B:A6:A2:03:F6:6B:6B:20:85:17:87:C0:65:8D:12:68:50:65:48:E3:42:50:C9:03:C1:01:4F:AB:8D:8C,51,401,CF1E:DB:57:17:81:40:03:97:02:D8:DC:5B:BD:34:A6:22:AA:B8:53:AC:74:92:4B:6D:95:1D:D5:75:2C:00:40:5B,1,CP1ySjqEX0_TyXtRysx,AEAD_AES_256_GCM,FEFD
T01,1776276549925.801,transport,3589,208431,TLS_ECDHE_ECDSA_WITH_CHACHA20_POLY1305_SHA256,client,connected,oVi3,controlling,connected,CF9E:0C:9B:A6:A2:03:F6:6B:6B:20:85:17:87:C0:65:8D:12:68:50:65:48:E3:42:50:C9:03:C1:01:4F:AB:8D:8C,53,416,CF1E:DB:57:17:81:40:03:97:02:D8:DC:5B:BD:34:A6:22:AA:B8:53:AC:74:92:4B:6D:95:1D:D5:75:2C:00:40:5B,1,CP1ySjqEX0_TyXtRysx,AEAD_AES_256_GCM,FEFD
T01,1776276549925.801,transport,3589,208431,TLS_ECDHE_ECDSA_WITH_CHACHA20_POLY1305_SHA256,client,connected,oVi3,controlling,connected,CF9E:0C:9B:A6:A2:03:F6:6B:6B:20:85:17:87:C0:65:8D:12:68:50:65:48:E3:42:50:C9:03:C1:01:4F:AB:8D:8C,53,416,CF1E:DB:57:17:81:40:03:97:02:D8:DC:5B:BD:34:A6:22:AA:B8:53:AC:74:92:4B:6D:95:1D:D5:75:2C:00:40:5B,1,CP1ySjqEX0_TyXtRysx,AEAD_AES_256_GCM,FEFD
T01,1776276550125.735,transport,3689,220553,TLS_ECDHE_ECDSA_WITH_CHACHA20_POLY1305_SHA256,client,connected,oVi3,controlling,connected,CF9E:0C:9B:A6:A2:03:F6:6B:6B:20:85:17:87:C0:65:8D:12:68:50:65:48:E3:42:50:C9:03:C1:01:4F:AB:8D:8C,55,430,CF1E:DB:57:17:81:40:03:97:02:D8:DC:5B:BD:34:A6:22:AA:B8:53:AC:74:92:4B:6D:95:1D:D5:75:2C:00:40:5B,1,CP1ySjqEX0_TyXtRysx,AEAD_AES_256_GCM,FEFD
T01,1776276550125.735,transport,3689,220553,TLS_ECDHE_ECDSA_WITH_CHACHA20_POLY1305_SHA256,client,connected,oVi3,controlling,connected,CF9E:0C:9B:A6:A2:03:F6:6B:6B:20:85:17:87:C0:65:8D:12:68:50:65:48:E3:42:50:C9:03:C1:01:4F:AB:8D:8C,55,430,CF1E:DB:57:17:81:40:03:97:02:D8:DC:5B:BD:34:A6:22:AA:B8:53:AC:74:92:4B:6D:95:1D:D5:75:2C:00:40:5B,1,CP1ySjqEX0_TyXtRysx,AEAD_AES_256_GCM,FEFD
T01,1776276550325.791,transport,3793,231974,TLS_ECDHE_ECDSA_WITH_CHACHA20_POLY1305_SHA256,client,connected,oVi3,controlling,connected,CF9E:0C:9B:A6:A2:03:F6:6B:6B:20:85:17:87:C0:65:8D:12:68:50:65:48:E3:42:50:C9:03:C1:01:4F:AB:8D:8C,57,444,CF1E:DB:57:17:81:40:03:97:02:D8:DC:5B:BD:34:A6:22:AA:B8:53:AC:74:92:4B:6D:95:1D:D5:75:2C:00:40:5B,1,CP1ySjqEX0_TyXtRysx,AEAD_AES_256_GCM,FEFD
T01,1776276550325.791,transport,3793,231974,TLS_ECDHE_ECDSA_WITH_CHACHA20_POLY1305_SHA256,client,connected,oVi3,controlling,connected,CF9E:0C:9B:A6:A2:03:F6:6B:6B:20:85:17:87:C0:65:8D:12:68:50:65:48:E3:42:50:C9:03:C1:01:4F:AB:8D:8C,57,444,CF1E:DB:57:17:81:40:03:97:02:D8:DC:5B:BD:34:A6:22:AA:B8:53:AC:74:92:4B:6D:95:1D:D5:75:2C:00:40:5B,1,CP1ySjqEX0_TyXtRysx,AEAD_AES_256_GCM,FEFD
T01,1776276550525.907,transport,3897,244628,TLS_ECDHE_ECDSA_WITH_CHACHA20_POLY1305_SHA256,client,connected,oVi3,controlling,connected,CF9E:0C:9B:A6:A2:03:F6:6B:6B:20:85:17:87:C0:65:8D:12:68:50:65:48:E3:42:50:C9:03:C1:01:4F:AB:8D:8C,59,458,CF1E:DB:57:17:81:40:03:97:02:D8:DC:5B:BD:34:A6:22:AA:B8:53:AC:74:92:4B:6D:95:1D:D5:75:2C:00:40:5B,1,CP1ySjqEX0_TyXtRysx,AEAD_AES_256_GCM,FEFD
T01,1776276550525.907,transport,3897,244628,TLS_ECDHE_ECDSA_WITH_CHACHA20_POLY1305_SHA256,client,connected,oVi3,controlling,connected,CF9E:0C:9B:A6:A2:03:F6:6B:6B:20:85:17:87:C0:65:8D:12:68:50:65:48:E3:42:50:C9:03:C1:01:4F:AB:8D:8C,59,458,CF1E:DB:57:17:81:40:03:97:02:D8:DC:5B:BD:34:A6:22:AA:B8:53:AC:74:92:4B:6D:95:1D:D5:75:2C:00:40:5B,1,CP1ySjqEX0_TyXtRysx,AEAD_AES_256_GCM,FEFD
T01,1776276550725.919,transport,3993,257799,TLS_ECDHE_ECDSA_WITH_CHACHA20_POLY1305_SHA256,client,connected,oVi3,controlling,connected,CF9E:0C:9B:A6:A2:03:F6:6B:6B:20:85:17:87:C0:65:8D:12:68:50:65:48:E3:42:50:C9:03:C1:01:4F:AB:8D:8C,61,470,CF1E:DB:57:17:81:40:03:97:02:D8:DC:5B:BD:34:A6:22:AA:B8:53:AC:74:92:4B:6D:95:1D:D5:75:2C:00:40:5B,1,CP1ySjqEX0_TyXtRysx,AEAD_AES_256_GCM,FEFD
T01,1776276550725.919,transport,3993,257799,TLS_ECDHE_ECDSA_WITH_CHACHA20_POLY1305_SHA256,client,connected,oVi3,controlling,connected,CF9E:0C:9B:A6:A2:03:F6:6B:6B:20:85:17:87:C0:65:8D:12:68:50:65:48:E3:42:50:C9:03:C1:01:4F:AB:8D:8C,61,470,CF1E:DB:57:17:81:40:03:97:02:D8:DC:5B:BD:34:A6:22:AA:B8:53:AC:74:92:4B:6D:95:1D:D5:75:2C:00:40:5B,1,CP1ySjqEX0_TyXtRysx,AEAD_AES_256_GCM,FEFD
T01,1776276550925.878,transport,4193,269543,TLS_ECDHE_ECDSA_WITH_CHACHA20_POLY1305_SHA256,client,connected,oVi3,controlling,connected,CF9E:0C:9B:A6:A2:03:F6:6B:6B:20:85:17:87:C0:65:8D:12:68:50:65:48:E3:42:50:C9:03:C1:01:4F:AB:8D:8C,64,486,CF1E:DB:57:17:81:40:03:97:02:D8:DC:5B:BD:34:A6:22:AA:B8:53:AC:74:92:4B:6D:95:1D:D5:75:2C:00:40:5B,1,CP1ySjqEX0_TyXtRysx,AEAD_AES_256_GCM,FEFD
T01,1776276550925.878,transport,4193,269543,TLS_ECDHE_ECDSA_WITH_CHACHA20_POLY1305_SHA256,client,connected,oVi3,controlling,connected,CF9E:0C:9B:A6:A2:03:F6:6B:6B:20:85:17:87:C0:65:8D:12:68:50:65:48:E3:42:50:C9:03:C1:01:4F:AB:8D:8C,64,486,CF1E:DB:57:17:81:40:03:97:02:D8:DC:5B:BD:34:A6:22:AA:B8:53:AC:74:92:4B:6D:95:1D:D5:75:2C:00:40:5B,1,CP1ySjqEX0_TyXtRysx,AEAD_AES_256_GCM,FEFD
T01,1776276551125.874,transport,4297,281352,TLS_ECDHE_ECDSA_WITH_CHACHA20_POLY1305_SHA256,client,connected,oVi3,controlling,connected,CF9E:0C:9B:A6:A2:03:F6:6B:6B:20:85:17:87:C0:65:8D:12:68:50:65:48:E3:42:50:C9:03:C1:01:4F:AB:8D:8C,66,505,CF1E:DB:57:17:81:40:03:97:02:D8:DC:5B:BD:34:A6:22:AA:B8:53:AC:74:92:4B:6D:95:1D:D5:75:2C:00:40:5B,1,CP1ySjqEX0_TyXtRysx,AEAD_AES_256_GCM,FEFD
T01,1776276551125.874,transport,4297,281352,TLS_ECDHE_ECDSA_WITH_CHACHA20_POLY1305_SHA256,client,connected,oVi3,controlling,connected,CF9E:0C:9B:A6:A2:03:F6:6B:6B:20:85:17:87:C0:65:8D:12:68:50:65:48:E3:42:50:C9:03:C1:01:4F:AB:8D:8C,66,505,CF1E:DB:57:17:81:40:03:97:02:D8:DC:5B:BD:34:A6:22:AA:B8:53:AC:74:92:4B:6D:95:1D:D5:75:2C:00:40:5B,1,CP1ySjqEX0_TyXtRysx,AEAD_AES_256_GCM,FEFD
T01,1776276551325.813,transport,4401,293449,TLS_ECDHE_ECDSA_WITH_CHACHA20_POLY1305_SHA256,client,connected,oVi3,controlling,connected,CF9E:0C:9B:A6:A2:03:F6:6B:6B:20:85:17:87:C0:65:8D:12:68:50:65:48:E3:42:50:C9:03:C1:01:4F:AB:8D:8C,68,519,CF1E:DB:57:17:81:40:03:97:02:D8:DC:5B:BD:34:A6:22:AA:B8:53:AC:74:92:4B:6D:95:1D:D5:75:2C:00:40:5B,1,CP1ySjqEX0_TyXtRysx,AEAD_AES_256_GCM,FEFD
T01,1776276551325.813,transport,4401,293449,TLS_ECDHE_ECDSA_WITH_CHACHA20_POLY1305_SHA256,client,connected,oVi3,controlling,connected,CF9E:0C:9B:A6:A2:03:F6:6B:6B:20:85:17:87:C0:65:8D:12:68:50:65:48:E3:42:50:C9:03:C1:01:4F:AB:8D:8C,68,519,CF1E:DB:57:17:81:40:03:97:02:D8:DC:5B:BD:34:A6:22:AA:B8:53:AC:74:92:4B:6D:95:1D:D5:75:2C:00:40:5B,1,CP1ySjqEX0_TyXtRysx,AEAD_AES_256_GCM,FEFD
T01,1776276551525.911,transport,4505,305557,TLS_ECDHE_ECDSA_WITH_CHACHA20_POLY1305_SHA256,client,connected,oVi3,controlling,connected,CF9E:0C:9B:A6:A2:03:F6:6B:6B:20:85:17:87:C0:65:8D:12:68:50:65:48:E3:42:50:C9:03:C1:01:4F:AB:8D:8C,70,533,CF1E:DB:57:17:81:40:03:97:02:D8:DC:5B:BD:34:A6:22:AA:B8:53:AC:74:92:4B:6D:95:1D:D5:75:2C:00:40:5B,1,CP1ySjqEX0_TyXtRysx,AEAD_AES_256_GCM,FEFD
T01,1776276551525.911,transport,4505,305557,TLS_ECDHE_ECDSA_WITH_CHACHA20_POLY1305_SHA256,client,connected,oVi3,controlling,connected,CF9E:0C:9B:A6:A2:03:F6:6B:6B:20:85:17:87:C0:65:8D:12:68:50:65:48:E3:42:50:C9:03:C1:01:4F:AB:8D:8C,70,533,CF1E:DB:57:17:81:40:03:97:02:D8:DC:5B:BD:34:A6:22:AA:B8:53:AC:74:92:4B:6D:95:1D:D5:75:2C:00:40:5B,1,CP1ySjqEX0_TyXtRysx,AEAD_AES_256_GCM,FEFD
T01,1776276551725.865,transport,4609,321135,TLS_ECDHE_ECDSA_WITH_CHACHA20_POLY1305_SHA256,client,connected,oVi3,controlling,connected,CF9E:0C:9B:A6:A2:03:F6:6B:6B:20:85:17:87:C0:65:8D:12:68:50:65:48:E3:42:50:C9:03:C1:01:4F:AB:8D:8C,72,553,CF1E:DB:57:17:81:40:03:97:02:D8:DC:5B:BD:34:A6:22:AA:B8:53:AC:74:92:4B:6D:95:1D:D5:75:2C:00:40:5B,1,CP1ySjqEX0_TyXtRysx,AEAD_AES_256_GCM,FEFD
T01,1776276551725.865,transport,4609,321135,TLS_ECDHE_ECDSA_WITH_CHACHA20_POLY1305_SHA256,client,connected,oVi3,controlling,connected,CF9E:0C:9B:A6:A2:03:F6:6B:6B:20:85:17:87:C0:65:8D:12:68:50:65:48:E3:42:50:C9:03:C1:01:4F:AB:8D:8C,72,553,CF1E:DB:57:17:81:40:03:97:02:D8:DC:5B:BD:34:A6:22:AA:B8:53:AC:74:92:4B:6D:95:1D:D5:75:2C:00:40:5B,1,CP1ySjqEX0_TyXtRysx,AEAD_AES_256_GCM,FEFD
T01,1776276551925.791,transport,4713,334169,TLS_ECDHE_ECDSA_WITH_CHACHA20_POLY1305_SHA256,client,connected,oVi3,controlling,connected,CF9E:0C:9B:A6:A2:03:F6:6B:6B:20:85:17:87:C0:65:8D:12:68:50:65:48:E3:42:50:C9:03:C1:01:4F:AB:8D:8C,74,566,CF1E:DB:57:17:81:40:03:97:02:D8:DC:5B:BD:34:A6:22:AA:B8:53:AC:74:92:4B:6D:95:1D:D5:75:2C:00:40:5B,1,CP1ySjqEX0_TyXtRysx,AEAD_AES_256_GCM,FEFD
T01,1776276551925.791,transport,4713,334169,TLS_ECDHE_ECDSA_WITH_CHACHA20_POLY1305_SHA256,client,connected,oVi3,controlling,connected,CF9E:0C:9B:A6:A2:03:F6:6B:6B:20:85:17:87:C0:65:8D:12:68:50:65:48:E3:42:50:C9:03:C1:01:4F:AB:8D:8C,74,566,CF1E:DB:57:17:81:40:03:97:02:D8:DC:5B:BD:34:A6:22:AA:B8:53:AC:74:92:4B:6D:95:1D:D5:75:2C:00:40:5B,1,CP1ySjqEX0_TyXtRysx,AEAD_AES_256_GCM,FEFD
T01,1776276552125.871,transport,4817,341848,TLS_ECDHE_ECDSA_WITH_CHACHA20_POLY1305_SHA256,client,connected,oVi3,controlling,connected,CF9E:0C:9B:A6:A2:03:F6:6B:6B:20:85:17:87:C0:65:8D:12:68:50:65:48:E3:42:50:C9:03:C1:01:4F:AB:8D:8C,76,579,CF1E:DB:57:17:81:40:03:97:02:D8:DC:5B:BD:34:A6:22:AA:B8:53:AC:74:92:4B:6D:95:1D:D5:75:2C:00:40:5B,1,CP1ySjqEX0_TyXtRysx,AEAD_AES_256_GCM,FEFD
T01,1776276552125.871,transport,4817,341848,TLS_ECDHE_ECDSA_WITH_CHACHA20_POLY1305_SHA256,client,connected,oVi3,controlling,connected,CF9E:0C:9B:A6:A2:03:F6:6B:6B:20:85:17:87:C0:65:8D:12:68:50:65:48:E3:42:50:C9:03:C1:01:4F:AB:8D:8C,76,579,CF1E:DB:57:17:81:40:03:97:02:D8:DC:5B:BD:34:A6:22:AA:B8:53:AC:74:92:4B:6D:95:1D:D5:75:2C:00:40:5B,1,CP1ySjqEX0_TyXtRysx,AEAD_AES_256_GCM,FEFD
T01,1776276552325.816,transport,5009,350888,TLS_ECDHE_ECDSA_WITH_CHACHA20_POLY1305_SHA256,client,connected,oVi3,controlling,connected,CF9E:0C:9B:A6:A2:03:F6:6B:6B:20:85:17:87:C0:65:8D:12:68:50:65:48:E3:42:50:C9:03:C1:01:4F:AB:8D:8C,79,591,CF1E:DB:57:17:81:40:03:97:02:D8:DC:5B:BD:34:A6:22:AA:B8:53:AC:74:92:4B:6D:95:1D:D5:75:2C:00:40:5B,1,CP1ySjqEX0_TyXtRysx,AEAD_AES_256_GCM,FEFD
T01,1776276552325.816,transport,5009,350888,TLS_ECDHE_ECDSA_WITH_CHACHA20_POLY1305_SHA256,client,connected,oVi3,controlling,connected,CF9E:0C:9B:A6:A2:03:F6:6B:6B:20:85:17:87:C0:65:8D:12:68:50:65:48:E3:42:50:C9:03:C1:01:4F:AB:8D:8C,79,591,CF1E:DB:57:17:81:40:03:97:02:D8:DC:5B:BD:34:A6:22:AA:B8:53:AC:74:92:4B:6D:95:1D:D5:75:2C:00:40:5B,1,CP1ySjqEX0_TyXtRysx,AEAD_AES_256_GCM,FEFD
T01,1776276552525.959,transport,5109,361743,TLS_ECDHE_ECDSA_WITH_CHACHA20_POLY1305_SHA256,client,connected,oVi3,controlling,connected,CF9E:0C:9B:A6:A2:03:F6:6B:6B:20:85:17:87:C0:65:8D:12:68:50:65:48:E3:42:50:C9:03:C1:01:4F:AB:8D:8C,81,604,CF1E:DB:57:17:81:40:03:97:02:D8:DC:5B:BD:34:A6:22:AA:B8:53:AC:74:92:4B:6D:95:1D:D5:75:2C:00:40:5B,1,CP1ySjqEX0_TyXtRysx,AEAD_AES_256_GCM,FEFD
T01,1776276552525.959,transport,5109,361743,TLS_ECDHE_ECDSA_WITH_CHACHA20_POLY1305_SHA256,client,connected,oVi3,controlling,connected,CF9E:0C:9B:A6:A2:03:F6:6B:6B:20:85:17:87:C0:65:8D:12:68:50:65:48:E3:42:50:C9:03:C1:01:4F:AB:8D:8C,81,604,CF1E:DB:57:17:81:40:03:97:02:D8:DC:5B:BD:34:A6:22:AA:B8:53:AC:74:92:4B:6D:95:1D:D5:75:2C:00:40:5B,1,CP1ySjqEX0_TyXtRysx,AEAD_AES_256_GCM,FEFD
T01,1776276552725.797,transport,5213,377749,TLS_ECDHE_ECDSA_WITH_CHACHA20_POLY1305_SHA256,client,connected,oVi3,controlling,connected,CF9E:0C:9B:A6:A2:03:F6:6B:6B:20:85:17:87:C0:65:8D:12:68:50:65:48:E3:42:50:C9:03:C1:01:4F:AB:8D:8C,83,622,CF1E:DB:57:17:81:40:03:97:02:D8:DC:5B:BD:34:A6:22:AA:B8:53:AC:74:92:4B:6D:95:1D:D5:75:2C:00:40:5B,1,CP1ySjqEX0_TyXtRysx,AEAD_AES_256_GCM,FEFD
T01,1776276552725.797,transport,5213,377749,TLS_ECDHE_ECDSA_WITH_CHACHA20_POLY1305_SHA256,client,connected,oVi3,controlling,connected,CF9E:0C:9B:A6:A2:03:F6:6B:6B:20:85:17:87:C0:65:8D:12:68:50:65:48:E3:42:50:C9:03:C1:01:4F:AB:8D:8C,83,622,CF1E:DB:57:17:81:40:03:97:02:D8:DC:5B:BD:34:A6:22:AA:B8:53:AC:74:92:4B:6D:95:1D:D5:75:2C:00:40:5B,1,CP1ySjqEX0_TyXtRysx,AEAD_AES_256_GCM,FEFD
T01,1776276552925.858,transport,5313,384009,TLS_ECDHE_ECDSA_WITH_CHACHA20_POLY1305_SHA256,client,connected,oVi3,controlling,connected,CF9E:0C:9B:A6:A2:03:F6:6B:6B:20:85:17:87:C0:65:8D:12:68:50:65:48:E3:42:50:C9:03:C1:01:4F:AB:8D:8C,85,633,CF1E:DB:57:17:81:40:03:97:02:D8:DC:5B:BD:34:A6:22:AA:B8:53:AC:74:92:4B:6D:95:1D:D5:75:2C:00:40:5B,1,CP1ySjqEX0_TyXtRysx,AEAD_AES_256_GCM,FEFD
T01,1776276552925.858,transport,5313,384009,TLS_ECDHE_ECDSA_WITH_CHACHA20_POLY1305_SHA256,client,connected,oVi3,controlling,connected,CF9E:0C:9B:A6:A2:03:F6:6B:6B:20:85:17:87:C0:65:8D:12:68:50:65:48:E3:42:50:C9:03:C1:01:4F:AB:8D:8C,85,633,CF1E:DB:57:17:81:40:03:97:02:D8:DC:5B:BD:34:A6:22:AA:B8:53:AC:74:92:4B:6D:95:1D:D5:75:2C:00:40:5B,1,CP1ySjqEX0_TyXtRysx,AEAD_AES_256_GCM,FEFD
T01,1776276553125.923,transport,5421,398060,TLS_ECDHE_ECDSA_WITH_CHACHA20_POLY1305_SHA256,client,connected,oVi3,controlling,connected,CF9E:0C:9B:A6:A2:03:F6:6B:6B:20:85:17:87:C0:65:8D:12:68:50:65:48:E3:42:50:C9:03:C1:01:4F:AB:8D:8C,87,659,CF1E:DB:57:17:81:40:03:97:02:D8:DC:5B:BD:34:A6:22:AA:B8:53:AC:74:92:4B:6D:95:1D:D5:75:2C:00:40:5B,1,CP1ySjqEX0_TyXtRysx,AEAD_AES_256_GCM,FEFD
T01,1776276553125.923,transport,5421,398060,TLS_ECDHE_ECDSA_WITH_CHACHA20_POLY1305_SHA256,client,connected,oVi3,controlling,connected,CF9E:0C:9B:A6:A2:03:F6:6B:6B:20:85:17:87:C0:65:8D:12:68:50:65:48:E3:42:50:C9:03:C1:01:4F:AB:8D:8C,87,659,CF1E:DB:57:17:81:40:03:97:02:D8:DC:5B:BD:34:A6:22:AA:B8:53:AC:74:92:4B:6D:95:1D:D5:75:2C:00:40:5B,1,CP1ySjqEX0_TyXtRysx,AEAD_AES_256_GCM,FEFD
T01,1776276553325.935,transport,5621,412115,TLS_ECDHE_ECDSA_WITH_CHACHA20_POLY1305_SHA256,client,connected,oVi3,controlling,connected,CF9E:0C:9B:A6:A2:03:F6:6B:6B:20:85:17:87:C0:65:8D:12:68:50:65:48:E3:42:50:C9:03:C1:01:4F:AB:8D:8C,90,674,CF1E:DB:57:17:81:40:03:97:02:D8:DC:5B:BD:34:A6:22:AA:B8:53:AC:74:92:4B:6D:95:1D:D5:75:2C:00:40:5B,1,CP1ySjqEX0_TyXtRysx,AEAD_AES_256_GCM,FEFD
T01,1776276553325.935,transport,5621,412115,TLS_ECDHE_ECDSA_WITH_CHACHA20_POLY1305_SHA256,client,connected,oVi3,controlling,connected,CF9E:0C:9B:A6:A2:03:F6:6B:6B:20:85:17:87:C0:65:8D:12:68:50:65:48:E3:42:50:C9:03:C1:01:4F:AB:8D:8C,90,674,CF1E:DB:57:17:81:40:03:97:02:D8:DC:5B:BD:34:A6:22:AA:B8:53:AC:74:92:4B:6D:95:1D:D5:75:2C:00:40:5B,1,CP1ySjqEX0_TyXtRysx,AEAD_AES_256_GCM,FEFD
T01,1776276553525.79,transport,5725,421469,TLS_ECDHE_ECDSA_WITH_CHACHA20_POLY1305_SHA256,client,connected,oVi3,controlling,connected,CF9E:0C:9B:A6:A2:03:F6:6B:6B:20:85:17:87:C0:65:8D:12:68:50:65:48:E3:42:50:C9:03:C1:01:4F:AB:8D:8C,92,690,CF1E:DB:57:17:81:40:03:97:02:D8:DC:5B:BD:34:A6:22:AA:B8:53:AC:74:92:4B:6D:95:1D:D5:75:2C:00:40:5B,1,CP1ySjqEX0_TyXtRysx,AEAD_AES_256_GCM,FEFD
T01,1776276553525.79,transport,5725,421469,TLS_ECDHE_ECDSA_WITH_CHACHA20_POLY1305_SHA256,client,connected,oVi3,controlling,connected,CF9E:0C:9B:A6:A2:03:F6:6B:6B:20:85:17:87:C0:65:8D:12:68:50:65:48:E3:42:50:C9:03:C1:01:4F:AB:8D:8C,92,690,CF1E:DB:57:17:81:40:03:97:02:D8:DC:5B:BD:34:A6:22:AA:B8:53:AC:74:92:4B:6D:95:1D:D5:75:2C:00:40:5B,1,CP1ySjqEX0_TyXtRysx,AEAD_AES_256_GCM,FEFD
T01,1776276553725.836,transport,5849,435055,TLS_ECDHE_ECDSA_WITH_CHACHA20_POLY1305_SHA256,client,connected,oVi3,controlling,connected,CF9E:0C:9B:A6:A2:03:F6:6B:6B:20:85:17:87:C0:65:8D:12:68:50:65:48:E3:42:50:C9:03:C1:01:4F:AB:8D:8C,94,723,CF1E:DB:57:17:81:40:03:97:02:D8:DC:5B:BD:34:A6:22:AA:B8:53:AC:74:92:4B:6D:95:1D:D5:75:2C:00:40:5B,1,CP1ySjqEX0_TyXtRysx,AEAD_AES_256_GCM,FEFD
T01,1776276553725.836,transport,5849,435055,TLS_ECDHE_ECDSA_WITH_CHACHA20_POLY1305_SHA256,client,connected,oVi3,controlling,connected,CF9E:0C:9B:A6:A2:03:F6:6B:6B:20:85:17:87:C0:65:8D:12:68:50:65:48:E3:42:50:C9:03:C1:01:4F:AB:8D:8C,94,723,CF1E:DB:57:17:81:40:03:97:02:D8:DC:5B:BD:34:A6:22:AA:B8:53:AC:74:92:4B:6D:95:1D:D5:75:2C:00:40:5B,1,CP1ySjqEX0_TyXtRysx,AEAD_AES_256_GCM,FEFD
T01,1776276553925.856,transport,5953,449002,TLS_ECDHE_ECDSA_WITH_CHACHA20_POLY1305_SHA256,client,connected,oVi3,controlling,connected,CF9E:0C:9B:A6:A2:03:F6:6B:6B:20:85:17:87:C0:65:8D:12:68:50:65:48:E3:42:50:C9:03:C1:01:4F:AB:8D:8C,96,740,CF1E:DB:57:17:81:40:03:97:02:D8:DC:5B:BD:34:A6:22:AA:B8:53:AC:74:92:4B:6D:95:1D:D5:75:2C:00:40:5B,1,CP1ySjqEX0_TyXtRysx,AEAD_AES_256_GCM,FEFD
T01,1776276553925.856,transport,5953,449002,TLS_ECDHE_ECDSA_WITH_CHACHA20_POLY1305_SHA256,client,connected,oVi3,controlling,connected,CF9E:0C:9B:A6:A2:03:F6:6B:6B:20:85:17:87:C0:65:8D:12:68:50:65:48:E3:42:50:C9:03:C1:01:4F:AB:8D:8C,96,740,CF1E:DB:57:17:81:40:03:97:02:D8:DC:5B:BD:34:A6:22:AA:B8:53:AC:74:92:4B:6D:95:1D:D5:75:2C:00:40:5B,1,CP1ySjqEX0_TyXtRysx,AEAD_AES_256_GCM,FEFD
T01,1776276554125.744,transport,6057,465582,TLS_ECDHE_ECDSA_WITH_CHACHA20_POLY1305_SHA256,client,connected,oVi3,controlling,connected,CF9E:0C:9B:A6:A2:03:F6:6B:6B:20:85:17:87:C0:65:8D:12:68:50:65:48:E3:42:50:C9:03:C1:01:4F:AB:8D:8C,98,759,CF1E:DB:57:17:81:40:03:97:02:D8:DC:5B:BD:34:A6:22:AA:B8:53:AC:74:92:4B:6D:95:1D:D5:75:2C:00:40:5B,1,CP1ySjqEX0_TyXtRysx,AEAD_AES_256_GCM,FEFD
T01,1776276554125.744,transport,6057,465582,TLS_ECDHE_ECDSA_WITH_CHACHA20_POLY1305_SHA256,client,connected,oVi3,controlling,connected,CF9E:0C:9B:A6:A2:03:F6:6B:6B:20:85:17:87:C0:65:8D:12:68:50:65:48:E3:42:50:C9:03:C1:01:4F:AB:8D:8C,98,759,CF1E:DB:57:17:81:40:03:97:02:D8:DC:5B:BD:34:A6:22:AA:B8:53:AC:74:92:4B:6D:95:1D:D5:75:2C:00:40:5B,1,CP1ySjqEX0_TyXtRysx,AEAD_AES_256_GCM,FEFD
T01,1776276554325.692,transport,6257,479694,TLS_ECDHE_ECDSA_WITH_CHACHA20_POLY1305_SHA256,client,connected,oVi3,controlling,connected,CF9E:0C:9B:A6:A2:03:F6:6B:6B:20:85:17:87:C0:65:8D:12:68:50:65:48:E3:42:50:C9:03:C1:01:4F:AB:8D:8C,101,777,CF1E:DB:57:17:81:40:03:97:02:D8:DC:5B:BD:34:A6:22:AA:B8:53:AC:74:92:4B:6D:95:1D:D5:75:2C:00:40:5B,1,CP1ySjqEX0_TyXtRysx,AEAD_AES_256_GCM,FEFD
T01,1776276554325.692,transport,6257,479694,TLS_ECDHE_ECDSA_WITH_CHACHA20_POLY1305_SHA256,client,connected,oVi3,controlling,connected,CF9E:0C:9B:A6:A2:03:F6:6B:6B:20:85:17:87:C0:65:8D:12:68:50:65:48:E3:42:50:C9:03:C1:01:4F:AB:8D:8C,101,777,CF1E:DB:57:17:81:40:03:97:02:D8:DC:5B:BD:34:A6:22:AA:B8:53:AC:74:92:4B:6D:95:1D:D5:75:2C:00:40:5B,1,CP1ySjqEX0_TyXtRysx,AEAD_AES_256_GCM,FEFD
T01,1776276554525.728,transport,6361,493971,TLS_ECDHE_ECDSA_WITH_CHACHA20_POLY1305_SHA256,client,connected,oVi3,controlling,connected,CF9E:0C:9B:A6:A2:03:F6:6B:6B:20:85:17:87:C0:65:8D:12:68:50:65:48:E3:42:50:C9:03:C1:01:4F:AB:8D:8C,103,794,CF1E:DB:57:17:81:40:03:97:02:D8:DC:5B:BD:34:A6:22:AA:B8:53:AC:74:92:4B:6D:95:1D:D5:75:2C:00:40:5B,1,CP1ySjqEX0_TyXtRysx,AEAD_AES_256_GCM,FEFD
T01,1776276554525.728,transport,6361,493971,TLS_ECDHE_ECDSA_WITH_CHACHA20_POLY1305_SHA256,client,connected,oVi3,controlling,connected,CF9E:0C:9B:A6:A2:03:F6:6B:6B:20:85:17:87:C0:65:8D:12:68:50:65:48:E3:42:50:C9:03:C1:01:4F:AB:8D:8C,103,794,CF1E:DB:57:17:81:40:03:97:02:D8:DC:5B:BD:34:A6:22:AA:B8:53:AC:74:92:4B:6D:95:1D:D5:75:2C:00:40:5B,1,CP1ySjqEX0_TyXtRysx,AEAD_AES_256_GCM,FEFD
T01,1776276554725.861,transport,6465,507995,TLS_ECDHE_ECDSA_WITH_CHACHA20_POLY1305_SHA256,client,connected,oVi3,controlling,connected,CF9E:0C:9B:A6:A2:03:F6:6B:6B:20:85:17:87:C0:65:8D:12:68:50:65:48:E3:42:50:C9:03:C1:01:4F:AB:8D:8C,105,809,CF1E:DB:57:17:81:40:03:97:02:D8:DC:5B:BD:34:A6:22:AA:B8:53:AC:74:92:4B:6D:95:1D:D5:75:2C:00:40:5B,1,CP1ySjqEX0_TyXtRysx,AEAD_AES_256_GCM,FEFD
T01,1776276554725.861,transport,6465,507995,TLS_ECDHE_ECDSA_WITH_CHACHA20_POLY1305_SHA256,client,connected,oVi3,controlling,connected,CF9E:0C:9B:A6:A2:03:F6:6B:6B:20:85:17:87:C0:65:8D:12:68:50:65:48:E3:42:50:C9:03:C1:01:4F:AB:8D:8C,105,809,CF1E:DB:57:17:81:40:03:97:02:D8:DC:5B:BD:34:A6:22:AA:B8:53:AC:74:92:4B:6D:95:1D:D5:75:2C:00:40:5B,1,CP1ySjqEX0_TyXtRysx,AEAD_AES_256_GCM,FEFD
T01,1776276554925.783,transport,6573,521999,TLS_ECDHE_ECDSA_WITH_CHACHA20_POLY1305_SHA256,client,connected,oVi3,controlling,connected,CF9E:0C:9B:A6:A2:03:F6:6B:6B:20:85:17:87:C0:65:8D:12:68:50:65:48:E3:42:50:C9:03:C1:01:4F:AB:8D:8C,107,827,CF1E:DB:57:17:81:40:03:97:02:D8:DC:5B:BD:34:A6:22:AA:B8:53:AC:74:92:4B:6D:95:1D:D5:75:2C:00:40:5B,1,CP1ySjqEX0_TyXtRysx,AEAD_AES_256_GCM,FEFD
T01,1776276554925.783,transport,6573,521999,TLS_ECDHE_ECDSA_WITH_CHACHA20_POLY1305_SHA256,client,connected,oVi3,controlling,connected,CF9E:0C:9B:A6:A2:03:F6:6B:6B:20:85:17:87:C0:65:8D:12:68:50:65:48:E3:42:50:C9:03:C1:01:4F:AB:8D:8C,107,827,CF1E:DB:57:17:81:40:03:97:02:D8:DC:5B:BD:34:A6:22:AA:B8:53:AC:74:92:4B:6D:95:1D:D5:75:2C:00:40:5B,1,CP1ySjqEX0_TyXtRysx,AEAD_AES_256_GCM,FEFD
T01,1776276555125.874,transport,6677,541162,TLS_ECDHE_ECDSA_WITH_CHACHA20_POLY1305_SHA256,client,connected,oVi3,controlling,connected,CF9E:0C:9B:A6:A2:03:F6:6B:6B:20:85:17:87:C0:65:8D:12:68:50:65:48:E3:42:50:C9:03:C1:01:4F:AB:8D:8C,109,848,CF1E:DB:57:17:81:40:03:97:02:D8:DC:5B:BD:34:A6:22:AA:B8:53:AC:74:92:4B:6D:95:1D:D5:75:2C:00:40:5B,1,CP1ySjqEX0_TyXtRysx,AEAD_AES_256_GCM,FEFD
T01,1776276555125.874,transport,6677,541162,TLS_ECDHE_ECDSA_WITH_CHACHA20_POLY1305_SHA256,client,connected,oVi3,controlling,connected,CF9E:0C:9B:A6:A2:03:F6:6B:6B:20:85:17:87:C0:65:8D:12:68:50:65:48:E3:42:50:C9:03:C1:01:4F:AB:8D:8C,109,848,CF1E:DB:57:17:81:40:03:97:02:D8:DC:5B:BD:34:A6:22:AA:B8:53:AC:74:92:4B:6D:95:1D:D5:75:2C:00:40:5B,1,CP1ySjqEX0_TyXtRysx,AEAD_AES_256_GCM,FEFD
T01,1776276555325.82,transport,6781,555563,TLS_ECDHE_ECDSA_WITH_CHACHA20_POLY1305_SHA256,client,connected,oVi3,controlling,connected,CF9E:0C:9B:A6:A2:03:F6:6B:6B:20:85:17:87:C0:65:8D:12:68:50:65:48:E3:42:50:C9:03:C1:01:4F:AB:8D:8C,111,866,CF1E:DB:57:17:81:40:03:97:02:D8:DC:5B:BD:34:A6:22:AA:B8:53:AC:74:92:4B:6D:95:1D:D5:75:2C:00:40:5B,1,CP1ySjqEX0_TyXtRysx,AEAD_AES_256_GCM,FEFD
T01,1776276555325.82,transport,6781,555563,TLS_ECDHE_ECDSA_WITH_CHACHA20_POLY1305_SHA256,client,connected,oVi3,controlling,connected,CF9E:0C:9B:A6:A2:03:F6:6B:6B:20:85:17:87:C0:65:8D:12:68:50:65:48:E3:42:50:C9:03:C1:01:4F:AB:8D:8C,111,866,CF1E:DB:57:17:81:40:03:97:02:D8:DC:5B:BD:34:A6:22:AA:B8:53:AC:74:92:4B:6D:95:1D:D5:75:2C:00:40:5B,1,CP1ySjqEX0_TyXtRysx,AEAD_AES_256_GCM,FEFD
T01,1776276555525.739,transport,6889,571406,TLS_ECDHE_ECDSA_WITH_CHACHA20_POLY1305_SHA256,client,connected,oVi3,controlling,connected,CF9E:0C:9B:A6:A2:03:F6:6B:6B:20:85:17:87:C0:65:8D:12:68:50:65:48:E3:42:50:C9:03:C1:01:4F:AB:8D:8C,113,884,CF1E:DB:57:17:81:40:03:97:02:D8:DC:5B:BD:34:A6:22:AA:B8:53:AC:74:92:4B:6D:95:1D:D5:75:2C:00:40:5B,1,CP1ySjqEX0_TyXtRysx,AEAD_AES_256_GCM,FEFD
T01,1776276555525.739,transport,6889,571406,TLS_ECDHE_ECDSA_WITH_CHACHA20_POLY1305_SHA256,client,connected,oVi3,controlling,connected,CF9E:0C:9B:A6:A2:03:F6:6B:6B:20:85:17:87:C0:65:8D:12:68:50:65:48:E3:42:50:C9:03:C1:01:4F:AB:8D:8C,113,884,CF1E:DB:57:17:81:40:03:97:02:D8:DC:5B:BD:34:A6:22:AA:B8:53:AC:74:92:4B:6D:95:1D:D5:75:2C:00:40:5B,1,CP1ySjqEX0_TyXtRysx,AEAD_AES_256_GCM,FEFD
T01,1776276555725.754,transport,6993,587388,TLS_ECDHE_ECDSA_WITH_CHACHA20_POLY1305_SHA256,client,connected,oVi3,controlling,connected,CF9E:0C:9B:A6:A2:03:F6:6B:6B:20:85:17:87:C0:65:8D:12:68:50:65:48:E3:42:50:C9:03:C1:01:4F:AB:8D:8C,115,902,CF1E:DB:57:17:81:40:03:97:02:D8:DC:5B:BD:34:A6:22:AA:B8:53:AC:74:92:4B:6D:95:1D:D5:75:2C:00:40:5B,1,CP1ySjqEX0_TyXtRysx,AEAD_AES_256_GCM,FEFD
T01,1776276555725.754,transport,6993,587388,TLS_ECDHE_ECDSA_WITH_CHACHA20_POLY1305_SHA256,client,connected,oVi3,controlling,connected,CF9E:0C:9B:A6:A2:03:F6:6B:6B:20:85:17:87:C0:65:8D:12:68:50:65:48:E3:42:50:C9:03:C1:01:4F:AB:8D:8C,115,902,CF1E:DB:57:17:81:40:03:97:02:D8:DC:5B:BD:34:A6:22:AA:B8:53:AC:74:92:4B:6D:95:1D:D5:75:2C:00:40:5B,1,CP1ySjqEX0_TyXtRysx,AEAD_AES_256_GCM,FEFD
T01,1776276555925.739,transport,7197,603234,TLS_ECDHE_ECDSA_WITH_CHACHA20_POLY1305_SHA256,client,connected,oVi3,controlling,connected,CF9E:0C:9B:A6:A2:03:F6:6B:6B:20:85:17:87:C0:65:8D:12:68:50:65:48:E3:42:50:C9:03:C1:01:4F:AB:8D:8C,118,920,CF1E:DB:57:17:81:40:03:97:02:D8:DC:5B:BD:34:A6:22:AA:B8:53:AC:74:92:4B:6D:95:1D:D5:75:2C:00:40:5B,1,CP1ySjqEX0_TyXtRysx,AEAD_AES_256_GCM,FEFD
T01,1776276555925.739,transport,7197,603234,TLS_ECDHE_ECDSA_WITH_CHACHA20_POLY1305_SHA256,client,connected,oVi3,controlling,connected,CF9E:0C:9B:A6:A2:03:F6:6B:6B:20:85:17:87:C0:65:8D:12:68:50:65:48:E3:42:50:C9:03:C1:01:4F:AB:8D:8C,118,920,CF1E:DB:57:17:81:40:03:97:02:D8:DC:5B:BD:34:A6:22:AA:B8:53:AC:74:92:4B:6D:95:1D:D5:75:2C:00:40:5B,1,CP1ySjqEX0_TyXtRysx,AEAD_AES_256_GCM,FEFD
T01,1776276556125.819,transport,7297,618373,TLS_ECDHE_ECDSA_WITH_CHACHA20_POLY1305_SHA256,client,connected,oVi3,controlling,connected,CF9E:0C:9B:A6:A2:03:F6:6B:6B:20:85:17:87:C0:65:8D:12:68:50:65:48:E3:42:50:C9:03:C1:01:4F:AB:8D:8C,120,938,CF1E:DB:57:17:81:40:03:97:02:D8:DC:5B:BD:34:A6:22:AA:B8:53:AC:74:92:4B:6D:95:1D:D5:75:2C:00:40:5B,1,CP1ySjqEX0_TyXtRysx,AEAD_AES_256_GCM,FEFD
T01,1776276556125.819,transport,7297,618373,TLS_ECDHE_ECDSA_WITH_CHACHA20_POLY1305_SHA256,client,connected,oVi3,controlling,connected,CF9E:0C:9B:A6:A2:03:F6:6B:6B:20:85:17:87:C0:65:8D:12:68:50:65:48:E3:42:50:C9:03:C1:01:4F:AB:8D:8C,120,938,CF1E:DB:57:17:81:40:03:97:02:D8:DC:5B:BD:34:A6:22:AA:B8:53:AC:74:92:4B:6D:95:1D:D5:75:2C:00:40:5B,1,CP1ySjqEX0_TyXtRysx,AEAD_AES_256_GCM,FEFD
T01,1776276556325.853,transport,7405,635872,TLS_ECDHE_ECDSA_WITH_CHACHA20_POLY1305_SHA256,client,connected,oVi3,controlling,connected,CF9E:0C:9B:A6:A2:03:F6:6B:6B:20:85:17:87:C0:65:8D:12:68:50:65:48:E3:42:50:C9:03:C1:01:4F:AB:8D:8C,122,956,CF1E:DB:57:17:81:40:03:97:02:D8:DC:5B:BD:34:A6:22:AA:B8:53:AC:74:92:4B:6D:95:1D:D5:75:2C:00:40:5B,1,CP1ySjqEX0_TyXtRysx,AEAD_AES_256_GCM,FEFD
T01,1776276556325.853,transport,7405,635872,TLS_ECDHE_ECDSA_WITH_CHACHA20_POLY1305_SHA256,client,connected,oVi3,controlling,connected,CF9E:0C:9B:A6:A2:03:F6:6B:6B:20:85:17:87:C0:65:8D:12:68:50:65:48:E3:42:50:C9:03:C1:01:4F:AB:8D:8C,122,956,CF1E:DB:57:17:81:40:03:97:02:D8:DC:5B:BD:34:A6:22:AA:B8:53:AC:74:92:4B:6D:95:1D:D5:75:2C:00:40:5B,1,CP1ySjqEX0_TyXtRysx,AEAD_AES_256_GCM,FEFD
T01,1776276556525.83,transport,7509,651804,TLS_ECDHE_ECDSA_WITH_CHACHA20_POLY1305_SHA256,client,connected,oVi3,controlling,connected,CF9E:0C:9B:A6:A2:03:F6:6B:6B:20:85:17:87:C0:65:8D:12:68:50:65:48:E3:42:50:C9:03:C1:01:4F:AB:8D:8C,124,976,CF1E:DB:57:17:81:40:03:97:02:D8:DC:5B:BD:34:A6:22:AA:B8:53:AC:74:92:4B:6D:95:1D:D5:75:2C:00:40:5B,1,CP1ySjqEX0_TyXtRysx,AEAD_AES_256_GCM,FEFD
T01,1776276556525.83,transport,7509,651804,TLS_ECDHE_ECDSA_WITH_CHACHA20_POLY1305_SHA256,client,connected,oVi3,controlling,connected,CF9E:0C:9B:A6:A2:03:F6:6B:6B:20:85:17:87:C0:65:8D:12:68:50:65:48:E3:42:50:C9:03:C1:01:4F:AB:8D:8C,124,976,CF1E:DB:57:17:81:40:03:97:02:D8:DC:5B:BD:34:A6:22:AA:B8:53:AC:74:92:4B:6D:95:1D:D5:75:2C:00:40:5B,1,CP1ySjqEX0_TyXtRysx,AEAD_AES_256_GCM,FEFD
T01,1776276556725.75,transport,7613,671946,TLS_ECDHE_ECDSA_WITH_CHACHA20_POLY1305_SHA256,client,connected,oVi3,controlling,connected,CF9E:0C:9B:A6:A2:03:F6:6B:6B:20:85:17:87:C0:65:8D:12:68:50:65:48:E3:42:50:C9:03:C1:01:4F:AB:8D:8C,126,997,CF1E:DB:57:17:81:40:03:97:02:D8:DC:5B:BD:34:A6:22:AA:B8:53:AC:74:92:4B:6D:95:1D:D5:75:2C:00:40:5B,1,CP1ySjqEX0_TyXtRysx,AEAD_AES_256_GCM,FEFD
T01,1776276556725.75,transport,7613,671946,TLS_ECDHE_ECDSA_WITH_CHACHA20_POLY1305_SHA256,client,connected,oVi3,controlling,connected,CF9E:0C:9B:A6:A2:03:F6:6B:6B:20:85:17:87:C0:65:8D:12:68:50:65:48:E3:42:50:C9:03:C1:01:4F:AB:8D:8C,126,997,CF1E:DB:57:17:81:40:03:97:02:D8:DC:5B:BD:34:A6:22:AA:B8:53:AC:74:92:4B:6D:95:1D:D5:75:2C:00:40:5B,1,CP1ySjqEX0_TyXtRysx,AEAD_AES_256_GCM,FEFD
T01,1776276556925.843,transport,7717,687643,TLS_ECDHE_ECDSA_WITH_CHACHA20_POLY1305_SHA256,client,connected,oVi3,controlling,connected,CF9E:0C:9B:A6:A2:03:F6:6B:6B:20:85:17:87:C0:65:8D:12:68:50:65:48:E3:42:50:C9:03:C1:01:4F:AB:8D:8C,128,1014,CF1E:DB:57:17:81:40:03:97:02:D8:DC:5B:BD:34:A6:22:AA:B8:53:AC:74:92:4B:6D:95:1D:D5:75:2C:00:40:5B,1,CP1ySjqEX0_TyXtRysx,AEAD_AES_256_GCM,FEFD
T01,1776276556925.843,transport,7717,687643,TLS_ECDHE_ECDSA_WITH_CHACHA20_POLY1305_SHA256,client,connected,oVi3,controlling,connected,CF9E:0C:9B:A6:A2:03:F6:6B:6B:20:85:17:87:C0:65:8D:12:68:50:65:48:E3:42:50:C9:03:C1:01:4F:AB:8D:8C,128,1014,CF1E:DB:57:17:81:40:03:97:02:D8:DC:5B:BD:34:A6:22:AA:B8:53:AC:74:92:4B:6D:95:1D:D5:75:2C:00:40:5B,1,CP1ySjqEX0_TyXtRysx,AEAD_AES_256_GCM,FEFD
T01,1776276557125.716,transport,7825,707572,TLS_ECDHE_ECDSA_WITH_CHACHA20_POLY1305_SHA256,client,connected,oVi3,controlling,connected,CF9E:0C:9B:A6:A2:03:F6:6B:6B:20:85:17:87:C0:65:8D:12:68:50:65:48:E3:42:50:C9:03:C1:01:4F:AB:8D:8C,130,1036,CF1E:DB:57:17:81:40:03:97:02:D8:DC:5B:BD:34:A6:22:AA:B8:53:AC:74:92:4B:6D:95:1D:D5:75:2C:00:40:5B,1,CP1ySjqEX0_TyXtRysx,AEAD_AES_256_GCM,FEFD
T01,1776276557125.716,transport,7825,707572,TLS_ECDHE_ECDSA_WITH_CHACHA20_POLY1305_SHA256,client,connected,oVi3,controlling,connected,CF9E:0C:9B:A6:A2:03:F6:6B:6B:20:85:17:87:C0:65:8D:12:68:50:65:48:E3:42:50:C9:03:C1:01:4F:AB:8D:8C,130,1036,CF1E:DB:57:17:81:40:03:97:02:D8:DC:5B:BD:34:A6:22:AA:B8:53:AC:74:92:4B:6D:95:1D:D5:75:2C:00:40:5B,1,CP1ySjqEX0_TyXtRysx,AEAD_AES_256_GCM,FEFD
T01,1776276557325.859,transport,8029,723269,TLS_ECDHE_ECDSA_WITH_CHACHA20_POLY1305_SHA256,client,connected,oVi3,controlling,connected,CF9E:0C:9B:A6:A2:03:F6:6B:6B:20:85:17:87:C0:65:8D:12:68:50:65:48:E3:42:50:C9:03:C1:01:4F:AB:8D:8C,133,1054,CF1E:DB:57:17:81:40:03:97:02:D8:DC:5B:BD:34:A6:22:AA:B8:53:AC:74:92:4B:6D:95:1D:D5:75:2C:00:40:5B,1,CP1ySjqEX0_TyXtRysx,AEAD_AES_256_GCM,FEFD
T01,1776276557325.859,transport,8029,723269,TLS_ECDHE_ECDSA_WITH_CHACHA20_POLY1305_SHA256,client,connected,oVi3,controlling,connected,CF9E:0C:9B:A6:A2:03:F6:6B:6B:20:85:17:87:C0:65:8D:12:68:50:65:48:E3:42:50:C9:03:C1:01:4F:AB:8D:8C,133,1054,CF1E:DB:57:17:81:40:03:97:02:D8:DC:5B:BD:34:A6:22:AA:B8:53:AC:74:92:4B:6D:95:1D:D5:75:2C:00:40:5B,1,CP1ySjqEX0_TyXtRysx,AEAD_AES_256_GCM,FEFD
T01,1776276557525.774,transport,8137,743983,TLS_ECDHE_ECDSA_WITH_CHACHA20_POLY1305_SHA256,client,connected,oVi3,controlling,connected,CF9E:0C:9B:A6:A2:03:F6:6B:6B:20:85:17:87:C0:65:8D:12:68:50:65:48:E3:42:50:C9:03:C1:01:4F:AB:8D:8C,135,1076,CF1E:DB:57:17:81:40:03:97:02:D8:DC:5B:BD:34:A6:22:AA:B8:53:AC:74:92:4B:6D:95:1D:D5:75:2C:00:40:5B,1,CP1ySjqEX0_TyXtRysx,AEAD_AES_256_GCM,FEFD
T01,1776276557525.774,transport,8137,743983,TLS_ECDHE_ECDSA_WITH_CHACHA20_POLY1305_SHA256,client,connected,oVi3,controlling,connected,CF9E:0C:9B:A6:A2:03:F6:6B:6B:20:85:17:87:C0:65:8D:12:68:50:65:48:E3:42:50:C9:03:C1:01:4F:AB:8D:8C,135,1076,CF1E:DB:57:17:81:40:03:97:02:D8:DC:5B:BD:34:A6:22:AA:B8:53:AC:74:92:4B:6D:95:1D:D5:75:2C:00:40:5B,1,CP1ySjqEX0_TyXtRysx,AEAD_AES_256_GCM,FEFD
T01,1776276557725.834,transport,8241,760497,TLS_ECDHE_ECDSA_WITH_CHACHA20_POLY1305_SHA256,client,connected,oVi3,controlling,connected,CF9E:0C:9B:A6:A2:03:F6:6B:6B:20:85:17:87:C0:65:8D:12:68:50:65:48:E3:42:50:C9:03:C1:01:4F:AB:8D:8C,137,1093,CF1E:DB:57:17:81:40:03:97:02:D8:DC:5B:BD:34:A6:22:AA:B8:53:AC:74:92:4B:6D:95:1D:D5:75:2C:00:40:5B,1,CP1ySjqEX0_TyXtRysx,AEAD_AES_256_GCM,FEFD
T01,1776276557725.834,transport,8241,760497,TLS_ECDHE_ECDSA_WITH_CHACHA20_POLY1305_SHA256,client,connected,oVi3,controlling,connected,CF9E:0C:9B:A6:A2:03:F6:6B:6B:20:85:17:87:C0:65:8D:12:68:50:65:48:E3:42:50:C9:03:C1:01:4F:AB:8D:8C,137,1093,CF1E:DB:57:17:81:40:03:97:02:D8:DC:5B:BD:34:A6:22:AA:B8:53:AC:74:92:4B:6D:95:1D:D5:75:2C:00:40:5B,1,CP1ySjqEX0_TyXtRysx,AEAD_AES_256_GCM,FEFD
T01,1776276557925.846,transport,8349,779322,TLS_ECDHE_ECDSA_WITH_CHACHA20_POLY1305_SHA256,client,connected,oVi3,controlling,connected,CF9E:0C:9B:A6:A2:03:F6:6B:6B:20:85:17:87:C0:65:8D:12:68:50:65:48:E3:42:50:C9:03:C1:01:4F:AB:8D:8C,139,1114,CF1E:DB:57:17:81:40:03:97:02:D8:DC:5B:BD:34:A6:22:AA:B8:53:AC:74:92:4B:6D:95:1D:D5:75:2C:00:40:5B,1,CP1ySjqEX0_TyXtRysx,AEAD_AES_256_GCM,FEFD
T01,1776276557925.846,transport,8349,779322,TLS_ECDHE_ECDSA_WITH_CHACHA20_POLY1305_SHA256,client,connected,oVi3,controlling,connected,CF9E:0C:9B:A6:A2:03:F6:6B:6B:20:85:17:87:C0:65:8D:12:68:50:65:48:E3:42:50:C9:03:C1:01:4F:AB:8D:8C,139,1114,CF1E:DB:57:17:81:40:03:97:02:D8:DC:5B:BD:34:A6:22:AA:B8:53:AC:74:92:4B:6D:95:1D:D5:75:2C:00:40:5B,1,CP1ySjqEX0_TyXtRysx,AEAD_AES_256_GCM,FEFD
T01,1776276558125.803,transport,8453,798898,TLS_ECDHE_ECDSA_WITH_CHACHA20_POLY1305_SHA256,client,connected,oVi3,controlling,connected,CF9E:0C:9B:A6:A2:03:F6:6B:6B:20:85:17:87:C0:65:8D:12:68:50:65:48:E3:42:50:C9:03:C1:01:4F:AB:8D:8C,141,1135,CF1E:DB:57:17:81:40:03:97:02:D8:DC:5B:BD:34:A6:22:AA:B8:53:AC:74:92:4B:6D:95:1D:D5:75:2C:00:40:5B,1,CP1ySjqEX0_TyXtRysx,AEAD_AES_256_GCM,FEFD
T01,1776276558125.803,transport,8453,798898,TLS_ECDHE_ECDSA_WITH_CHACHA20_POLY1305_SHA256,client,connected,oVi3,controlling,connected,CF9E:0C:9B:A6:A2:03:F6:6B:6B:20:85:17:87:C0:65:8D:12:68:50:65:48:E3:42:50:C9:03:C1:01:4F:AB:8D:8C,141,1135,CF1E:DB:57:17:81:40:03:97:02:D8:DC:5B:BD:34:A6:22:AA:B8:53:AC:74:92:4B:6D:95:1D:D5:75:2C:00:40:5B,1,CP1ySjqEX0_TyXtRysx,AEAD_AES_256_GCM,FEFD
T01,1776276558325.782,transport,8565,819484,TLS_ECDHE_ECDSA_WITH_CHACHA20_POLY1305_SHA256,client,connected,oVi3,controlling,connected,CF9E:0C:9B:A6:A2:03:F6:6B:6B:20:85:17:87:C0:65:8D:12:68:50:65:48:E3:42:50:C9:03:C1:01:4F:AB:8D:8C,143,1157,CF1E:DB:57:17:81:40:03:97:02:D8:DC:5B:BD:34:A6:22:AA:B8:53:AC:74:92:4B:6D:95:1D:D5:75:2C:00:40:5B,1,CP1ySjqEX0_TyXtRysx,AEAD_AES_256_GCM,FEFD
T01,1776276558325.782,transport,8565,819484,TLS_ECDHE_ECDSA_WITH_CHACHA20_POLY1305_SHA256,client,connected,oVi3,controlling,connected,CF9E:0C:9B:A6:A2:03:F6:6B:6B:20:85:17:87:C0:65:8D:12:68:50:65:48:E3:42:50:C9:03:C1:01:4F:AB:8D:8C,143,1157,CF1E:DB:57:17:81:40:03:97:02:D8:DC:5B:BD:34:A6:22:AA:B8:53:AC:74:92:4B:6D:95:1D:D5:75:2C:00:40:5B,1,CP1ySjqEX0_TyXtRysx,AEAD_AES_256_GCM,FEFD
T01,1776276558525.914,transport,8769,838309,TLS_ECDHE_ECDSA_WITH_CHACHA20_POLY1305_SHA256,client,connected,oVi3,controlling,connected,CF9E:0C:9B:A6:A2:03:F6:6B:6B:20:85:17:87:C0:65:8D:12:68:50:65:48:E3:42:50:C9:03:C1:01:4F:AB:8D:8C,146,1177,CF1E:DB:57:17:81:40:03:97:02:D8:DC:5B:BD:34:A6:22:AA:B8:53:AC:74:92:4B:6D:95:1D:D5:75:2C:00:40:5B,1,CP1ySjqEX0_TyXtRysx,AEAD_AES_256_GCM,FEFD
T01,1776276558525.914,transport,8769,838309,TLS_ECDHE_ECDSA_WITH_CHACHA20_POLY1305_SHA256,client,connected,oVi3,controlling,connected,CF9E:0C:9B:A6:A2:03:F6:6B:6B:20:85:17:87:C0:65:8D:12:68:50:65:48:E3:42:50:C9:03:C1:01:4F:AB:8D:8C,146,1177,CF1E:DB:57:17:81:40:03:97:02:D8:DC:5B:BD:34:A6:22:AA:B8:53:AC:74:92:4B:6D:95:1D:D5:75:2C:00:40:5B,1,CP1ySjqEX0_TyXtRysx,AEAD_AES_256_GCM,FEFD
T01,1776276558725.824,transport,8873,858579,TLS_ECDHE_ECDSA_WITH_CHACHA20_POLY1305_SHA256,client,connected,oVi3,controlling,connected,CF9E:0C:9B:A6:A2:03:F6:6B:6B:20:85:17:87:C0:65:8D:12:68:50:65:48:E3:42:50:C9:03:C1:01:4F:AB:8D:8C,148,1197,CF1E:DB:57:17:81:40:03:97:02:D8:DC:5B:BD:34:A6:22:AA:B8:53:AC:74:92:4B:6D:95:1D:D5:75:2C:00:40:5B,1,CP1ySjqEX0_TyXtRysx,AEAD_AES_256_GCM,FEFD
T01,1776276558725.824,transport,8873,858579,TLS_ECDHE_ECDSA_WITH_CHACHA20_POLY1305_SHA256,client,connected,oVi3,controlling,connected,CF9E:0C:9B:A6:A2:03:F6:6B:6B:20:85:17:87:C0:65:8D:12:68:50:65:48:E3:42:50:C9:03:C1:01:4F:AB:8D:8C,148,1197,CF1E:DB:57:17:81:40:03:97:02:D8:DC:5B:BD:34:A6:22:AA:B8:53:AC:74:92:4B:6D:95:1D:D5:75:2C:00:40:5B,1,CP1ySjqEX0_TyXtRysx,AEAD_AES_256_GCM,FEFD
T01,1776276558925.749,transport,8981,882007,TLS_ECDHE_ECDSA_WITH_CHACHA20_POLY1305_SHA256,client,connected,oVi3,controlling,connected,CF9E:0C:9B:A6:A2:03:F6:6B:6B:20:85:17:87:C0:65:8D:12:68:50:65:48:E3:42:50:C9:03:C1:01:4F:AB:8D:8C,150,1222,CF1E:DB:57:17:81:40:03:97:02:D8:DC:5B:BD:34:A6:22:AA:B8:53:AC:74:92:4B:6D:95:1D:D5:75:2C:00:40:5B,1,CP1ySjqEX0_TyXtRysx,AEAD_AES_256_GCM,FEFD
T01,1776276558925.749,transport,8981,882007,TLS_ECDHE_ECDSA_WITH_CHACHA20_POLY1305_SHA256,client,connected,oVi3,controlling,connected,CF9E:0C:9B:A6:A2:03:F6:6B:6B:20:85:17:87:C0:65:8D:12:68:50:65:48:E3:42:50:C9:03:C1:01:4F:AB:8D:8C,150,1222,CF1E:DB:57:17:81:40:03:97:02:D8:DC:5B:BD:34:A6:22:AA:B8:53:AC:74:92:4B:6D:95:1D:D5:75:2C:00:40:5B,1,CP1ySjqEX0_TyXtRysx,AEAD_AES_256_GCM,FEFD
T01,1776276559125.738,transport,9089,901687,TLS_ECDHE_ECDSA_WITH_CHACHA20_POLY1305_SHA256,client,connected,oVi3,controlling,connected,CF9E:0C:9B:A6:A2:03:F6:6B:6B:20:85:17:87:C0:65:8D:12:68:50:65:48:E3:42:50:C9:03:C1:01:4F:AB:8D:8C,152,1241,CF1E:DB:57:17:81:40:03:97:02:D8:DC:5B:BD:34:A6:22:AA:B8:53:AC:74:92:4B:6D:95:1D:D5:75:2C:00:40:5B,1,CP1ySjqEX0_TyXtRysx,AEAD_AES_256_GCM,FEFD
T01,1776276559125.738,transport,9089,901687,TLS_ECDHE_ECDSA_WITH_CHACHA20_POLY1305_SHA256,client,connected,oVi3,controlling,connected,CF9E:0C:9B:A6:A2:03:F6:6B:6B:20:85:17:87:C0:65:8D:12:68:50:65:48:E3:42:50:C9:03:C1:01:4F:AB:8D:8C,152,1241,CF1E:DB:57:17:81:40:03:97:02:D8:DC:5B:BD:34:A6:22:AA:B8:53:AC:74:92:4B:6D:95:1D:D5:75:2C:00:40:5B,1,CP1ySjqEX0_TyXtRysx,AEAD_AES_256_GCM,FEFD
T01,1776276559325.723,transport,9193,921395,TLS_ECDHE_ECDSA_WITH_CHACHA20_POLY1305_SHA256,client,connected,oVi3,controlling,connected,CF9E:0C:9B:A6:A2:03:F6:6B:6B:20:85:17:87:C0:65:8D:12:68:50:65:48:E3:42:50:C9:03:C1:01:4F:AB:8D:8C,154,1263,CF1E:DB:57:17:81:40:03:97:02:D8:DC:5B:BD:34:A6:22:AA:B8:53:AC:74:92:4B:6D:95:1D:D5:75:2C:00:40:5B,1,CP1ySjqEX0_TyXtRysx,AEAD_AES_256_GCM,FEFD
T01,1776276559325.723,transport,9193,921395,TLS_ECDHE_ECDSA_WITH_CHACHA20_POLY1305_SHA256,client,connected,oVi3,controlling,connected,CF9E:0C:9B:A6:A2:03:F6:6B:6B:20:85:17:87:C0:65:8D:12:68:50:65:48:E3:42:50:C9:03:C1:01:4F:AB:8D:8C,154,1263,CF1E:DB:57:17:81:40:03:97:02:D8:DC:5B:BD:34:A6:22:AA:B8:53:AC:74:92:4B:6D:95:1D:D5:75:2C:00:40:5B,1,CP1ySjqEX0_TyXtRysx,AEAD_AES_256_GCM,FEFD
T01,1776276559525.814,transport,9301,942553,TLS_ECDHE_ECDSA_WITH_CHACHA20_POLY1305_SHA256,client,connected,oVi3,controlling,connected,CF9E:0C:9B:A6:A2:03:F6:6B:6B:20:85:17:87:C0:65:8D:12:68:50:65:48:E3:42:50:C9:03:C1:01:4F:AB:8D:8C,156,1285,CF1E:DB:57:17:81:40:03:97:02:D8:DC:5B:BD:34:A6:22:AA:B8:53:AC:74:92:4B:6D:95:1D:D5:75:2C:00:40:5B,1,CP1ySjqEX0_TyXtRysx,AEAD_AES_256_GCM,FEFD
T01,1776276559525.814,transport,9301,942553,TLS_ECDHE_ECDSA_WITH_CHACHA20_POLY1305_SHA256,client,connected,oVi3,controlling,connected,CF9E:0C:9B:A6:A2:03:F6:6B:6B:20:85:17:87:C0:65:8D:12:68:50:65:48:E3:42:50:C9:03:C1:01:4F:AB:8D:8C,156,1285,CF1E:DB:57:17:81:40:03:97:02:D8:DC:5B:BD:34:A6:22:AA:B8:53:AC:74:92:4B:6D:95:1D:D5:75:2C:00:40:5B,1,CP1ySjqEX0_TyXtRysx,AEAD_AES_256_GCM,FEFD
T01,1776276559725.681,transport,9413,966602,TLS_ECDHE_ECDSA_WITH_CHACHA20_POLY1305_SHA256,client,connected,oVi3,controlling,connected,CF9E:0C:9B:A6:A2:03:F6:6B:6B:20:85:17:87:C0:65:8D:12:68:50:65:48:E3:42:50:C9:03:C1:01:4F:AB:8D:8C,158,1312,CF1E:DB:57:17:81:40:03:97:02:D8:DC:5B:BD:34:A6:22:AA:B8:53:AC:74:92:4B:6D:95:1D:D5:75:2C:00:40:5B,1,CP1ySjqEX0_TyXtRysx,AEAD_AES_256_GCM,FEFD
T01,1776276559725.681,transport,9413,966602,TLS_ECDHE_ECDSA_WITH_CHACHA20_POLY1305_SHA256,client,connected,oVi3,controlling,connected,CF9E:0C:9B:A6:A2:03:F6:6B:6B:20:85:17:87:C0:65:8D:12:68:50:65:48:E3:42:50:C9:03:C1:01:4F:AB:8D:8C,158,1312,CF1E:DB:57:17:81:40:03:97:02:D8:DC:5B:BD:34:A6:22:AA:B8:53:AC:74:92:4B:6D:95:1D:D5:75:2C:00:40:5B,1,CP1ySjqEX0_TyXtRysx,AEAD_AES_256_GCM,FEFD
T01,1776276559925.807,transport,9521,987926,TLS_ECDHE_ECDSA_WITH_CHACHA20_POLY1305_SHA256,client,connected,oVi3,controlling,connected,CF9E:0C:9B:A6:A2:03:F6:6B:6B:20:85:17:87:C0:65:8D:12:68:50:65:48:E3:42:50:C9:03:C1:01:4F:AB:8D:8C,160,1334,CF1E:DB:57:17:81:40:03:97:02:D8:DC:5B:BD:34:A6:22:AA:B8:53:AC:74:92:4B:6D:95:1D:D5:75:2C:00:40:5B,1,CP1ySjqEX0_TyXtRysx,AEAD_AES_256_GCM,FEFD
T01,1776276559925.807,transport,9521,987926,TLS_ECDHE_ECDSA_WITH_CHACHA20_POLY1305_SHA256,client,connected,oVi3,controlling,connected,CF9E:0C:9B:A6:A2:03:F6:6B:6B:20:85:17:87:C0:65:8D:12:68:50:65:48:E3:42:50:C9:03:C1:01:4F:AB:8D:8C,160,1334,CF1E:DB:57:17:81:40:03:97:02:D8:DC:5B:BD:34:A6:22:AA:B8:53:AC:74:92:4B:6D:95:1D:D5:75:2C:00:40:5B,1,CP1ySjqEX0_TyXtRysx,AEAD_AES_256_GCM,FEFD
T01,1776276560125.765,transport,9729,1010253,TLS_ECDHE_ECDSA_WITH_CHACHA20_POLY1305_SHA256,client,connected,oVi3,controlling,connected,CF9E:0C:9B:A6:A2:03:F6:6B:6B:20:85:17:87:C0:65:8D:12:68:50:65:48:E3:42:50:C9:03:C1:01:4F:AB:8D:8C,163,1358,CF1E:DB:57:17:81:40:03:97:02:D8:DC:5B:BD:34:A6:22:AA:B8:53:AC:74:92:4B:6D:95:1D:D5:75:2C:00:40:5B,1,CP1ySjqEX0_TyXtRysx,AEAD_AES_256_GCM,FEFD
T01,1776276560125.765,transport,9729,1010253,TLS_ECDHE_ECDSA_WITH_CHACHA20_POLY1305_SHA256,client,connected,oVi3,controlling,connected,CF9E:0C:9B:A6:A2:03:F6:6B:6B:20:85:17:87:C0:65:8D:12:68:50:65:48:E3:42:50:C9:03:C1:01:4F:AB:8D:8C,163,1358,CF1E:DB:57:17:81:40:03:97:02:D8:DC:5B:BD:34:A6:22:AA:B8:53:AC:74:92:4B:6D:95:1D:D5:75:2C:00:40:5B,1,CP1ySjqEX0_TyXtRysx,AEAD_AES_256_GCM,FEFD
T01,1776276560325.773,transport,9841,1032617,TLS_ECDHE_ECDSA_WITH_CHACHA20_POLY1305_SHA256,client,connected,oVi3,controlling,connected,CF9E:0C:9B:A6:A2:03:F6:6B:6B:20:85:17:87:C0:65:8D:12:68:50:65:48:E3:42:50:C9:03:C1:01:4F:AB:8D:8C,165,1383,CF1E:DB:57:17:81:40:03:97:02:D8:DC:5B:BD:34:A6:22:AA:B8:53:AC:74:92:4B:6D:95:1D:D5:75:2C:00:40:5B,1,CP1ySjqEX0_TyXtRysx,AEAD_AES_256_GCM,FEFD
T01,1776276560325.773,transport,9841,1032617,TLS_ECDHE_ECDSA_WITH_CHACHA20_POLY1305_SHA256,client,connected,oVi3,controlling,connected,CF9E:0C:9B:A6:A2:03:F6:6B:6B:20:85:17:87:C0:65:8D:12:68:50:65:48:E3:42:50:C9:03:C1:01:4F:AB:8D:8C,165,1383,CF1E:DB:57:17:81:40:03:97:02:D8:DC:5B:BD:34:A6:22:AA:B8:53:AC:74:92:4B:6D:95:1D:D5:75:2C:00:40:5B,1,CP1ySjqEX0_TyXtRysx,AEAD_AES_256_GCM,FEFD
T01,1776276560525.725,transport,9949,1059501,TLS_ECDHE_ECDSA_WITH_CHACHA20_POLY1305_SHA256,client,connected,oVi3,controlling,connected,CF9E:0C:9B:A6:A2:03:F6:6B:6B:20:85:17:87:C0:65:8D:12:68:50:65:48:E3:42:50:C9:03:C1:01:4F:AB:8D:8C,167,1409,CF1E:DB:57:17:81:40:03:97:02:D8:DC:5B:BD:34:A6:22:AA:B8:53:AC:74:92:4B:6D:95:1D:D5:75:2C:00:40:5B,1,CP1ySjqEX0_TyXtRysx,AEAD_AES_256_GCM,FEFD
T01,1776276560525.725,transport,9949,1059501,TLS_ECDHE_ECDSA_WITH_CHACHA20_POLY1305_SHA256,client,connected,oVi3,controlling,connected,CF9E:0C:9B:A6:A2:03:F6:6B:6B:20:85:17:87:C0:65:8D:12:68:50:65:48:E3:42:50:C9:03:C1:01:4F:AB:8D:8C,167,1409,CF1E:DB:57:17:81:40:03:97:02:D8:DC:5B:BD:34:A6:22:AA:B8:53:AC:74:92:4B:6D:95:1D:D5:75:2C:00:40:5B,1,CP1ySjqEX0_TyXtRysx,AEAD_AES_256_GCM,FEFD
T01,1776276560725.895,transport,10065,1079482,TLS_ECDHE_ECDSA_WITH_CHACHA20_POLY1305_SHA256,client,connected,oVi3,controlling,connected,CF9E:0C:9B:A6:A2:03:F6:6B:6B:20:85:17:87:C0:65:8D:12:68:50:65:48:E3:42:50:C9:03:C1:01:4F:AB:8D:8C,169,1432,CF1E:DB:57:17:81:40:03:97:02:D8:DC:5B:BD:34:A6:22:AA:B8:53:AC:74:92:4B:6D:95:1D:D5:75:2C:00:40:5B,1,CP1ySjqEX0_TyXtRysx,AEAD_AES_256_GCM,FEFD
T01,1776276560725.895,transport,10065,1079482,TLS_ECDHE_ECDSA_WITH_CHACHA20_POLY1305_SHA256,client,connected,oVi3,controlling,connected,CF9E:0C:9B:A6:A2:03:F6:6B:6B:20:85:17:87:C0:65:8D:12:68:50:65:48:E3:42:50:C9:03:C1:01:4F:AB:8D:8C,169,1432,CF1E:DB:57:17:81:40:03:97:02:D8:DC:5B:BD:34:A6:22:AA:B8:53:AC:74:92:4B:6D:95:1D:D5:75:2C:00:40:5B,1,CP1ySjqEX0_TyXtRysx,AEAD_AES_256_GCM,FEFD
T01,1776276560925.916,transport,10177,1106024,TLS_ECDHE_ECDSA_WITH_CHACHA20_POLY1305_SHA256,client,connected,oVi3,controlling,connected,CF9E:0C:9B:A6:A2:03:F6:6B:6B:20:85:17:87:C0:65:8D:12:68:50:65:48:E3:42:50:C9:03:C1:01:4F:AB:8D:8C,171,1459,CF1E:DB:57:17:81:40:03:97:02:D8:DC:5B:BD:34:A6:22:AA:B8:53:AC:74:92:4B:6D:95:1D:D5:75:2C:00:40:5B,1,CP1ySjqEX0_TyXtRysx,AEAD_AES_256_GCM,FEFD
T01,1776276560925.916,transport,10177,1106024,TLS_ECDHE_ECDSA_WITH_CHACHA20_POLY1305_SHA256,client,connected,oVi3,controlling,connected,CF9E:0C:9B:A6:A2:03:F6:6B:6B:20:85:17:87:C0:65:8D:12:68:50:65:48:E3:42:50:C9:03:C1:01:4F:AB:8D:8C,171,1459,CF1E:DB:57:17:81:40:03:97:02:D8:DC:5B:BD:34:A6:22:AA:B8:53:AC:74:92:4B:6D:95:1D:D5:75:2C:00:40:5B,1,CP1ySjqEX0_TyXtRysx,AEAD_AES_256_GCM,FEFD
T01,1776276561125.756,transport,10289,1129974,TLS_ECDHE_ECDSA_WITH_CHACHA20_POLY1305_SHA256,client,connected,oVi3,controlling,connected,CF9E:0C:9B:A6:A2:03:F6:6B:6B:20:85:17:87:C0:65:8D:12:68:50:65:48:E3:42:50:C9:03:C1:01:4F:AB:8D:8C,173,1485,CF1E:DB:57:17:81:40:03:97:02:D8:DC:5B:BD:34:A6:22:AA:B8:53:AC:74:92:4B:6D:95:1D:D5:75:2C:00:40:5B,1,CP1ySjqEX0_TyXtRysx,AEAD_AES_256_GCM,FEFD
T01,1776276561125.756,transport,10289,1129974,TLS_ECDHE_ECDSA_WITH_CHACHA20_POLY1305_SHA256,client,connected,oVi3,controlling,connected,CF9E:0C:9B:A6:A2:03:F6:6B:6B:20:85:17:87:C0:65:8D:12:68:50:65:48:E3:42:50:C9:03:C1:01:4F:AB:8D:8C,173,1485,CF1E:DB:57:17:81:40:03:97:02:D8:DC:5B:BD:34:A6:22:AA:B8:53:AC:74:92:4B:6D:95:1D:D5:75:2C:00:40:5B,1,CP1ySjqEX0_TyXtRysx,AEAD_AES_256_GCM,FEFD
T01,1776276561325.706,transport,10497,1155360,TLS_ECDHE_ECDSA_WITH_CHACHA20_POLY1305_SHA256,client,connected,oVi3,controlling,connected,CF9E:0C:9B:A6:A2:03:F6:6B:6B:20:85:17:87:C0:65:8D:12:68:50:65:48:E3:42:50:C9:03:C1:01:4F:AB:8D:8C,176,1511,CF1E:DB:57:17:81:40:03:97:02:D8:DC:5B:BD:34:A6:22:AA:B8:53:AC:74:92:4B:6D:95:1D:D5:75:2C:00:40:5B,1,CP1ySjqEX0_TyXtRysx,AEAD_AES_256_GCM,FEFD
T01,1776276561325.706,transport,10497,1155360,TLS_ECDHE_ECDSA_WITH_CHACHA20_POLY1305_SHA256,client,connected,oVi3,controlling,connected,CF9E:0C:9B:A6:A2:03:F6:6B:6B:20:85:17:87:C0:65:8D:12:68:50:65:48:E3:42:50:C9:03:C1:01:4F:AB:8D:8C,176,1511,CF1E:DB:57:17:81:40:03:97:02:D8:DC:5B:BD:34:A6:22:AA:B8:53:AC:74:92:4B:6D:95:1D:D5:75:2C:00:40:5B,1,CP1ySjqEX0_TyXtRysx,AEAD_AES_256_GCM,FEFD
T01,1776276561525.828,transport,10605,1178401,TLS_ECDHE_ECDSA_WITH_CHACHA20_POLY1305_SHA256,client,connected,oVi3,controlling,connected,CF9E:0C:9B:A6:A2:03:F6:6B:6B:20:85:17:87:C0:65:8D:12:68:50:65:48:E3:42:50:C9:03:C1:01:4F:AB:8D:8C,178,1537,CF1E:DB:57:17:81:40:03:97:02:D8:DC:5B:BD:34:A6:22:AA:B8:53:AC:74:92:4B:6D:95:1D:D5:75:2C:00:40:5B,1,CP1ySjqEX0_TyXtRysx,AEAD_AES_256_GCM,FEFD
T01,1776276561525.828,transport,10605,1178401,TLS_ECDHE_ECDSA_WITH_CHACHA20_POLY1305_SHA256,client,connected,oVi3,controlling,connected,CF9E:0C:9B:A6:A2:03:F6:6B:6B:20:85:17:87:C0:65:8D:12:68:50:65:48:E3:42:50:C9:03:C1:01:4F:AB:8D:8C,178,1537,CF1E:DB:57:17:81:40:03:97:02:D8:DC:5B:BD:34:A6:22:AA:B8:53:AC:74:92:4B:6D:95:1D:D5:75:2C:00:40:5B,1,CP1ySjqEX0_TyXtRysx,AEAD_AES_256_GCM,FEFD
T01,1776276561725.696,transport,10725,1207369,TLS_ECDHE_ECDSA_WITH_CHACHA20_POLY1305_SHA256,client,connected,oVi3,controlling,connected,CF9E:0C:9B:A6:A2:03:F6:6B:6B:20:85:17:87:C0:65:8D:12:68:50:65:48:E3:42:50:C9:03:C1:01:4F:AB:8D:8C,180,1566,CF1E:DB:57:17:81:40:03:97:02:D8:DC:5B:BD:34:A6:22:AA:B8:53:AC:74:92:4B:6D:95:1D:D5:75:2C:00:40:5B,1,CP1ySjqEX0_TyXtRysx,AEAD_AES_256_GCM,FEFD
T01,1776276561725.696,transport,10725,1207369,TLS_ECDHE_ECDSA_WITH_CHACHA20_POLY1305_SHA256,client,connected,oVi3,controlling,connected,CF9E:0C:9B:A6:A2:03:F6:6B:6B:20:85:17:87:C0:65:8D:12:68:50:65:48:E3:42:50:C9:03:C1:01:4F:AB:8D:8C,180,1566,CF1E:DB:57:17:81:40:03:97:02:D8:DC:5B:BD:34:A6:22:AA:B8:53:AC:74:92:4B:6D:95:1D:D5:75:2C:00:40:5B,1,CP1ySjqEX0_TyXtRysx,AEAD_AES_256_GCM,FEFD
T01,1776276561925.869,transport,10833,1229766,TLS_ECDHE_ECDSA_WITH_CHACHA20_POLY1305_SHA256,client,connected,oVi3,controlling,connected,CF9E:0C:9B:A6:A2:03:F6:6B:6B:20:85:17:87:C0:65:8D:12:68:50:65:48:E3:42:50:C9:03:C1:01:4F:AB:8D:8C,182,1590,CF1E:DB:57:17:81:40:03:97:02:D8:DC:5B:BD:34:A6:22:AA:B8:53:AC:74:92:4B:6D:95:1D:D5:75:2C:00:40:5B,1,CP1ySjqEX0_TyXtRysx,AEAD_AES_256_GCM,FEFD
T01,1776276561925.869,transport,10833,1229766,TLS_ECDHE_ECDSA_WITH_CHACHA20_POLY1305_SHA256,client,connected,oVi3,controlling,connected,CF9E:0C:9B:A6:A2:03:F6:6B:6B:20:85:17:87:C0:65:8D:12:68:50:65:48:E3:42:50:C9:03:C1:01:4F:AB:8D:8C,182,1590,CF1E:DB:57:17:81:40:03:97:02:D8:DC:5B:BD:34:A6:22:AA:B8:53:AC:74:92:4B:6D:95:1D:D5:75:2C:00:40:5B,1,CP1ySjqEX0_TyXtRysx,AEAD_AES_256_GCM,FEFD
T01,1776276562125.716,transport,10949,1258849,TLS_ECDHE_ECDSA_WITH_CHACHA20_POLY1305_SHA256,client,connected,oVi3,controlling,connected,CF9E:0C:9B:A6:A2:03:F6:6B:6B:20:85:17:87:C0:65:8D:12:68:50:65:48:E3:42:50:C9:03:C1:01:4F:AB:8D:8C,184,1619,CF1E:DB:57:17:81:40:03:97:02:D8:DC:5B:BD:34:A6:22:AA:B8:53:AC:74:92:4B:6D:95:1D:D5:75:2C:00:40:5B,1,CP1ySjqEX0_TyXtRysx,AEAD_AES_256_GCM,FEFD
T01,1776276562125.716,transport,10949,1258849,TLS_ECDHE_ECDSA_WITH_CHACHA20_POLY1305_SHA256,client,connected,oVi3,controlling,connected,CF9E:0C:9B:A6:A2:03:F6:6B:6B:20:85:17:87:C0:65:8D:12:68:50:65:48:E3:42:50:C9:03:C1:01:4F:AB:8D:8C,184,1619,CF1E:DB:57:17:81:40:03:97:02:D8:DC:5B:BD:34:A6:22:AA:B8:53:AC:74:92:4B:6D:95:1D:D5:75:2C:00:40:5B,1,CP1ySjqEX0_TyXtRysx,AEAD_AES_256_GCM,FEFD
T01,1776276562325.808,transport,11061,1282791,TLS_ECDHE_ECDSA_WITH_CHACHA20_POLY1305_SHA256,client,connected,oVi3,controlling,connected,CF9E:0C:9B:A6:A2:03:F6:6B:6B:20:85:17:87:C0:65:8D:12:68:50:65:48:E3:42:50:C9:03:C1:01:4F:AB:8D:8C,186,1644,CF1E:DB:57:17:81:40:03:97:02:D8:DC:5B:BD:34:A6:22:AA:B8:53:AC:74:92:4B:6D:95:1D:D5:75:2C:00:40:5B,1,CP1ySjqEX0_TyXtRysx,AEAD_AES_256_GCM,FEFD
T01,1776276562325.808,transport,11061,1282791,TLS_ECDHE_ECDSA_WITH_CHACHA20_POLY1305_SHA256,client,connected,oVi3,controlling,connected,CF9E:0C:9B:A6:A2:03:F6:6B:6B:20:85:17:87:C0:65:8D:12:68:50:65:48:E3:42:50:C9:03:C1:01:4F:AB:8D:8C,186,1644,CF1E:DB:57:17:81:40:03:97:02:D8:DC:5B:BD:34:A6:22:AA:B8:53:AC:74:92:4B:6D:95:1D:D5:75:2C:00:40:5B,1,CP1ySjqEX0_TyXtRysx,AEAD_AES_256_GCM,FEFD
T01,1776276562525.7,transport,11173,1313765,TLS_ECDHE_ECDSA_WITH_CHACHA20_POLY1305_SHA256,client,connected,oVi3,controlling,connected,CF9E:0C:9B:A6:A2:03:F6:6B:6B:20:85:17:87:C0:65:8D:12:68:50:65:48:E3:42:50:C9:03:C1:01:4F:AB:8D:8C,188,1673,CF1E:DB:57:17:81:40:03:97:02:D8:DC:5B:BD:34:A6:22:AA:B8:53:AC:74:92:4B:6D:95:1D:D5:75:2C:00:40:5B,1,CP1ySjqEX0_TyXtRysx,AEAD_AES_256_GCM,FEFD
T01,1776276562525.7,transport,11173,1313765,TLS_ECDHE_ECDSA_WITH_CHACHA20_POLY1305_SHA256,client,connected,oVi3,controlling,connected,CF9E:0C:9B:A6:A2:03:F6:6B:6B:20:85:17:87:C0:65:8D:12:68:50:65:48:E3:42:50:C9:03:C1:01:4F:AB:8D:8C,188,1673,CF1E:DB:57:17:81:40:03:97:02:D8:DC:5B:BD:34:A6:22:AA:B8:53:AC:74:92:4B:6D:95:1D:D5:75:2C:00:40:5B,1,CP1ySjqEX0_TyXtRysx,AEAD_AES_256_GCM,FEFD
T01,1776276562725.716,transport,11385,1337698,TLS_ECDHE_ECDSA_WITH_CHACHA20_POLY1305_SHA256,client,connected,oVi3,controlling,connected,CF9E:0C:9B:A6:A2:03:F6:6B:6B:20:85:17:87:C0:65:8D:12:68:50:65:48:E3:42:50:C9:03:C1:01:4F:AB:8D:8C,191,1700,CF1E:DB:57:17:81:40:03:97:02:D8:DC:5B:BD:34:A6:22:AA:B8:53:AC:74:92:4B:6D:95:1D:D5:75:2C:00:40:5B,1,CP1ySjqEX0_TyXtRysx,AEAD_AES_256_GCM,FEFD
T01,1776276562725.716,transport,11385,1337698,TLS_ECDHE_ECDSA_WITH_CHACHA20_POLY1305_SHA256,client,connected,oVi3,controlling,connected,CF9E:0C:9B:A6:A2:03:F6:6B:6B:20:85:17:87:C0:65:8D:12:68:50:65:48:E3:42:50:C9:03:C1:01:4F:AB:8D:8C,191,1700,CF1E:DB:57:17:81:40:03:97:02:D8:DC:5B:BD:34:A6:22:AA:B8:53:AC:74:92:4B:6D:95:1D:D5:75:2C:00:40:5B,1,CP1ySjqEX0_TyXtRysx,AEAD_AES_256_GCM,FEFD
T01,1776276562925.745,transport,11501,1367429,TLS_ECDHE_ECDSA_WITH_CHACHA20_POLY1305_SHA256,client,connected,oVi3,controlling,connected,CF9E:0C:9B:A6:A2:03:F6:6B:6B:20:85:17:87:C0:65:8D:12:68:50:65:48:E3:42:50:C9:03:C1:01:4F:AB:8D:8C,193,1730,CF1E:DB:57:17:81:40:03:97:02:D8:DC:5B:BD:34:A6:22:AA:B8:53:AC:74:92:4B:6D:95:1D:D5:75:2C:00:40:5B,1,CP1ySjqEX0_TyXtRysx,AEAD_AES_256_GCM,FEFD
T01,1776276562925.745,transport,11501,1367429,TLS_ECDHE_ECDSA_WITH_CHACHA20_POLY1305_SHA256,client,connected,oVi3,controlling,connected,CF9E:0C:9B:A6:A2:03:F6:6B:6B:20:85:17:87:C0:65:8D:12:68:50:65:48:E3:42:50:C9:03:C1:01:4F:AB:8D:8C,193,1730,CF1E:DB:57:17:81:40:03:97:02:D8:DC:5B:BD:34:A6:22:AA:B8:53:AC:74:92:4B:6D:95:1D:D5:75:2C:00:40:5B,1,CP1ySjqEX0_TyXtRysx,AEAD_AES_256_GCM,FEFD
T01,1776276563125.674,transport,11617,1393879,TLS_ECDHE_ECDSA_WITH_CHACHA20_POLY1305_SHA256,client,connected,oVi3,controlling,connected,CF9E:0C:9B:A6:A2:03:F6:6B:6B:20:85:17:87:C0:65:8D:12:68:50:65:48:E3:42:50:C9:03:C1:01:4F:AB:8D:8C,195,1757,CF1E:DB:57:17:81:40:03:97:02:D8:DC:5B:BD:34:A6:22:AA:B8:53:AC:74:92:4B:6D:95:1D:D5:75:2C:00:40:5B,1,CP1ySjqEX0_TyXtRysx,AEAD_AES_256_GCM,FEFD
T01,1776276563125.674,transport,11617,1393879,TLS_ECDHE_ECDSA_WITH_CHACHA20_POLY1305_SHA256,client,connected,oVi3,controlling,connected,CF9E:0C:9B:A6:A2:03:F6:6B:6B:20:85:17:87:C0:65:8D:12:68:50:65:48:E3:42:50:C9:03:C1:01:4F:AB:8D:8C,195,1757,CF1E:DB:57:17:81:40:03:97:02:D8:DC:5B:BD:34:A6:22:AA:B8:53:AC:74:92:4B:6D:95:1D:D5:75:2C:00:40:5B,1,CP1ySjqEX0_TyXtRysx,AEAD_AES_256_GCM,FEFD
T01,1776276563325.679,transport,11737,1426331,TLS_ECDHE_ECDSA_WITH_CHACHA20_POLY1305_SHA256,client,connected,oVi3,controlling,connected,CF9E:0C:9B:A6:A2:03:F6:6B:6B:20:85:17:87:C0:65:8D:12:68:50:65:48:E3:42:50:C9:03:C1:01:4F:AB:8D:8C,197,1788,CF1E:DB:57:17:81:40:03:97:02:D8:DC:5B:BD:34:A6:22:AA:B8:53:AC:74:92:4B:6D:95:1D:D5:75:2C:00:40:5B,1,CP1ySjqEX0_TyXtRysx,AEAD_AES_256_GCM,FEFD
T01,1776276563325.679,transport,11737,1426331,TLS_ECDHE_ECDSA_WITH_CHACHA20_POLY1305_SHA256,client,connected,oVi3,controlling,connected,CF9E:0C:9B:A6:A2:03:F6:6B:6B:20:85:17:87:C0:65:8D:12:68:50:65:48:E3:42:50:C9:03:C1:01:4F:AB:8D:8C,197,1788,CF1E:DB:57:17:81:40:03:97:02:D8:DC:5B:BD:34:A6:22:AA:B8:53:AC:74:92:4B:6D:95:1D:D5:75:2C:00:40:5B,1,CP1ySjqEX0_TyXtRysx,AEAD_AES_256_GCM,FEFD
T01,1776276563525.922,transport,11849,1461155,TLS_ECDHE_ECDSA_WITH_CHACHA20_POLY1305_SHA256,client,connected,oVi3,controlling,connected,CF9E:0C:9B:A6:A2:03:F6:6B:6B:20:85:17:87:C0:65:8D:12:68:50:65:48:E3:42:50:C9:03:C1:01:4F:AB:8D:8C,199,1819,CF1E:DB:57:17:81:40:03:97:02:D8:DC:5B:BD:34:A6:22:AA:B8:53:AC:74:92:4B:6D:95:1D:D5:75:2C:00:40:5B,1,CP1ySjqEX0_TyXtRysx,AEAD_AES_256_GCM,FEFD
T01,1776276563525.922,transport,11849,1461155,TLS_ECDHE_ECDSA_WITH_CHACHA20_POLY1305_SHA256,client,connected,oVi3,controlling,connected,CF9E:0C:9B:A6:A2:03:F6:6B:6B:20:85:17:87:C0:65:8D:12:68:50:65:48:E3:42:50:C9:03:C1:01:4F:AB:8D:8C,199,1819,CF1E:DB:57:17:81:40:03:97:02:D8:DC:5B:BD:34:A6:22:AA:B8:53:AC:74:92:4B:6D:95:1D:D5:75:2C:00:40:5B,1,CP1ySjqEX0_TyXtRysx,AEAD_AES_256_GCM,FEFD
T01,1776276563725.832,transport,12053,1481965,TLS_ECDHE_ECDSA_WITH_CHACHA20_POLY1305_SHA256,client,connected,oVi3,controlling,connected,CF9E:0C:9B:A6:A2:03:F6:6B:6B:20:85:17:87:C0:65:8D:12:68:50:65:48:E3:42:50:C9:03:C1:01:4F:AB:8D:8C,202,1837,CF1E:DB:57:17:81:40:03:97:02:D8:DC:5B:BD:34:A6:22:AA:B8:53:AC:74:92:4B:6D:95:1D:D5:75:2C:00:40:5B,1,CP1ySjqEX0_TyXtRysx,AEAD_AES_256_GCM,FEFD
T01,1776276563725.832,transport,12053,1481965,TLS_ECDHE_ECDSA_WITH_CHACHA20_POLY1305_SHA256,client,connected,oVi3,controlling,connected,CF9E:0C:9B:A6:A2:03:F6:6B:6B:20:85:17:87:C0:65:8D:12:68:50:65:48:E3:42:50:C9:03:C1:01:4F:AB:8D:8C,202,1837,CF1E:DB:57:17:81:40:03:97:02:D8:DC:5B:BD:34:A6:22:AA:B8:53:AC:74:92:4B:6D:95:1D:D5:75:2C:00:40:5B,1,CP1ySjqEX0_TyXtRysx,AEAD_AES_256_GCM,FEFD
T01,1776276563925.868,transport,12165,1512548,TLS_ECDHE_ECDSA_WITH_CHACHA20_POLY1305_SHA256,client,connected,oVi3,controlling,connected,CF9E:0C:9B:A6:A2:03:F6:6B:6B:20:85:17:87:C0:65:8D:12:68:50:65:48:E3:42:50:C9:03:C1:01:4F:AB:8D:8C,204,1865,CF1E:DB:57:17:81:40:03:97:02:D8:DC:5B:BD:34:A6:22:AA:B8:53:AC:74:92:4B:6D:95:1D:D5:75:2C:00:40:5B,1,CP1ySjqEX0_TyXtRysx,AEAD_AES_256_GCM,FEFD
T01,1776276563925.868,transport,12165,1512548,TLS_ECDHE_ECDSA_WITH_CHACHA20_POLY1305_SHA256,client,connected,oVi3,controlling,connected,CF9E:0C:9B:A6:A2:03:F6:6B:6B:20:85:17:87:C0:65:8D:12:68:50:65:48:E3:42:50:C9:03:C1:01:4F:AB:8D:8C,204,1865,CF1E:DB:57:17:81:40:03:97:02:D8:DC:5B:BD:34:A6:22:AA:B8:53:AC:74:92:4B:6D:95:1D:D5:75:2C:00:40:5B,1,CP1ySjqEX0_TyXtRysx,AEAD_AES_256_GCM,FEFD
T01,1776276564125.853,transport,12277,1543107,TLS_ECDHE_ECDSA_WITH_CHACHA20_POLY1305_SHA256,client,connected,oVi3,controlling,connected,CF9E:0C:9B:A6:A2:03:F6:6B:6B:20:85:17:87:C0:65:8D:12:68:50:65:48:E3:42:50:C9:03:C1:01:4F:AB:8D:8C,206,1893,CF1E:DB:57:17:81:40:03:97:02:D8:DC:5B:BD:34:A6:22:AA:B8:53:AC:74:92:4B:6D:95:1D:D5:75:2C:00:40:5B,1,CP1ySjqEX0_TyXtRysx,AEAD_AES_256_GCM,FEFD
T01,1776276564125.853,transport,12277,1543107,TLS_ECDHE_ECDSA_WITH_CHACHA20_POLY1305_SHA256,client,connected,oVi3,controlling,connected,CF9E:0C:9B:A6:A2:03:F6:6B:6B:20:85:17:87:C0:65:8D:12:68:50:65:48:E3:42:50:C9:03:C1:01:4F:AB:8D:8C,206,1893,CF1E:DB:57:17:81:40:03:97:02:D8:DC:5B:BD:34:A6:22:AA:B8:53:AC:74:92:4B:6D:95:1D:D5:75:2C:00:40:5B,1,CP1ySjqEX0_TyXtRysx,AEAD_AES_256_GCM,FEFD
T01,1776276564325.829,transport,12393,1574719,TLS_ECDHE_ECDSA_WITH_CHACHA20_POLY1305_SHA256,client,connected,oVi3,controlling,connected,CF9E:0C:9B:A6:A2:03:F6:6B:6B:20:85:17:87:C0:65:8D:12:68:50:65:48:E3:42:50:C9:03:C1:01:4F:AB:8D:8C,208,1921,CF1E:DB:57:17:81:40:03:97:02:D8:DC:5B:BD:34:A6:22:AA:B8:53:AC:74:92:4B:6D:95:1D:D5:75:2C:00:40:5B,1,CP1ySjqEX0_TyXtRysx,AEAD_AES_256_GCM,FEFD
T01,1776276564325.829,transport,12393,1574719,TLS_ECDHE_ECDSA_WITH_CHACHA20_POLY1305_SHA256,client,connected,oVi3,controlling,connected,CF9E:0C:9B:A6:A2:03:F6:6B:6B:20:85:17:87:C0:65:8D:12:68:50:65:48:E3:42:50:C9:03:C1:01:4F:AB:8D:8C,208,1921,CF1E:DB:57:17:81:40:03:97:02:D8:DC:5B:BD:34:A6:22:AA:B8:53:AC:74:92:4B:6D:95:1D:D5:75:2C:00:40:5B,1,CP1ySjqEX0_TyXtRysx,AEAD_AES_256_GCM,FEFD
T01,1776276564525.95,transport,12505,1606407,TLS_ECDHE_ECDSA_WITH_CHACHA20_POLY1305_SHA256,client,connected,oVi3,controlling,connected,CF9E:0C:9B:A6:A2:03:F6:6B:6B:20:85:17:87:C0:65:8D:12:68:50:65:48:E3:42:50:C9:03:C1:01:4F:AB:8D:8C,210,1950,CF1E:DB:57:17:81:40:03:97:02:D8:DC:5B:BD:34:A6:22:AA:B8:53:AC:74:92:4B:6D:95:1D:D5:75:2C:00:40:5B,1,CP1ySjqEX0_TyXtRysx,AEAD_AES_256_GCM,FEFD
T01,1776276564525.95,transport,12505,1606407,TLS_ECDHE_ECDSA_WITH_CHACHA20_POLY1305_SHA256,client,connected,oVi3,controlling,connected,CF9E:0C:9B:A6:A2:03:F6:6B:6B:20:85:17:87:C0:65:8D:12:68:50:65:48:E3:42:50:C9:03:C1:01:4F:AB:8D:8C,210,1950,CF1E:DB:57:17:81:40:03:97:02:D8:DC:5B:BD:34:A6:22:AA:B8:53:AC:74:92:4B:6D:95:1D:D5:75:2C:00:40:5B,1,CP1ySjqEX0_TyXtRysx,AEAD_AES_256_GCM,FEFD
T01,1776276564725.898,transport,12561,1639224,TLS_ECDHE_ECDSA_WITH_CHACHA20_POLY1305_SHA256,client,connected,oVi3,controlling,connected,CF9E:0C:9B:A6:A2:03:F6:6B:6B:20:85:17:87:C0:65:8D:12:68:50:65:48:E3:42:50:C9:03:C1:01:4F:AB:8D:8C,211,1980,CF1E:DB:57:17:81:40:03:97:02:D8:DC:5B:BD:34:A6:22:AA:B8:53:AC:74:92:4B:6D:95:1D:D5:75:2C:00:40:5B,1,CP1ySjqEX0_TyXtRysx,AEAD_AES_256_GCM,FEFD
T01,1776276564725.898,transport,12561,1639224,TLS_ECDHE_ECDSA_WITH_CHACHA20_POLY1305_SHA256,client,connected,oVi3,controlling,connected,CF9E:0C:9B:A6:A2:03:F6:6B:6B:20:85:17:87:C0:65:8D:12:68:50:65:48:E3:42:50:C9:03:C1:01:4F:AB:8D:8C,211,1980,CF1E:DB:57:17:81:40:03:97:02:D8:DC:5B:BD:34:A6:22:AA:B8:53:AC:74:92:4B:6D:95:1D:D5:75:2C:00:40:5B,1,CP1ySjqEX0_TyXtRysx,AEAD_AES_256_GCM,FEFD
T01,1776276564925.923,transport,12737,1671965,TLS_ECDHE_ECDSA_WITH_CHACHA20_POLY1305_SHA256,client,connected,oVi3,controlling,connected,CF9E:0C:9B:A6:A2:03:F6:6B:6B:20:85:17:87:C0:65:8D:12:68:50:65:48:E3:42:50:C9:03:C1:01:4F:AB:8D:8C,214,2009,CF1E:DB:57:17:81:40:03:97:02:D8:DC:5B:BD:34:A6:22:AA:B8:53:AC:74:92:4B:6D:95:1D:D5:75:2C:00:40:5B,1,CP1ySjqEX0_TyXtRysx,AEAD_AES_256_GCM,FEFD
T01,1776276564925.923,transport,12737,1671965,TLS_ECDHE_ECDSA_WITH_CHACHA20_POLY1305_SHA256,client,connected,oVi3,controlling,connected,CF9E:0C:9B:A6:A2:03:F6:6B:6B:20:85:17:87:C0:65:8D:12:68:50:65:48:E3:42:50:C9:03:C1:01:4F:AB:8D:8C,214,2009,CF1E:DB:57:17:81:40:03:97:02:D8:DC:5B:BD:34:A6:22:AA:B8:53:AC:74:92:4B:6D:95:1D:D5:75:2C:00:40:5B,1,CP1ySjqEX0_TyXtRysx,AEAD_AES_256_GCM,FEFD
T01,1776276565125.785,transport,12853,1704782,TLS_ECDHE_ECDSA_WITH_CHACHA20_POLY1305_SHA256,client,connected,oVi3,controlling,connected,CF9E:0C:9B:A6:A2:03:F6:6B:6B:20:85:17:87:C0:65:8D:12:68:50:65:48:E3:42:50:C9:03:C1:01:4F:AB:8D:8C,216,2039,CF1E:DB:57:17:81:40:03:97:02:D8:DC:5B:BD:34:A6:22:AA:B8:53:AC:74:92:4B:6D:95:1D:D5:75:2C:00:40:5B,1,CP1ySjqEX0_TyXtRysx,AEAD_AES_256_GCM,FEFD
T01,1776276565125.785,transport,12853,1704782,TLS_ECDHE_ECDSA_WITH_CHACHA20_POLY1305_SHA256,client,connected,oVi3,controlling,connected,CF9E:0C:9B:A6:A2:03:F6:6B:6B:20:85:17:87:C0:65:8D:12:68:50:65:48:E3:42:50:C9:03:C1:01:4F:AB:8D:8C,216,2039,CF1E:DB:57:17:81:40:03:97:02:D8:DC:5B:BD:34:A6:22:AA:B8:53:AC:74:92:4B:6D:95:1D:D5:75:2C:00:40:5B,1,CP1ySjqEX0_TyXtRysx,AEAD_AES_256_GCM,FEFD
T01,1776276565325.855,transport,13065,1737623,TLS_ECDHE_ECDSA_WITH_CHACHA20_POLY1305_SHA256,client,connected,oVi3,controlling,connected,CF9E:0C:9B:A6:A2:03:F6:6B:6B:20:85:17:87:C0:65:8D:12:68:50:65:48:E3:42:50:C9:03:C1:01:4F:AB:8D:8C,219,2069,CF1E:DB:57:17:81:40:03:97:02:D8:DC:5B:BD:34:A6:22:AA:B8:53:AC:74:92:4B:6D:95:1D:D5:75:2C:00:40:5B,1,CP1ySjqEX0_TyXtRysx,AEAD_AES_256_GCM,FEFD
T01,1776276565325.855,transport,13065,1737623,TLS_ECDHE_ECDSA_WITH_CHACHA20_POLY1305_SHA256,client,connected,oVi3,controlling,connected,CF9E:0C:9B:A6:A2:03:F6:6B:6B:20:85:17:87:C0:65:8D:12:68:50:65:48:E3:42:50:C9:03:C1:01:4F:AB:8D:8C,219,2069,CF1E:DB:57:17:81:40:03:97:02:D8:DC:5B:BD:34:A6:22:AA:B8:53:AC:74:92:4B:6D:95:1D:D5:75:2C:00:40:5B,1,CP1ySjqEX0_TyXtRysx,AEAD_AES_256_GCM,FEFD
T01,1776276565525.932,transport,13181,1770364,TLS_ECDHE_ECDSA_WITH_CHACHA20_POLY1305_SHA256,client,connected,oVi3,controlling,connected,CF9E:0C:9B:A6:A2:03:F6:6B:6B:20:85:17:87:C0:65:8D:12:68:50:65:48:E3:42:50:C9:03:C1:01:4F:AB:8D:8C,221,2098,CF1E:DB:57:17:81:40:03:97:02:D8:DC:5B:BD:34:A6:22:AA:B8:53:AC:74:92:4B:6D:95:1D:D5:75:2C:00:40:5B,1,CP1ySjqEX0_TyXtRysx,AEAD_AES_256_GCM,FEFD
T01,1776276565525.932,transport,13181,1770364,TLS_ECDHE_ECDSA_WITH_CHACHA20_POLY1305_SHA256,client,connected,oVi3,controlling,connected,CF9E:0C:9B:A6:A2:03:F6:6B:6B:20:85:17:87:C0:65:8D:12:68:50:65:48:E3:42:50:C9:03:C1:01:4F:AB:8D:8C,221,2098,CF1E:DB:57:17:81:40:03:97:02:D8:DC:5B:BD:34:A6:22:AA:B8:53:AC:74:92:4B:6D:95:1D:D5:75:2C:00:40:5B,1,CP1ySjqEX0_TyXtRysx,AEAD_AES_256_GCM,FEFD
T01,1776276565725.914,transport,13297,1803181,TLS_ECDHE_ECDSA_WITH_CHACHA20_POLY1305_SHA256,client,connected,oVi3,controlling,connected,CF9E:0C:9B:A6:A2:03:F6:6B:6B:20:85:17:87:C0:65:8D:12:68:50:65:48:E3:42:50:C9:03:C1:01:4F:AB:8D:8C,223,2128,CF1E:DB:57:17:81:40:03:97:02:D8:DC:5B:BD:34:A6:22:AA:B8:53:AC:74:92:4B:6D:95:1D:D5:75:2C:00:40:5B,1,CP1ySjqEX0_TyXtRysx,AEAD_AES_256_GCM,FEFD
T01,1776276565725.914,transport,13297,1803181,TLS_ECDHE_ECDSA_WITH_CHACHA20_POLY1305_SHA256,client,connected,oVi3,controlling,connected,CF9E:0C:9B:A6:A2:03:F6:6B:6B:20:85:17:87:C0:65:8D:12:68:50:65:48:E3:42:50:C9:03:C1:01:4F:AB:8D:8C,223,2128,CF1E:DB:57:17:81:40:03:97:02:D8:DC:5B:BD:34:A6:22:AA:B8:53:AC:74:92:4B:6D:95:1D:D5:75:2C:00:40:5B,1,CP1ySjqEX0_TyXtRysx,AEAD_AES_256_GCM,FEFD
T01,1776276565925.839,transport,13413,1835998,TLS_ECDHE_ECDSA_WITH_CHACHA20_POLY1305_SHA256,client,connected,oVi3,controlling,connected,CF9E:0C:9B:A6:A2:03:F6:6B:6B:20:85:17:87:C0:65:8D:12:68:50:65:48:E3:42:50:C9:03:C1:01:4F:AB:8D:8C,225,2158,CF1E:DB:57:17:81:40:03:97:02:D8:DC:5B:BD:34:A6:22:AA:B8:53:AC:74:92:4B:6D:95:1D:D5:75:2C:00:40:5B,1,CP1ySjqEX0_TyXtRysx,AEAD_AES_256_GCM,FEFD
T01,1776276565925.839,transport,13413,1835998,TLS_ECDHE_ECDSA_WITH_CHACHA20_POLY1305_SHA256,client,connected,oVi3,controlling,connected,CF9E:0C:9B:A6:A2:03:F6:6B:6B:20:85:17:87:C0:65:8D:12:68:50:65:48:E3:42:50:C9:03:C1:01:4F:AB:8D:8C,225,2158,CF1E:DB:57:17:81:40:03:97:02:D8:DC:5B:BD:34:A6:22:AA:B8:53:AC:74:92:4B:6D:95:1D:D5:75:2C:00:40:5B,1,CP1ySjqEX0_TyXtRysx,AEAD_AES_256_GCM,FEFD
T01,1776276566125.812,transport,13473,1868739,TLS_ECDHE_ECDSA_WITH_CHACHA20_POLY1305_SHA256,client,connected,oVi3,controlling,connected,CF9E:0C:9B:A6:A2:03:F6:6B:6B:20:85:17:87:C0:65:8D:12:68:50:65:48:E3:42:50:C9:03:C1:01:4F:AB:8D:8C,226,2187,CF1E:DB:57:17:81:40:03:97:02:D8:DC:5B:BD:34:A6:22:AA:B8:53:AC:74:92:4B:6D:95:1D:D5:75:2C:00:40:5B,1,CP1ySjqEX0_TyXtRysx,AEAD_AES_256_GCM,FEFD
T01,1776276566125.812,transport,13473,1868739,TLS_ECDHE_ECDSA_WITH_CHACHA20_POLY1305_SHA256,client,connected,oVi3,controlling,connected,CF9E:0C:9B:A6:A2:03:F6:6B:6B:20:85:17:87:C0:65:8D:12:68:50:65:48:E3:42:50:C9:03:C1:01:4F:AB:8D:8C,226,2187,CF1E:DB:57:17:81:40:03:97:02:D8:DC:5B:BD:34:A6:22:AA:B8:53:AC:74:92:4B:6D:95:1D:D5:75:2C:00:40:5B,1,CP1ySjqEX0_TyXtRysx,AEAD_AES_256_GCM,FEFD
T01,1776276566325.845,transport,13621,1901556,TLS_ECDHE_ECDSA_WITH_CHACHA20_POLY1305_SHA256,client,connected,oVi3,controlling,connected,CF9E:0C:9B:A6:A2:03:F6:6B:6B:20:85:17:87:C0:65:8D:12:68:50:65:48:E3:42:50:C9:03:C1:01:4F:AB:8D:8C,229,2217,CF1E:DB:57:17:81:40:03:97:02:D8:DC:5B:BD:34:A6:22:AA:B8:53:AC:74:92:4B:6D:95:1D:D5:75:2C:00:40:5B,1,CP1ySjqEX0_TyXtRysx,AEAD_AES_256_GCM,FEFD
T01,1776276566325.845,transport,13621,1901556,TLS_ECDHE_ECDSA_WITH_CHACHA20_POLY1305_SHA256,client,connected,oVi3,controlling,connected,CF9E:0C:9B:A6:A2:03:F6:6B:6B:20:85:17:87:C0:65:8D:12:68:50:65:48:E3:42:50:C9:03:C1:01:4F:AB:8D:8C,229,2217,CF1E:DB:57:17:81:40:03:97:02:D8:DC:5B:BD:34:A6:22:AA:B8:53:AC:74:92:4B:6D:95:1D:D5:75:2C:00:40:5B,1,CP1ySjqEX0_TyXtRysx,AEAD_AES_256_GCM,FEFD
T01,1776276566525.866,transport,13833,1934397,TLS_ECDHE_ECDSA_WITH_CHACHA20_POLY1305_SHA256,client,connected,oVi3,controlling,connected,CF9E:0C:9B:A6:A2:03:F6:6B:6B:20:85:17:87:C0:65:8D:12:68:50:65:48:E3:42:50:C9:03:C1:01:4F:AB:8D:8C,232,2247,CF1E:DB:57:17:81:40:03:97:02:D8:DC:5B:BD:34:A6:22:AA:B8:53:AC:74:92:4B:6D:95:1D:D5:75:2C:00:40:5B,1,CP1ySjqEX0_TyXtRysx,AEAD_AES_256_GCM,FEFD
T01,1776276566525.866,transport,13833,1934397,TLS_ECDHE_ECDSA_WITH_CHACHA20_POLY1305_SHA256,client,connected,oVi3,controlling,connected,CF9E:0C:9B:A6:A2:03:F6:6B:6B:20:85:17:87:C0:65:8D:12:68:50:65:48:E3:42:50:C9:03:C1:01:4F:AB:8D:8C,232,2247,CF1E:DB:57:17:81:40:03:97:02:D8:DC:5B:BD:34:A6:22:AA:B8:53:AC:74:92:4B:6D:95:1D:D5:75:2C:00:40:5B,1,CP1ySjqEX0_TyXtRysx,AEAD_AES_256_GCM,FEFD
T01,1776276566725.845,transport,13949,1967214,TLS_ECDHE_ECDSA_WITH_CHACHA20_POLY1305_SHA256,client,connected,oVi3,controlling,connected,CF9E:0C:9B:A6:A2:03:F6:6B:6B:20:85:17:87:C0:65:8D:12:68:50:65:48:E3:42:50:C9:03:C1:01:4F:AB:8D:8C,234,2277,CF1E:DB:57:17:81:40:03:97:02:D8:DC:5B:BD:34:A6:22:AA:B8:53:AC:74:92:4B:6D:95:1D:D5:75:2C:00:40:5B,1,CP1ySjqEX0_TyXtRysx,AEAD_AES_256_GCM,FEFD
T01,1776276566725.845,transport,13949,1967214,TLS_ECDHE_ECDSA_WITH_CHACHA20_POLY1305_SHA256,client,connected,oVi3,controlling,connected,CF9E:0C:9B:A6:A2:03:F6:6B:6B:20:85:17:87:C0:65:8D:12:68:50:65:48:E3:42:50:C9:03:C1:01:4F:AB:8D:8C,234,2277,CF1E:DB:57:17:81:40:03:97:02:D8:DC:5B:BD:34:A6:22:AA:B8:53:AC:74:92:4B:6D:95:1D:D5:75:2C:00:40:5B,1,CP1ySjqEX0_TyXtRysx,AEAD_AES_256_GCM,FEFD
T01,1776276566925.849,transport,14069,1999955,TLS_ECDHE_ECDSA_WITH_CHACHA20_POLY1305_SHA256,client,connected,oVi3,controlling,connected,CF9E:0C:9B:A6:A2:03:F6:6B:6B:20:85:17:87:C0:65:8D:12:68:50:65:48:E3:42:50:C9:03:C1:01:4F:AB:8D:8C,236,2306,CF1E:DB:57:17:81:40:03:97:02:D8:DC:5B:BD:34:A6:22:AA:B8:53:AC:74:92:4B:6D:95:1D:D5:75:2C:00:40:5B,1,CP1ySjqEX0_TyXtRysx,AEAD_AES_256_GCM,FEFD
T01,1776276566925.849,transport,14069,1999955,TLS_ECDHE_ECDSA_WITH_CHACHA20_POLY1305_SHA256,client,connected,oVi3,controlling,connected,CF9E:0C:9B:A6:A2:03:F6:6B:6B:20:85:17:87:C0:65:8D:12:68:50:65:48:E3:42:50:C9:03:C1:01:4F:AB:8D:8C,236,2306,CF1E:DB:57:17:81:40:03:97:02:D8:DC:5B:BD:34:A6:22:AA:B8:53:AC:74:92:4B:6D:95:1D:D5:75:2C:00:40:5B,1,CP1ySjqEX0_TyXtRysx,AEAD_AES_256_GCM,FEFD
T01,1776276567125.91,transport,14185,2032772,TLS_ECDHE_ECDSA_WITH_CHACHA20_POLY1305_SHA256,client,connected,oVi3,controlling,connected,CF9E:0C:9B:A6:A2:03:F6:6B:6B:20:85:17:87:C0:65:8D:12:68:50:65:48:E3:42:50:C9:03:C1:01:4F:AB:8D:8C,238,2336,CF1E:DB:57:17:81:40:03:97:02:D8:DC:5B:BD:34:A6:22:AA:B8:53:AC:74:92:4B:6D:95:1D:D5:75:2C:00:40:5B,1,CP1ySjqEX0_TyXtRysx,AEAD_AES_256_GCM,FEFD
T01,1776276567125.91,transport,14185,2032772,TLS_ECDHE_ECDSA_WITH_CHACHA20_POLY1305_SHA256,client,connected,oVi3,controlling,connected,CF9E:0C:9B:A6:A2:03:F6:6B:6B:20:85:17:87:C0:65:8D:12:68:50:65:48:E3:42:50:C9:03:C1:01:4F:AB:8D:8C,238,2336,CF1E:DB:57:17:81:40:03:97:02:D8:DC:5B:BD:34:A6:22:AA:B8:53:AC:74:92:4B:6D:95:1D:D5:75:2C:00:40:5B,1,CP1ySjqEX0_TyXtRysx,AEAD_AES_256_GCM,FEFD
T01,1776276567325.928,transport,14317,2035106,TLS_ECDHE_ECDSA_WITH_CHACHA20_POLY1305_SHA256,client,connected,oVi3,controlling,connected,CF9E:0C:9B:A6:A2:03:F6:6B:6B:20:85:17:87:C0:65:8D:12:68:50:65:48:E3:42:50:C9:03:C1:01:4F:AB:8D:8C,241,2339,CF1E:DB:57:17:81:40:03:97:02:D8:DC:5B:BD:34:A6:22:AA:B8:53:AC:74:92:4B:6D:95:1D:D5:75:2C:00:40:5B,1,CP1ySjqEX0_TyXtRysx,AEAD_AES_256_GCM,FEFD
T01,1776276567325.928,transport,14317,2035106,TLS_ECDHE_ECDSA_WITH_CHACHA20_POLY1305_SHA256,client,connected,oVi3,controlling,connected,CF9E:0C:9B:A6:A2:03:F6:6B:6B:20:85:17:87:C0:65:8D:12:68:50:65:48:E3:42:50:C9:03:C1:01:4F:AB:8D:8C,241,2339,CF1E:DB:57:17:81:40:03:97:02:D8:DC:5B:BD:34:A6:22:AA:B8:53:AC:74:92:4B:6D:95:1D:D5:75:2C:00:40:5B,1,CP1ySjqEX0_TyXtRysx,AEAD_AES_256_GCM,FEFD
T01,1776276567525.899,transport,14317,2035106,TLS_ECDHE_ECDSA_WITH_CHACHA20_POLY1305_SHA256,client,connected,oVi3,controlling,connected,CF9E:0C:9B:A6:A2:03:F6:6B:6B:20:85:17:87:C0:65:8D:12:68:50:65:48:E3:42:50:C9:03:C1:01:4F:AB:8D:8C,241,2339,CF1E:DB:57:17:81:40:03:97:02:D8:DC:5B:BD:34:A6:22:AA:B8:53:AC:74:92:4B:6D:95:1D:D5:75:2C:00:40:5B,1,CP1ySjqEX0_TyXtRysx,AEAD_AES_256_GCM,FEFD
T01,1776276567525.899,transport,14317,2035106,TLS_ECDHE_ECDSA_WITH_CHACHA20_POLY1305_SHA256,client,connected,oVi3,controlling,connected,CF9E:0C:9B:A6:A2:03:F6:6B:6B:20:85:17:87:C0:65:8D:12:68:50:65:48:E3:42:50:C9:03:C1:01:4F:AB:8D:8C,241,2339,CF1E:DB:57:17:81:40:03:97:02:D8:DC:5B:BD:34:A6:22:AA:B8:53:AC:74:92:4B:6D:95:1D:D5:75:2C:00:40:5B,1,CP1ySjqEX0_TyXtRysx,AEAD_AES_256_GCM,FEFD
T01,1776276567725.907,transport,14413,2035182,TLS_ECDHE_ECDSA_WITH_CHACHA20_POLY1305_SHA256,client,connected,oVi3,controlling,connected,CF9E:0C:9B:A6:A2:03:F6:6B:6B:20:85:17:87:C0:65:8D:12:68:50:65:48:E3:42:50:C9:03:C1:01:4F:AB:8D:8C,242,2340,CF1E:DB:57:17:81:40:03:97:02:D8:DC:5B:BD:34:A6:22:AA:B8:53:AC:74:92:4B:6D:95:1D:D5:75:2C:00:40:5B,1,CP1ySjqEX0_TyXtRysx,AEAD_AES_256_GCM,FEFD
T01,1776276567725.907,transport,14413,2035182,TLS_ECDHE_ECDSA_WITH_CHACHA20_POLY1305_SHA256,client,connected,oVi3,controlling,connected,CF9E:0C:9B:A6:A2:03:F6:6B:6B:20:85:17:87:C0:65:8D:12:68:50:65:48:E3:42:50:C9:03:C1:01:4F:AB:8D:8C,242,2340,CF1E:DB:57:17:81:40:03:97:02:D8:DC:5B:BD:34:A6:22:AA:B8:53:AC:74:92:4B:6D:95:1D:D5:75:2C:00:40:5B,1,CP1ySjqEX0_TyXtRysx,AEAD_AES_256_GCM,FEFD
T01,1776276567925.911,transport,14413,2035182,TLS_ECDHE_ECDSA_WITH_CHACHA20_POLY1305_SHA256,client,connected,oVi3,controlling,connected,CF9E:0C:9B:A6:A2:03:F6:6B:6B:20:85:17:87:C0:65:8D:12:68:50:65:48:E3:42:50:C9:03:C1:01:4F:AB:8D:8C,242,2340,CF1E:DB:57:17:81:40:03:97:02:D8:DC:5B:BD:34:A6:22:AA:B8:53:AC:74:92:4B:6D:95:1D:D5:75:2C:00:40:5B,1,CP1ySjqEX0_TyXtRysx,AEAD_AES_256_GCM,FEFD
T01,1776276567925.911,transport,14413,2035182,TLS_ECDHE_ECDSA_WITH_CHACHA20_POLY1305_SHA256,client,connected,oVi3,controlling,connected,CF9E:0C:9B:A6:A2:03:F6:6B:6B:20:85:17:87:C0:65:8D:12:68:50:65:48:E3:42:50:C9:03:C1:01:4F:AB:8D:8C,242,2340,CF1E:DB:57:17:81:40:03:97:02:D8:DC:5B:BD:34:A6:22:AA:B8:53:AC:74:92:4B:6D:95:1D:D5:75:2C:00:40:5B,1,CP1ySjqEX0_TyXtRysx,AEAD_AES_256_GCM,FEFD
T01,1776276568125.903,transport,14413,2035182,TLS_ECDHE_ECDSA_WITH_CHACHA20_POLY1305_SHA256,client,connected,oVi3,controlling,connected,CF9E:0C:9B:A6:A2:03:F6:6B:6B:20:85:17:87:C0:65:8D:12:68:50:65:48:E3:42:50:C9:03:C1:01:4F:AB:8D:8C,242,2340,CF1E:DB:57:17:81:40:03:97:02:D8:DC:5B:BD:34:A6:22:AA:B8:53:AC:74:92:4B:6D:95:1D:D5:75:2C:00:40:5B,1,CP1ySjqEX0_TyXtRysx,AEAD_AES_256_GCM,FEFD
T01,1776276568125.903,transport,14413,2035182,TLS_ECDHE_ECDSA_WITH_CHACHA20_POLY1305_SHA256,client,connected,oVi3,controlling,connected,CF9E:0C:9B:A6:A2:03:F6:6B:6B:20:85:17:87:C0:65:8D:12:68:50:65:48:E3:42:50:C9:03:C1:01:4F:AB:8D:8C,242,2340,CF1E:DB:57:17:81:40:03:97:02:D8:DC:5B:BD:34:A6:22:AA:B8:53:AC:74:92:4B:6D:95:1D:D5:75:2C:00:40:5B,1,CP1ySjqEX0_TyXtRysx,AEAD_AES_256_GCM,FEFD
T01,1776276568325.905,transport,14413,2035282,TLS_ECDHE_ECDSA_WITH_CHACHA20_POLY1305_SHA256,client,connected,oVi3,controlling,connected,CF9E:0C:9B:A6:A2:03:F6:6B:6B:20:85:17:87:C0:65:8D:12:68:50:65:48:E3:42:50:C9:03:C1:01:4F:AB:8D:8C,242,2341,CF1E:DB:57:17:81:40:03:97:02:D8:DC:5B:BD:34:A6:22:AA:B8:53:AC:74:92:4B:6D:95:1D:D5:75:2C:00:40:5B,1,CP1ySjqEX0_TyXtRysx,AEAD_AES_256_GCM,FEFD
T01,1776276568325.905,transport,14413,2035282,TLS_ECDHE_ECDSA_WITH_CHACHA20_POLY1305_SHA256,client,connected,oVi3,controlling,connected,CF9E:0C:9B:A6:A2:03:F6:6B:6B:20:85:17:87:C0:65:8D:12:68:50:65:48:E3:42:50:C9:03:C1:01:4F:AB:8D:8C,242,2341,CF1E:DB:57:17:81:40:03:97:02:D8:DC:5B:BD:34:A6:22:AA:B8:53:AC:74:92:4B:6D:95:1D:D5:75:2C:00:40:5B,1,CP1ySjqEX0_TyXtRysx,AEAD_AES_256_GCM,FEFD
T01,1776276568525.899,transport,14413,2035282,TLS_ECDHE_ECDSA_WITH_CHACHA20_POLY1305_SHA256,client,connected,oVi3,controlling,connected,CF9E:0C:9B:A6:A2:03:F6:6B:6B:20:85:17:87:C0:65:8D:12:68:50:65:48:E3:42:50:C9:03:C1:01:4F:AB:8D:8C,242,2341,CF1E:DB:57:17:81:40:03:97:02:D8:DC:5B:BD:34:A6:22:AA:B8:53:AC:74:92:4B:6D:95:1D:D5:75:2C:00:40:5B,1,CP1ySjqEX0_TyXtRysx,AEAD_AES_256_GCM,FEFD
T01,1776276568525.899,transport,14413,2035282,TLS_ECDHE_ECDSA_WITH_CHACHA20_POLY1305_SHA256,client,connected,oVi3,controlling,connected,CF9E:0C:9B:A6:A2:03:F6:6B:6B:20:85:17:87:C0:65:8D:12:68:50:65:48:E3:42:50:C9:03:C1:01:4F:AB:8D:8C,242,2341,CF1E:DB:57:17:81:40:03:97:02:D8:DC:5B:BD:34:A6:22:AA:B8:53:AC:74:92:4B:6D:95:1D:D5:75:2C:00:40:5B,1,CP1ySjqEX0_TyXtRysx,AEAD_AES_256_GCM,FEFD
T01,1776276568725.823,transport,14413,2035282,TLS_ECDHE_ECDSA_WITH_CHACHA20_POLY1305_SHA256,client,connected,oVi3,controlling,connected,CF9E:0C:9B:A6:A2:03:F6:6B:6B:20:85:17:87:C0:65:8D:12:68:50:65:48:E3:42:50:C9:03:C1:01:4F:AB:8D:8C,242,2341,CF1E:DB:57:17:81:40:03:97:02:D8:DC:5B:BD:34:A6:22:AA:B8:53:AC:74:92:4B:6D:95:1D:D5:75:2C:00:40:5B,1,CP1ySjqEX0_TyXtRysx,AEAD_AES_256_GCM,FEFD
T01,1776276568725.823,transport,14413,2035282,TLS_ECDHE_ECDSA_WITH_CHACHA20_POLY1305_SHA256,client,connected,oVi3,controlling,connected,CF9E:0C:9B:A6:A2:03:F6:6B:6B:20:85:17:87:C0:65:8D:12:68:50:65:48:E3:42:50:C9:03:C1:01:4F:AB:8D:8C,242,2341,CF1E:DB:57:17:81:40:03:97:02:D8:DC:5B:BD:34:A6:22:AA:B8:53:AC:74:92:4B:6D:95:1D:D5:75:2C:00:40:5B,1,CP1ySjqEX0_TyXtRysx,AEAD_AES_256_GCM,FEFD
T01,1776276568925.86,transport,14413,2035282,TLS_ECDHE_ECDSA_WITH_CHACHA20_POLY1305_SHA256,client,connected,oVi3,controlling,connected,CF9E:0C:9B:A6:A2:03:F6:6B:6B:20:85:17:87:C0:65:8D:12:68:50:65:48:E3:42:50:C9:03:C1:01:4F:AB:8D:8C,242,2341,CF1E:DB:57:17:81:40:03:97:02:D8:DC:5B:BD:34:A6:22:AA:B8:53:AC:74:92:4B:6D:95:1D:D5:75:2C:00:40:5B,1,CP1ySjqEX0_TyXtRysx,AEAD_AES_256_GCM,FEFD
T01,1776276568925.86,transport,14413,2035282,TLS_ECDHE_ECDSA_WITH_CHACHA20_POLY1305_SHA256,client,connected,oVi3,controlling,connected,CF9E:0C:9B:A6:A2:03:F6:6B:6B:20:85:17:87:C0:65:8D:12:68:50:65:48:E3:42:50:C9:03:C1:01:4F:AB:8D:8C,242,2341,CF1E:DB:57:17:81:40:03:97:02:D8:DC:5B:BD:34:A6:22:AA:B8:53:AC:74:92:4B:6D:95:1D:D5:75:2C:00:40:5B,1,CP1ySjqEX0_TyXtRysx,AEAD_AES_256_GCM,FEFD
T01,1776276569125.872,transport,14413,2035282,TLS_ECDHE_ECDSA_WITH_CHACHA20_POLY1305_SHA256,client,connected,oVi3,controlling,connected,CF9E:0C:9B:A6:A2:03:F6:6B:6B:20:85:17:87:C0:65:8D:12:68:50:65:48:E3:42:50:C9:03:C1:01:4F:AB:8D:8C,242,2341,CF1E:DB:57:17:81:40:03:97:02:D8:DC:5B:BD:34:A6:22:AA:B8:53:AC:74:92:4B:6D:95:1D:D5:75:2C:00:40:5B,1,CP1ySjqEX0_TyXtRysx,AEAD_AES_256_GCM,FEFD
T01,1776276569125.872,transport,14413,2035282,TLS_ECDHE_ECDSA_WITH_CHACHA20_POLY1305_SHA256,client,connected,oVi3,controlling,connected,CF9E:0C:9B:A6:A2:03:F6:6B:6B:20:85:17:87:C0:65:8D:12:68:50:65:48:E3:42:50:C9:03:C1:01:4F:AB:8D:8C,242,2341,CF1E:DB:57:17:81:40:03:97:02:D8:DC:5B:BD:34:A6:22:AA:B8:53:AC:74:92:4B:6D:95:1D:D5:75:2C:00:40:5B,1,CP1ySjqEX0_TyXtRysx,AEAD_AES_256_GCM,FEFD
T01,1776276569325.851,transport,14509,2035282,TLS_ECDHE_ECDSA_WITH_CHACHA20_POLY1305_SHA256,client,connected,oVi3,controlling,connected,CF9E:0C:9B:A6:A2:03:F6:6B:6B:20:85:17:87:C0:65:8D:12:68:50:65:48:E3:42:50:C9:03:C1:01:4F:AB:8D:8C,243,2341,CF1E:DB:57:17:81:40:03:97:02:D8:DC:5B:BD:34:A6:22:AA:B8:53:AC:74:92:4B:6D:95:1D:D5:75:2C:00:40:5B,1,CP1ySjqEX0_TyXtRysx,AEAD_AES_256_GCM,FEFD
T01,1776276569325.851,transport,14509,2035282,TLS_ECDHE_ECDSA_WITH_CHACHA20_POLY1305_SHA256,client,connected,oVi3,controlling,connected,CF9E:0C:9B:A6:A2:03:F6:6B:6B:20:85:17:87:C0:65:8D:12:68:50:65:48:E3:42:50:C9:03:C1:01:4F:AB:8D:8C,243,2341,CF1E:DB:57:17:81:40:03:97:02:D8:DC:5B:BD:34:A6:22:AA:B8:53:AC:74:92:4B:6D:95:1D:D5:75:2C:00:40:5B,1,CP1ySjqEX0_TyXtRysx,AEAD_AES_256_GCM,FEFD
T01,1776276569525.786,transport,14509,2035382,TLS_ECDHE_ECDSA_WITH_CHACHA20_POLY1305_SHA256,client,connected,oVi3,controlling,connected,CF9E:0C:9B:A6:A2:03:F6:6B:6B:20:85:17:87:C0:65:8D:12:68:50:65:48:E3:42:50:C9:03:C1:01:4F:AB:8D:8C,243,2342,CF1E:DB:57:17:81:40:03:97:02:D8:DC:5B:BD:34:A6:22:AA:B8:53:AC:74:92:4B:6D:95:1D:D5:75:2C:00:40:5B,1,CP1ySjqEX0_TyXtRysx,AEAD_AES_256_GCM,FEFD
T01,1776276569525.786,transport,14509,2035382,TLS_ECDHE_ECDSA_WITH_CHACHA20_POLY1305_SHA256,client,connected,oVi3,controlling,connected,CF9E:0C:9B:A6:A2:03:F6:6B:6B:20:85:17:87:C0:65:8D:12:68:50:65:48:E3:42:50:C9:03:C1:01:4F:AB:8D:8C,243,2342,CF1E:DB:57:17:81:40:03:97:02:D8:DC:5B:BD:34:A6:22:AA:B8:53:AC:74:92:4B:6D:95:1D:D5:75:2C:00:40:5B,1,CP1ySjqEX0_TyXtRysx,AEAD_AES_256_GCM,FEFD
T01,1776276569725.908,transport,14509,2035382,TLS_ECDHE_ECDSA_WITH_CHACHA20_POLY1305_SHA256,client,connected,oVi3,controlling,connected,CF9E:0C:9B:A6:A2:03:F6:6B:6B:20:85:17:87:C0:65:8D:12:68:50:65:48:E3:42:50:C9:03:C1:01:4F:AB:8D:8C,243,2342,CF1E:DB:57:17:81:40:03:97:02:D8:DC:5B:BD:34:A6:22:AA:B8:53:AC:74:92:4B:6D:95:1D:D5:75:2C:00:40:5B,1,CP1ySjqEX0_TyXtRysx,AEAD_AES_256_GCM,FEFD
T01,1776276569725.908,transport,14509,2035382,TLS_ECDHE_ECDSA_WITH_CHACHA20_POLY1305_SHA256,client,connected,oVi3,controlling,connected,CF9E:0C:9B:A6:A2:03:F6:6B:6B:20:85:17:87:C0:65:8D:12:68:50:65:48:E3:42:50:C9:03:C1:01:4F:AB:8D:8C,243,2342,CF1E:DB:57:17:81:40:03:97:02:D8:DC:5B:BD:34:A6:22:AA:B8:53:AC:74:92:4B:6D:95:1D:D5:75:2C:00:40:5B,1,CP1ySjqEX0_TyXtRysx,AEAD_AES_256_GCM,FEFD
T01,1776276569925.843,transport,14509,2035382,TLS_ECDHE_ECDSA_WITH_CHACHA20_POLY1305_SHA256,client,connected,oVi3,controlling,connected,CF9E:0C:9B:A6:A2:03:F6:6B:6B:20:85:17:87:C0:65:8D:12:68:50:65:48:E3:42:50:C9:03:C1:01:4F:AB:8D:8C,243,2342,CF1E:DB:57:17:81:40:03:97:02:D8:DC:5B:BD:34:A6:22:AA:B8:53:AC:74:92:4B:6D:95:1D:D5:75:2C:00:40:5B,1,CP1ySjqEX0_TyXtRysx,AEAD_AES_256_GCM,FEFD
T01,1776276569925.843,transport,14509,2035382,TLS_ECDHE_ECDSA_WITH_CHACHA20_POLY1305_SHA256,client,connected,oVi3,controlling,connected,CF9E:0C:9B:A6:A2:03:F6:6B:6B:20:85:17:87:C0:65:8D:12:68:50:65:48:E3:42:50:C9:03:C1:01:4F:AB:8D:8C,243,2342,CF1E:DB:57:17:81:40:03:97:02:D8:DC:5B:BD:34:A6:22:AA:B8:53:AC:74:92:4B:6D:95:1D:D5:75:2C:00:40:5B,1,CP1ySjqEX0_TyXtRysx,AEAD_AES_256_GCM,FEFD
T01,1776276570125.899,transport,14509,2035382,TLS_ECDHE_ECDSA_WITH_CHACHA20_POLY1305_SHA256,client,connected,oVi3,controlling,connected,CF9E:0C:9B:A6:A2:03:F6:6B:6B:20:85:17:87:C0:65:8D:12:68:50:65:48:E3:42:50:C9:03:C1:01:4F:AB:8D:8C,243,2342,CF1E:DB:57:17:81:40:03:97:02:D8:DC:5B:BD:34:A6:22:AA:B8:53:AC:74:92:4B:6D:95:1D:D5:75:2C:00:40:5B,1,CP1ySjqEX0_TyXtRysx,AEAD_AES_256_GCM,FEFD
T01,1776276570125.899,transport,14509,2035382,TLS_ECDHE_ECDSA_WITH_CHACHA20_POLY1305_SHA256,client,connected,oVi3,controlling,connected,CF9E:0C:9B:A6:A2:03:F6:6B:6B:20:85:17:87:C0:65:8D:12:68:50:65:48:E3:42:50:C9:03:C1:01:4F:AB:8D:8C,243,2342,CF1E:DB:57:17:81:40:03:97:02:D8:DC:5B:BD:34:A6:22:AA:B8:53:AC:74:92:4B:6D:95:1D:D5:75:2C:00:40:5B,1,CP1ySjqEX0_TyXtRysx,AEAD_AES_256_GCM,FEFD
T01,1776276570325.907,transport,14605,2035382,TLS_ECDHE_ECDSA_WITH_CHACHA20_POLY1305_SHA256,client,connected,oVi3,controlling,connected,CF9E:0C:9B:A6:A2:03:F6:6B:6B:20:85:17:87:C0:65:8D:12:68:50:65:48:E3:42:50:C9:03:C1:01:4F:AB:8D:8C,244,2342,CF1E:DB:57:17:81:40:03:97:02:D8:DC:5B:BD:34:A6:22:AA:B8:53:AC:74:92:4B:6D:95:1D:D5:75:2C:00:40:5B,1,CP1ySjqEX0_TyXtRysx,AEAD_AES_256_GCM,FEFD
T01,1776276570325.907,transport,14605,2035382,TLS_ECDHE_ECDSA_WITH_CHACHA20_POLY1305_SHA256,client,connected,oVi3,controlling,connected,CF9E:0C:9B:A6:A2:03:F6:6B:6B:20:85:17:87:C0:65:8D:12:68:50:65:48:E3:42:50:C9:03:C1:01:4F:AB:8D:8C,244,2342,CF1E:DB:57:17:81:40:03:97:02:D8:DC:5B:BD:34:A6:22:AA:B8:53:AC:74:92:4B:6D:95:1D:D5:75:2C:00:40:5B,1,CP1ySjqEX0_TyXtRysx,AEAD_AES_256_GCM,FEFD
T01,1776276570525.822,transport,14605,2035382,TLS_ECDHE_ECDSA_WITH_CHACHA20_POLY1305_SHA256,client,connected,oVi3,controlling,connected,CF9E:0C:9B:A6:A2:03:F6:6B:6B:20:85:17:87:C0:65:8D:12:68:50:65:48:E3:42:50:C9:03:C1:01:4F:AB:8D:8C,244,2342,CF1E:DB:57:17:81:40:03:97:02:D8:DC:5B:BD:34:A6:22:AA:B8:53:AC:74:92:4B:6D:95:1D:D5:75:2C:00:40:5B,1,CP1ySjqEX0_TyXtRysx,AEAD_AES_256_GCM,FEFD
T01,1776276570525.822,transport,14605,2035382,TLS_ECDHE_ECDSA_WITH_CHACHA20_POLY1305_SHA256,client,connected,oVi3,controlling,connected,CF9E:0C:9B:A6:A2:03:F6:6B:6B:20:85:17:87:C0:65:8D:12:68:50:65:48:E3:42:50:C9:03:C1:01:4F:AB:8D:8C,244,2342,CF1E:DB:57:17:81:40:03:97:02:D8:DC:5B:BD:34:A6:22:AA:B8:53:AC:74:92:4B:6D:95:1D:D5:75:2C:00:40:5B,1,CP1ySjqEX0_TyXtRysx,AEAD_AES_256_GCM,FEFD
T01,1776276570725.912,transport,14605,2035382,TLS_ECDHE_ECDSA_WITH_CHACHA20_POLY1305_SHA256,client,connected,oVi3,controlling,connected,CF9E:0C:9B:A6:A2:03:F6:6B:6B:20:85:17:87:C0:65:8D:12:68:50:65:48:E3:42:50:C9:03:C1:01:4F:AB:8D:8C,244,2342,CF1E:DB:57:17:81:40:03:97:02:D8:DC:5B:BD:34:A6:22:AA:B8:53:AC:74:92:4B:6D:95:1D:D5:75:2C:00:40:5B,1,CP1ySjqEX0_TyXtRysx,AEAD_AES_256_GCM,FEFD
T01,1776276570725.912,transport,14605,2035382,TLS_ECDHE_ECDSA_WITH_CHACHA20_POLY1305_SHA256,client,connected,oVi3,controlling,connected,CF9E:0C:9B:A6:A2:03:F6:6B:6B:20:85:17:87:C0:65:8D:12:68:50:65:48:E3:42:50:C9:03:C1:01:4F:AB:8D:8C,244,2342,CF1E:DB:57:17:81:40:03:97:02:D8:DC:5B:BD:34:A6:22:AA:B8:53:AC:74:92:4B:6D:95:1D:D5:75:2C:00:40:5B,1,CP1ySjqEX0_TyXtRysx,AEAD_AES_256_GCM,FEFD
T01,1776276570925.856,transport,14605,2035482,TLS_ECDHE_ECDSA_WITH_CHACHA20_POLY1305_SHA256,client,connected,oVi3,controlling,connected,CF9E:0C:9B:A6:A2:03:F6:6B:6B:20:85:17:87:C0:65:8D:12:68:50:65:48:E3:42:50:C9:03:C1:01:4F:AB:8D:8C,244,2343,CF1E:DB:57:17:81:40:03:97:02:D8:DC:5B:BD:34:A6:22:AA:B8:53:AC:74:92:4B:6D:95:1D:D5:75:2C:00:40:5B,1,CP1ySjqEX0_TyXtRysx,AEAD_AES_256_GCM,FEFD
T01,1776276570925.856,transport,14605,2035482,TLS_ECDHE_ECDSA_WITH_CHACHA20_POLY1305_SHA256,client,connected,oVi3,controlling,connected,CF9E:0C:9B:A6:A2:03:F6:6B:6B:20:85:17:87:C0:65:8D:12:68:50:65:48:E3:42:50:C9:03:C1:01:4F:AB:8D:8C,244,2343,CF1E:DB:57:17:81:40:03:97:02:D8:DC:5B:BD:34:A6:22:AA:B8:53:AC:74:92:4B:6D:95:1D:D5:75:2C:00:40:5B,1,CP1ySjqEX0_TyXtRysx,AEAD_AES_256_GCM,FEFD
T01,1776276571125.848,transport,14605,2035482,TLS_ECDHE_ECDSA_WITH_CHACHA20_POLY1305_SHA256,client,connected,oVi3,controlling,connected,CF9E:0C:9B:A6:A2:03:F6:6B:6B:20:85:17:87:C0:65:8D:12:68:50:65:48:E3:42:50:C9:03:C1:01:4F:AB:8D:8C,244,2343,CF1E:DB:57:17:81:40:03:97:02:D8:DC:5B:BD:34:A6:22:AA:B8:53:AC:74:92:4B:6D:95:1D:D5:75:2C:00:40:5B,1,CP1ySjqEX0_TyXtRysx,AEAD_AES_256_GCM,FEFD
T01,1776276571125.848,transport,14605,2035482,TLS_ECDHE_ECDSA_WITH_CHACHA20_POLY1305_SHA256,client,connected,oVi3,controlling,connected,CF9E:0C:9B:A6:A2:03:F6:6B:6B:20:85:17:87:C0:65:8D:12:68:50:65:48:E3:42:50:C9:03:C1:01:4F:AB:8D:8C,244,2343,CF1E:DB:57:17:81:40:03:97:02:D8:DC:5B:BD:34:A6:22:AA:B8:53:AC:74:92:4B:6D:95:1D:D5:75:2C:00:40:5B,1,CP1ySjqEX0_TyXtRysx,AEAD_AES_256_GCM,FEFD
T01,1776276571325.829,transport,14605,2035482,TLS_ECDHE_ECDSA_WITH_CHACHA20_POLY1305_SHA256,client,connected,oVi3,controlling,connected,CF9E:0C:9B:A6:A2:03:F6:6B:6B:20:85:17:87:C0:65:8D:12:68:50:65:48:E3:42:50:C9:03:C1:01:4F:AB:8D:8C,244,2343,CF1E:DB:57:17:81:40:03:97:02:D8:DC:5B:BD:34:A6:22:AA:B8:53:AC:74:92:4B:6D:95:1D:D5:75:2C:00:40:5B,1,CP1ySjqEX0_TyXtRysx,AEAD_AES_256_GCM,FEFD
T01,1776276571325.829,transport,14605,2035482,TLS_ECDHE_ECDSA_WITH_CHACHA20_POLY1305_SHA256,client,connected,oVi3,controlling,connected,CF9E:0C:9B:A6:A2:03:F6:6B:6B:20:85:17:87:C0:65:8D:12:68:50:65:48:E3:42:50:C9:03:C1:01:4F:AB:8D:8C,244,2343,CF1E:DB:57:17:81:40:03:97:02:D8:DC:5B:BD:34:A6:22:AA:B8:53:AC:74:92:4B:6D:95:1D:D5:75:2C:00:40:5B,1,CP1ySjqEX0_TyXtRysx,AEAD_AES_256_GCM,FEFD
T01,1776276571525.798,transport,14605,2035482,TLS_ECDHE_ECDSA_WITH_CHACHA20_POLY1305_SHA256,client,connected,oVi3,controlling,connected,CF9E:0C:9B:A6:A2:03:F6:6B:6B:20:85:17:87:C0:65:8D:12:68:50:65:48:E3:42:50:C9:03:C1:01:4F:AB:8D:8C,244,2343,CF1E:DB:57:17:81:40:03:97:02:D8:DC:5B:BD:34:A6:22:AA:B8:53:AC:74:92:4B:6D:95:1D:D5:75:2C:00:40:5B,1,CP1ySjqEX0_TyXtRysx,AEAD_AES_256_GCM,FEFD
T01,1776276571525.798,transport,14605,2035482,TLS_ECDHE_ECDSA_WITH_CHACHA20_POLY1305_SHA256,client,connected,oVi3,controlling,connected,CF9E:0C:9B:A6:A2:03:F6:6B:6B:20:85:17:87:C0:65:8D:12:68:50:65:48:E3:42:50:C9:03:C1:01:4F:AB:8D:8C,244,2343,CF1E:DB:57:17:81:40:03:97:02:D8:DC:5B:BD:34:A6:22:AA:B8:53:AC:74:92:4B:6D:95:1D:D5:75:2C:00:40:5B,1,CP1ySjqEX0_TyXtRysx,AEAD_AES_256_GCM,FEFD
T01,1776276571725.884,transport,14605,2035558,TLS_ECDHE_ECDSA_WITH_CHACHA20_POLY1305_SHA256,client,connected,oVi3,controlling,connected,CF9E:0C:9B:A6:A2:03:F6:6B:6B:20:85:17:87:C0:65:8D:12:68:50:65:48:E3:42:50:C9:03:C1:01:4F:AB:8D:8C,244,2344,CF1E:DB:57:17:81:40:03:97:02:D8:DC:5B:BD:34:A6:22:AA:B8:53:AC:74:92:4B:6D:95:1D:D5:75:2C:00:40:5B,1,CP1ySjqEX0_TyXtRysx,AEAD_AES_256_GCM,FEFD
T01,1776276571725.884,transport,14605,2035558,TLS_ECDHE_ECDSA_WITH_CHACHA20_POLY1305_SHA256,client,connected,oVi3,controlling,connected,CF9E:0C:9B:A6:A2:03:F6:6B:6B:20:85:17:87:C0:65:8D:12:68:50:65:48:E3:42:50:C9:03:C1:01:4F:AB:8D:8C,244,2344,CF1E:DB:57:17:81:40:03:97:02:D8:DC:5B:BD:34:A6:22:AA:B8:53:AC:74:92:4B:6D:95:1D:D5:75:2C:00:40:5B,1,CP1ySjqEX0_TyXtRysx,AEAD_AES_256_GCM,FEFD
T01,1776276571926.01,transport,14701,2035558,TLS_ECDHE_ECDSA_WITH_CHACHA20_POLY1305_SHA256,client,connected,oVi3,controlling,connected,CF9E:0C:9B:A6:A2:03:F6:6B:6B:20:85:17:87:C0:65:8D:12:68:50:65:48:E3:42:50:C9:03:C1:01:4F:AB:8D:8C,245,2344,CF1E:DB:57:17:81:40:03:97:02:D8:DC:5B:BD:34:A6:22:AA:B8:53:AC:74:92:4B:6D:95:1D:D5:75:2C:00:40:5B,1,CP1ySjqEX0_TyXtRysx,AEAD_AES_256_GCM,FEFD
T01,1776276571926.01,transport,14701,2035558,TLS_ECDHE_ECDSA_WITH_CHACHA20_POLY1305_SHA256,client,connected,oVi3,controlling,connected,CF9E:0C:9B:A6:A2:03:F6:6B:6B:20:85:17:87:C0:65:8D:12:68:50:65:48:E3:42:50:C9:03:C1:01:4F:AB:8D:8C,245,2344,CF1E:DB:57:17:81:40:03:97:02:D8:DC:5B:BD:34:A6:22:AA:B8:53:AC:74:92:4B:6D:95:1D:D5:75:2C:00:40:5B,1,CP1ySjqEX0_TyXtRysx,AEAD_AES_256_GCM,FEFD
T01,1776276572125.884,transport,14701,2035558,TLS_ECDHE_ECDSA_WITH_CHACHA20_POLY1305_SHA256,client,connected,oVi3,controlling,connected,CF9E:0C:9B:A6:A2:03:F6:6B:6B:20:85:17:87:C0:65:8D:12:68:50:65:48:E3:42:50:C9:03:C1:01:4F:AB:8D:8C,245,2344,CF1E:DB:57:17:81:40:03:97:02:D8:DC:5B:BD:34:A6:22:AA:B8:53:AC:74:92:4B:6D:95:1D:D5:75:2C:00:40:5B,1,CP1ySjqEX0_TyXtRysx,AEAD_AES_256_GCM,FEFD
T01,1776276572125.884,transport,14701,2035558,TLS_ECDHE_ECDSA_WITH_CHACHA20_POLY1305_SHA256,client,connected,oVi3,controlling,connected,CF9E:0C:9B:A6:A2:03:F6:6B:6B:20:85:17:87:C0:65:8D:12:68:50:65:48:E3:42:50:C9:03:C1:01:4F:AB:8D:8C,245,2344,CF1E:DB:57:17:81:40:03:97:02:D8:DC:5B:BD:34:A6:22:AA:B8:53:AC:74:92:4B:6D:95:1D:D5:75:2C:00:40:5B,1,CP1ySjqEX0_TyXtRysx,AEAD_AES_256_GCM,FEFD
T01,1776276572325.898,transport,14701,2035658,TLS_ECDHE_ECDSA_WITH_CHACHA20_POLY1305_SHA256,client,connected,oVi3,controlling,connected,CF9E:0C:9B:A6:A2:03:F6:6B:6B:20:85:17:87:C0:65:8D:12:68:50:65:48:E3:42:50:C9:03:C1:01:4F:AB:8D:8C,245,2345,CF1E:DB:57:17:81:40:03:97:02:D8:DC:5B:BD:34:A6:22:AA:B8:53:AC:74:92:4B:6D:95:1D:D5:75:2C:00:40:5B,1,CP1ySjqEX0_TyXtRysx,AEAD_AES_256_GCM,FEFD
T01,1776276572325.898,transport,14701,2035658,TLS_ECDHE_ECDSA_WITH_CHACHA20_POLY1305_SHA256,client,connected,oVi3,controlling,connected,CF9E:0C:9B:A6:A2:03:F6:6B:6B:20:85:17:87:C0:65:8D:12:68:50:65:48:E3:42:50:C9:03:C1:01:4F:AB:8D:8C,245,2345,CF1E:DB:57:17:81:40:03:97:02:D8:DC:5B:BD:34:A6:22:AA:B8:53:AC:74:92:4B:6D:95:1D:D5:75:2C:00:40:5B,1,CP1ySjqEX0_TyXtRysx,AEAD_AES_256_GCM,FEFD
T01,1776276572525.856,transport,14701,2035658,TLS_ECDHE_ECDSA_WITH_CHACHA20_POLY1305_SHA256,client,connected,oVi3,controlling,connected,CF9E:0C:9B:A6:A2:03:F6:6B:6B:20:85:17:87:C0:65:8D:12:68:50:65:48:E3:42:50:C9:03:C1:01:4F:AB:8D:8C,245,2345,CF1E:DB:57:17:81:40:03:97:02:D8:DC:5B:BD:34:A6:22:AA:B8:53:AC:74:92:4B:6D:95:1D:D5:75:2C:00:40:5B,1,CP1ySjqEX0_TyXtRysx,AEAD_AES_256_GCM,FEFD
T01,1776276572525.856,transport,14701,2035658,TLS_ECDHE_ECDSA_WITH_CHACHA20_POLY1305_SHA256,client,connected,oVi3,controlling,connected,CF9E:0C:9B:A6:A2:03:F6:6B:6B:20:85:17:87:C0:65:8D:12:68:50:65:48:E3:42:50:C9:03:C1:01:4F:AB:8D:8C,245,2345,CF1E:DB:57:17:81:40:03:97:02:D8:DC:5B:BD:34:A6:22:AA:B8:53:AC:74:92:4B:6D:95:1D:D5:75:2C:00:40:5B,1,CP1ySjqEX0_TyXtRysx,AEAD_AES_256_GCM,FEFD
T01,1776276572725.899,transport,14701,2035658,TLS_ECDHE_ECDSA_WITH_CHACHA20_POLY1305_SHA256,client,connected,oVi3,controlling,connected,CF9E:0C:9B:A6:A2:03:F6:6B:6B:20:85:17:87:C0:65:8D:12:68:50:65:48:E3:42:50:C9:03:C1:01:4F:AB:8D:8C,245,2345,CF1E:DB:57:17:81:40:03:97:02:D8:DC:5B:BD:34:A6:22:AA:B8:53:AC:74:92:4B:6D:95:1D:D5:75:2C:00:40:5B,1,CP1ySjqEX0_TyXtRysx,AEAD_AES_256_GCM,FEFD
T01,1776276572725.899,transport,14701,2035658,TLS_ECDHE_ECDSA_WITH_CHACHA20_POLY1305_SHA256,client,connected,oVi3,controlling,connected,CF9E:0C:9B:A6:A2:03:F6:6B:6B:20:85:17:87:C0:65:8D:12:68:50:65:48:E3:42:50:C9:03:C1:01:4F:AB:8D:8C,245,2345,CF1E:DB:57:17:81:40:03:97:02:D8:DC:5B:BD:34:A6:22:AA:B8:53:AC:74:92:4B:6D:95:1D:D5:75:2C:00:40:5B,1,CP1ySjqEX0_TyXtRysx,AEAD_AES_256_GCM,FEFD
T01,1776276572925.919,transport,14701,2035658,TLS_ECDHE_ECDSA_WITH_CHACHA20_POLY1305_SHA256,client,connected,oVi3,controlling,connected,CF9E:0C:9B:A6:A2:03:F6:6B:6B:20:85:17:87:C0:65:8D:12:68:50:65:48:E3:42:50:C9:03:C1:01:4F:AB:8D:8C,245,2345,CF1E:DB:57:17:81:40:03:97:02:D8:DC:5B:BD:34:A6:22:AA:B8:53:AC:74:92:4B:6D:95:1D:D5:75:2C:00:40:5B,1,CP1ySjqEX0_TyXtRysx,AEAD_AES_256_GCM,FEFD
T01,1776276572925.919,transport,14701,2035658,TLS_ECDHE_ECDSA_WITH_CHACHA20_POLY1305_SHA256,client,connected,oVi3,controlling,connected,CF9E:0C:9B:A6:A2:03:F6:6B:6B:20:85:17:87:C0:65:8D:12:68:50:65:48:E3:42:50:C9:03:C1:01:4F:AB:8D:8C,245,2345,CF1E:DB:57:17:81:40:03:97:02:D8:DC:5B:BD:34:A6:22:AA:B8:53:AC:74:92:4B:6D:95:1D:D5:75:2C:00:40:5B,1,CP1ySjqEX0_TyXtRysx,AEAD_AES_256_GCM,FEFD
T01,1776276573125.837,transport,14701,2035658,TLS_ECDHE_ECDSA_WITH_CHACHA20_POLY1305_SHA256,client,connected,oVi3,controlling,connected,CF9E:0C:9B:A6:A2:03:F6:6B:6B:20:85:17:87:C0:65:8D:12:68:50:65:48:E3:42:50:C9:03:C1:01:4F:AB:8D:8C,245,2345,CF1E:DB:57:17:81:40:03:97:02:D8:DC:5B:BD:34:A6:22:AA:B8:53:AC:74:92:4B:6D:95:1D:D5:75:2C:00:40:5B,1,CP1ySjqEX0_TyXtRysx,AEAD_AES_256_GCM,FEFD
T01,1776276573125.837,transport,14701,2035658,TLS_ECDHE_ECDSA_WITH_CHACHA20_POLY1305_SHA256,client,connected,oVi3,controlling,connected,CF9E:0C:9B:A6:A2:03:F6:6B:6B:20:85:17:87:C0:65:8D:12:68:50:65:48:E3:42:50:C9:03:C1:01:4F:AB:8D:8C,245,2345,CF1E:DB:57:17:81:40:03:97:02:D8:DC:5B:BD:34:A6:22:AA:B8:53:AC:74:92:4B:6D:95:1D:D5:75:2C:00:40:5B,1,CP1ySjqEX0_TyXtRysx,AEAD_AES_256_GCM,FEFD

track,timestamp,framerate,width,height
0,1776276545126,30,1920,1080
0,1776276545325,30,1920,1080
0,1776276545527,30,1920,1080
0,1776276545727,30,1920,1080
0,1776276545925,30,1920,1080
0,1776276546126,30,1920,1080
0,1776276546326,30,1920,1080
0,1776276546527,30,1920,1080
0,1776276546726,30,1920,1080
0,1776276546926,30,1920,1080
0,1776276547127,30,1920,1080
0,1776276547326,30,1920,1080
0,1776276547526,30,1920,1080
0,1776276547726,30,1920,1080
0,1776276547927,30,1920,1080
0,1776276548126,30,1920,1080
0,1776276548326,30,1920,1080
0,1776276548526,30,1920,1080
0,1776276548726,30,1920,1080
0,1776276548926,30,1920,1080
0,1776276549127,30,1920,1080
0,1776276549326,30,1920,1080
0,1776276549526,30,1920,1080
0,1776276549726,30,1920,1080
0,1776276549926,30,1920,1080
0,1776276550126,30,1920,1080
0,1776276550326,30,1920,1080
0,1776276550527,30,1920,1080
0,1776276550726,30,1920,1080
0,1776276550926,30,1920,1080
0,1776276551127,30,1920,1080
0,1776276551326,30,1920,1080
0,1776276551526,30,1920,1080
0,1776276551727,30,1920,1080
0,1776276551927,30,1920,1080
0,1776276552127,30,1920,1080
0,1776276552326,30,1920,1080
0,1776276552526,30,1920,1080
0,1776276552726,30,1920,1080
0,1776276552927,30,1920,1080
0,1776276553127,30,1920,1080
0,1776276553327,30,1920,1080
0,1776276553526,30,1920,1080
0,1776276553727,30,1920,1080
0,1776276553927,30,1920,1080
0,1776276554126,30,1920,1080
0,1776276554326,30,1920,1080
0,1776276554526,30,1920,1080
0,1776276554727,30,1920,1080
0,1776276554926,30,1920,1080
0,1776276555127,30,1920,1080
0,1776276555326,30,1920,1080
0,1776276555526,30,1920,1080
0,1776276555726,30,1920,1080
0,1776276555926,30,1920,1080
0,1776276556126,30,1920,1080
0,1776276556326,30,1920,1080
0,1776276556526,30,1920,1080
0,1776276556726,30,1920,1080
0,1776276556927,30,1920,1080
0,1776276557126,30,1920,1080
0,1776276557326,30,1920,1080
0,1776276557526,30,1920,1080
0,1776276557726,30,1920,1080
0,1776276557926,30,1920,1080
0,1776276558127,30,1920,1080
0,1776276558326,30,1920,1080
0,1776276558527,30,1920,1080
0,1776276558726,30,1920,1080
0,1776276558926,30,1920,1080
0,1776276559126,30,1920,1080
0,1776276559326,30,1920,1080
0,1776276559526,30,1920,1080
0,1776276559726,30,1920,1080
0,1776276559927,30,1920,1080
0,1776276560126,30,1920,1080
0,1776276560326,30,1920,1080
0,1776276560526,30,1920,1080
0,1776276560726,30,1920,1080
0,1776276560927,30,1920,1080
0,1776276561126,30,1920,1080
0,1776276561326,30,1920,1080
0,1776276561526,30,1920,1080
0,1776276561726,30,1920,1080
0,1776276561926,30,1920,1080
0,1776276562126,30,1920,1080
0,1776276562326,30,1920,1080
0,1776276562526,30,1920,1080
0,1776276562726,30,1920,1080
0,1776276562926,30,1920,1080
0,1776276563126,30,1920,1080
0,1776276563325,30,1920,1080
0,1776276563527,30,1920,1080
0,1776276563726,30,1920,1080
0,1776276563926,30,1920,1080
0,1776276564126,30,1920,1080
0,1776276564326,30,1920,1080
0,1776276564527,30,1920,1080
0,1776276564726,30,1920,1080
0,1776276564927,30,1920,1080
0,1776276565126,30,1920,1080
0,1776276565327,30,1920,1080
0,1776276565526,30,1920,1080
0,1776276565727,30,1920,1080
0,1776276565926,30,1920,1080
0,1776276566127,30,1920,1080
0,1776276566326,30,1920,1080
0,1776276566526,30,1920,1080
0,1776276566726,30,1920,1080
0,1776276566926,30,1920,1080
0,1776276567126,30,1920,1080
0,1776276567326,30,1920,1080
0,1776276567527,30,1920,1080
0,1776276567726,30,1920,1080
0,1776276567926,30,1920,1080
0,1776276568126,30,1920,1080
0,1776276568326,30,1920,1080
0,1776276568527,30,1920,1080
0,1776276568726,30,1920,1080
0,1776276568926,30,1920,1080
0,1776276569127,30,1920,1080
0,1776276569327,30,1920,1080
0,1776276569526,30,1920,1080
0,1776276569727,30,1920,1080
0,1776276569926,30,1920,1080
0,1776276570127,30,1920,1080
0,1776276570327,30,1920,1080
0,1776276570526,30,1920,1080
0,1776276570727,30,1920,1080
0,1776276570926,30,1920,1080
0,1776276571127,30,1920,1080
0,1776276571327,30,1920,1080
0,1776276571526,30,1920,1080
0,1776276571727,30,1920,1080
0,1776276571927,30,1920,1080
0,1776276572127,30,1920,1080
0,1776276572327,30,1920,1080
0,1776276572526,30,1920,1080
0,1776276572726,30,1920,1080
0,1776276572927,30,1920,1080
0,1776276573126,30,1920,1080