id,timestamp,type,codecId,kind,mediaType,ssrc,transportId,bytesSent,packetsSent,active,encodingIndex,firCount,framesEncoded,framesSent,headerBytesSent,hugeFramesSent,keyFramesEncoded,mediaSourceId,mid,nackCount,packetsSentWithEct1,pliCount,qualityLimitationDurations,qualityLimitationReason,qualityLimitationResolutionChanges,retransmittedBytesSent,retransmittedPacketsSent,rid,rtxSsrc,totalEncodeTime,totalEncodedBytesTarget,totalPacketSendDelay
OT01V2092195203,1776278718817.628,outbound-rtp,COT01_98_profile-id=0,video,video,2092195203,T01,0,0,true,0,0,0,0,0,0,0,SV319,0,0,0,0,[object Object],none,0,0,0,r0,885152306,0,0,0
OT01V2757475050,1776278718817.628,outbound-rtp,COT01_98_profile-id=0,video,video,2757475050,T01,0,0,true,1,0,0,0,0,0,0,SV319,0,0,0,0,[object Object],none,0,0,0,r1,2957950613,0,0,0
OT01V937188931,1776278718817.628,outbound-rtp,COT01_98_profile-id=0,video,video,937188931,T01,0,0,true,2,0,0,0,0,0,0,SV319,0,0,0,0,[object Object],none,0,0,0,r2,1532025139,0,0,0
OT01V2092195203,1776278718817.628,outbound-rtp,COT01_98_profile-id=0,video,video,2092195203,T01,0,0,true,0,0,0,0,0,0,0,SV319,0,0,0,0,[object Object],none,0,0,0,r0,885152306,0,0,0
OT01V2757475050,1776278718817.628,outbound-rtp,COT01_98_profile-id=0,video,video,2757475050,T01,0,0,true,1,0,0,0,0,0,0,SV319,0,0,0,0,[object Object],none,0,0,0,r1,2957950613,0,0,0
OT01V937188931,1776278718817.628,outbound-rtp,COT01_98_profile-id=0,video,video,937188931,T01,0,0,true,2,0,0,0,0,0,0,SV319,0,0,0,0,[object Object],none,0,0,0,r2,1532025139,0,0,0
OT01V2092195203,1776278719017.59,outbound-rtp,COT01_98_profile-id=0,video,video,2092195203,T01,8343,10,true,0,0,4,4,547,1,1,SV319,0,0,0,0,[object Object],bandwidth,0,0,0,r0,885152306,0.171,0,0.110833
OT01V2757475050,1776278719017.59,outbound-rtp,COT01_98_profile-id=0,video,video,2757475050,T01,0,0,true,1,0,0,0,0,0,0,SV319,0,0,0,0,[object Object],bandwidth,0,0,0,r1,2957950613,0,0,0
OT01V937188931,1776278719017.59,outbound-rtp,COT01_98_profile-id=0,video,video,937188931,T01,0,1,true,2,0,0,0,283,0,0,SV319,0,0,0,0,[object Object],bandwidth,0,0,0,r2,1532025139,0,0,0
OT01V2092195203,1776278719017.59,outbound-rtp,COT01_98_profile-id=0,video,video,2092195203,T01,8343,10,true,0,0,4,4,547,1,1,SV319,0,0,0,0,[object Object],bandwidth,0,0,0,r0,885152306,0.171,0,0.110833
OT01V2757475050,1776278719017.59,outbound-rtp,COT01_98_profile-id=0,video,video,2757475050,T01,0,0,true,1,0,0,0,0,0,0,SV319,0,0,0,0,[object Object],bandwidth,0,0,0,r1,2957950613,0,0,0
OT01V937188931,1776278719017.59,outbound-rtp,COT01_98_profile-id=0,video,video,937188931,T01,0,1,true,2,0,0,0,283,0,0,SV319,0,0,0,0,[object Object],bandwidth,0,0,0,r2,1532025139,0,0,0
OT01V2092195203,1776278719217.848,outbound-rtp,COT01_98_profile-id=0,video,video,2092195203,T01,12499,16,true,0,0,11,11,715,1,1,SV319,0,0,0,0,[object Object],bandwidth,0,0,0,r0,885152306,0.311,0,0.7547809999999999
OT01V2757475050,1776278719217.848,outbound-rtp,COT01_98_profile-id=0,video,video,2757475050,T01,0,0,true,1,0,0,0,0,0,0,SV319,0,0,0,0,[object Object],bandwidth,0,0,0,r1,2957950613,0,0,0
OT01V937188931,1776278719217.848,outbound-rtp,COT01_98_profile-id=0,video,video,937188931,T01,0,1,true,2,0,0,0,283,0,0,SV319,0,0,0,0,[object Object],bandwidth,0,0,0,r2,1532025139,0,0,0
OT01V2092195203,1776278719217.848,outbound-rtp,COT01_98_profile-id=0,video,video,2092195203,T01,12499,16,true,0,0,11,11,715,1,1,SV319,0,0,0,0,[object Object],bandwidth,0,0,0,r0,885152306,0.311,0,0.7547809999999999
OT01V2757475050,1776278719217.848,outbound-rtp,COT01_98_profile-id=0,video,video,2757475050,T01,0,0,true,1,0,0,0,0,0,0,SV319,0,0,0,0,[object Object],bandwidth,0,0,0,r1,2957950613,0,0,0
OT01V937188931,1776278719217.848,outbound-rtp,COT01_98_profile-id=0,video,video,937188931,T01,0,1,true,2,0,0,0,283,0,0,SV319,0,0,0,0,[object Object],bandwidth,0,0,0,r2,1532025139,0,0,0
OT01V2092195203,1776278719417.754,outbound-rtp,COT01_98_profile-id=0,video,video,2092195203,T01,20529,26,true,0,0,16,16,995,1,1,SV319,0,0,0,0,[object Object],bandwidth,0,0,0,r0,885152306,0.395,0,1.443541
OT01V2757475050,1776278719417.754,outbound-rtp,COT01_98_profile-id=0,video,video,2757475050,T01,0,0,true,1,0,0,0,0,0,0,SV319,0,0,0,0,[object Object],bandwidth,0,0,0,r1,2957950613,0,0,0
OT01V937188931,1776278719417.754,outbound-rtp,COT01_98_profile-id=0,video,video,937188931,T01,0,1,true,2,0,0,0,283,0,0,SV319,0,0,0,0,[object Object],bandwidth,0,0,0,r2,1532025139,0,0,0
OT01V2092195203,1776278719417.754,outbound-rtp,COT01_98_profile-id=0,video,video,2092195203,T01,20529,26,true,0,0,16,16,995,1,1,SV319,0,0,0,0,[object Object],bandwidth,0,0,0,r0,885152306,0.395,0,1.443541
OT01V2757475050,1776278719417.754,outbound-rtp,COT01_98_profile-id=0,video,video,2757475050,T01,0,0,true,1,0,0,0,0,0,0,SV319,0,0,0,0,[object Object],bandwidth,0,0,0,r1,2957950613,0,0,0
OT01V937188931,1776278719417.754,outbound-rtp,COT01_98_profile-id=0,video,video,937188931,T01,0,1,true,2,0,0,0,283,0,0,SV319,0,0,0,0,[object Object],bandwidth,0,0,0,r2,1532025139,0,0,0
OT01V2092195203,1776278719617.662,outbound-rtp,COT01_98_profile-id=0,video,video,2092195203,T01,27354,37,true,0,0,22,22,1259,1,1,SV319,0,0,0,0,[object Object],bandwidth,0,0,0,r0,885152306,0.499,0,1.481392
OT01V2757475050,1776278719617.662,outbound-rtp,COT01_98_profile-id=0,video,video,2757475050,T01,0,0,true,1,0,0,0,0,0,0,SV319,0,0,0,0,[object Object],bandwidth,0,0,0,r1,2957950613,0,0,0
OT01V937188931,1776278719617.662,outbound-rtp,COT01_98_profile-id=0,video,video,937188931,T01,0,1,true,2,0,0,0,283,0,0,SV319,0,0,0,0,[object Object],bandwidth,0,0,0,r2,1532025139,0,0,0
OT01V2092195203,1776278719617.662,outbound-rtp,COT01_98_profile-id=0,video,video,2092195203,T01,27354,37,true,0,0,22,22,1259,1,1,SV319,0,0,0,0,[object Object],bandwidth,0,0,0,r0,885152306,0.499,0,1.481392
OT01V2757475050,1776278719617.662,outbound-rtp,COT01_98_profile-id=0,video,video,2757475050,T01,0,0,true,1,0,0,0,0,0,0,SV319,0,0,0,0,[object Object],bandwidth,0,0,0,r1,2957950613,0,0,0
OT01V937188931,1776278719617.662,outbound-rtp,COT01_98_profile-id=0,video,video,937188931,T01,0,1,true,2,0,0,0,283,0,0,SV319,0,0,0,0,[object Object],bandwidth,0,0,0,r2,1532025139,0,0,0
OT01V2092195203,1776278719817.609,outbound-rtp,COT01_98_profile-id=0,video,video,2092195203,T01,32519,45,true,0,0,28,28,1706,1,1,SV319,0,0,0,0,[object Object],bandwidth,0,0,0,r0,885152306,0.598,0,1.481398
OT01V2757475050,1776278719817.609,outbound-rtp,COT01_98_profile-id=0,video,video,2757475050,T01,0,0,true,1,0,0,0,0,0,0,SV319,0,0,0,0,[object Object],bandwidth,0,0,0,r1,2957950613,0,0,0
OT01V937188931,1776278719817.609,outbound-rtp,COT01_98_profile-id=0,video,video,937188931,T01,0,1,true,2,0,0,0,283,0,0,SV319,0,0,0,0,[object Object],bandwidth,0,0,0,r2,1532025139,0,0,0
OT01V2092195203,1776278719817.609,outbound-rtp,COT01_98_profile-id=0,video,video,2092195203,T01,32519,45,true,0,0,28,28,1706,1,1,SV319,0,0,0,0,[object Object],bandwidth,0,0,0,r0,885152306,0.598,0,1.481398
OT01V2757475050,1776278719817.609,outbound-rtp,COT01_98_profile-id=0,video,video,2757475050,T01,0,0,true,1,0,0,0,0,0,0,SV319,0,0,0,0,[object Object],bandwidth,0,0,0,r1,2957950613,0,0,0
OT01V937188931,1776278719817.609,outbound-rtp,COT01_98_profile-id=0,video,video,937188931,T01,0,1,true,2,0,0,0,283,0,0,SV319,0,0,0,0,[object Object],bandwidth,0,0,0,r2,1532025139,0,0,0
OT01V2092195203,1776278720017.778,outbound-rtp,COT01_98_profile-id=0,video,video,2092195203,T01,38096,62,true,0,0,34,34,4409,1,1,SV319,0,0,0,0,[object Object],bandwidth,0,0,0,r0,885152306,0.695,0,1.481404
OT01V2757475050,1776278720017.778,outbound-rtp,COT01_98_profile-id=0,video,video,2757475050,T01,0,0,true,1,0,0,0,0,0,0,SV319,0,0,0,0,[object Object],bandwidth,0,0,0,r1,2957950613,0,0,0
OT01V937188931,1776278720017.778,outbound-rtp,COT01_98_profile-id=0,video,video,937188931,T01,0,1,true,2,0,0,0,283,0,0,SV319,0,0,0,0,[object Object],bandwidth,0,0,0,r2,1532025139,0,0,0
OT01V2092195203,1776278720017.778,outbound-rtp,COT01_98_profile-id=0,video,video,2092195203,T01,38096,62,true,0,0,34,34,4409,1,1,SV319,0,0,0,0,[object Object],bandwidth,0,0,0,r0,885152306,0.695,0,1.481404
OT01V2757475050,1776278720017.778,outbound-rtp,COT01_98_profile-id=0,video,video,2757475050,T01,0,0,true,1,0,0,0,0,0,0,SV319,0,0,0,0,[object Object],bandwidth,0,0,0,r1,2957950613,0,0,0
OT01V937188931,1776278720017.778,outbound-rtp,COT01_98_profile-id=0,video,video,937188931,T01,0,1,true,2,0,0,0,283,0,0,SV319,0,0,0,0,[object Object],bandwidth,0,0,0,r2,1532025139,0,0,0
OT01V2092195203,1776278720217.653,outbound-rtp,COT01_98_profile-id=0,video,video,2092195203,T01,43036,75,true,0,0,40,40,6251,1,1,SV319,0,0,0,0,[object Object],bandwidth,0,0,0,r0,885152306,0.788,0,1.481409
OT01V2757475050,1776278720217.653,outbound-rtp,COT01_98_profile-id=0,video,video,2757475050,T01,0,0,true,1,0,0,0,0,0,0,SV319,0,0,0,0,[object Object],bandwidth,0,0,0,r1,2957950613,0,0,0
OT01V937188931,1776278720217.653,outbound-rtp,COT01_98_profile-id=0,video,video,937188931,T01,0,1,true,2,0,0,0,283,0,0,SV319,0,0,0,0,[object Object],bandwidth,0,0,0,r2,1532025139,0,0,0
OT01V2092195203,1776278720217.653,outbound-rtp,COT01_98_profile-id=0,video,video,2092195203,T01,43036,75,true,0,0,40,40,6251,1,1,SV319,0,0,0,0,[object Object],bandwidth,0,0,0,r0,885152306,0.788,0,1.481409
OT01V2757475050,1776278720217.653,outbound-rtp,COT01_98_profile-id=0,video,video,2757475050,T01,0,0,true,1,0,0,0,0,0,0,SV319,0,0,0,0,[object Object],bandwidth,0,0,0,r1,2957950613,0,0,0
OT01V937188931,1776278720217.653,outbound-rtp,COT01_98_profile-id=0,video,video,937188931,T01,0,1,true,2,0,0,0,283,0,0,SV319,0,0,0,0,[object Object],bandwidth,0,0,0,r2,1532025139,0,0,0
OT01V2092195203,1776278720417.698,outbound-rtp,COT01_98_profile-id=0,video,video,2092195203,T01,47309,97,true,0,0,45,45,10604,1,1,SV319,0,0,0,0,[object Object],bandwidth,0,0,0,r0,885152306,0.875,0,1.481415
OT01V2757475050,1776278720417.698,outbound-rtp,COT01_98_profile-id=0,video,video,2757475050,T01,0,0,true,1,0,0,0,0,0,0,SV319,0,0,0,0,[object Object],bandwidth,0,0,0,r1,2957950613,0,0,0
OT01V937188931,1776278720417.698,outbound-rtp,COT01_98_profile-id=0,video,video,937188931,T01,0,1,true,2,0,0,0,283,0,0,SV319,0,0,0,0,[object Object],bandwidth,0,0,0,r2,1532025139,0,0,0
OT01V2092195203,1776278720417.698,outbound-rtp,COT01_98_profile-id=0,video,video,2092195203,T01,47309,97,true,0,0,45,45,10604,1,1,SV319,0,0,0,0,[object Object],bandwidth,0,0,0,r0,885152306,0.875,0,1.481415
OT01V2757475050,1776278720417.698,outbound-rtp,COT01_98_profile-id=0,video,video,2757475050,T01,0,0,true,1,0,0,0,0,0,0,SV319,0,0,0,0,[object Object],bandwidth,0,0,0,r1,2957950613,0,0,0
OT01V937188931,1776278720417.698,outbound-rtp,COT01_98_profile-id=0,video,video,937188931,T01,0,1,true,2,0,0,0,283,0,0,SV319,0,0,0,0,[object Object],bandwidth,0,0,0,r2,1532025139,0,0,0
OT01V2092195203,1776278720617.791,outbound-rtp,COT01_98_profile-id=0,video,video,2092195203,T01,52378,110,true,0,0,51,51,12701,1,1,SV319,0,0,0,0,[object Object],bandwidth,0,0,0,r0,885152306,0.975,0,1.481415
OT01V2757475050,1776278720617.791,outbound-rtp,COT01_98_profile-id=0,video,video,2757475050,T01,0,0,true,1,0,0,0,0,0,0,SV319,0,0,0,0,[object Object],bandwidth,0,0,0,r1,2957950613,0,0,0
OT01V937188931,1776278720617.791,outbound-rtp,COT01_98_profile-id=0,video,video,937188931,T01,0,1,true,2,0,0,0,283,0,0,SV319,0,0,0,0,[object Object],bandwidth,0,0,0,r2,1532025139,0,0,0
OT01V2092195203,1776278720617.791,outbound-rtp,COT01_98_profile-id=0,video,video,2092195203,T01,52378,110,true,0,0,51,51,12701,1,1,SV319,0,0,0,0,[object Object],bandwidth,0,0,0,r0,885152306,0.975,0,1.481415
OT01V2757475050,1776278720617.791,outbound-rtp,COT01_98_profile-id=0,video,video,2757475050,T01,0,0,true,1,0,0,0,0,0,0,SV319,0,0,0,0,[object Object],bandwidth,0,0,0,r1,2957950613,0,0,0
OT01V937188931,1776278720617.791,outbound-rtp,COT01_98_profile-id=0,video,video,937188931,T01,0,1,true,2,0,0,0,283,0,0,SV319,0,0,0,0,[object Object],bandwidth,0,0,0,r2,1532025139,0,0,0
OT01V2092195203,1776278720817.669,outbound-rtp,COT01_98_profile-id=0,video,video,2092195203,T01,55613,130,true,0,0,56,56,17006,1,1,SV319,0,0,0,0,[object Object],bandwidth,0,0,0,r0,885152306,1.052,0,1.481415
OT01V2757475050,1776278720817.669,outbound-rtp,COT01_98_profile-id=0,video,video,2757475050,T01,0,0,true,1,0,0,0,0,0,0,SV319,0,0,0,0,[object Object],bandwidth,0,0,0,r1,2957950613,0,0,0
OT01V937188931,1776278720817.669,outbound-rtp,COT01_98_profile-id=0,video,video,937188931,T01,0,1,true,2,0,0,0,283,0,0,SV319,0,0,0,0,[object Object],bandwidth,0,0,0,r2,1532025139,0,0,0
OT01V2092195203,1776278720817.669,outbound-rtp,COT01_98_profile-id=0,video,video,2092195203,T01,55613,130,true,0,0,56,56,17006,1,1,SV319,0,0,0,0,[object Object],bandwidth,0,0,0,r0,885152306,1.052,0,1.481415
OT01V2757475050,1776278720817.669,outbound-rtp,COT01_98_profile-id=0,video,video,2757475050,T01,0,0,true,1,0,0,0,0,0,0,SV319,0,0,0,0,[object Object],bandwidth,0,0,0,r1,2957950613,0,0,0
OT01V937188931,1776278720817.669,outbound-rtp,COT01_98_profile-id=0,video,video,937188931,T01,0,1,true,2,0,0,0,283,0,0,SV319,0,0,0,0,[object Object],bandwidth,0,0,0,r2,1532025139,0,0,0
OT01V2092195203,1776278721017.764,outbound-rtp,COT01_98_profile-id=0,video,video,2092195203,T01,62489,147,true,0,0,63,63,19199,1,1,SV319,0,0,0,0,[object Object],bandwidth,0,0,0,r0,885152306,1.17,0,1.481425
OT01V2757475050,1776278721017.764,outbound-rtp,COT01_98_profile-id=0,video,video,2757475050,T01,0,0,true,1,0,0,0,0,0,0,SV319,0,0,0,0,[object Object],bandwidth,0,0,0,r1,2957950613,0,0,0
OT01V937188931,1776278721017.764,outbound-rtp,COT01_98_profile-id=0,video,video,937188931,T01,0,1,true,2,0,0,0,283,0,0,SV319,0,0,0,0,[object Object],bandwidth,0,0,0,r2,1532025139,0,0,0
OT01V2092195203,1776278721017.764,outbound-rtp,COT01_98_profile-id=0,video,video,2092195203,T01,62489,147,true,0,0,63,63,19199,1,1,SV319,0,0,0,0,[object Object],bandwidth,0,0,0,r0,885152306,1.17,0,1.481425
OT01V2757475050,1776278721017.764,outbound-rtp,COT01_98_profile-id=0,video,video,2757475050,T01,0,0,true,1,0,0,0,0,0,0,SV319,0,0,0,0,[object Object],bandwidth,0,0,0,r1,2957950613,0,0,0
OT01V937188931,1776278721017.764,outbound-rtp,COT01_98_profile-id=0,video,video,937188931,T01,0,1,true,2,0,0,0,283,0,0,SV319,0,0,0,0,[object Object],bandwidth,0,0,0,r2,1532025139,0,0,0
OT01V2092195203,1776278721217.601,outbound-rtp,COT01_98_profile-id=0,video,video,2092195203,T01,69089,161,true,0,0,69,69,20810,1,1,SV319,0,0,0,0,[object Object],bandwidth,0,0,0,r0,885152306,1.261,0,1.514819
OT01V2757475050,1776278721217.601,outbound-rtp,COT01_98_profile-id=0,video,video,2757475050,T01,0,0,true,1,0,0,0,0,0,0,SV319,0,0,0,0,[object Object],bandwidth,0,0,0,r1,2957950613,0,0,0
OT01V937188931,1776278721217.601,outbound-rtp,COT01_98_profile-id=0,video,video,937188931,T01,0,1,true,2,0,0,0,283,0,0,SV319,0,0,0,0,[object Object],bandwidth,0,0,0,r2,1532025139,0,0,0
OT01V2092195203,1776278721217.601,outbound-rtp,COT01_98_profile-id=0,video,video,2092195203,T01,69089,161,true,0,0,69,69,20810,1,1,SV319,0,0,0,0,[object Object],bandwidth,0,0,0,r0,885152306,1.261,0,1.514819
OT01V2757475050,1776278721217.601,outbound-rtp,COT01_98_profile-id=0,video,video,2757475050,T01,0,0,true,1,0,0,0,0,0,0,SV319,0,0,0,0,[object Object],bandwidth,0,0,0,r1,2957950613,0,0,0
OT01V937188931,1776278721217.601,outbound-rtp,COT01_98_profile-id=0,video,video,937188931,T01,0,1,true,2,0,0,0,283,0,0,SV319,0,0,0,0,[object Object],bandwidth,0,0,0,r2,1532025139,0,0,0
OT01V2092195203,1776278721417.61,outbound-rtp,COT01_98_profile-id=0,video,video,2092195203,T01,74650,176,true,0,0,75,75,23210,1,1,SV319,0,0,0,0,[object Object],bandwidth,0,0,0,r0,885152306,1.349,0,1.514821
OT01V2757475050,1776278721417.61,outbound-rtp,COT01_98_profile-id=0,video,video,2757475050,T01,0,0,true,1,0,0,0,0,0,0,SV319,0,0,0,0,[object Object],bandwidth,0,0,0,r1,2957950613,0,0,0
OT01V937188931,1776278721417.61,outbound-rtp,COT01_98_profile-id=0,video,video,937188931,T01,0,1,true,2,0,0,0,283,0,0,SV319,0,0,0,0,[object Object],bandwidth,0,0,0,r2,1532025139,0,0,0
OT01V2092195203,1776278721417.61,outbound-rtp,COT01_98_profile-id=0,video,video,2092195203,T01,74650,176,true,0,0,75,75,23210,1,1,SV319,0,0,0,0,[object Object],bandwidth,0,0,0,r0,885152306,1.349,0,1.514821
OT01V2757475050,1776278721417.61,outbound-rtp,COT01_98_profile-id=0,video,video,2757475050,T01,0,0,true,1,0,0,0,0,0,0,SV319,0,0,0,0,[object Object],bandwidth,0,0,0,r1,2957950613,0,0,0
OT01V937188931,1776278721417.61,outbound-rtp,COT01_98_profile-id=0,video,video,937188931,T01,0,1,true,2,0,0,0,283,0,0,SV319,0,0,0,0,[object Object],bandwidth,0,0,0,r2,1532025139,0,0,0
OT01V2092195203,1776278721617.674,outbound-rtp,COT01_98_profile-id=0,video,video,2092195203,T01,80101,198,true,0,0,81,81,27053,1,1,SV319,0,0,0,0,[object Object],bandwidth,0,0,0,r0,885152306,1.442,0,1.514832
OT01V2757475050,1776278721617.674,outbound-rtp,COT01_98_profile-id=0,video,video,2757475050,T01,0,0,true,1,0,0,0,0,0,0,SV319,0,0,0,0,[object Object],bandwidth,0,0,0,r1,2957950613,0,0,0
OT01V937188931,1776278721617.674,outbound-rtp,COT01_98_profile-id=0,video,video,937188931,T01,0,1,true,2,0,0,0,283,0,0,SV319,0,0,0,0,[object Object],bandwidth,0,0,0,r2,1532025139,0,0,0
OT01V2092195203,1776278721617.674,outbound-rtp,COT01_98_profile-id=0,video,video,2092195203,T01,80101,198,true,0,0,81,81,27053,1,1,SV319,0,0,0,0,[object Object],bandwidth,0,0,0,r0,885152306,1.442,0,1.514832
OT01V2757475050,1776278721617.674,outbound-rtp,COT01_98_profile-id=0,video,video,2757475050,T01,0,0,true,1,0,0,0,0,0,0,SV319,0,0,0,0,[object Object],bandwidth,0,0,0,r1,2957950613,0,0,0
OT01V937188931,1776278721617.674,outbound-rtp,COT01_98_profile-id=0,video,video,937188931,T01,0,1,true,2,0,0,0,283,0,0,SV319,0,0,0,0,[object Object],bandwidth,0,0,0,r2,1532025139,0,0,0
OT01V2092195203,1776278721817.66,outbound-rtp,COT01_98_profile-id=0,video,video,2092195203,T01,85496,214,true,0,0,87,87,29732,1,1,SV319,0,0,0,0,[object Object],bandwidth,0,0,0,r0,885152306,1.537,0,1.514843
OT01V2757475050,1776278721817.66,outbound-rtp,COT01_98_profile-id=0,video,video,2757475050,T01,0,0,true,1,0,0,0,0,0,0,SV319,0,0,0,0,[object Object],bandwidth,0,0,0,r1,2957950613,0,0,0
OT01V937188931,1776278721817.66,outbound-rtp,COT01_98_profile-id=0,video,video,937188931,T01,0,1,true,2,0,0,0,283,0,0,SV319,0,0,0,0,[object Object],bandwidth,0,0,0,r2,1532025139,0,0,0
OT01V2092195203,1776278721817.66,outbound-rtp,COT01_98_profile-id=0,video,video,2092195203,T01,85496,214,true,0,0,87,87,29732,1,1,SV319,0,0,0,0,[object Object],bandwidth,0,0,0,r0,885152306,1.537,0,1.514843
OT01V2757475050,1776278721817.66,outbound-rtp,COT01_98_profile-id=0,video,video,2757475050,T01,0,0,true,1,0,0,0,0,0,0,SV319,0,0,0,0,[object Object],bandwidth,0,0,0,r1,2957950613,0,0,0
OT01V937188931,1776278721817.66,outbound-rtp,COT01_98_profile-id=0,video,video,937188931,T01,0,1,true,2,0,0,0,283,0,0,SV319,0,0,0,0,[object Object],bandwidth,0,0,0,r2,1532025139,0,0,0
OT01V2092195203,1776278722017.758,outbound-rtp,COT01_98_profile-id=0,video,video,2092195203,T01,93554,229,true,0,0,93,93,31367,1,1,SV319,0,0,0,0,[object Object],bandwidth,0,0,0,r0,885152306,1.634,0,1.5817809999999999
OT01V2757475050,1776278722017.758,outbound-rtp,COT01_98_profile-id=0,video,video,2757475050,T01,0,0,true,1,0,0,0,0,0,0,SV319,0,0,0,0,[object Object],bandwidth,0,0,0,r1,2957950613,0,0,0
OT01V937188931,1776278722017.758,outbound-rtp,COT01_98_profile-id=0,video,video,937188931,T01,0,1,true,2,0,0,0,283,0,0,SV319,0,0,0,0,[object Object],bandwidth,0,0,0,r2,1532025139,0,0,0
OT01V2092195203,1776278722017.758,outbound-rtp,COT01_98_profile-id=0,video,video,2092195203,T01,93554,229,true,0,0,93,93,31367,1,1,SV319,0,0,0,0,[object Object],bandwidth,0,0,0,r0,885152306,1.634,0,1.5817809999999999
OT01V2757475050,1776278722017.758,outbound-rtp,COT01_98_profile-id=0,video,video,2757475050,T01,0,0,true,1,0,0,0,0,0,0,SV319,0,0,0,0,[object Object],bandwidth,0,0,0,r1,2957950613,0,0,0
OT01V937188931,1776278722017.758,outbound-rtp,COT01_98_profile-id=0,video,video,937188931,T01,0,1,true,2,0,0,0,283,0,0,SV319,0,0,0,0,[object Object],bandwidth,0,0,0,r2,1532025139,0,0,0
OT01V2092195203,1776278722217.766,outbound-rtp,COT01_98_profile-id=0,video,video,2092195203,T01,99143,245,true,0,0,99,99,33791,1,1,SV319,0,0,0,0,[object Object],bandwidth,0,0,0,r0,885152306,1.733,0,1.612152
OT01V2757475050,1776278722217.766,outbound-rtp,COT01_98_profile-id=0,video,video,2757475050,T01,0,0,true,1,0,0,0,0,0,0,SV319,0,0,0,0,[object Object],bandwidth,0,0,0,r1,2957950613,0,0,0
OT01V937188931,1776278722217.766,outbound-rtp,COT01_98_profile-id=0,video,video,937188931,T01,0,1,true,2,0,0,0,283,0,0,SV319,0,0,0,0,[object Object],bandwidth,0,0,0,r2,1532025139,0,0,0
OT01V2092195203,1776278722217.766,outbound-rtp,COT01_98_profile-id=0,video,video,2092195203,T01,99143,245,true,0,0,99,99,33791,1,1,SV319,0,0,0,0,[object Object],bandwidth,0,0,0,r0,885152306,1.733,0,1.612152
OT01V2757475050,1776278722217.766,outbound-rtp,COT01_98_profile-id=0,video,video,2757475050,T01,0,0,true,1,0,0,0,0,0,0,SV319,0,0,0,0,[object Object],bandwidth,0,0,0,r1,2957950613,0,0,0
OT01V937188931,1776278722217.766,outbound-rtp,COT01_98_profile-id=0,video,video,937188931,T01,0,1,true,2,0,0,0,283,0,0,SV319,0,0,0,0,[object Object],bandwidth,0,0,0,r2,1532025139,0,0,0
OT01V2092195203,1776278722417.741,outbound-rtp,COT01_98_profile-id=0,video,video,2092195203,T01,104249,264,true,0,0,104,104,37307,1,1,SV319,0,0,0,0,[object Object],bandwidth,0,0,0,r0,885152306,1.81,0,1.6121569999999998
OT01V2757475050,1776278722417.741,outbound-rtp,COT01_98_profile-id=0,video,video,2757475050,T01,0,0,true,1,0,0,0,0,0,0,SV319,0,0,0,0,[object Object],bandwidth,0,0,0,r1,2957950613,0,0,0
OT01V937188931,1776278722417.741,outbound-rtp,COT01_98_profile-id=0,video,video,937188931,T01,0,1,true,2,0,0,0,283,0,0,SV319,0,0,0,0,[object Object],bandwidth,0,0,0,r2,1532025139,0,0,0
OT01V2092195203,1776278722417.741,outbound-rtp,COT01_98_profile-id=0,video,video,2092195203,T01,104249,264,true,0,0,104,104,37307,1,1,SV319,0,0,0,0,[object Object],bandwidth,0,0,0,r0,885152306,1.81,0,1.6121569999999998
OT01V2757475050,1776278722417.741,outbound-rtp,COT01_98_profile-id=0,video,video,2757475050,T01,0,0,true,1,0,0,0,0,0,0,SV319,0,0,0,0,[object Object],bandwidth,0,0,0,r1,2957950613,0,0,0
OT01V937188931,1776278722417.741,outbound-rtp,COT01_98_profile-id=0,video,video,937188931,T01,0,1,true,2,0,0,0,283,0,0,SV319,0,0,0,0,[object Object],bandwidth,0,0,0,r2,1532025139,0,0,0
OT01V2092195203,1776278722617.762,outbound-rtp,COT01_98_profile-id=0,video,video,2092195203,T01,112796,277,true,0,0,110,110,38129,1,1,SV319,0,0,0,0,[object Object],bandwidth,0,0,0,r0,885152306,1.915,0,1.6470719999999999
OT01V2757475050,1776278722617.762,outbound-rtp,COT01_98_profile-id=0,video,video,2757475050,T01,0,0,true,1,0,0,0,0,0,0,SV319,0,0,0,0,[object Object],bandwidth,0,0,0,r1,2957950613,0,0,0
OT01V937188931,1776278722617.762,outbound-rtp,COT01_98_profile-id=0,video,video,937188931,T01,0,1,true,2,0,0,0,283,0,0,SV319,0,0,0,0,[object Object],bandwidth,0,0,0,r2,1532025139,0,0,0
OT01V2092195203,1776278722617.762,outbound-rtp,COT01_98_profile-id=0,video,video,2092195203,T01,112796,277,true,0,0,110,110,38129,1,1,SV319,0,0,0,0,[object Object],bandwidth,0,0,0,r0,885152306,1.915,0,1.6470719999999999
OT01V2757475050,1776278722617.762,outbound-rtp,COT01_98_profile-id=0,video,video,2757475050,T01,0,0,true,1,0,0,0,0,0,0,SV319,0,0,0,0,[object Object],bandwidth,0,0,0,r1,2957950613,0,0,0
OT01V937188931,1776278722617.762,outbound-rtp,COT01_98_profile-id=0,video,video,937188931,T01,0,1,true,2,0,0,0,283,0,0,SV319,0,0,0,0,[object Object],bandwidth,0,0,0,r2,1532025139,0,0,0
OT01V2092195203,1776278722817.687,outbound-rtp,COT01_98_profile-id=0,video,video,2092195203,T01,118440,297,true,0,0,116,116,41669,1,1,SV319,0,0,0,0,[object Object],bandwidth,0,0,0,r0,885152306,2.029,0,1.6470829999999999
OT01V2757475050,1776278722817.687,outbound-rtp,COT01_98_profile-id=0,video,video,2757475050,T01,0,0,true,1,0,0,0,0,0,0,SV319,0,0,0,0,[object Object],bandwidth,0,0,0,r1,2957950613,0,0,0
OT01V937188931,1776278722817.687,outbound-rtp,COT01_98_profile-id=0,video,video,937188931,T01,0,1,true,2,0,0,0,283,0,0,SV319,0,0,0,0,[object Object],bandwidth,0,0,0,r2,1532025139,0,0,0
OT01V2092195203,1776278722817.687,outbound-rtp,COT01_98_profile-id=0,video,video,2092195203,T01,118440,297,true,0,0,116,116,41669,1,1,SV319,0,0,0,0,[object Object],bandwidth,0,0,0,r0,885152306,2.029,0,1.6470829999999999
OT01V2757475050,1776278722817.687,outbound-rtp,COT01_98_profile-id=0,video,video,2757475050,T01,0,0,true,1,0,0,0,0,0,0,SV319,0,0,0,0,[object Object],bandwidth,0,0,0,r1,2957950613,0,0,0
OT01V937188931,1776278722817.687,outbound-rtp,COT01_98_profile-id=0,video,video,937188931,T01,0,1,true,2,0,0,0,283,0,0,SV319,0,0,0,0,[object Object],bandwidth,0,0,0,r2,1532025139,0,0,0
OT01V2092195203,1776278723017.733,outbound-rtp,COT01_98_profile-id=0,video,video,2092195203,T01,125683,316,true,0,0,123,123,44930,1,1,SV319,0,0,0,0,[object Object],bandwidth,0,0,0,r0,885152306,2.152,0,1.6470879999999999
OT01V2757475050,1776278723017.733,outbound-rtp,COT01_98_profile-id=0,video,video,2757475050,T01,0,0,true,1,0,0,0,0,0,0,SV319,0,0,0,0,[object Object],bandwidth,0,0,0,r1,2957950613,0,0,0
OT01V937188931,1776278723017.733,outbound-rtp,COT01_98_profile-id=0,video,video,937188931,T01,0,1,true,2,0,0,0,283,0,0,SV319,0,0,0,0,[object Object],bandwidth,0,0,0,r2,1532025139,0,0,0
OT01V2092195203,1776278723017.733,outbound-rtp,COT01_98_profile-id=0,video,video,2092195203,T01,125683,316,true,0,0,123,123,44930,1,1,SV319,0,0,0,0,[object Object],bandwidth,0,0,0,r0,885152306,2.152,0,1.6470879999999999
OT01V2757475050,1776278723017.733,outbound-rtp,COT01_98_profile-id=0,video,video,2757475050,T01,0,0,true,1,0,0,0,0,0,0,SV319,0,0,0,0,[object Object],bandwidth,0,0,0,r1,2957950613,0,0,0
OT01V937188931,1776278723017.733,outbound-rtp,COT01_98_profile-id=0,video,video,937188931,T01,0,1,true,2,0,0,0,283,0,0,SV319,0,0,0,0,[object Object],bandwidth,0,0,0,r2,1532025139,0,0,0
OT01V2092195203,1776278723217.63,outbound-rtp,COT01_98_profile-id=0,video,video,2092195203,T01,131490,335,true,0,0,129,129,48191,1,1,SV319,0,0,0,0,[object Object],bandwidth,0,0,0,r0,885152306,2.25,0,1.6471049999999998
OT01V2757475050,1776278723217.63,outbound-rtp,COT01_98_profile-id=0,video,video,2757475050,T01,0,0,true,1,0,0,0,0,0,0,SV319,0,0,0,0,[object Object],bandwidth,0,0,0,r1,2957950613,0,0,0
OT01V937188931,1776278723217.63,outbound-rtp,COT01_98_profile-id=0,video,video,937188931,T01,0,1,true,2,0,0,0,283,0,0,SV319,0,0,0,0,[object Object],bandwidth,0,0,0,r2,1532025139,0,0,0
OT01V2092195203,1776278723217.63,outbound-rtp,COT01_98_profile-id=0,video,video,2092195203,T01,131490,335,true,0,0,129,129,48191,1,1,SV319,0,0,0,0,[object Object],bandwidth,0,0,0,r0,885152306,2.25,0,1.6471049999999998
OT01V2757475050,1776278723217.63,outbound-rtp,COT01_98_profile-id=0,video,video,2757475050,T01,0,0,true,1,0,0,0,0,0,0,SV319,0,0,0,0,[object Object],bandwidth,0,0,0,r1,2957950613,0,0,0
OT01V937188931,1776278723217.63,outbound-rtp,COT01_98_profile-id=0,video,video,937188931,T01,0,1,true,2,0,0,0,283,0,0,SV319,0,0,0,0,[object Object],bandwidth,0,0,0,r2,1532025139,0,0,0
OT01V2092195203,1776278723417.7,outbound-rtp,COT01_98_profile-id=0,video,video,2092195203,T01,139436,354,true,0,0,135,135,50687,1,1,SV319,0,0,0,0,[object Object],bandwidth,0,0,0,r0,885152306,2.346,0,1.683406
OT01V2757475050,1776278723417.7,outbound-rtp,COT01_98_profile-id=0,video,video,2757475050,T01,0,0,true,1,0,0,0,0,0,0,SV319,0,0,0,0,[object Object],bandwidth,0,0,0,r1,2957950613,0,0,0
OT01V937188931,1776278723417.7,outbound-rtp,COT01_98_profile-id=0,video,video,937188931,T01,0,1,true,2,0,0,0,283,0,0,SV319,0,0,0,0,[object Object],bandwidth,0,0,0,r2,1532025139,0,0,0
OT01V2092195203,1776278723417.7,outbound-rtp,COT01_98_profile-id=0,video,video,2092195203,T01,139436,354,true,0,0,135,135,50687,1,1,SV319,0,0,0,0,[object Object],bandwidth,0,0,0,r0,885152306,2.346,0,1.683406
OT01V2757475050,1776278723417.7,outbound-rtp,COT01_98_profile-id=0,video,video,2757475050,T01,0,0,true,1,0,0,0,0,0,0,SV319,0,0,0,0,[object Object],bandwidth,0,0,0,r1,2957950613,0,0,0
OT01V937188931,1776278723417.7,outbound-rtp,COT01_98_profile-id=0,video,video,937188931,T01,0,1,true,2,0,0,0,283,0,0,SV319,0,0,0,0,[object Object],bandwidth,0,0,0,r2,1532025139,0,0,0
OT01V2092195203,1776278723617.737,outbound-rtp,COT01_98_profile-id=0,video,video,2092195203,T01,146187,370,true,0,0,140,140,53111,1,1,SV319,0,0,0,0,[object Object],bandwidth,0,0,0,r0,885152306,2.427,0,1.7199799999999998
OT01V2757475050,1776278723617.737,outbound-rtp,COT01_98_profile-id=0,video,video,2757475050,T01,0,0,true,1,0,0,0,0,0,0,SV319,0,0,0,0,[object Object],bandwidth,0,0,0,r1,2957950613,0,0,0
OT01V937188931,1776278723617.737,outbound-rtp,COT01_98_profile-id=0,video,video,937188931,T01,0,1,true,2,0,0,0,283,0,0,SV319,0,0,0,0,[object Object],bandwidth,0,0,0,r2,1532025139,0,0,0
OT01V2092195203,1776278723617.737,outbound-rtp,COT01_98_profile-id=0,video,video,2092195203,T01,146187,370,true,0,0,140,140,53111,1,1,SV319,0,0,0,0,[object Object],bandwidth,0,0,0,r0,885152306,2.427,0,1.7199799999999998
OT01V2757475050,1776278723617.737,outbound-rtp,COT01_98_profile-id=0,video,video,2757475050,T01,0,0,true,1,0,0,0,0,0,0,SV319,0,0,0,0,[object Object],bandwidth,0,0,0,r1,2957950613,0,0,0
OT01V937188931,1776278723617.737,outbound-rtp,COT01_98_profile-id=0,video,video,937188931,T01,0,1,true,2,0,0,0,283,0,0,SV319,0,0,0,0,[object Object],bandwidth,0,0,0,r2,1532025139,0,0,0
OT01V2092195203,1776278723817.703,outbound-rtp,COT01_98_profile-id=0,video,video,2092195203,T01,154984,394,true,0,0,147,147,56747,1,1,SV319,0,0,0,0,[object Object],bandwidth,0,0,0,r0,885152306,2.555,0,1.720038
OT01V2757475050,1776278723817.703,outbound-rtp,COT01_98_profile-id=0,video,video,2757475050,T01,0,0,true,1,0,0,0,0,0,0,SV319,0,0,0,0,[object Object],bandwidth,0,0,0,r1,2957950613,0,0,0
OT01V937188931,1776278723817.703,outbound-rtp,COT01_98_profile-id=0,video,video,937188931,T01,0,1,true,2,0,0,0,283,0,0,SV319,0,0,0,0,[object Object],bandwidth,0,0,0,r2,1532025139,0,0,0
OT01V2092195203,1776278723817.703,outbound-rtp,COT01_98_profile-id=0,video,video,2092195203,T01,154984,394,true,0,0,147,147,56747,1,1,SV319,0,0,0,0,[object Object],bandwidth,0,0,0,r0,885152306,2.555,0,1.720038
OT01V2757475050,1776278723817.703,outbound-rtp,COT01_98_profile-id=0,video,video,2757475050,T01,0,0,true,1,0,0,0,0,0,0,SV319,0,0,0,0,[object Object],bandwidth,0,0,0,r1,2957950613,0,0,0
OT01V937188931,1776278723817.703,outbound-rtp,COT01_98_profile-id=0,video,video,937188931,T01,0,1,true,2,0,0,0,283,0,0,SV319,0,0,0,0,[object Object],bandwidth,0,0,0,r2,1532025139,0,0,0
OT01V2092195203,1776278724017.766,outbound-rtp,COT01_98_profile-id=0,video,video,2092195203,T01,160442,414,true,0,0,153,153,60287,1,1,SV319,0,0,0,0,[object Object],bandwidth,0,0,0,r0,885152306,2.658,0,1.720073
OT01V2757475050,1776278724017.766,outbound-rtp,COT01_98_profile-id=0,video,video,2757475050,T01,0,0,true,1,0,0,0,0,0,0,SV319,0,0,0,0,[object Object],bandwidth,0,0,0,r1,2957950613,0,0,0
OT01V937188931,1776278724017.766,outbound-rtp,COT01_98_profile-id=0,video,video,937188931,T01,0,1,true,2,0,0,0,283,0,0,SV319,0,0,0,0,[object Object],bandwidth,0,0,0,r2,1532025139,0,0,0
OT01V2092195203,1776278724017.766,outbound-rtp,COT01_98_profile-id=0,video,video,2092195203,T01,160442,414,true,0,0,153,153,60287,1,1,SV319,0,0,0,0,[object Object],bandwidth,0,0,0,r0,885152306,2.658,0,1.720073
OT01V2757475050,1776278724017.766,outbound-rtp,COT01_98_profile-id=0,video,video,2757475050,T01,0,0,true,1,0,0,0,0,0,0,SV319,0,0,0,0,[object Object],bandwidth,0,0,0,r1,2957950613,0,0,0
OT01V937188931,1776278724017.766,outbound-rtp,COT01_98_profile-id=0,video,video,937188931,T01,0,1,true,2,0,0,0,283,0,0,SV319,0,0,0,0,[object Object],bandwidth,0,0,0,r2,1532025139,0,0,0
OT01V2092195203,1776278724217.716,outbound-rtp,COT01_98_profile-id=0,video,video,2092195203,T01,166472,434,true,0,0,159,159,63827,1,1,SV319,0,0,0,0,[object Object],bandwidth,0,0,0,r0,885152306,2.764,0,1.7201089999999999
OT01V2757475050,1776278724217.716,outbound-rtp,COT01_98_profile-id=0,video,video,2757475050,T01,0,0,true,1,0,0,0,0,0,0,SV319,0,0,0,0,[object Object],bandwidth,0,0,0,r1,2957950613,0,0,0
OT01V937188931,1776278724217.716,outbound-rtp,COT01_98_profile-id=0,video,video,937188931,T01,0,1,true,2,0,0,0,283,0,0,SV319,0,0,0,0,[object Object],bandwidth,0,0,0,r2,1532025139,0,0,0
OT01V2092195203,1776278724217.716,outbound-rtp,COT01_98_profile-id=0,video,video,2092195203,T01,166472,434,true,0,0,159,159,63827,1,1,SV319,0,0,0,0,[object Object],bandwidth,0,0,0,r0,885152306,2.764,0,1.7201089999999999
OT01V2757475050,1776278724217.716,outbound-rtp,COT01_98_profile-id=0,video,video,2757475050,T01,0,0,true,1,0,0,0,0,0,0,SV319,0,0,0,0,[object Object],bandwidth,0,0,0,r1,2957950613,0,0,0
OT01V937188931,1776278724217.716,outbound-rtp,COT01_98_profile-id=0,video,video,937188931,T01,0,1,true,2,0,0,0,283,0,0,SV319,0,0,0,0,[object Object],bandwidth,0,0,0,r2,1532025139,0,0,0
OT01V2092195203,1776278724417.724,outbound-rtp,COT01_98_profile-id=0,video,video,2092195203,T01,170615,460,true,0,0,164,164,69551,1,1,SV319,0,0,0,0,[object Object],bandwidth,0,0,0,r0,885152306,2.839,0,1.720144
OT01V2757475050,1776278724417.724,outbound-rtp,COT01_98_profile-id=0,video,video,2757475050,T01,0,0,true,1,0,0,0,0,0,0,SV319,0,0,0,0,[object Object],bandwidth,0,0,0,r1,2957950613,0,0,0
OT01V937188931,1776278724417.724,outbound-rtp,COT01_98_profile-id=0,video,video,937188931,T01,0,1,true,2,0,0,0,283,0,0,SV319,0,0,0,0,[object Object],bandwidth,0,0,0,r2,1532025139,0,0,0
OT01V2092195203,1776278724417.724,outbound-rtp,COT01_98_profile-id=0,video,video,2092195203,T01,170615,460,true,0,0,164,164,69551,1,1,SV319,0,0,0,0,[object Object],bandwidth,0,0,0,r0,885152306,2.839,0,1.720144
OT01V2757475050,1776278724417.724,outbound-rtp,COT01_98_profile-id=0,video,video,2757475050,T01,0,0,true,1,0,0,0,0,0,0,SV319,0,0,0,0,[object Object],bandwidth,0,0,0,r1,2957950613,0,0,0
OT01V937188931,1776278724417.724,outbound-rtp,COT01_98_profile-id=0,video,video,937188931,T01,0,1,true,2,0,0,0,283,0,0,SV319,0,0,0,0,[object Object],bandwidth,0,0,0,r2,1532025139,0,0,0
OT01V2092195203,1776278724617.703,outbound-rtp,COT01_98_profile-id=0,video,video,2092195203,T01,180846,478,true,0,0,171,171,71513,1,1,SV319,0,0,0,0,[object Object],bandwidth,0,0,0,r0,885152306,2.966,0,1.756919
OT01V2757475050,1776278724617.703,outbound-rtp,COT01_98_profile-id=0,video,video,2757475050,T01,0,0,true,1,0,0,0,0,0,0,SV319,0,0,0,0,[object Object],bandwidth,0,0,0,r1,2957950613,0,0,0
OT01V937188931,1776278724617.703,outbound-rtp,COT01_98_profile-id=0,video,video,937188931,T01,0,1,true,2,0,0,0,283,0,0,SV319,0,0,0,0,[object Object],bandwidth,0,0,0,r2,1532025139,0,0,0
OT01V2092195203,1776278724617.703,outbound-rtp,COT01_98_profile-id=0,video,video,2092195203,T01,180846,478,true,0,0,171,171,71513,1,1,SV319,0,0,0,0,[object Object],bandwidth,0,0,0,r0,885152306,2.966,0,1.756919
OT01V2757475050,1776278724617.703,outbound-rtp,COT01_98_profile-id=0,video,video,2757475050,T01,0,0,true,1,0,0,0,0,0,0,SV319,0,0,0,0,[object Object],bandwidth,0,0,0,r1,2957950613,0,0,0
OT01V937188931,1776278724617.703,outbound-rtp,COT01_98_profile-id=0,video,video,937188931,T01,0,1,true,2,0,0,0,283,0,0,SV319,0,0,0,0,[object Object],bandwidth,0,0,0,r2,1532025139,0,0,0
OT01V2092195203,1776278724817.704,outbound-rtp,COT01_98_profile-id=0,video,video,2092195203,T01,187917,501,true,0,0,177,177,75635,1,1,SV319,0,0,0,0,[object Object],bandwidth,0,0,0,r0,885152306,3.061,0,1.756967
OT01V2757475050,1776278724817.704,outbound-rtp,COT01_98_profile-id=0,video,video,2757475050,T01,0,0,true,1,0,0,0,0,0,0,SV319,0,0,0,0,[object Object],bandwidth,0,0,0,r1,2957950613,0,0,0
OT01V937188931,1776278724817.704,outbound-rtp,COT01_98_profile-id=0,video,video,937188931,T01,0,1,true,2,0,0,0,283,0,0,SV319,0,0,0,0,[object Object],bandwidth,0,0,0,r2,1532025139,0,0,0
OT01V2092195203,1776278724817.704,outbound-rtp,COT01_98_profile-id=0,video,video,2092195203,T01,187917,501,true,0,0,177,177,75635,1,1,SV319,0,0,0,0,[object Object],bandwidth,0,0,0,r0,885152306,3.061,0,1.756967
OT01V2757475050,1776278724817.704,outbound-rtp,COT01_98_profile-id=0,video,video,2757475050,T01,0,0,true,1,0,0,0,0,0,0,SV319,0,0,0,0,[object Object],bandwidth,0,0,0,r1,2957950613,0,0,0
OT01V937188931,1776278724817.704,outbound-rtp,COT01_98_profile-id=0,video,video,937188931,T01,0,1,true,2,0,0,0,283,0,0,SV319,0,0,0,0,[object Object],bandwidth,0,0,0,r2,1532025139,0,0,0
OT01V2092195203,1776278725017.687,outbound-rtp,COT01_98_profile-id=0,video,video,2092195203,T01,193213,527,true,0,0,183,183,80849,1,1,SV319,0,0,0,0,[object Object],bandwidth,0,0,0,r0,885152306,3.158,0,1.7570139999999999
OT01V2757475050,1776278725017.687,outbound-rtp,COT01_98_profile-id=0,video,video,2757475050,T01,0,0,true,1,0,0,0,0,0,0,SV319,0,0,0,0,[object Object],bandwidth,0,0,0,r1,2957950613,0,0,0
OT01V937188931,1776278725017.687,outbound-rtp,COT01_98_profile-id=0,video,video,937188931,T01,0,1,true,2,0,0,0,283,0,0,SV319,0,0,0,0,[object Object],bandwidth,0,0,0,r2,1532025139,0,0,0
OT01V2092195203,1776278725017.687,outbound-rtp,COT01_98_profile-id=0,video,video,2092195203,T01,193213,527,true,0,0,183,183,80849,1,1,SV319,0,0,0,0,[object Object],bandwidth,0,0,0,r0,885152306,3.158,0,1.7570139999999999
OT01V2757475050,1776278725017.687,outbound-rtp,COT01_98_profile-id=0,video,video,2757475050,T01,0,0,true,1,0,0,0,0,0,0,SV319,0,0,0,0,[object Object],bandwidth,0,0,0,r1,2957950613,0,0,0
OT01V937188931,1776278725017.687,outbound-rtp,COT01_98_profile-id=0,video,video,937188931,T01,0,1,true,2,0,0,0,283,0,0,SV319,0,0,0,0,[object Object],bandwidth,0,0,0,r2,1532025139,0,0,0
OT01V2092195203,1776278725217.64,outbound-rtp,COT01_98_profile-id=0,video,video,2092195203,T01,200489,551,true,0,0,189,189,84995,1,1,SV319,0,0,0,0,[object Object],bandwidth,0,0,0,r0,885152306,3.253,0,1.75719
OT01V2757475050,1776278725217.64,outbound-rtp,COT01_98_profile-id=0,video,video,2757475050,T01,0,0,true,1,0,0,0,0,0,0,SV319,0,0,0,0,[object Object],bandwidth,0,0,0,r1,2957950613,0,0,0
OT01V937188931,1776278725217.64,outbound-rtp,COT01_98_profile-id=0,video,video,937188931,T01,0,1,true,2,0,0,0,283,0,0,SV319,0,0,0,0,[object Object],bandwidth,0,0,0,r2,1532025139,0,0,0
OT01V2092195203,1776278725217.64,outbound-rtp,COT01_98_profile-id=0,video,video,2092195203,T01,200489,551,true,0,0,189,189,84995,1,1,SV319,0,0,0,0,[object Object],bandwidth,0,0,0,r0,885152306,3.253,0,1.75719
OT01V2757475050,1776278725217.64,outbound-rtp,COT01_98_profile-id=0,video,video,2757475050,T01,0,0,true,1,0,0,0,0,0,0,SV319,0,0,0,0,[object Object],bandwidth,0,0,0,r1,2957950613,0,0,0
OT01V937188931,1776278725217.64,outbound-rtp,COT01_98_profile-id=0,video,video,937188931,T01,0,1,true,2,0,0,0,283,0,0,SV319,0,0,0,0,[object Object],bandwidth,0,0,0,r2,1532025139,0,0,0
OT01V2092195203,1776278725417.705,outbound-rtp,COT01_98_profile-id=0,video,video,2092195203,T01,209118,569,true,0,0,195,195,87467,1,1,SV319,0,0,0,0,[object Object],bandwidth,0,0,0,r0,885152306,3.353,0,1.757216
OT01V2757475050,1776278725417.705,outbound-rtp,COT01_98_profile-id=0,video,video,2757475050,T01,0,0,true,1,0,0,0,0,0,0,SV319,0,0,0,0,[object Object],bandwidth,0,0,0,r1,2957950613,0,0,0
OT01V937188931,1776278725417.705,outbound-rtp,COT01_98_profile-id=0,video,video,937188931,T01,0,1,true,2,0,0,0,283,0,0,SV319,0,0,0,0,[object Object],bandwidth,0,0,0,r2,1532025139,0,0,0
OT01V2092195203,1776278725417.705,outbound-rtp,COT01_98_profile-id=0,video,video,2092195203,T01,209118,569,true,0,0,195,195,87467,1,1,SV319,0,0,0,0,[object Object],bandwidth,0,0,0,r0,885152306,3.353,0,1.757216
OT01V2757475050,1776278725417.705,outbound-rtp,COT01_98_profile-id=0,video,video,2757475050,T01,0,0,true,1,0,0,0,0,0,0,SV319,0,0,0,0,[object Object],bandwidth,0,0,0,r1,2957950613,0,0,0
OT01V937188931,1776278725417.705,outbound-rtp,COT01_98_profile-id=0,video,video,937188931,T01,0,1,true,2,0,0,0,283,0,0,SV319,0,0,0,0,[object Object],bandwidth,0,0,0,r2,1532025139,0,0,0
OT01V2092195203,1776278725617.736,outbound-rtp,COT01_98_profile-id=0,video,video,2092195203,T01,217535,594,true,0,0,201,201,92147,1,1,SV319,0,0,0,0,[object Object],bandwidth,0,0,0,r0,885152306,3.443,0,1.7946499999999999
OT01V2757475050,1776278725617.736,outbound-rtp,COT01_98_profile-id=0,video,video,2757475050,T01,0,0,true,1,0,0,0,0,0,0,SV319,0,0,0,0,[object Object],bandwidth,0,0,0,r1,2957950613,0,0,0
OT01V937188931,1776278725617.736,outbound-rtp,COT01_98_profile-id=0,video,video,937188931,T01,0,1,true,2,0,0,0,283,0,0,SV319,0,0,0,0,[object Object],bandwidth,0,0,0,r2,1532025139,0,0,0
OT01V2092195203,1776278725617.736,outbound-rtp,COT01_98_profile-id=0,video,video,2092195203,T01,217535,594,true,0,0,201,201,92147,1,1,SV319,0,0,0,0,[object Object],bandwidth,0,0,0,r0,885152306,3.443,0,1.7946499999999999
OT01V2757475050,1776278725617.736,outbound-rtp,COT01_98_profile-id=0,video,video,2757475050,T01,0,0,true,1,0,0,0,0,0,0,SV319,0,0,0,0,[object Object],bandwidth,0,0,0,r1,2957950613,0,0,0
OT01V937188931,1776278725617.736,outbound-rtp,COT01_98_profile-id=0,video,video,937188931,T01,0,1,true,2,0,0,0,283,0,0,SV319,0,0,0,0,[object Object],bandwidth,0,0,0,r2,1532025139,0,0,0
OT01V2092195203,1776278725817.686,outbound-rtp,COT01_98_profile-id=0,video,video,2092195203,T01,222903,621,true,0,0,207,207,97385,1,1,SV319,0,0,0,0,[object Object],bandwidth,0,0,0,r0,885152306,3.538,0,1.794702
OT01V2757475050,1776278725817.686,outbound-rtp,COT01_98_profile-id=0,video,video,2757475050,T01,0,0,true,1,0,0,0,0,0,0,SV319,0,0,0,0,[object Object],bandwidth,0,0,0,r1,2957950613,0,0,0
OT01V937188931,1776278725817.686,outbound-rtp,COT01_98_profile-id=0,video,video,937188931,T01,0,1,true,2,0,0,0,283,0,0,SV319,0,0,0,0,[object Object],bandwidth,0,0,0,r2,1532025139,0,0,0
OT01V2092195203,1776278725817.686,outbound-rtp,COT01_98_profile-id=0,video,video,2092195203,T01,222903,621,true,0,0,207,207,97385,1,1,SV319,0,0,0,0,[object Object],bandwidth,0,0,0,r0,885152306,3.538,0,1.794702
OT01V2757475050,1776278725817.686,outbound-rtp,COT01_98_profile-id=0,video,video,2757475050,T01,0,0,true,1,0,0,0,0,0,0,SV319,0,0,0,0,[object Object],bandwidth,0,0,0,r1,2957950613,0,0,0
OT01V937188931,1776278725817.686,outbound-rtp,COT01_98_profile-id=0,video,video,937188931,T01,0,1,true,2,0,0,0,283,0,0,SV319,0,0,0,0,[object Object],bandwidth,0,0,0,r2,1532025139,0,0,0
OT01V2092195203,1776278726017.695,outbound-rtp,COT01_98_profile-id=0,video,video,2092195203,T01,228993,649,true,0,0,213,213,103157,1,1,SV319,0,0,0,0,[object Object],bandwidth,0,0,0,r0,885152306,3.628,0,1.794744
OT01V2757475050,1776278726017.695,outbound-rtp,COT01_98_profile-id=0,video,video,2757475050,T01,0,0,true,1,0,0,0,0,0,0,SV319,0,0,0,0,[object Object],bandwidth,0,0,0,r1,2957950613,0,0,0
OT01V937188931,1776278726017.695,outbound-rtp,COT01_98_profile-id=0,video,video,937188931,T01,0,1,true,2,0,0,0,283,0,0,SV319,0,0,0,0,[object Object],bandwidth,0,0,0,r2,1532025139,0,0,0
OT01V2092195203,1776278726017.695,outbound-rtp,COT01_98_profile-id=0,video,video,2092195203,T01,228993,649,true,0,0,213,213,103157,1,1,SV319,0,0,0,0,[object Object],bandwidth,0,0,0,r0,885152306,3.628,0,1.794744
OT01V2757475050,1776278726017.695,outbound-rtp,COT01_98_profile-id=0,video,video,2757475050,T01,0,0,true,1,0,0,0,0,0,0,SV319,0,0,0,0,[object Object],bandwidth,0,0,0,r1,2957950613,0,0,0
OT01V937188931,1776278726017.695,outbound-rtp,COT01_98_profile-id=0,video,video,937188931,T01,0,1,true,2,0,0,0,283,0,0,SV319,0,0,0,0,[object Object],bandwidth,0,0,0,r2,1532025139,0,0,0
OT01V2092195203,1776278726217.6,outbound-rtp,COT01_98_profile-id=0,video,video,2092195203,T01,233847,678,true,0,0,219,219,109463,1,1,SV319,0,0,0,0,[object Object],bandwidth,0,0,0,r0,885152306,3.717,0,1.794789
OT01V2757475050,1776278726217.6,outbound-rtp,COT01_98_profile-id=0,video,video,2757475050,T01,0,0,true,1,0,0,0,0,0,0,SV319,0,0,0,0,[object Object],bandwidth,0,0,0,r1,2957950613,0,0,0
OT01V937188931,1776278726217.6,outbound-rtp,COT01_98_profile-id=0,video,video,937188931,T01,0,1,true,2,0,0,0,283,0,0,SV319,0,0,0,0,[object Object],bandwidth,0,0,0,r2,1532025139,0,0,0
OT01V2092195203,1776278726217.6,outbound-rtp,COT01_98_profile-id=0,video,video,2092195203,T01,233847,678,true,0,0,219,219,109463,1,1,SV319,0,0,0,0,[object Object],bandwidth,0,0,0,r0,885152306,3.717,0,1.794789
OT01V2757475050,1776278726217.6,outbound-rtp,COT01_98_profile-id=0,video,video,2757475050,T01,0,0,true,1,0,0,0,0,0,0,SV319,0,0,0,0,[object Object],bandwidth,0,0,0,r1,2957950613,0,0,0
OT01V937188931,1776278726217.6,outbound-rtp,COT01_98_profile-id=0,video,video,937188931,T01,0,1,true,2,0,0,0,283,0,0,SV319,0,0,0,0,[object Object],bandwidth,0,0,0,r2,1532025139,0,0,0
OT01V2092195203,1776278726417.704,outbound-rtp,COT01_98_profile-id=0,video,video,2092195203,T01,239697,711,true,0,0,225,225,116375,1,1,SV319,0,0,0,0,[object Object],bandwidth,0,0,0,r0,885152306,3.811,0,1.794872
OT01V2757475050,1776278726417.704,outbound-rtp,COT01_98_profile-id=0,video,video,2757475050,T01,0,0,true,1,0,0,0,0,0,0,SV319,0,0,0,0,[object Object],bandwidth,0,0,0,r1,2957950613,0,0,0
OT01V937188931,1776278726417.704,outbound-rtp,COT01_98_profile-id=0,video,video,937188931,T01,0,1,true,2,0,0,0,283,0,0,SV319,0,0,0,0,[object Object],bandwidth,0,0,0,r2,1532025139,0,0,0
OT01V2092195203,1776278726417.704,outbound-rtp,COT01_98_profile-id=0,video,video,2092195203,T01,239697,711,true,0,0,225,225,116375,1,1,SV319,0,0,0,0,[object Object],bandwidth,0,0,0,r0,885152306,3.811,0,1.794872
OT01V2757475050,1776278726417.704,outbound-rtp,COT01_98_profile-id=0,video,video,2757475050,T01,0,0,true,1,0,0,0,0,0,0,SV319,0,0,0,0,[object Object],bandwidth,0,0,0,r1,2957950613,0,0,0
OT01V937188931,1776278726417.704,outbound-rtp,COT01_98_profile-id=0,video,video,937188931,T01,0,1,true,2,0,0,0,283,0,0,SV319,0,0,0,0,[object Object],bandwidth,0,0,0,r2,1532025139,0,0,0
OT01V2092195203,1776278726617.779,outbound-rtp,COT01_98_profile-id=0,video,video,2092195203,T01,246718,738,true,0,0,231,231,121613,1,1,SV319,0,0,0,0,[object Object],bandwidth,0,0,0,r0,885152306,3.911,0,1.7949229999999998
OT01V2757475050,1776278726617.779,outbound-rtp,COT01_98_profile-id=0,video,video,2757475050,T01,0,0,true,1,0,0,0,0,0,0,SV319,0,0,0,0,[object Object],bandwidth,0,0,0,r1,2957950613,0,0,0
OT01V937188931,1776278726617.779,outbound-rtp,COT01_98_profile-id=0,video,video,937188931,T01,0,1,true,2,0,0,0,283,0,0,SV319,0,0,0,0,[object Object],bandwidth,0,0,0,r2,1532025139,0,0,0
OT01V2092195203,1776278726617.779,outbound-rtp,COT01_98_profile-id=0,video,video,2092195203,T01,246718,738,true,0,0,231,231,121613,1,1,SV319,0,0,0,0,[object Object],bandwidth,0,0,0,r0,885152306,3.911,0,1.7949229999999998
OT01V2757475050,1776278726617.779,outbound-rtp,COT01_98_profile-id=0,video,video,2757475050,T01,0,0,true,1,0,0,0,0,0,0,SV319,0,0,0,0,[object Object],bandwidth,0,0,0,r1,2957950613,0,0,0
OT01V937188931,1776278726617.779,outbound-rtp,COT01_98_profile-id=0,video,video,937188931,T01,0,1,true,2,0,0,0,283,0,0,SV319,0,0,0,0,[object Object],bandwidth,0,0,0,r2,1532025139,0,0,0
OT01V2092195203,1776278726817.644,outbound-rtp,COT01_98_profile-id=0,video,video,2092195203,T01,255772,766,true,0,0,237,237,126365,1,1,SV319,0,0,0,0,[object Object],bandwidth,0,0,0,r0,885152306,4.008,0,1.794972
OT01V2757475050,1776278726817.644,outbound-rtp,COT01_98_profile-id=0,video,video,2757475050,T01,0,0,true,1,0,0,0,0,0,0,SV319,0,0,0,0,[object Object],bandwidth,0,0,0,r1,2957950613,0,0,0
OT01V937188931,1776278726817.644,outbound-rtp,COT01_98_profile-id=0,video,video,937188931,T01,0,1,true,2,0,0,0,283,0,0,SV319,0,0,0,0,[object Object],bandwidth,0,0,0,r2,1532025139,0,0,0
OT01V2092195203,1776278726817.644,outbound-rtp,COT01_98_profile-id=0,video,video,2092195203,T01,255772,766,true,0,0,237,237,126365,1,1,SV319,0,0,0,0,[object Object],bandwidth,0,0,0,r0,885152306,4.008,0,1.794972
OT01V2757475050,1776278726817.644,outbound-rtp,COT01_98_profile-id=0,video,video,2757475050,T01,0,0,true,1,0,0,0,0,0,0,SV319,0,0,0,0,[object Object],bandwidth,0,0,0,r1,2957950613,0,0,0
OT01V937188931,1776278726817.644,outbound-rtp,COT01_98_profile-id=0,video,video,937188931,T01,0,1,true,2,0,0,0,283,0,0,SV319,0,0,0,0,[object Object],bandwidth,0,0,0,r2,1532025139,0,0,0
OT01V2092195203,1776278727017.617,outbound-rtp,COT01_98_profile-id=0,video,video,2092195203,T01,267364,780,true,0,0,243,243,126701,1,1,SV319,0,0,0,0,[object Object],bandwidth,0,0,0,r0,885152306,4.102,0,1.7949769999999998
OT01V2757475050,1776278727017.617,outbound-rtp,COT01_98_profile-id=0,video,video,2757475050,T01,0,0,true,1,0,0,0,0,0,0,SV319,0,0,0,0,[object Object],bandwidth,0,0,0,r1,2957950613,0,0,0
OT01V937188931,1776278727017.617,outbound-rtp,COT01_98_profile-id=0,video,video,937188931,T01,0,1,true,2,0,0,0,283,0,0,SV319,0,0,0,0,[object Object],bandwidth,0,0,0,r2,1532025139,0,0,0
OT01V2092195203,1776278727017.617,outbound-rtp,COT01_98_profile-id=0,video,video,2092195203,T01,267364,780,true,0,0,243,243,126701,1,1,SV319,0,0,0,0,[object Object],bandwidth,0,0,0,r0,885152306,4.102,0,1.7949769999999998
OT01V2757475050,1776278727017.617,outbound-rtp,COT01_98_profile-id=0,video,video,2757475050,T01,0,0,true,1,0,0,0,0,0,0,SV319,0,0,0,0,[object Object],bandwidth,0,0,0,r1,2957950613,0,0,0
OT01V937188931,1776278727017.617,outbound-rtp,COT01_98_profile-id=0,video,video,937188931,T01,0,1,true,2,0,0,0,283,0,0,SV319,0,0,0,0,[object Object],bandwidth,0,0,0,r2,1532025139,0,0,0
OT01V2092195203,1776278727217.586,outbound-rtp,COT01_98_profile-id=0,video,video,2092195203,T01,278865,801,true,0,0,249,249,129245,1,1,SV319,0,0,0,0,[object Object],bandwidth,0,0,0,r0,885152306,4.196,0,1.7950009999999998
OT01V2757475050,1776278727217.586,outbound-rtp,COT01_98_profile-id=0,video,video,2757475050,T01,0,0,true,1,0,0,0,0,0,0,SV319,0,0,0,0,[object Object],bandwidth,0,0,0,r1,2957950613,0,0,0
OT01V937188931,1776278727217.586,outbound-rtp,COT01_98_profile-id=0,video,video,937188931,T01,0,1,true,2,0,0,0,283,0,0,SV319,0,0,0,0,[object Object],bandwidth,0,0,0,r2,1532025139,0,0,0
OT01V2092195203,1776278727217.586,outbound-rtp,COT01_98_profile-id=0,video,video,2092195203,T01,278865,801,true,0,0,249,249,129245,1,1,SV319,0,0,0,0,[object Object],bandwidth,0,0,0,r0,885152306,4.196,0,1.7950009999999998
OT01V2757475050,1776278727217.586,outbound-rtp,COT01_98_profile-id=0,video,video,2757475050,T01,0,0,true,1,0,0,0,0,0,0,SV319,0,0,0,0,[object Object],bandwidth,0,0,0,r1,2957950613,0,0,0
OT01V937188931,1776278727217.586,outbound-rtp,COT01_98_profile-id=0,video,video,937188931,T01,0,1,true,2,0,0,0,283,0,0,SV319,0,0,0,0,[object Object],bandwidth,0,0,0,r2,1532025139,0,0,0
OT01V2092195203,1776278727417.651,outbound-rtp,COT01_98_profile-id=0,video,video,2092195203,T01,283839,834,true,0,0,255,255,136667,1,1,SV319,0,0,0,0,[object Object],bandwidth,0,0,0,r0,885152306,4.291,0,1.795053
OT01V2757475050,1776278727417.651,outbound-rtp,COT01_98_profile-id=0,video,video,2757475050,T01,0,0,true,1,0,0,0,0,0,0,SV319,0,0,0,0,[object Object],bandwidth,0,0,0,r1,2957950613,0,0,0
OT01V937188931,1776278727417.651,outbound-rtp,COT01_98_profile-id=0,video,video,937188931,T01,0,1,true,2,0,0,0,283,0,0,SV319,0,0,0,0,[object Object],bandwidth,0,0,0,r2,1532025139,0,0,0
OT01V2092195203,1776278727417.651,outbound-rtp,COT01_98_profile-id=0,video,video,2092195203,T01,283839,834,true,0,0,255,255,136667,1,1,SV319,0,0,0,0,[object Object],bandwidth,0,0,0,r0,885152306,4.291,0,1.795053
OT01V2757475050,1776278727417.651,outbound-rtp,COT01_98_profile-id=0,video,video,2757475050,T01,0,0,true,1,0,0,0,0,0,0,SV319,0,0,0,0,[object Object],bandwidth,0,0,0,r1,2957950613,0,0,0
OT01V937188931,1776278727417.651,outbound-rtp,COT01_98_profile-id=0,video,video,937188931,T01,0,1,true,2,0,0,0,283,0,0,SV319,0,0,0,0,[object Object],bandwidth,0,0,0,r2,1532025139,0,0,0
OT01V2092195203,1776278727617.715,outbound-rtp,COT01_98_profile-id=0,video,video,2092195203,T01,290907,867,true,0,0,261,261,143579,1,1,SV319,0,0,0,0,[object Object],bandwidth,0,0,0,r0,885152306,4.39,0,1.795115
OT01V2757475050,1776278727617.715,outbound-rtp,COT01_98_profile-id=0,video,video,2757475050,T01,0,0,true,1,0,0,0,0,0,0,SV319,0,0,0,0,[object Object],bandwidth,0,0,0,r1,2957950613,0,0,0
OT01V937188931,1776278727617.715,outbound-rtp,COT01_98_profile-id=0,video,video,937188931,T01,0,1,true,2,0,0,0,283,0,0,SV319,0,0,0,0,[object Object],bandwidth,0,0,0,r2,1532025139,0,0,0
OT01V2092195203,1776278727617.715,outbound-rtp,COT01_98_profile-id=0,video,video,2092195203,T01,290907,867,true,0,0,261,261,143579,1,1,SV319,0,0,0,0,[object Object],bandwidth,0,0,0,r0,885152306,4.39,0,1.795115
OT01V2757475050,1776278727617.715,outbound-rtp,COT01_98_profile-id=0,video,video,2757475050,T01,0,0,true,1,0,0,0,0,0,0,SV319,0,0,0,0,[object Object],bandwidth,0,0,0,r1,2957950613,0,0,0
OT01V937188931,1776278727617.715,outbound-rtp,COT01_98_profile-id=0,video,video,937188931,T01,0,1,true,2,0,0,0,283,0,0,SV319,0,0,0,0,[object Object],bandwidth,0,0,0,r2,1532025139,0,0,0
OT01V2092195203,1776278727817.695,outbound-rtp,COT01_98_profile-id=0,video,video,2092195203,T01,303015,887,true,0,0,267,267,145589,1,1,SV319,0,0,0,0,[object Object],bandwidth,0,0,0,r0,885152306,4.486,0,1.7951389999999998
OT01V2757475050,1776278727817.695,outbound-rtp,COT01_98_profile-id=0,video,video,2757475050,T01,0,0,true,1,0,0,0,0,0,0,SV319,0,0,0,0,[object Object],bandwidth,0,0,0,r1,2957950613,0,0,0
OT01V937188931,1776278727817.695,outbound-rtp,COT01_98_profile-id=0,video,video,937188931,T01,0,1,true,2,0,0,0,283,0,0,SV319,0,0,0,0,[object Object],bandwidth,0,0,0,r2,1532025139,0,0,0
OT01V2092195203,1776278727817.695,outbound-rtp,COT01_98_profile-id=0,video,video,2092195203,T01,303015,887,true,0,0,267,267,145589,1,1,SV319,0,0,0,0,[object Object],bandwidth,0,0,0,r0,885152306,4.486,0,1.7951389999999998
OT01V2757475050,1776278727817.695,outbound-rtp,COT01_98_profile-id=0,video,video,2757475050,T01,0,0,true,1,0,0,0,0,0,0,SV319,0,0,0,0,[object Object],bandwidth,0,0,0,r1,2957950613,0,0,0
OT01V937188931,1776278727817.695,outbound-rtp,COT01_98_profile-id=0,video,video,937188931,T01,0,1,true,2,0,0,0,283,0,0,SV319,0,0,0,0,[object Object],bandwidth,0,0,0,r2,1532025139,0,0,0
OT01V2092195203,1776278728017.713,outbound-rtp,COT01_98_profile-id=0,video,video,2092195203,T01,315509,902,true,0,0,272,272,145949,1,1,SV319,0,0,0,0,[object Object],bandwidth,0,0,0,r0,885152306,4.572,0,1.7951549999999998
OT01V2757475050,1776278728017.713,outbound-rtp,COT01_98_profile-id=0,video,video,2757475050,T01,0,0,true,1,0,0,0,0,0,0,SV319,0,0,0,0,[object Object],bandwidth,0,0,0,r1,2957950613,0,0,0
OT01V937188931,1776278728017.713,outbound-rtp,COT01_98_profile-id=0,video,video,937188931,T01,0,1,true,2,0,0,0,283,0,0,SV319,0,0,0,0,[object Object],bandwidth,0,0,0,r2,1532025139,0,0,0
OT01V2092195203,1776278728017.713,outbound-rtp,COT01_98_profile-id=0,video,video,2092195203,T01,315509,902,true,0,0,272,272,145949,1,1,SV319,0,0,0,0,[object Object],bandwidth,0,0,0,r0,885152306,4.572,0,1.7951549999999998
OT01V2757475050,1776278728017.713,outbound-rtp,COT01_98_profile-id=0,video,video,2757475050,T01,0,0,true,1,0,0,0,0,0,0,SV319,0,0,0,0,[object Object],bandwidth,0,0,0,r1,2957950613,0,0,0
OT01V937188931,1776278728017.713,outbound-rtp,COT01_98_profile-id=0,video,video,937188931,T01,0,1,true,2,0,0,0,283,0,0,SV319,0,0,0,0,[object Object],bandwidth,0,0,0,r2,1532025139,0,0,0
OT01V2092195203,1776278728217.712,outbound-rtp,COT01_98_profile-id=0,video,video,2092195203,T01,328029,924,true,0,0,279,279,148517,1,1,SV319,0,0,0,0,[object Object],bandwidth,0,0,0,r0,885152306,4.694,0,1.795188
OT01V2757475050,1776278728217.712,outbound-rtp,COT01_98_profile-id=0,video,video,2757475050,T01,0,0,true,1,0,0,0,0,0,0,SV319,0,0,0,0,[object Object],bandwidth,0,0,0,r1,2957950613,0,0,0
OT01V937188931,1776278728217.712,outbound-rtp,COT01_98_profile-id=0,video,video,937188931,T01,0,1,true,2,0,0,0,283,0,0,SV319,0,0,0,0,[object Object],bandwidth,0,0,0,r2,1532025139,0,0,0
OT01V2092195203,1776278728217.712,outbound-rtp,COT01_98_profile-id=0,video,video,2092195203,T01,328029,924,true,0,0,279,279,148517,1,1,SV319,0,0,0,0,[object Object],bandwidth,0,0,0,r0,885152306,4.694,0,1.795188
OT01V2757475050,1776278728217.712,outbound-rtp,COT01_98_profile-id=0,video,video,2757475050,T01,0,0,true,1,0,0,0,0,0,0,SV319,0,0,0,0,[object Object],bandwidth,0,0,0,r1,2957950613,0,0,0
OT01V937188931,1776278728217.712,outbound-rtp,COT01_98_profile-id=0,video,video,937188931,T01,0,1,true,2,0,0,0,283,0,0,SV319,0,0,0,0,[object Object],bandwidth,0,0,0,r2,1532025139,0,0,0
OT01V2092195203,1776278728417.6,outbound-rtp,COT01_98_profile-id=0,video,video,2092195203,T01,334417,963,true,0,0,285,285,157103,1,1,SV319,0,0,0,0,[object Object],bandwidth,0,0,0,r0,885152306,4.802,0,1.795254
OT01V2757475050,1776278728417.6,outbound-rtp,COT01_98_profile-id=0,video,video,2757475050,T01,0,0,true,1,0,0,0,0,0,0,SV319,0,0,0,0,[object Object],bandwidth,0,0,0,r1,2957950613,0,0,0
OT01V937188931,1776278728417.6,outbound-rtp,COT01_98_profile-id=0,video,video,937188931,T01,0,1,true,2,0,0,0,283,0,0,SV319,0,0,0,0,[object Object],bandwidth,0,0,0,r2,1532025139,0,0,0
OT01V2092195203,1776278728417.6,outbound-rtp,COT01_98_profile-id=0,video,video,2092195203,T01,334417,963,true,0,0,285,285,157103,1,1,SV319,0,0,0,0,[object Object],bandwidth,0,0,0,r0,885152306,4.802,0,1.795254
OT01V2757475050,1776278728417.6,outbound-rtp,COT01_98_profile-id=0,video,video,2757475050,T01,0,0,true,1,0,0,0,0,0,0,SV319,0,0,0,0,[object Object],bandwidth,0,0,0,r1,2957950613,0,0,0
OT01V937188931,1776278728417.6,outbound-rtp,COT01_98_profile-id=0,video,video,937188931,T01,0,1,true,2,0,0,0,283,0,0,SV319,0,0,0,0,[object Object],bandwidth,0,0,0,r2,1532025139,0,0,0
OT01V2092195203,1776278728617.711,outbound-rtp,COT01_98_profile-id=0,video,video,2092195203,T01,343392,991,true,0,0,291,291,162365,1,1,SV319,0,0,0,0,[object Object],bandwidth,0,0,0,r0,885152306,4.901,0,1.795299
OT01V2757475050,1776278728617.711,outbound-rtp,COT01_98_profile-id=0,video,video,2757475050,T01,0,0,true,1,0,0,0,0,0,0,SV319,0,0,0,0,[object Object],bandwidth,0,0,0,r1,2957950613,0,0,0
OT01V937188931,1776278728617.711,outbound-rtp,COT01_98_profile-id=0,video,video,937188931,T01,0,1,true,2,0,0,0,283,0,0,SV319,0,0,0,0,[object Object],bandwidth,0,0,0,r2,1532025139,0,0,0
OT01V2092195203,1776278728617.711,outbound-rtp,COT01_98_profile-id=0,video,video,2092195203,T01,343392,991,true,0,0,291,291,162365,1,1,SV319,0,0,0,0,[object Object],bandwidth,0,0,0,r0,885152306,4.901,0,1.795299
OT01V2757475050,1776278728617.711,outbound-rtp,COT01_98_profile-id=0,video,video,2757475050,T01,0,0,true,1,0,0,0,0,0,0,SV319,0,0,0,0,[object Object],bandwidth,0,0,0,r1,2957950613,0,0,0
OT01V937188931,1776278728617.711,outbound-rtp,COT01_98_profile-id=0,video,video,937188931,T01,0,1,true,2,0,0,0,283,0,0,SV319,0,0,0,0,[object Object],bandwidth,0,0,0,r2,1532025139,0,0,0
OT01V2092195203,1776278728817.624,outbound-rtp,COT01_98_profile-id=0,video,video,2092195203,T01,358673,1007,true,0,0,297,297,162749,1,1,SV319,0,0,0,0,[object Object],bandwidth,0,0,0,r0,885152306,5.001,0,1.79531
OT01V2757475050,1776278728817.624,outbound-rtp,COT01_98_profile-id=0,video,video,2757475050,T01,0,0,true,1,0,0,0,0,0,0,SV319,0,0,0,0,[object Object],bandwidth,0,0,0,r1,2957950613,0,0,0
OT01V937188931,1776278728817.624,outbound-rtp,COT01_98_profile-id=0,video,video,937188931,T01,0,1,true,2,0,0,0,283,0,0,SV319,0,0,0,0,[object Object],bandwidth,0,0,0,r2,1532025139,0,0,0
OT01V2092195203,1776278728817.624,outbound-rtp,COT01_98_profile-id=0,video,video,2092195203,T01,358673,1007,true,0,0,297,297,162749,1,1,SV319,0,0,0,0,[object Object],bandwidth,0,0,0,r0,885152306,5.001,0,1.79531
OT01V2757475050,1776278728817.624,outbound-rtp,COT01_98_profile-id=0,video,video,2757475050,T01,0,0,true,1,0,0,0,0,0,0,SV319,0,0,0,0,[object Object],bandwidth,0,0,0,r1,2957950613,0,0,0
OT01V937188931,1776278728817.624,outbound-rtp,COT01_98_profile-id=0,video,video,937188931,T01,0,1,true,2,0,0,0,283,0,0,SV319,0,0,0,0,[object Object],bandwidth,0,0,0,r2,1532025139,0,0,0
OT01V2092195203,1776278729017.776,outbound-rtp,COT01_98_profile-id=0,video,video,2092195203,T01,372396,1022,true,0,0,303,303,163109,1,1,SV319,0,0,0,0,[object Object],bandwidth,0,0,0,r0,885152306,5.091,0,1.795313
OT01V2757475050,1776278729017.776,outbound-rtp,COT01_98_profile-id=0,video,video,2757475050,T01,0,0,true,1,0,0,0,0,0,0,SV319,0,0,0,0,[object Object],bandwidth,0,0,0,r1,2957950613,0,0,0
OT01V937188931,1776278729017.776,outbound-rtp,COT01_98_profile-id=0,video,video,937188931,T01,0,1,true,2,0,0,0,283,0,0,SV319,0,0,0,0,[object Object],bandwidth,0,0,0,r2,1532025139,0,0,0
OT01V2092195203,1776278729017.776,outbound-rtp,COT01_98_profile-id=0,video,video,2092195203,T01,372396,1022,true,0,0,303,303,163109,1,1,SV319,0,0,0,0,[object Object],bandwidth,0,0,0,r0,885152306,5.091,0,1.795313
OT01V2757475050,1776278729017.776,outbound-rtp,COT01_98_profile-id=0,video,video,2757475050,T01,0,0,true,1,0,0,0,0,0,0,SV319,0,0,0,0,[object Object],bandwidth,0,0,0,r1,2957950613,0,0,0
OT01V937188931,1776278729017.776,outbound-rtp,COT01_98_profile-id=0,video,video,937188931,T01,0,1,true,2,0,0,0,283,0,0,SV319,0,0,0,0,[object Object],bandwidth,0,0,0,r2,1532025139,0,0,0
OT01V2092195203,1776278729217.585,outbound-rtp,COT01_98_profile-id=0,video,video,2092195203,T01,389946,1041,true,0,0,309,309,163565,1,1,SV319,0,0,0,0,[object Object],bandwidth,0,0,0,r0,885152306,5.194,0,1.795334
OT01V2757475050,1776278729217.585,outbound-rtp,COT01_98_profile-id=0,video,video,2757475050,T01,0,0,true,1,0,0,0,0,0,0,SV319,0,0,0,0,[object Object],bandwidth,0,0,0,r1,2957950613,0,0,0
OT01V937188931,1776278729217.585,outbound-rtp,COT01_98_profile-id=0,video,video,937188931,T01,0,1,true,2,0,0,0,283,0,0,SV319,0,0,0,0,[object Object],bandwidth,0,0,0,r2,1532025139,0,0,0
OT01V2092195203,1776278729217.585,outbound-rtp,COT01_98_profile-id=0,video,video,2092195203,T01,389946,1041,true,0,0,309,309,163565,1,1,SV319,0,0,0,0,[object Object],bandwidth,0,0,0,r0,885152306,5.194,0,1.795334
OT01V2757475050,1776278729217.585,outbound-rtp,COT01_98_profile-id=0,video,video,2757475050,T01,0,0,true,1,0,0,0,0,0,0,SV319,0,0,0,0,[object Object],bandwidth,0,0,0,r1,2957950613,0,0,0
OT01V937188931,1776278729217.585,outbound-rtp,COT01_98_profile-id=0,video,video,937188931,T01,0,1,true,2,0,0,0,283,0,0,SV319,0,0,0,0,[object Object],bandwidth,0,0,0,r2,1532025139,0,0,0
OT01V2092195203,1776278729417.619,outbound-rtp,COT01_98_profile-id=0,video,video,2092195203,T01,403920,1056,true,0,0,315,315,163925,1,1,SV319,0,0,0,0,[object Object],bandwidth,0,0,0,r0,885152306,5.283,0,1.7953379999999999
OT01V2757475050,1776278729417.619,outbound-rtp,COT01_98_profile-id=0,video,video,2757475050,T01,0,0,true,1,0,0,0,0,0,0,SV319,0,0,0,0,[object Object],bandwidth,0,0,0,r1,2957950613,0,0,0
OT01V937188931,1776278729417.619,outbound-rtp,COT01_98_profile-id=0,video,video,937188931,T01,0,1,true,2,0,0,0,283,0,0,SV319,0,0,0,0,[object Object],bandwidth,0,0,0,r2,1532025139,0,0,0
OT01V2092195203,1776278729417.619,outbound-rtp,COT01_98_profile-id=0,video,video,2092195203,T01,403920,1056,true,0,0,315,315,163925,1,1,SV319,0,0,0,0,[object Object],bandwidth,0,0,0,r0,885152306,5.283,0,1.7953379999999999
OT01V2757475050,1776278729417.619,outbound-rtp,COT01_98_profile-id=0,video,video,2757475050,T01,0,0,true,1,0,0,0,0,0,0,SV319,0,0,0,0,[object Object],bandwidth,0,0,0,r1,2957950613,0,0,0
OT01V937188931,1776278729417.619,outbound-rtp,COT01_98_profile-id=0,video,video,937188931,T01,0,1,true,2,0,0,0,283,0,0,SV319,0,0,0,0,[object Object],bandwidth,0,0,0,r2,1532025139,0,0,0
OT01V2092195203,1776278729617.704,outbound-rtp,COT01_98_profile-id=0,video,video,2092195203,T01,419411,1071,true,0,0,321,321,164285,1,1,SV319,0,0,0,0,[object Object],bandwidth,0,0,0,r0,885152306,5.378,0,1.7953409999999999
OT01V2757475050,1776278729617.704,outbound-rtp,COT01_98_profile-id=0,video,video,2757475050,T01,0,0,true,1,0,0,0,0,0,0,SV319,0,0,0,0,[object Object],bandwidth,0,0,0,r1,2957950613,0,0,0
OT01V937188931,1776278729617.704,outbound-rtp,COT01_98_profile-id=0,video,video,937188931,T01,0,1,true,2,0,0,0,283,0,0,SV319,0,0,0,0,[object Object],bandwidth,0,0,0,r2,1532025139,0,0,0
OT01V2092195203,1776278729617.704,outbound-rtp,COT01_98_profile-id=0,video,video,2092195203,T01,419411,1071,true,0,0,321,321,164285,1,1,SV319,0,0,0,0,[object Object],bandwidth,0,0,0,r0,885152306,5.378,0,1.7953409999999999
OT01V2757475050,1776278729617.704,outbound-rtp,COT01_98_profile-id=0,video,video,2757475050,T01,0,0,true,1,0,0,0,0,0,0,SV319,0,0,0,0,[object Object],bandwidth,0,0,0,r1,2957950613,0,0,0
OT01V937188931,1776278729617.704,outbound-rtp,COT01_98_profile-id=0,video,video,937188931,T01,0,1,true,2,0,0,0,283,0,0,SV319,0,0,0,0,[object Object],bandwidth,0,0,0,r2,1532025139,0,0,0
OT01V2092195203,1776278729817.77,outbound-rtp,COT01_98_profile-id=0,video,video,2092195203,T01,436027,1088,true,0,0,327,327,164693,1,1,SV319,0,0,0,0,[object Object],bandwidth,0,0,0,r0,885152306,5.472,0,1.79535
OT01V2757475050,1776278729817.77,outbound-rtp,COT01_98_profile-id=0,video,video,2757475050,T01,0,0,true,1,0,0,0,0,0,0,SV319,0,0,0,0,[object Object],bandwidth,0,0,0,r1,2957950613,0,0,0
OT01V937188931,1776278729817.77,outbound-rtp,COT01_98_profile-id=0,video,video,937188931,T01,0,1,true,2,0,0,0,283,0,0,SV319,0,0,0,0,[object Object],bandwidth,0,0,0,r2,1532025139,0,0,0
OT01V2092195203,1776278729817.77,outbound-rtp,COT01_98_profile-id=0,video,video,2092195203,T01,436027,1088,true,0,0,327,327,164693,1,1,SV319,0,0,0,0,[object Object],bandwidth,0,0,0,r0,885152306,5.472,0,1.79535
OT01V2757475050,1776278729817.77,outbound-rtp,COT01_98_profile-id=0,video,video,2757475050,T01,0,0,true,1,0,0,0,0,0,0,SV319,0,0,0,0,[object Object],bandwidth,0,0,0,r1,2957950613,0,0,0
OT01V937188931,1776278729817.77,outbound-rtp,COT01_98_profile-id=0,video,video,937188931,T01,0,1,true,2,0,0,0,283,0,0,SV319,0,0,0,0,[object Object],bandwidth,0,0,0,r2,1532025139,0,0,0
OT01V2092195203,1776278730017.709,outbound-rtp,COT01_98_profile-id=0,video,video,2092195203,T01,451833,1103,true,0,0,332,332,165053,1,1,SV319,0,0,0,0,[object Object],bandwidth,0,0,0,r0,885152306,5.553,0,1.7953549999999998
OT01V2757475050,1776278730017.709,outbound-rtp,COT01_98_profile-id=0,video,video,2757475050,T01,0,0,true,1,0,0,0,0,0,0,SV319,0,0,0,0,[object Object],bandwidth,0,0,0,r1,2957950613,0,0,0
OT01V937188931,1776278730017.709,outbound-rtp,COT01_98_profile-id=0,video,video,937188931,T01,0,1,true,2,0,0,0,283,0,0,SV319,0,0,0,0,[object Object],bandwidth,0,0,0,r2,1532025139,0,0,0
OT01V2092195203,1776278730017.709,outbound-rtp,COT01_98_profile-id=0,video,video,2092195203,T01,451833,1103,true,0,0,332,332,165053,1,1,SV319,0,0,0,0,[object Object],bandwidth,0,0,0,r0,885152306,5.553,0,1.7953549999999998
OT01V2757475050,1776278730017.709,outbound-rtp,COT01_98_profile-id=0,video,video,2757475050,T01,0,0,true,1,0,0,0,0,0,0,SV319,0,0,0,0,[object Object],bandwidth,0,0,0,r1,2957950613,0,0,0
OT01V937188931,1776278730017.709,outbound-rtp,COT01_98_profile-id=0,video,video,937188931,T01,0,1,true,2,0,0,0,283,0,0,SV319,0,0,0,0,[object Object],bandwidth,0,0,0,r2,1532025139,0,0,0
OT01V2092195203,1776278730217.738,outbound-rtp,COT01_98_profile-id=0,video,video,2092195203,T01,468428,1121,true,0,0,339,339,165485,1,1,SV319,0,0,0,0,[object Object],bandwidth,0,0,0,r0,885152306,5.669,0,1.795367
OT01V2757475050,1776278730217.738,outbound-rtp,COT01_98_profile-id=0,video,video,2757475050,T01,0,0,true,1,0,0,0,0,0,0,SV319,0,0,0,0,[object Object],bandwidth,0,0,0,r1,2957950613,0,0,0
OT01V937188931,1776278730217.738,outbound-rtp,COT01_98_profile-id=0,video,video,937188931,T01,0,1,true,2,0,0,0,283,0,0,SV319,0,0,0,0,[object Object],bandwidth,0,0,0,r2,1532025139,0,0,0
OT01V2092195203,1776278730217.738,outbound-rtp,COT01_98_profile-id=0,video,video,2092195203,T01,468428,1121,true,0,0,339,339,165485,1,1,SV319,0,0,0,0,[object Object],bandwidth,0,0,0,r0,885152306,5.669,0,1.795367
OT01V2757475050,1776278730217.738,outbound-rtp,COT01_98_profile-id=0,video,video,2757475050,T01,0,0,true,1,0,0,0,0,0,0,SV319,0,0,0,0,[object Object],bandwidth,0,0,0,r1,2957950613,0,0,0
OT01V937188931,1776278730217.738,outbound-rtp,COT01_98_profile-id=0,video,video,937188931,T01,0,1,true,2,0,0,0,283,0,0,SV319,0,0,0,0,[object Object],bandwidth,0,0,0,r2,1532025139,0,0,0
OT01V2092195203,1776278730417.63,outbound-rtp,COT01_98_profile-id=0,video,video,2092195203,T01,486457,1140,true,0,0,345,345,165941,1,1,SV319,0,0,0,0,[object Object],bandwidth,1,0,0,r0,885152306,5.779,0,1.795377
OT01V2757475050,1776278730417.63,outbound-rtp,COT01_98_profile-id=0,video,video,2757475050,T01,0,0,true,1,0,0,0,0,0,0,SV319,0,0,0,0,[object Object],bandwidth,1,0,0,r1,2957950613,0,0,0
OT01V937188931,1776278730417.63,outbound-rtp,COT01_98_profile-id=0,video,video,937188931,T01,0,1,true,2,0,0,0,283,0,0,SV319,0,0,0,0,[object Object],bandwidth,1,0,0,r2,1532025139,0,0,0
OT01V2092195203,1776278730417.63,outbound-rtp,COT01_98_profile-id=0,video,video,2092195203,T01,486457,1140,true,0,0,345,345,165941,1,1,SV319,0,0,0,0,[object Object],bandwidth,1,0,0,r0,885152306,5.779,0,1.795377
OT01V2757475050,1776278730417.63,outbound-rtp,COT01_98_profile-id=0,video,video,2757475050,T01,0,0,true,1,0,0,0,0,0,0,SV319,0,0,0,0,[object Object],bandwidth,1,0,0,r1,2957950613,0,0,0
OT01V937188931,1776278730417.63,outbound-rtp,COT01_98_profile-id=0,video,video,937188931,T01,0,1,true,2,0,0,0,283,0,0,SV319,0,0,0,0,[object Object],bandwidth,1,0,0,r2,1532025139,0,0,0
OT01V2092195203,1776278730617.704,outbound-rtp,COT01_98_profile-id=0,video,video,2092195203,T01,495995,1151,true,0,0,350,350,166209,2,2,SV319,0,0,0,0,[object Object],bandwidth,1,0,0,r0,885152306,5.863,0,1.877802
OT01V2757475050,1776278730617.704,outbound-rtp,COT01_98_profile-id=0,video,video,2757475050,T01,8748,8,true,1,0,6,6,224,1,1,SV319,0,0,0,0,[object Object],bandwidth,1,0,0,r1,2957950613,0.132,0,0.593957
OT01V937188931,1776278730617.704,outbound-rtp,COT01_98_profile-id=0,video,video,937188931,T01,0,1,true,2,0,0,0,283,0,0,SV319,0,0,0,0,[object Object],bandwidth,1,0,0,r2,1532025139,0,0,0
OT01V2092195203,1776278730617.704,outbound-rtp,COT01_98_profile-id=0,video,video,2092195203,T01,495995,1151,true,0,0,350,350,166209,2,2,SV319,0,0,0,0,[object Object],bandwidth,1,0,0,r0,885152306,5.863,0,1.877802
OT01V2757475050,1776278730617.704,outbound-rtp,COT01_98_profile-id=0,video,video,2757475050,T01,8748,8,true,1,0,6,6,224,1,1,SV319,0,0,0,0,[object Object],bandwidth,1,0,0,r1,2957950613,0.132,0,0.593957
OT01V937188931,1776278730617.704,outbound-rtp,COT01_98_profile-id=0,video,video,937188931,T01,0,1,true,2,0,0,0,283,0,0,SV319,0,0,0,0,[object Object],bandwidth,1,0,0,r2,1532025139,0,0,0
OT01V2092195203,1776278730817.735,outbound-rtp,COT01_98_profile-id=0,video,video,2092195203,T01,504114,1160,true,0,0,354,354,166425,2,2,SV319,0,0,0,0,[object Object],bandwidth,1,0,0,r0,885152306,5.936,0,2.229559
OT01V2757475050,1776278730817.735,outbound-rtp,COT01_98_profile-id=0,video,video,2757475050,T01,18401,18,true,1,0,10,10,508,1,1,SV319,0,0,0,0,[object Object],bandwidth,1,0,0,r1,2957950613,0.224,0,2.493686
OT01V937188931,1776278730817.735,outbound-rtp,COT01_98_profile-id=0,video,video,937188931,T01,0,1,true,2,0,0,0,283,0,0,SV319,0,0,0,0,[object Object],bandwidth,1,0,0,r2,1532025139,0,0,0
OT01V2092195203,1776278730817.735,outbound-rtp,COT01_98_profile-id=0,video,video,2092195203,T01,504114,1160,true,0,0,354,354,166425,2,2,SV319,0,0,0,0,[object Object],bandwidth,1,0,0,r0,885152306,5.936,0,2.229559
OT01V2757475050,1776278730817.735,outbound-rtp,COT01_98_profile-id=0,video,video,2757475050,T01,18401,18,true,1,0,10,10,508,1,1,SV319,0,0,0,0,[object Object],bandwidth,1,0,0,r1,2957950613,0.224,0,2.493686
OT01V937188931,1776278730817.735,outbound-rtp,COT01_98_profile-id=0,video,video,937188931,T01,0,1,true,2,0,0,0,283,0,0,SV319,0,0,0,0,[object Object],bandwidth,1,0,0,r2,1532025139,0,0,0
OT01V2092195203,1776278731017.808,outbound-rtp,COT01_98_profile-id=0,video,video,2092195203,T01,510198,1167,true,0,0,358,358,166593,2,2,SV319,0,0,0,0,[object Object],bandwidth,1,0,0,r0,885152306,6.014,0,2.346981
OT01V2757475050,1776278731017.808,outbound-rtp,COT01_98_profile-id=0,video,video,2757475050,T01,33851,34,true,1,0,13,13,956,1,1,SV319,0,0,0,0,[object Object],bandwidth,1,0,0,r1,2957950613,0.299,0,6.439171
OT01V937188931,1776278731017.808,outbound-rtp,COT01_98_profile-id=0,video,video,937188931,T01,0,1,true,2,0,0,0,283,0,0,SV319,0,0,0,0,[object Object],bandwidth,1,0,0,r2,1532025139,0,0,0
OT01V2092195203,1776278731017.808,outbound-rtp,COT01_98_profile-id=0,video,video,2092195203,T01,510198,1167,true,0,0,358,358,166593,2,2,SV319,0,0,0,0,[object Object],bandwidth,1,0,0,r0,885152306,6.014,0,2.346981
OT01V2757475050,1776278731017.808,outbound-rtp,COT01_98_profile-id=0,video,video,2757475050,T01,33851,34,true,1,0,13,13,956,1,1,SV319,0,0,0,0,[object Object],bandwidth,1,0,0,r1,2957950613,0.299,0,6.439171
OT01V937188931,1776278731017.808,outbound-rtp,COT01_98_profile-id=0,video,video,937188931,T01,0,1,true,2,0,0,0,283,0,0,SV319,0,0,0,0,[object Object],bandwidth,1,0,0,r2,1532025139,0,0,0
OT01V2092195203,1776278731217.62,outbound-rtp,COT01_98_profile-id=0,video,video,2092195203,T01,514474,1172,true,0,0,361,361,166713,2,2,SV319,0,0,0,0,[object Object],bandwidth,1,0,0,r0,885152306,6.065,0,2.3732189999999997
OT01V2757475050,1776278731217.62,outbound-rtp,COT01_98_profile-id=0,video,video,2757475050,T01,46864,46,true,1,0,16,16,1292,1,1,SV319,0,0,0,0,[object Object],bandwidth,1,0,0,r1,2957950613,0.38,0,9.117187999999999
OT01V937188931,1776278731217.62,outbound-rtp,COT01_98_profile-id=0,video,video,937188931,T01,0,1,true,2,0,0,0,283,0,0,SV319,0,0,0,0,[object Object],bandwidth,1,0,0,r2,1532025139,0,0,0
OT01V2092195203,1776278731217.62,outbound-rtp,COT01_98_profile-id=0,video,video,2092195203,T01,514474,1172,true,0,0,361,361,166713,2,2,SV319,0,0,0,0,[object Object],bandwidth,1,0,0,r0,885152306,6.065,0,2.3732189999999997
OT01V2757475050,1776278731217.62,outbound-rtp,COT01_98_profile-id=0,video,video,2757475050,T01,46864,46,true,1,0,16,16,1292,1,1,SV319,0,0,0,0,[object Object],bandwidth,1,0,0,r1,2957950613,0.38,0,9.117187999999999
OT01V937188931,1776278731217.62,outbound-rtp,COT01_98_profile-id=0,video,video,937188931,T01,0,1,true,2,0,0,0,283,0,0,SV319,0,0,0,0,[object Object],bandwidth,1,0,0,r2,1532025139,0,0,0
OT01V2092195203,1776278731417.642,outbound-rtp,COT01_98_profile-id=0,video,video,2092195203,T01,518389,1177,true,0,0,365,365,166833,2,2,SV319,0,0,0,0,[object Object],bandwidth,1,0,0,r0,885152306,6.138,0,2.405535
OT01V2757475050,1776278731417.642,outbound-rtp,COT01_98_profile-id=0,video,video,2757475050,T01,65533,64,true,1,0,18,18,1796,1,1,SV319,0,0,0,0,[object Object],bandwidth,1,0,0,r1,2957950613,0.428,0,12.786131
OT01V937188931,1776278731417.642,outbound-rtp,COT01_98_profile-id=0,video,video,937188931,T01,0,1,true,2,0,0,0,283,0,0,SV319,0,0,0,0,[object Object],bandwidth,1,0,0,r2,1532025139,0,0,0
OT01V2092195203,1776278731417.642,outbound-rtp,COT01_98_profile-id=0,video,video,2092195203,T01,518389,1177,true,0,0,365,365,166833,2,2,SV319,0,0,0,0,[object Object],bandwidth,1,0,0,r0,885152306,6.138,0,2.405535
OT01V2757475050,1776278731417.642,outbound-rtp,COT01_98_profile-id=0,video,video,2757475050,T01,65533,64,true,1,0,18,18,1796,1,1,SV319,0,0,0,0,[object Object],bandwidth,1,0,0,r1,2957950613,0.428,0,12.786131
OT01V937188931,1776278731417.642,outbound-rtp,COT01_98_profile-id=0,video,video,937188931,T01,0,1,true,2,0,0,0,283,0,0,SV319,0,0,0,0,[object Object],bandwidth,1,0,0,r2,1532025139,0,0,0
OT01V2092195203,1776278731617.688,outbound-rtp,COT01_98_profile-id=0,video,video,2092195203,T01,523592,1183,true,0,0,369,369,166977,2,2,SV319,0,0,0,0,[object Object],bandwidth,1,0,0,r0,885152306,6.217,0,2.5104729999999997
OT01V2757475050,1776278731617.688,outbound-rtp,COT01_98_profile-id=0,video,video,2757475050,T01,78395,77,true,1,0,20,20,2124,1,1,SV319,0,0,0,0,[object Object],bandwidth,1,0,0,r1,2957950613,0.478,0,14.836272999999998
OT01V937188931,1776278731617.688,outbound-rtp,COT01_98_profile-id=0,video,video,937188931,T01,0,1,true,2,0,0,0,283,0,0,SV319,0,0,0,0,[object Object],bandwidth,1,0,0,r2,1532025139,0,0,0
OT01V2092195203,1776278731617.688,outbound-rtp,COT01_98_profile-id=0,video,video,2092195203,T01,523592,1183,true,0,0,369,369,166977,2,2,SV319,0,0,0,0,[object Object],bandwidth,1,0,0,r0,885152306,6.217,0,2.5104729999999997
OT01V2757475050,1776278731617.688,outbound-rtp,COT01_98_profile-id=0,video,video,2757475050,T01,78395,77,true,1,0,20,20,2124,1,1,SV319,0,0,0,0,[object Object],bandwidth,1,0,0,r1,2957950613,0.478,0,14.836272999999998
OT01V937188931,1776278731617.688,outbound-rtp,COT01_98_profile-id=0,video,video,937188931,T01,0,1,true,2,0,0,0,283,0,0,SV319,0,0,0,0,[object Object],bandwidth,1,0,0,r2,1532025139,0,0,0
OT01V2092195203,1776278731817.815,outbound-rtp,COT01_98_profile-id=0,video,video,2092195203,T01,528707,1189,true,0,0,373,373,167121,2,2,SV319,0,0,0,0,[object Object],bandwidth,1,0,0,r0,885152306,6.284,0,2.5227839999999997
OT01V2757475050,1776278731817.815,outbound-rtp,COT01_98_profile-id=0,video,video,2757475050,T01,95346,93,true,1,0,23,23,2508,1,1,SV319,0,0,0,0,[object Object],bandwidth,1,0,0,r1,2957950613,0.54,0,15.440354999999998
OT01V937188931,1776278731817.815,outbound-rtp,COT01_98_profile-id=0,video,video,937188931,T01,0,1,true,2,0,0,0,283,0,0,SV319,0,0,0,0,[object Object],bandwidth,1,0,0,r2,1532025139,0,0,0
OT01V2092195203,1776278731817.815,outbound-rtp,COT01_98_profile-id=0,video,video,2092195203,T01,528707,1189,true,0,0,373,373,167121,2,2,SV319,0,0,0,0,[object Object],bandwidth,1,0,0,r0,885152306,6.284,0,2.5227839999999997
OT01V2757475050,1776278731817.815,outbound-rtp,COT01_98_profile-id=0,video,video,2757475050,T01,95346,93,true,1,0,23,23,2508,1,1,SV319,0,0,0,0,[object Object],bandwidth,1,0,0,r1,2957950613,0.54,0,15.440354999999998
OT01V937188931,1776278731817.815,outbound-rtp,COT01_98_profile-id=0,video,video,937188931,T01,0,1,true,2,0,0,0,283,0,0,SV319,0,0,0,0,[object Object],bandwidth,1,0,0,r2,1532025139,0,0,0
OT01V2092195203,1776278732017.588,outbound-rtp,COT01_98_profile-id=0,video,video,2092195203,T01,533243,1195,true,0,0,377,377,167265,2,2,SV319,0,0,0,0,[object Object],bandwidth,1,0,0,r0,885152306,6.352,0,2.548083
OT01V2757475050,1776278732017.588,outbound-rtp,COT01_98_profile-id=0,video,video,2757475050,T01,109599,107,true,1,0,25,25,2844,1,1,SV319,0,0,0,0,[object Object],bandwidth,1,0,0,r1,2957950613,0.591,0,15.938896
OT01V937188931,1776278732017.588,outbound-rtp,COT01_98_profile-id=0,video,video,937188931,T01,0,1,true,2,0,0,0,283,0,0,SV319,0,0,0,0,[object Object],bandwidth,1,0,0,r2,1532025139,0,0,0
OT01V2092195203,1776278732017.588,outbound-rtp,COT01_98_profile-id=0,video,video,2092195203,T01,533243,1195,true,0,0,377,377,167265,2,2,SV319,0,0,0,0,[object Object],bandwidth,1,0,0,r0,885152306,6.352,0,2.548083
OT01V2757475050,1776278732017.588,outbound-rtp,COT01_98_profile-id=0,video,video,2757475050,T01,109599,107,true,1,0,25,25,2844,1,1,SV319,0,0,0,0,[object Object],bandwidth,1,0,0,r1,2957950613,0.591,0,15.938896
OT01V937188931,1776278732017.588,outbound-rtp,COT01_98_profile-id=0,video,video,937188931,T01,0,1,true,2,0,0,0,283,0,0,SV319,0,0,0,0,[object Object],bandwidth,1,0,0,r2,1532025139,0,0,0
OT01V2092195203,1776278732217.641,outbound-rtp,COT01_98_profile-id=0,video,video,2092195203,T01,537290,1201,true,0,0,381,381,167409,2,2,SV319,0,0,0,0,[object Object],bandwidth,1,0,0,r0,885152306,6.417,0,2.548088
OT01V2757475050,1776278732217.641,outbound-rtp,COT01_98_profile-id=0,video,video,2757475050,T01,124365,122,true,1,0,28,28,3204,1,1,SV319,0,0,0,0,[object Object],bandwidth,1,0,0,r1,2957950613,0.659,0,15.938962
OT01V937188931,1776278732217.641,outbound-rtp,COT01_98_profile-id=0,video,video,937188931,T01,0,1,true,2,0,0,0,283,0,0,SV319,0,0,0,0,[object Object],bandwidth,1,0,0,r2,1532025139,0,0,0
OT01V2092195203,1776278732217.641,outbound-rtp,COT01_98_profile-id=0,video,video,2092195203,T01,537290,1201,true,0,0,381,381,167409,2,2,SV319,0,0,0,0,[object Object],bandwidth,1,0,0,r0,885152306,6.417,0,2.548088
OT01V2757475050,1776278732217.641,outbound-rtp,COT01_98_profile-id=0,video,video,2757475050,T01,124365,122,true,1,0,28,28,3204,1,1,SV319,0,0,0,0,[object Object],bandwidth,1,0,0,r1,2957950613,0.659,0,15.938962
OT01V937188931,1776278732217.641,outbound-rtp,COT01_98_profile-id=0,video,video,937188931,T01,0,1,true,2,0,0,0,283,0,0,SV319,0,0,0,0,[object Object],bandwidth,1,0,0,r2,1532025139,0,0,0
OT01V2092195203,1776278732417.633,outbound-rtp,COT01_98_profile-id=0,video,video,2092195203,T01,544325,1209,true,0,0,386,386,167601,2,2,SV319,0,0,0,0,[object Object],bandwidth,1,0,0,r0,885152306,6.486,0,2.5480989999999997
OT01V2757475050,1776278732417.633,outbound-rtp,COT01_98_profile-id=0,video,video,2757475050,T01,133270,131,true,1,0,30,30,3420,1,1,SV319,0,0,0,0,[object Object],bandwidth,1,0,0,r1,2957950613,0.697,0,15.962342
OT01V937188931,1776278732417.633,outbound-rtp,COT01_98_profile-id=0,video,video,937188931,T01,0,1,true,2,0,0,0,283,0,0,SV319,0,0,0,0,[object Object],bandwidth,1,0,0,r2,1532025139,0,0,0
OT01V2092195203,1776278732417.633,outbound-rtp,COT01_98_profile-id=0,video,video,2092195203,T01,544325,1209,true,0,0,386,386,167601,2,2,SV319,0,0,0,0,[object Object],bandwidth,1,0,0,r0,885152306,6.486,0,2.5480989999999997
OT01V2757475050,1776278732417.633,outbound-rtp,COT01_98_profile-id=0,video,video,2757475050,T01,133270,131,true,1,0,30,30,3420,1,1,SV319,0,0,0,0,[object Object],bandwidth,1,0,0,r1,2957950613,0.697,0,15.962342
OT01V937188931,1776278732417.633,outbound-rtp,COT01_98_profile-id=0,video,video,937188931,T01,0,1,true,2,0,0,0,283,0,0,SV319,0,0,0,0,[object Object],bandwidth,1,0,0,r2,1532025139,0,0,0
OT01V2092195203,1776278732617.711,outbound-rtp,COT01_98_profile-id=0,video,video,2092195203,T01,548725,1214,true,0,0,390,390,167721,2,2,SV319,0,0,0,0,[object Object],bandwidth,1,0,0,r0,885152306,6.546,0,2.548102
OT01V2757475050,1776278732617.711,outbound-rtp,COT01_98_profile-id=0,video,video,2757475050,T01,146599,145,true,1,0,33,33,3756,1,1,SV319,0,0,0,0,[object Object],bandwidth,1,0,0,r1,2957950613,0.76,0,15.962456999999999
OT01V937188931,1776278732617.711,outbound-rtp,COT01_98_profile-id=0,video,video,937188931,T01,0,1,true,2,0,0,0,283,0,0,SV319,0,0,0,0,[object Object],bandwidth,1,0,0,r2,1532025139,0,0,0
OT01V2092195203,1776278732617.711,outbound-rtp,COT01_98_profile-id=0,video,video,2092195203,T01,548725,1214,true,0,0,390,390,167721,2,2,SV319,0,0,0,0,[object Object],bandwidth,1,0,0,r0,885152306,6.546,0,2.548102
OT01V2757475050,1776278732617.711,outbound-rtp,COT01_98_profile-id=0,video,video,2757475050,T01,146599,145,true,1,0,33,33,3756,1,1,SV319,0,0,0,0,[object Object],bandwidth,1,0,0,r1,2957950613,0.76,0,15.962456999999999
OT01V937188931,1776278732617.711,outbound-rtp,COT01_98_profile-id=0,video,video,937188931,T01,0,1,true,2,0,0,0,283,0,0,SV319,0,0,0,0,[object Object],bandwidth,1,0,0,r2,1532025139,0,0,0
OT01V2092195203,1776278732817.772,outbound-rtp,COT01_98_profile-id=0,video,video,2092195203,T01,556832,1224,true,0,0,394,394,167961,2,2,SV319,0,0,0,0,[object Object],bandwidth,1,0,0,r0,885152306,6.605,0,2.548111
OT01V2757475050,1776278732817.772,outbound-rtp,COT01_98_profile-id=0,video,video,2757475050,T01,153443,152,true,1,0,35,35,3924,1,1,SV319,0,0,0,0,[object Object],bandwidth,1,0,0,r1,2957950613,0.807,0,15.962463999999999
OT01V937188931,1776278732817.772,outbound-rtp,COT01_98_profile-id=0,video,video,937188931,T01,0,1,true,2,0,0,0,283,0,0,SV319,0,0,0,0,[object Object],bandwidth,1,0,0,r2,1532025139,0,0,0
OT01V2092195203,1776278732817.772,outbound-rtp,COT01_98_profile-id=0,video,video,2092195203,T01,556832,1224,true,0,0,394,394,167961,2,2,SV319,0,0,0,0,[object Object],bandwidth,1,0,0,r0,885152306,6.605,0,2.548111
OT01V2757475050,1776278732817.772,outbound-rtp,COT01_98_profile-id=0,video,video,2757475050,T01,153443,152,true,1,0,35,35,3924,1,1,SV319,0,0,0,0,[object Object],bandwidth,1,0,0,r1,2957950613,0.807,0,15.962463999999999
OT01V937188931,1776278732817.772,outbound-rtp,COT01_98_profile-id=0,video,video,937188931,T01,0,1,true,2,0,0,0,283,0,0,SV319,0,0,0,0,[object Object],bandwidth,1,0,0,r2,1532025139,0,0,0
OT01V2092195203,1776278733017.734,outbound-rtp,COT01_98_profile-id=0,video,video,2092195203,T01,571182,1239,true,0,0,399,399,168325,3,3,SV319,0,0,0,0,[object Object],bandwidth,1,0,0,r0,885152306,6.691,0,2.54812
OT01V2757475050,1776278733017.734,outbound-rtp,COT01_98_profile-id=0,video,video,2757475050,T01,159948,158,true,1,0,38,38,4068,2,2,SV319,0,0,0,1,[object Object],bandwidth,1,0,0,r1,2957950613,0.873,0,15.981670999999999
OT01V937188931,1776278733017.734,outbound-rtp,COT01_98_profile-id=0,video,video,937188931,T01,0,1,true,2,0,0,0,283,0,0,SV319,0,0,0,0,[object Object],bandwidth,1,0,0,r2,1532025139,0,0,0
OT01V2092195203,1776278733017.734,outbound-rtp,COT01_98_profile-id=0,video,video,2092195203,T01,571182,1239,true,0,0,399,399,168325,3,3,SV319,0,0,0,0,[object Object],bandwidth,1,0,0,r0,885152306,6.691,0,2.54812
OT01V2757475050,1776278733017.734,outbound-rtp,COT01_98_profile-id=0,video,video,2757475050,T01,159948,158,true,1,0,38,38,4068,2,2,SV319,0,0,0,1,[object Object],bandwidth,1,0,0,r1,2957950613,0.873,0,15.981670999999999
OT01V937188931,1776278733017.734,outbound-rtp,COT01_98_profile-id=0,video,video,937188931,T01,0,1,true,2,0,0,0,283,0,0,SV319,0,0,0,0,[object Object],bandwidth,1,0,0,r2,1532025139,0,0,0
OT01V2092195203,1776278733217.681,outbound-rtp,COT01_98_profile-id=0,video,video,2092195203,T01,574474,1243,true,0,0,401,401,168421,3,3,SV319,0,0,0,0,[object Object],bandwidth,1,0,0,r0,885152306,6.723,0,2.55899
OT01V2757475050,1776278733217.681,outbound-rtp,COT01_98_profile-id=0,video,video,2757475050,T01,175939,172,true,1,0,39,39,4408,2,2,SV319,0,0,0,1,[object Object],bandwidth,1,0,0,r1,2957950613,0.903,0,16.595215
OT01V937188931,1776278733217.681,outbound-rtp,COT01_98_profile-id=0,video,video,937188931,T01,0,1,true,2,0,0,0,283,0,0,SV319,0,0,0,0,[object Object],bandwidth,1,0,0,r2,1532025139,0,0,0
OT01V2092195203,1776278733217.681,outbound-rtp,COT01_98_profile-id=0,video,video,2092195203,T01,574474,1243,true,0,0,401,401,168421,3,3,SV319,0,0,0,0,[object Object],bandwidth,1,0,0,r0,885152306,6.723,0,2.55899
OT01V2757475050,1776278733217.681,outbound-rtp,COT01_98_profile-id=0,video,video,2757475050,T01,175939,172,true,1,0,39,39,4408,2,2,SV319,0,0,0,1,[object Object],bandwidth,1,0,0,r1,2957950613,0.903,0,16.595215
OT01V937188931,1776278733217.681,outbound-rtp,COT01_98_profile-id=0,video,video,937188931,T01,0,1,true,2,0,0,0,283,0,0,SV319,0,0,0,0,[object Object],bandwidth,1,0,0,r2,1532025139,0,0,0
OT01V2092195203,1776278733417.634,outbound-rtp,COT01_98_profile-id=0,video,video,2092195203,T01,582719,1252,true,0,0,404,404,168637,3,3,SV319,0,0,0,0,[object Object],bandwidth,1,0,0,r0,885152306,6.777,0,2.558999
OT01V2757475050,1776278733417.634,outbound-rtp,COT01_98_profile-id=0,video,video,2757475050,T01,188589,184,true,1,0,41,41,4700,3,2,SV319,0,0,0,1,[object Object],bandwidth,1,0,0,r1,2957950613,0.956,0,16.653806
OT01V937188931,1776278733417.634,outbound-rtp,COT01_98_profile-id=0,video,video,937188931,T01,0,1,true,2,0,0,0,283,0,0,SV319,0,0,0,0,[object Object],bandwidth,1,0,0,r2,1532025139,0,0,0
OT01V2092195203,1776278733417.634,outbound-rtp,COT01_98_profile-id=0,video,video,2092195203,T01,582719,1252,true,0,0,404,404,168637,3,3,SV319,0,0,0,0,[object Object],bandwidth,1,0,0,r0,885152306,6.777,0,2.558999
OT01V2757475050,1776278733417.634,outbound-rtp,COT01_98_profile-id=0,video,video,2757475050,T01,188589,184,true,1,0,41,41,4700,3,2,SV319,0,0,0,1,[object Object],bandwidth,1,0,0,r1,2957950613,0.956,0,16.653806
OT01V937188931,1776278733417.634,outbound-rtp,COT01_98_profile-id=0,video,video,937188931,T01,0,1,true,2,0,0,0,283,0,0,SV319,0,0,0,0,[object Object],bandwidth,1,0,0,r2,1532025139,0,0,0
OT01V2092195203,1776278733617.678,outbound-rtp,COT01_98_profile-id=0,video,video,2092195203,T01,594307,1264,true,0,0,409,409,168925,4,3,SV319,0,0,0,0,[object Object],bandwidth,1,0,0,r0,885152306,6.857,0,2.5590289999999998
OT01V2757475050,1776278733617.678,outbound-rtp,COT01_98_profile-id=0,video,video,2757475050,T01,199292,194,true,1,0,43,43,4940,4,2,SV319,0,0,0,1,[object Object],bandwidth,1,0,0,r1,2957950613,1.001,0,16.715331
OT01V937188931,1776278733617.678,outbound-rtp,COT01_98_profile-id=0,video,video,937188931,T01,0,1,true,2,0,0,0,283,0,0,SV319,0,0,0,0,[object Object],bandwidth,1,0,0,r2,1532025139,0,0,0
OT01V2092195203,1776278733617.678,outbound-rtp,COT01_98_profile-id=0,video,video,2092195203,T01,594307,1264,true,0,0,409,409,168925,4,3,SV319,0,0,0,0,[object Object],bandwidth,1,0,0,r0,885152306,6.857,0,2.5590289999999998
OT01V2757475050,1776278733617.678,outbound-rtp,COT01_98_profile-id=0,video,video,2757475050,T01,199292,194,true,1,0,43,43,4940,4,2,SV319,0,0,0,1,[object Object],bandwidth,1,0,0,r1,2957950613,1.001,0,16.715331
OT01V937188931,1776278733617.678,outbound-rtp,COT01_98_profile-id=0,video,video,937188931,T01,0,1,true,2,0,0,0,283,0,0,SV319,0,0,0,0,[object Object],bandwidth,1,0,0,r2,1532025139,0,0,0
OT01V2092195203,1776278733817.671,outbound-rtp,COT01_98_profile-id=0,video,video,2092195203,T01,599650,1270,true,0,0,411,411,169069,4,3,SV319,0,0,0,0,[object Object],bandwidth,1,0,0,r0,885152306,6.89,0,2.5590319999999998
OT01V2757475050,1776278733817.671,outbound-rtp,COT01_98_profile-id=0,video,video,2757475050,T01,214762,208,true,1,0,45,45,5296,4,2,SV319,0,0,0,1,[object Object],bandwidth,1,0,0,r1,2957950613,1.045,0,16.715434
OT01V937188931,1776278733817.671,outbound-rtp,COT01_98_profile-id=0,video,video,937188931,T01,0,1,true,2,0,0,0,283,0,0,SV319,0,0,0,0,[object Object],bandwidth,1,0,0,r2,1532025139,0,0,0
OT01V2092195203,1776278733817.671,outbound-rtp,COT01_98_profile-id=0,video,video,2092195203,T01,599650,1270,true,0,0,411,411,169069,4,3,SV319,0,0,0,0,[object Object],bandwidth,1,0,0,r0,885152306,6.89,0,2.5590319999999998
OT01V2757475050,1776278733817.671,outbound-rtp,COT01_98_profile-id=0,video,video,2757475050,T01,214762,208,true,1,0,45,45,5296,4,2,SV319,0,0,0,1,[object Object],bandwidth,1,0,0,r1,2957950613,1.045,0,16.715434
OT01V937188931,1776278733817.671,outbound-rtp,COT01_98_profile-id=0,video,video,937188931,T01,0,1,true,2,0,0,0,283,0,0,SV319,0,0,0,0,[object Object],bandwidth,1,0,0,r2,1532025139,0,0,0
OT01V2092195203,1776278734017.759,outbound-rtp,COT01_98_profile-id=0,video,video,2092195203,T01,608636,1280,true,0,0,414,414,169309,4,3,SV319,0,0,0,0,[object Object],bandwidth,1,0,0,r0,885152306,6.944,0,2.559047
OT01V2757475050,1776278734017.759,outbound-rtp,COT01_98_profile-id=0,video,video,2757475050,T01,229287,221,true,1,0,47,47,5620,5,2,SV319,0,0,0,1,[object Object],bandwidth,1,0,0,r1,2957950613,1.091,0,16.758195999999998
OT01V937188931,1776278734017.759,outbound-rtp,COT01_98_profile-id=0,video,video,937188931,T01,0,1,true,2,0,0,0,283,0,0,SV319,0,0,0,0,[object Object],bandwidth,1,0,0,r2,1532025139,0,0,0
OT01V2092195203,1776278734017.759,outbound-rtp,COT01_98_profile-id=0,video,video,2092195203,T01,608636,1280,true,0,0,414,414,169309,4,3,SV319,0,0,0,0,[object Object],bandwidth,1,0,0,r0,885152306,6.944,0,2.559047
OT01V2757475050,1776278734017.759,outbound-rtp,COT01_98_profile-id=0,video,video,2757475050,T01,229287,221,true,1,0,47,47,5620,5,2,SV319,0,0,0,1,[object Object],bandwidth,1,0,0,r1,2957950613,1.091,0,16.758195999999998
OT01V937188931,1776278734017.759,outbound-rtp,COT01_98_profile-id=0,video,video,937188931,T01,0,1,true,2,0,0,0,283,0,0,SV319,0,0,0,0,[object Object],bandwidth,1,0,0,r2,1532025139,0,0,0
OT01V2092195203,1776278734217.758,outbound-rtp,COT01_98_profile-id=0,video,video,2092195203,T01,613209,1286,true,0,0,416,416,169453,4,3,SV319,0,0,0,0,[object Object],bandwidth,1,0,0,r0,885152306,6.978,0,2.559053
OT01V2757475050,1776278734217.758,outbound-rtp,COT01_98_profile-id=0,video,video,2757475050,T01,245985,237,true,1,0,49,49,6012,5,2,SV319,0,0,0,1,[object Object],bandwidth,1,0,0,r1,2957950613,1.14,0,16.799824
OT01V937188931,1776278734217.758,outbound-rtp,COT01_98_profile-id=0,video,video,937188931,T01,0,1,true,2,0,0,0,283,0,0,SV319,0,0,0,0,[object Object],bandwidth,1,0,0,r2,1532025139,0,0,0
OT01V2092195203,1776278734217.758,outbound-rtp,COT01_98_profile-id=0,video,video,2092195203,T01,613209,1286,true,0,0,416,416,169453,4,3,SV319,0,0,0,0,[object Object],bandwidth,1,0,0,r0,885152306,6.978,0,2.559053
OT01V2757475050,1776278734217.758,outbound-rtp,COT01_98_profile-id=0,video,video,2757475050,T01,245985,237,true,1,0,49,49,6012,5,2,SV319,0,0,0,1,[object Object],bandwidth,1,0,0,r1,2957950613,1.14,0,16.799824
OT01V937188931,1776278734217.758,outbound-rtp,COT01_98_profile-id=0,video,video,937188931,T01,0,1,true,2,0,0,0,283,0,0,SV319,0,0,0,0,[object Object],bandwidth,1,0,0,r2,1532025139,0,0,0
OT01V2092195203,1776278734417.783,outbound-rtp,COT01_98_profile-id=0,video,video,2092195203,T01,623978,1296,true,0,0,419,419,169693,4,3,SV319,0,0,0,0,[object Object],bandwidth,1,0,0,r0,885152306,7.035,0,2.559062
OT01V2757475050,1776278734417.783,outbound-rtp,COT01_98_profile-id=0,video,video,2757475050,T01,258522,248,true,1,0,51,51,6276,6,2,SV319,0,0,0,1,[object Object],bandwidth,1,0,0,r1,2957950613,1.2,0,16.928054
OT01V937188931,1776278734417.783,outbound-rtp,COT01_98_profile-id=0,video,video,937188931,T01,0,1,true,2,0,0,0,283,0,0,SV319,0,0,0,0,[object Object],bandwidth,1,0,0,r2,1532025139,0,0,0
OT01V2092195203,1776278734417.783,outbound-rtp,COT01_98_profile-id=0,video,video,2092195203,T01,623978,1296,true,0,0,419,419,169693,4,3,SV319,0,0,0,0,[object Object],bandwidth,1,0,0,r0,885152306,7.035,0,2.559062
OT01V2757475050,1776278734417.783,outbound-rtp,COT01_98_profile-id=0,video,video,2757475050,T01,258522,248,true,1,0,51,51,6276,6,2,SV319,0,0,0,1,[object Object],bandwidth,1,0,0,r1,2957950613,1.2,0,16.928054
OT01V937188931,1776278734417.783,outbound-rtp,COT01_98_profile-id=0,video,video,937188931,T01,0,1,true,2,0,0,0,283,0,0,SV319,0,0,0,0,[object Object],bandwidth,1,0,0,r2,1532025139,0,0,0
OT01V2092195203,1776278734617.723,outbound-rtp,COT01_98_profile-id=0,video,video,2092195203,T01,637379,1309,true,0,0,422,422,170005,4,3,SV319,0,0,0,0,[object Object],bandwidth,1,0,0,r0,885152306,7.08,0,2.559069
OT01V2757475050,1776278734617.723,outbound-rtp,COT01_98_profile-id=0,video,video,2757475050,T01,268626,258,true,1,0,53,53,6516,6,2,SV319,0,0,0,1,[object Object],bandwidth,1,0,0,r1,2957950613,1.259,0,16.928062
OT01V937188931,1776278734617.723,outbound-rtp,COT01_98_profile-id=0,video,video,937188931,T01,0,1,true,2,0,0,0,283,0,0,SV319,0,0,0,0,[object Object],bandwidth,1,0,0,r2,1532025139,0,0,0
OT01V2092195203,1776278734617.723,outbound-rtp,COT01_98_profile-id=0,video,video,2092195203,T01,637379,1309,true,0,0,422,422,170005,4,3,SV319,0,0,0,0,[object Object],bandwidth,1,0,0,r0,885152306,7.08,0,2.559069
OT01V2757475050,1776278734617.723,outbound-rtp,COT01_98_profile-id=0,video,video,2757475050,T01,268626,258,true,1,0,53,53,6516,6,2,SV319,0,0,0,1,[object Object],bandwidth,1,0,0,r1,2957950613,1.259,0,16.928062
OT01V937188931,1776278734617.723,outbound-rtp,COT01_98_profile-id=0,video,video,937188931,T01,0,1,true,2,0,0,0,283,0,0,SV319,0,0,0,0,[object Object],bandwidth,1,0,0,r2,1532025139,0,0,0
OT01V2092195203,1776278734817.671,outbound-rtp,COT01_98_profile-id=0,video,video,2092195203,T01,652143,1324,true,0,0,427,427,170365,4,3,SV319,0,0,0,0,[object Object],bandwidth,1,0,0,r0,885152306,7.168,0,2.559074
OT01V2757475050,1776278734817.671,outbound-rtp,COT01_98_profile-id=0,video,video,2757475050,T01,277934,267,true,1,0,55,55,6732,6,2,SV319,0,0,0,1,[object Object],bandwidth,1,0,0,r1,2957950613,1.315,0,16.948475
OT01V937188931,1776278734817.671,outbound-rtp,COT01_98_profile-id=0,video,video,937188931,T01,0,1,true,2,0,0,0,283,0,0,SV319,0,0,0,0,[object Object],bandwidth,1,0,0,r2,1532025139,0,0,0
OT01V2092195203,1776278734817.671,outbound-rtp,COT01_98_profile-id=0,video,video,2092195203,T01,652143,1324,true,0,0,427,427,170365,4,3,SV319,0,0,0,0,[object Object],bandwidth,1,0,0,r0,885152306,7.168,0,2.559074
OT01V2757475050,1776278734817.671,outbound-rtp,COT01_98_profile-id=0,video,video,2757475050,T01,277934,267,true,1,0,55,55,6732,6,2,SV319,0,0,0,1,[object Object],bandwidth,1,0,0,r1,2957950613,1.315,0,16.948475
OT01V937188931,1776278734817.671,outbound-rtp,COT01_98_profile-id=0,video,video,937188931,T01,0,1,true,2,0,0,0,283,0,0,SV319,0,0,0,0,[object Object],bandwidth,1,0,0,r2,1532025139,0,0,0
OT01V2092195203,1776278735017.588,outbound-rtp,COT01_98_profile-id=0,video,video,2092195203,T01,662032,1334,true,0,0,431,431,170605,4,3,SV319,0,0,0,0,[object Object],bandwidth,1,0,0,r0,885152306,7.227,0,2.55908
OT01V2757475050,1776278735017.588,outbound-rtp,COT01_98_profile-id=0,video,video,2757475050,T01,294439,283,true,1,0,58,58,7116,7,2,SV319,0,0,0,1,[object Object],bandwidth,1,0,0,r1,2957950613,1.376,0,16.975625
OT01V937188931,1776278735017.588,outbound-rtp,COT01_98_profile-id=0,video,video,937188931,T01,0,1,true,2,0,0,0,283,0,0,SV319,0,0,0,0,[object Object],bandwidth,1,0,0,r2,1532025139,0,0,0
OT01V2092195203,1776278735017.588,outbound-rtp,COT01_98_profile-id=0,video,video,2092195203,T01,662032,1334,true,0,0,431,431,170605,4,3,SV319,0,0,0,0,[object Object],bandwidth,1,0,0,r0,885152306,7.227,0,2.55908
OT01V2757475050,1776278735017.588,outbound-rtp,COT01_98_profile-id=0,video,video,2757475050,T01,294439,283,true,1,0,58,58,7116,7,2,SV319,0,0,0,1,[object Object],bandwidth,1,0,0,r1,2957950613,1.376,0,16.975625
OT01V937188931,1776278735017.588,outbound-rtp,COT01_98_profile-id=0,video,video,937188931,T01,0,1,true,2,0,0,0,283,0,0,SV319,0,0,0,0,[object Object],bandwidth,1,0,0,r2,1532025139,0,0,0
OT01V2092195203,1776278735217.723,outbound-rtp,COT01_98_profile-id=0,video,video,2092195203,T01,676571,1348,true,0,0,435,435,170941,4,3,SV319,0,0,0,0,[object Object],bandwidth,1,0,0,r0,885152306,7.294,0,2.5590859999999997
OT01V2757475050,1776278735217.723,outbound-rtp,COT01_98_profile-id=0,video,video,2757475050,T01,301426,290,true,1,0,59,59,7284,7,2,SV319,0,0,0,1,[object Object],bandwidth,1,0,0,r1,2957950613,1.4,0,16.97563
OT01V937188931,1776278735217.723,outbound-rtp,COT01_98_profile-id=0,video,video,937188931,T01,0,1,true,2,0,0,0,283,0,0,SV319,0,0,0,0,[object Object],bandwidth,1,0,0,r2,1532025139,0,0,0
OT01V2092195203,1776278735217.723,outbound-rtp,COT01_98_profile-id=0,video,video,2092195203,T01,676571,1348,true,0,0,435,435,170941,4,3,SV319,0,0,0,0,[object Object],bandwidth,1,0,0,r0,885152306,7.294,0,2.5590859999999997
OT01V2757475050,1776278735217.723,outbound-rtp,COT01_98_profile-id=0,video,video,2757475050,T01,301426,290,true,1,0,59,59,7284,7,2,SV319,0,0,0,1,[object Object],bandwidth,1,0,0,r1,2957950613,1.4,0,16.97563
OT01V937188931,1776278735217.723,outbound-rtp,COT01_98_profile-id=0,video,video,937188931,T01,0,1,true,2,0,0,0,283,0,0,SV319,0,0,0,0,[object Object],bandwidth,1,0,0,r2,1532025139,0,0,0
OT01V2092195203,1776278735417.654,outbound-rtp,COT01_98_profile-id=0,video,video,2092195203,T01,685688,1357,true,0,0,438,438,171157,4,3,SV319,0,0,0,0,[object Object],bandwidth,1,0,0,r0,885152306,7.349,0,2.559091
OT01V2757475050,1776278735417.654,outbound-rtp,COT01_98_profile-id=0,video,video,2757475050,T01,316914,304,true,1,0,61,61,7620,7,2,SV319,0,0,0,1,[object Object],bandwidth,1,0,0,r1,2957950613,1.445,0,17.001335
OT01V937188931,1776278735417.654,outbound-rtp,COT01_98_profile-id=0,video,video,937188931,T01,0,1,true,2,0,0,0,283,0,0,SV319,0,0,0,0,[object Object],bandwidth,1,0,0,r2,1532025139,0,0,0
OT01V2092195203,1776278735417.654,outbound-rtp,COT01_98_profile-id=0,video,video,2092195203,T01,685688,1357,true,0,0,438,438,171157,4,3,SV319,0,0,0,0,[object Object],bandwidth,1,0,0,r0,885152306,7.349,0,2.559091
OT01V2757475050,1776278735417.654,outbound-rtp,COT01_98_profile-id=0,video,video,2757475050,T01,316914,304,true,1,0,61,61,7620,7,2,SV319,0,0,0,1,[object Object],bandwidth,1,0,0,r1,2957950613,1.445,0,17.001335
OT01V937188931,1776278735417.654,outbound-rtp,COT01_98_profile-id=0,video,video,937188931,T01,0,1,true,2,0,0,0,283,0,0,SV319,0,0,0,0,[object Object],bandwidth,1,0,0,r2,1532025139,0,0,0
OT01V2092195203,1776278735617.568,outbound-rtp,COT01_98_profile-id=0,video,video,2092195203,T01,700306,1373,true,0,0,442,442,171541,4,3,SV319,0,0,0,0,[object Object],bandwidth,1,0,0,r0,885152306,7.405,0,2.559101
OT01V2757475050,1776278735617.568,outbound-rtp,COT01_98_profile-id=0,video,video,2757475050,T01,331188,318,true,1,0,64,64,7956,7,2,SV319,0,0,0,1,[object Object],bandwidth,1,0,0,r1,2957950613,1.505,0,17.023006
OT01V937188931,1776278735617.568,outbound-rtp,COT01_98_profile-id=0,video,video,937188931,T01,0,1,true,2,0,0,0,283,0,0,SV319,0,0,0,0,[object Object],bandwidth,1,0,0,r2,1532025139,0,0,0
OT01V2092195203,1776278735617.568,outbound-rtp,COT01_98_profile-id=0,video,video,2092195203,T01,700306,1373,true,0,0,442,442,171541,4,3,SV319,0,0,0,0,[object Object],bandwidth,1,0,0,r0,885152306,7.405,0,2.559101
OT01V2757475050,1776278735617.568,outbound-rtp,COT01_98_profile-id=0,video,video,2757475050,T01,331188,318,true,1,0,64,64,7956,7,2,SV319,0,0,0,1,[object Object],bandwidth,1,0,0,r1,2957950613,1.505,0,17.023006
OT01V937188931,1776278735617.568,outbound-rtp,COT01_98_profile-id=0,video,video,937188931,T01,0,1,true,2,0,0,0,283,0,0,SV319,0,0,0,0,[object Object],bandwidth,1,0,0,r2,1532025139,0,0,0
OT01V2092195203,1776278735817.722,outbound-rtp,COT01_98_profile-id=0,video,video,2092195203,T01,715513,1389,true,0,0,446,446,171925,4,3,SV319,0,0,0,0,[object Object],bandwidth,1,0,0,r0,885152306,7.467,0,2.559109
OT01V2757475050,1776278735817.722,outbound-rtp,COT01_98_profile-id=0,video,video,2757475050,T01,338148,324,true,1,0,65,65,8100,7,2,SV319,0,0,0,1,[object Object],bandwidth,1,0,0,r1,2957950613,1.534,0,17.023221
OT01V937188931,1776278735817.722,outbound-rtp,COT01_98_profile-id=0,video,video,937188931,T01,0,1,true,2,0,0,0,283,0,0,SV319,0,0,0,0,[object Object],bandwidth,1,0,0,r2,1532025139,0,0,0
OT01V2092195203,1776278735817.722,outbound-rtp,COT01_98_profile-id=0,video,video,2092195203,T01,715513,1389,true,0,0,446,446,171925,4,3,SV319,0,0,0,0,[object Object],bandwidth,1,0,0,r0,885152306,7.467,0,2.559109
OT01V2757475050,1776278735817.722,outbound-rtp,COT01_98_profile-id=0,video,video,2757475050,T01,338148,324,true,1,0,65,65,8100,7,2,SV319,0,0,0,1,[object Object],bandwidth,1,0,0,r1,2957950613,1.534,0,17.023221
OT01V937188931,1776278735817.722,outbound-rtp,COT01_98_profile-id=0,video,video,937188931,T01,0,1,true,2,0,0,0,283,0,0,SV319,0,0,0,0,[object Object],bandwidth,1,0,0,r2,1532025139,0,0,0
OT01V2092195203,1776278736017.772,outbound-rtp,COT01_98_profile-id=0,video,video,2092195203,T01,731909,1405,true,0,0,449,449,172309,4,3,SV319,0,0,0,0,[object Object],bandwidth,1,0,0,r0,885152306,7.521,0,2.559113
OT01V2757475050,1776278736017.772,outbound-rtp,COT01_98_profile-id=0,video,video,2757475050,T01,347585,333,true,1,0,67,67,8316,7,2,SV319,0,0,0,1,[object Object],bandwidth,1,0,0,r1,2957950613,1.593,0,17.023229
OT01V937188931,1776278736017.772,outbound-rtp,COT01_98_profile-id=0,video,video,937188931,T01,0,1,true,2,0,0,0,283,0,0,SV319,0,0,0,0,[object Object],bandwidth,1,0,0,r2,1532025139,0,0,0
OT01V2092195203,1776278736017.772,outbound-rtp,COT01_98_profile-id=0,video,video,2092195203,T01,731909,1405,true,0,0,449,449,172309,4,3,SV319,0,0,0,0,[object Object],bandwidth,1,0,0,r0,885152306,7.521,0,2.559113
OT01V2757475050,1776278736017.772,outbound-rtp,COT01_98_profile-id=0,video,video,2757475050,T01,347585,333,true,1,0,67,67,8316,7,2,SV319,0,0,0,1,[object Object],bandwidth,1,0,0,r1,2957950613,1.593,0,17.023229
OT01V937188931,1776278736017.772,outbound-rtp,COT01_98_profile-id=0,video,video,937188931,T01,0,1,true,2,0,0,0,283,0,0,SV319,0,0,0,0,[object Object],bandwidth,1,0,0,r2,1532025139,0,0,0
OT01V2092195203,1776278736217.689,outbound-rtp,COT01_98_profile-id=0,video,video,2092195203,T01,748203,1421,true,0,0,452,452,172697,5,4,SV319,0,0,0,0,[object Object],bandwidth,1,0,0,r0,885152306,7.583,0,2.559131
OT01V2757475050,1776278736217.689,outbound-rtp,COT01_98_profile-id=0,video,video,2757475050,T01,361454,345,true,1,0,70,70,8604,8,3,SV319,0,0,0,2,[object Object],bandwidth,1,0,0,r1,2957950613,1.688,0,17.023259
OT01V937188931,1776278736217.689,outbound-rtp,COT01_98_profile-id=0,video,video,937188931,T01,0,1,true,2,0,0,0,283,0,0,SV319,0,0,0,0,[object Object],bandwidth,1,0,0,r2,1532025139,0,0,0
OT01V2092195203,1776278736217.689,outbound-rtp,COT01_98_profile-id=0,video,video,2092195203,T01,748203,1421,true,0,0,452,452,172697,5,4,SV319,0,0,0,0,[object Object],bandwidth,1,0,0,r0,885152306,7.583,0,2.559131
OT01V2757475050,1776278736217.689,outbound-rtp,COT01_98_profile-id=0,video,video,2757475050,T01,361454,345,true,1,0,70,70,8604,8,3,SV319,0,0,0,2,[object Object],bandwidth,1,0,0,r1,2957950613,1.688,0,17.023259
OT01V937188931,1776278736217.689,outbound-rtp,COT01_98_profile-id=0,video,video,937188931,T01,0,1,true,2,0,0,0,283,0,0,SV319,0,0,0,0,[object Object],bandwidth,1,0,0,r2,1532025139,0,0,0
OT01V2092195203,1776278736417.689,outbound-rtp,COT01_98_profile-id=0,video,video,2092195203,T01,753887,1427,true,0,0,455,455,172841,5,4,SV319,0,0,0,0,[object Object],bandwidth,1,0,0,r0,885152306,7.63,0,2.561165
OT01V2757475050,1776278736417.689,outbound-rtp,COT01_98_profile-id=0,video,video,2757475050,T01,381648,364,true,1,0,72,72,9064,8,3,SV319,0,0,0,2,[object Object],bandwidth,1,0,0,r1,2957950613,1.717,0,17.319665999999998
OT01V937188931,1776278736417.689,outbound-rtp,COT01_98_profile-id=0,video,video,937188931,T01,0,1,true,2,0,0,0,283,0,0,SV319,0,0,0,0,[object Object],bandwidth,1,0,0,r2,1532025139,0,0,0
OT01V2092195203,1776278736417.689,outbound-rtp,COT01_98_profile-id=0,video,video,2092195203,T01,753887,1427,true,0,0,455,455,172841,5,4,SV319,0,0,0,0,[object Object],bandwidth,1,0,0,r0,885152306,7.63,0,2.561165
OT01V2757475050,1776278736417.689,outbound-rtp,COT01_98_profile-id=0,video,video,2757475050,T01,381648,364,true,1,0,72,72,9064,8,3,SV319,0,0,0,2,[object Object],bandwidth,1,0,0,r1,2957950613,1.717,0,17.319665999999998
OT01V937188931,1776278736417.689,outbound-rtp,COT01_98_profile-id=0,video,video,937188931,T01,0,1,true,2,0,0,0,283,0,0,SV319,0,0,0,0,[object Object],bandwidth,1,0,0,r2,1532025139,0,0,0
OT01V2092195203,1776278736617.764,outbound-rtp,COT01_98_profile-id=0,video,video,2092195203,T01,756639,1430,true,0,0,458,458,172913,5,4,SV319,0,0,0,0,[object Object],bandwidth,1,0,0,r0,885152306,7.681,0,2.561165
OT01V2757475050,1776278736617.764,outbound-rtp,COT01_98_profile-id=0,video,video,2757475050,T01,402519,385,true,1,0,74,74,9568,8,3,SV319,0,0,0,2,[object Object],bandwidth,1,0,0,r1,2957950613,1.763,0,17.319678
OT01V937188931,1776278736617.764,outbound-rtp,COT01_98_profile-id=0,video,video,937188931,T01,0,1,true,2,0,0,0,283,0,0,SV319,0,0,0,0,[object Object],bandwidth,1,0,0,r2,1532025139,0,0,0
OT01V2092195203,1776278736617.764,outbound-rtp,COT01_98_profile-id=0,video,video,2092195203,T01,756639,1430,true,0,0,458,458,172913,5,4,SV319,0,0,0,0,[object Object],bandwidth,1,0,0,r0,885152306,7.681,0,2.561165
OT01V2757475050,1776278736617.764,outbound-rtp,COT01_98_profile-id=0,video,video,2757475050,T01,402519,385,true,1,0,74,74,9568,8,3,SV319,0,0,0,2,[object Object],bandwidth,1,0,0,r1,2957950613,1.763,0,17.319678
OT01V937188931,1776278736617.764,outbound-rtp,COT01_98_profile-id=0,video,video,937188931,T01,0,1,true,2,0,0,0,283,0,0,SV319,0,0,0,0,[object Object],bandwidth,1,0,0,r2,1532025139,0,0,0
OT01V2092195203,1776278736817.708,outbound-rtp,COT01_98_profile-id=0,video,video,2092195203,T01,767749,1441,true,0,0,461,461,173177,5,4,SV319,0,0,0,0,[object Object],bandwidth,1,0,0,r0,885152306,7.728,0,2.561175
OT01V2757475050,1776278736817.708,outbound-rtp,COT01_98_profile-id=0,video,video,2757475050,T01,419944,401,true,1,0,76,76,9952,9,3,SV319,0,0,0,2,[object Object],bandwidth,1,0,0,r1,2957950613,1.825,0,17.353963
OT01V937188931,1776278736817.708,outbound-rtp,COT01_98_profile-id=0,video,video,937188931,T01,0,1,true,2,0,0,0,283,0,0,SV319,0,0,0,0,[object Object],bandwidth,1,0,0,r2,1532025139,0,0,0
OT01V2092195203,1776278736817.708,outbound-rtp,COT01_98_profile-id=0,video,video,2092195203,T01,767749,1441,true,0,0,461,461,173177,5,4,SV319,0,0,0,0,[object Object],bandwidth,1,0,0,r0,885152306,7.728,0,2.561175
OT01V2757475050,1776278736817.708,outbound-rtp,COT01_98_profile-id=0,video,video,2757475050,T01,419944,401,true,1,0,76,76,9952,9,3,SV319,0,0,0,2,[object Object],bandwidth,1,0,0,r1,2957950613,1.825,0,17.353963
OT01V937188931,1776278736817.708,outbound-rtp,COT01_98_profile-id=0,video,video,937188931,T01,0,1,true,2,0,0,0,283,0,0,SV319,0,0,0,0,[object Object],bandwidth,1,0,0,r2,1532025139,0,0,0
OT01V2092195203,1776278737017.645,outbound-rtp,COT01_98_profile-id=0,video,video,2092195203,T01,781898,1454,true,0,0,464,464,173489,5,4,SV319,0,0,0,0,[object Object],bandwidth,1,0,0,r0,885152306,7.768,0,2.561181
OT01V2757475050,1776278737017.645,outbound-rtp,COT01_98_profile-id=0,video,video,2757475050,T01,432318,412,true,1,0,78,78,10216,9,3,SV319,0,0,0,2,[object Object],bandwidth,1,0,0,r1,2957950613,1.871,0,17.353974
OT01V937188931,1776278737017.645,outbound-rtp,COT01_98_profile-id=0,video,video,937188931,T01,0,1,true,2,0,0,0,283,0,0,SV319,0,0,0,0,[object Object],bandwidth,1,0,0,r2,1532025139,0,0,0
OT01V2092195203,1776278737017.645,outbound-rtp,COT01_98_profile-id=0,video,video,2092195203,T01,781898,1454,true,0,0,464,464,173489,5,4,SV319,0,0,0,0,[object Object],bandwidth,1,0,0,r0,885152306,7.768,0,2.561181
OT01V2757475050,1776278737017.645,outbound-rtp,COT01_98_profile-id=0,video,video,2757475050,T01,432318,412,true,1,0,78,78,10216,9,3,SV319,0,0,0,2,[object Object],bandwidth,1,0,0,r1,2957950613,1.871,0,17.353974
OT01V937188931,1776278737017.645,outbound-rtp,COT01_98_profile-id=0,video,video,937188931,T01,0,1,true,2,0,0,0,283,0,0,SV319,0,0,0,0,[object Object],bandwidth,1,0,0,r2,1532025139,0,0,0
OT01V2092195203,1776278737217.712,outbound-rtp,COT01_98_profile-id=0,video,video,2092195203,T01,796412,1468,true,0,0,467,467,173825,6,4,SV319,0,0,0,0,[object Object],bandwidth,1,0,0,r0,885152306,7.83,0,2.56119
OT01V2757475050,1776278737217.712,outbound-rtp,COT01_98_profile-id=0,video,video,2757475050,T01,448718,428,true,1,0,80,80,10600,9,3,SV319,0,0,0,2,[object Object],bandwidth,1,0,0,r1,2957950613,1.929,0,17.354197
OT01V937188931,1776278737217.712,outbound-rtp,COT01_98_profile-id=0,video,video,937188931,T01,0,1,true,2,0,0,0,283,0,0,SV319,0,0,0,0,[object Object],bandwidth,1,0,0,r2,1532025139,0,0,0
OT01V2092195203,1776278737217.712,outbound-rtp,COT01_98_profile-id=0,video,video,2092195203,T01,796412,1468,true,0,0,467,467,173825,6,4,SV319,0,0,0,0,[object Object],bandwidth,1,0,0,r0,885152306,7.83,0,2.56119
OT01V2757475050,1776278737217.712,outbound-rtp,COT01_98_profile-id=0,video,video,2757475050,T01,448718,428,true,1,0,80,80,10600,9,3,SV319,0,0,0,2,[object Object],bandwidth,1,0,0,r1,2957950613,1.929,0,17.354197
OT01V937188931,1776278737217.712,outbound-rtp,COT01_98_profile-id=0,video,video,937188931,T01,0,1,true,2,0,0,0,283,0,0,SV319,0,0,0,0,[object Object],bandwidth,1,0,0,r2,1532025139,0,0,0
OT01V2092195203,1776278737417.66,outbound-rtp,COT01_98_profile-id=0,video,video,2092195203,T01,810486,1483,true,0,0,470,470,174185,6,4,SV319,0,0,0,0,[object Object],bandwidth,1,0,0,r0,885152306,7.874,0,2.5612019999999998
OT01V2757475050,1776278737417.66,outbound-rtp,COT01_98_profile-id=0,video,video,2757475050,T01,462308,441,true,1,0,82,82,10912,9,3,SV319,0,0,0,2,[object Object],bandwidth,1,0,0,r1,2957950613,1.975,0,17.354202
OT01V937188931,1776278737417.66,outbound-rtp,COT01_98_profile-id=0,video,video,937188931,T01,0,1,true,2,0,0,0,283,0,0,SV319,0,0,0,0,[object Object],bandwidth,1,0,0,r2,1532025139,0,0,0
OT01V2092195203,1776278737417.66,outbound-rtp,COT01_98_profile-id=0,video,video,2092195203,T01,810486,1483,true,0,0,470,470,174185,6,4,SV319,0,0,0,0,[object Object],bandwidth,1,0,0,r0,885152306,7.874,0,2.5612019999999998
OT01V2757475050,1776278737417.66,outbound-rtp,COT01_98_profile-id=0,video,video,2757475050,T01,462308,441,true,1,0,82,82,10912,9,3,SV319,0,0,0,2,[object Object],bandwidth,1,0,0,r1,2957950613,1.975,0,17.354202
OT01V937188931,1776278737417.66,outbound-rtp,COT01_98_profile-id=0,video,video,937188931,T01,0,1,true,2,0,0,0,283,0,0,SV319,0,0,0,0,[object Object],bandwidth,1,0,0,r2,1532025139,0,0,0
OT01V2092195203,1776278737617.766,outbound-rtp,COT01_98_profile-id=0,video,video,2092195203,T01,822665,1496,true,0,0,472,472,174497,6,4,SV319,0,0,0,0,[object Object],bandwidth,1,0,0,r0,885152306,7.897,0,2.56121
OT01V2757475050,1776278737617.766,outbound-rtp,COT01_98_profile-id=0,video,video,2757475050,T01,478706,456,true,1,0,84,84,11272,9,3,SV319,0,0,0,2,[object Object],bandwidth,1,0,0,r1,2957950613,2.009,0,17.354215
OT01V937188931,1776278737617.766,outbound-rtp,COT01_98_profile-id=0,video,video,937188931,T01,0,1,true,2,0,0,0,283,0,0,SV319,0,0,0,0,[object Object],bandwidth,1,0,0,r2,1532025139,0,0,0
OT01V2092195203,1776278737617.766,outbound-rtp,COT01_98_profile-id=0,video,video,2092195203,T01,822665,1496,true,0,0,472,472,174497,6,4,SV319,0,0,0,0,[object Object],bandwidth,1,0,0,r0,885152306,7.897,0,2.56121
OT01V2757475050,1776278737617.766,outbound-rtp,COT01_98_profile-id=0,video,video,2757475050,T01,478706,456,true,1,0,84,84,11272,9,3,SV319,0,0,0,2,[object Object],bandwidth,1,0,0,r1,2957950613,2.009,0,17.354215
OT01V937188931,1776278737617.766,outbound-rtp,COT01_98_profile-id=0,video,video,937188931,T01,0,1,true,2,0,0,0,283,0,0,SV319,0,0,0,0,[object Object],bandwidth,1,0,0,r2,1532025139,0,0,0
OT01V2092195203,1776278737817.65,outbound-rtp,COT01_98_profile-id=0,video,video,2092195203,T01,828866,1504,true,0,0,476,476,174689,6,4,SV319,0,0,0,0,[object Object],bandwidth,1,0,0,r0,885152306,7.969,0,2.5612179999999998
OT01V2757475050,1776278737817.65,outbound-rtp,COT01_98_profile-id=0,video,video,2757475050,T01,503174,479,true,1,0,86,86,11824,9,3,SV319,0,0,0,2,[object Object],bandwidth,1,0,0,r1,2957950613,2.051,0,17.354221
OT01V937188931,1776278737817.65,outbound-rtp,COT01_98_profile-id=0,video,video,937188931,T01,0,1,true,2,0,0,0,283,0,0,SV319,0,0,0,0,[object Object],bandwidth,1,0,0,r2,1532025139,0,0,0
OT01V2092195203,1776278737817.65,outbound-rtp,COT01_98_profile-id=0,video,video,2092195203,T01,828866,1504,true,0,0,476,476,174689,6,4,SV319,0,0,0,0,[object Object],bandwidth,1,0,0,r0,885152306,7.969,0,2.5612179999999998
OT01V2757475050,1776278737817.65,outbound-rtp,COT01_98_profile-id=0,video,video,2757475050,T01,503174,479,true,1,0,86,86,11824,9,3,SV319,0,0,0,2,[object Object],bandwidth,1,0,0,r1,2957950613,2.051,0,17.354221
OT01V937188931,1776278737817.65,outbound-rtp,COT01_98_profile-id=0,video,video,937188931,T01,0,1,true,2,0,0,0,283,0,0,SV319,0,0,0,0,[object Object],bandwidth,1,0,0,r2,1532025139,0,0,0
OT01V2092195203,1776278738017.723,outbound-rtp,COT01_98_profile-id=0,video,video,2092195203,T01,846846,1524,true,0,0,480,480,175169,6,4,SV319,0,0,0,0,[object Object],bandwidth,1,0,0,r0,885152306,8.03,0,2.561225
OT01V2757475050,1776278738017.723,outbound-rtp,COT01_98_profile-id=0,video,video,2757475050,T01,514853,490,true,1,0,88,88,12088,9,3,SV319,0,0,0,2,[object Object],bandwidth,1,0,0,r1,2957950613,2.084,0,17.354226999999998
OT01V937188931,1776278738017.723,outbound-rtp,COT01_98_profile-id=0,video,video,937188931,T01,0,1,true,2,0,0,0,283,0,0,SV319,0,0,0,0,[object Object],bandwidth,1,0,0,r2,1532025139,0,0,0
OT01V2092195203,1776278738017.723,outbound-rtp,COT01_98_profile-id=0,video,video,2092195203,T01,846846,1524,true,0,0,480,480,175169,6,4,SV319,0,0,0,0,[object Object],bandwidth,1,0,0,r0,885152306,8.03,0,2.561225
OT01V2757475050,1776278738017.723,outbound-rtp,COT01_98_profile-id=0,video,video,2757475050,T01,514853,490,true,1,0,88,88,12088,9,3,SV319,0,0,0,2,[object Object],bandwidth,1,0,0,r1,2957950613,2.084,0,17.354226999999998
OT01V937188931,1776278738017.723,outbound-rtp,COT01_98_profile-id=0,video,video,937188931,T01,0,1,true,2,0,0,0,283,0,0,SV319,0,0,0,0,[object Object],bandwidth,1,0,0,r2,1532025139,0,0,0
OT01V2092195203,1776278738217.713,outbound-rtp,COT01_98_profile-id=0,video,video,2092195203,T01,864344,1541,true,0,0,483,483,175577,6,4,SV319,0,0,0,0,[object Object],bandwidth,1,0,0,r0,885152306,8.08,0,2.5612299999999997
OT01V2757475050,1776278738217.713,outbound-rtp,COT01_98_profile-id=0,video,video,2757475050,T01,528109,502,true,1,0,90,90,12376,9,3,SV319,0,0,0,2,[object Object],bandwidth,1,0,0,r1,2957950613,2.124,0,17.354367
OT01V937188931,1776278738217.713,outbound-rtp,COT01_98_profile-id=0,video,video,937188931,T01,0,1,true,2,0,0,0,283,0,0,SV319,0,0,0,0,[object Object],bandwidth,1,0,0,r2,1532025139,0,0,0
OT01V2092195203,1776278738217.713,outbound-rtp,COT01_98_profile-id=0,video,video,2092195203,T01,864344,1541,true,0,0,483,483,175577,6,4,SV319,0,0,0,0,[object Object],bandwidth,1,0,0,r0,885152306,8.08,0,2.5612299999999997
OT01V2757475050,1776278738217.713,outbound-rtp,COT01_98_profile-id=0,video,video,2757475050,T01,528109,502,true,1,0,90,90,12376,9,3,SV319,0,0,0,2,[object Object],bandwidth,1,0,0,r1,2957950613,2.124,0,17.354367
OT01V937188931,1776278738217.713,outbound-rtp,COT01_98_profile-id=0,video,video,937188931,T01,0,1,true,2,0,0,0,283,0,0,SV319,0,0,0,0,[object Object],bandwidth,1,0,0,r2,1532025139,0,0,0
OT01V2092195203,1776278738417.699,outbound-rtp,COT01_98_profile-id=0,video,video,2092195203,T01,883810,1559,true,0,0,486,486,176009,6,4,SV319,0,0,0,0,[object Object],bandwidth,1,0,0,r0,885152306,8.122,0,2.561232
OT01V2757475050,1776278738417.699,outbound-rtp,COT01_98_profile-id=0,video,video,2757475050,T01,540585,514,true,1,0,92,92,12664,9,3,SV319,0,0,0,2,[object Object],bandwidth,1,0,0,r1,2957950613,2.16,0,17.35437
OT01V937188931,1776278738417.699,outbound-rtp,COT01_98_profile-id=0,video,video,937188931,T01,0,1,true,2,0,0,0,283,0,0,SV319,0,0,0,0,[object Object],bandwidth,1,0,0,r2,1532025139,0,0,0
OT01V2092195203,1776278738417.699,outbound-rtp,COT01_98_profile-id=0,video,video,2092195203,T01,883810,1559,true,0,0,486,486,176009,6,4,SV319,0,0,0,0,[object Object],bandwidth,1,0,0,r0,885152306,8.122,0,2.561232
OT01V2757475050,1776278738417.699,outbound-rtp,COT01_98_profile-id=0,video,video,2757475050,T01,540585,514,true,1,0,92,92,12664,9,3,SV319,0,0,0,2,[object Object],bandwidth,1,0,0,r1,2957950613,2.16,0,17.35437
OT01V937188931,1776278738417.699,outbound-rtp,COT01_98_profile-id=0,video,video,937188931,T01,0,1,true,2,0,0,0,283,0,0,SV319,0,0,0,0,[object Object],bandwidth,1,0,0,r2,1532025139,0,0,0
OT01V2092195203,1776278738617.8,outbound-rtp,COT01_98_profile-id=0,video,video,2092195203,T01,900489,1575,true,0,0,490,490,176393,6,4,SV319,0,0,0,0,[object Object],bandwidth,1,0,0,r0,885152306,8.182,0,2.561234
OT01V2757475050,1776278738617.8,outbound-rtp,COT01_98_profile-id=0,video,video,2757475050,T01,555188,528,true,1,0,94,94,13000,9,3,SV319,0,0,0,2,[object Object],bandwidth,1,0,0,r1,2957950613,2.201,0,17.354378
OT01V937188931,1776278738617.8,outbound-rtp,COT01_98_profile-id=0,video,video,937188931,T01,0,1,true,2,0,0,0,283,0,0,SV319,0,0,0,0,[object Object],bandwidth,1,0,0,r2,1532025139,0,0,0
OT01V2092195203,1776278738617.8,outbound-rtp,COT01_98_profile-id=0,video,video,2092195203,T01,900489,1575,true,0,0,490,490,176393,6,4,SV319,0,0,0,0,[object Object],bandwidth,1,0,0,r0,885152306,8.182,0,2.561234
OT01V2757475050,1776278738617.8,outbound-rtp,COT01_98_profile-id=0,video,video,2757475050,T01,555188,528,true,1,0,94,94,13000,9,3,SV319,0,0,0,2,[object Object],bandwidth,1,0,0,r1,2957950613,2.201,0,17.354378
OT01V937188931,1776278738617.8,outbound-rtp,COT01_98_profile-id=0,video,video,937188931,T01,0,1,true,2,0,0,0,283,0,0,SV319,0,0,0,0,[object Object],bandwidth,1,0,0,r2,1532025139,0,0,0
OT01V2092195203,1776278738817.717,outbound-rtp,COT01_98_profile-id=0,video,video,2092195203,T01,917555,1593,true,0,0,493,493,176825,6,4,SV319,0,0,0,0,[object Object],bandwidth,1,0,0,r0,885152306,8.227,0,2.561241
OT01V2757475050,1776278738817.717,outbound-rtp,COT01_98_profile-id=0,video,video,2757475050,T01,570431,543,true,1,0,96,96,13360,9,3,SV319,0,0,0,2,[object Object],bandwidth,1,0,0,r1,2957950613,2.251,0,17.354388
OT01V937188931,1776278738817.717,outbound-rtp,COT01_98_profile-id=0,video,video,937188931,T01,0,1,true,2,0,0,0,283,0,0,SV319,0,0,0,0,[object Object],bandwidth,1,0,0,r2,1532025139,0,0,0
OT01V2092195203,1776278738817.717,outbound-rtp,COT01_98_profile-id=0,video,video,2092195203,T01,917555,1593,true,0,0,493,493,176825,6,4,SV319,0,0,0,0,[object Object],bandwidth,1,0,0,r0,885152306,8.227,0,2.561241
OT01V2757475050,1776278738817.717,outbound-rtp,COT01_98_profile-id=0,video,video,2757475050,T01,570431,543,true,1,0,96,96,13360,9,3,SV319,0,0,0,2,[object Object],bandwidth,1,0,0,r1,2957950613,2.251,0,17.354388
OT01V937188931,1776278738817.717,outbound-rtp,COT01_98_profile-id=0,video,video,937188931,T01,0,1,true,2,0,0,0,283,0,0,SV319,0,0,0,0,[object Object],bandwidth,1,0,0,r2,1532025139,0,0,0
OT01V2092195203,1776278739017.77,outbound-rtp,COT01_98_profile-id=0,video,video,2092195203,T01,941422,1618,true,0,0,498,498,177425,6,4,SV319,0,0,0,0,[object Object],bandwidth,1,0,0,r0,885152306,8.315,0,2.561255
OT01V2757475050,1776278739017.77,outbound-rtp,COT01_98_profile-id=0,video,video,2757475050,T01,579374,551,true,1,0,98,98,13552,9,3,SV319,0,0,0,2,[object Object],bandwidth,1,0,0,r1,2957950613,2.293,0,17.354392999999998
OT01V937188931,1776278739017.77,outbound-rtp,COT01_98_profile-id=0,video,video,937188931,T01,0,1,true,2,0,0,0,283,0,0,SV319,0,0,0,0,[object Object],bandwidth,1,0,0,r2,1532025139,0,0,0
OT01V2092195203,1776278739017.77,outbound-rtp,COT01_98_profile-id=0,video,video,2092195203,T01,941422,1618,true,0,0,498,498,177425,6,4,SV319,0,0,0,0,[object Object],bandwidth,1,0,0,r0,885152306,8.315,0,2.561255
OT01V2757475050,1776278739017.77,outbound-rtp,COT01_98_profile-id=0,video,video,2757475050,T01,579374,551,true,1,0,98,98,13552,9,3,SV319,0,0,0,2,[object Object],bandwidth,1,0,0,r1,2957950613,2.293,0,17.354392999999998
OT01V937188931,1776278739017.77,outbound-rtp,COT01_98_profile-id=0,video,video,937188931,T01,0,1,true,2,0,0,0,283,0,0,SV319,0,0,0,0,[object Object],bandwidth,1,0,0,r2,1532025139,0,0,0
OT01V2092195203,1776278739217.792,outbound-rtp,COT01_98_profile-id=0,video,video,2092195203,T01,963062,1639,true,0,0,502,502,177929,6,4,SV319,0,0,0,0,[object Object],bandwidth,1,0,0,r0,885152306,8.374,0,2.56126
OT01V2757475050,1776278739217.792,outbound-rtp,COT01_98_profile-id=0,video,video,2757475050,T01,590087,561,true,1,0,100,100,13792,9,3,SV319,0,0,0,2,[object Object],bandwidth,1,0,0,r1,2957950613,2.334,0,17.354407
OT01V937188931,1776278739217.792,outbound-rtp,COT01_98_profile-id=0,video,video,937188931,T01,0,1,true,2,0,0,0,283,0,0,SV319,0,0,0,0,[object Object],bandwidth,1,0,0,r2,1532025139,0,0,0
OT01V2092195203,1776278739217.792,outbound-rtp,COT01_98_profile-id=0,video,video,2092195203,T01,963062,1639,true,0,0,502,502,177929,6,4,SV319,0,0,0,0,[object Object],bandwidth,1,0,0,r0,885152306,8.374,0,2.56126
OT01V2757475050,1776278739217.792,outbound-rtp,COT01_98_profile-id=0,video,video,2757475050,T01,590087,561,true,1,0,100,100,13792,9,3,SV319,0,0,0,2,[object Object],bandwidth,1,0,0,r1,2957950613,2.334,0,17.354407
OT01V937188931,1776278739217.792,outbound-rtp,COT01_98_profile-id=0,video,video,937188931,T01,0,1,true,2,0,0,0,283,0,0,SV319,0,0,0,0,[object Object],bandwidth,1,0,0,r2,1532025139,0,0,0
OT01V2092195203,1776278739417.824,outbound-rtp,COT01_98_profile-id=0,video,video,2092195203,T01,979090,1655,true,0,0,507,507,178317,6,5,SV319,0,0,0,0,[object Object],bandwidth,1,0,0,r0,885152306,8.455,0,2.56128
OT01V2757475050,1776278739417.824,outbound-rtp,COT01_98_profile-id=0,video,video,2757475050,T01,610572,580,true,1,0,103,103,14252,9,4,SV319,0,0,0,3,[object Object],bandwidth,1,0,0,r1,2957950613,2.42,0,17.435945
OT01V937188931,1776278739417.824,outbound-rtp,COT01_98_profile-id=0,video,video,937188931,T01,0,1,true,2,0,0,0,283,0,0,SV319,0,0,0,0,[object Object],bandwidth,1,0,0,r2,1532025139,0,0,0
OT01V2092195203,1776278739417.824,outbound-rtp,COT01_98_profile-id=0,video,video,2092195203,T01,979090,1655,true,0,0,507,507,178317,6,5,SV319,0,0,0,0,[object Object],bandwidth,1,0,0,r0,885152306,8.455,0,2.56128
OT01V2757475050,1776278739417.824,outbound-rtp,COT01_98_profile-id=0,video,video,2757475050,T01,610572,580,true,1,0,103,103,14252,9,4,SV319,0,0,0,3,[object Object],bandwidth,1,0,0,r1,2957950613,2.42,0,17.435945
OT01V937188931,1776278739417.824,outbound-rtp,COT01_98_profile-id=0,video,video,937188931,T01,0,1,true,2,0,0,0,283,0,0,SV319,0,0,0,0,[object Object],bandwidth,1,0,0,r2,1532025139,0,0,0
OT01V2092195203,1776278739617.779,outbound-rtp,COT01_98_profile-id=0,video,video,2092195203,T01,1000047,1675,true,0,0,510,510,178849,6,5,SV319,0,0,0,0,[object Object],bandwidth,1,0,0,r0,885152306,8.508,0,2.561301
OT01V2757475050,1776278739617.779,outbound-rtp,COT01_98_profile-id=0,video,video,2757475050,T01,624839,594,true,1,0,105,105,14588,9,4,SV319,0,0,0,3,[object Object],bandwidth,1,0,0,r1,2957950613,2.47,0,17.453557
OT01V937188931,1776278739617.779,outbound-rtp,COT01_98_profile-id=0,video,video,937188931,T01,0,1,true,2,0,0,0,283,0,0,SV319,0,0,0,0,[object Object],bandwidth,1,0,0,r2,1532025139,0,0,0
OT01V2092195203,1776278739617.779,outbound-rtp,COT01_98_profile-id=0,video,video,2092195203,T01,1000047,1675,true,0,0,510,510,178849,6,5,SV319,0,0,0,0,[object Object],bandwidth,1,0,0,r0,885152306,8.508,0,2.561301
OT01V2757475050,1776278739617.779,outbound-rtp,COT01_98_profile-id=0,video,video,2757475050,T01,624839,594,true,1,0,105,105,14588,9,4,SV319,0,0,0,3,[object Object],bandwidth,1,0,0,r1,2957950613,2.47,0,17.453557
OT01V937188931,1776278739617.779,outbound-rtp,COT01_98_profile-id=0,video,video,937188931,T01,0,1,true,2,0,0,0,283,0,0,SV319,0,0,0,0,[object Object],bandwidth,1,0,0,r2,1532025139,0,0,0
OT01V2092195203,1776278739817.681,outbound-rtp,COT01_98_profile-id=0,video,video,2092195203,T01,1009236,1684,true,0,0,512,512,179065,6,5,SV319,0,0,0,0,[object Object],bandwidth,1,0,0,r0,885152306,8.539,0,2.561301
OT01V2757475050,1776278739817.681,outbound-rtp,COT01_98_profile-id=0,video,video,2757475050,T01,647171,616,true,1,0,107,107,15116,9,4,SV319,0,0,0,3,[object Object],bandwidth,1,0,0,r1,2957950613,2.515,0,17.453574
OT01V937188931,1776278739817.681,outbound-rtp,COT01_98_profile-id=0,video,video,937188931,T01,0,1,true,2,0,0,0,283,0,0,SV319,0,0,0,0,[object Object],bandwidth,1,0,0,r2,1532025139,0,0,0
OT01V2092195203,1776278739817.681,outbound-rtp,COT01_98_profile-id=0,video,video,2092195203,T01,1009236,1684,true,0,0,512,512,179065,6,5,SV319,0,0,0,0,[object Object],bandwidth,1,0,0,r0,885152306,8.539,0,2.561301
OT01V2757475050,1776278739817.681,outbound-rtp,COT01_98_profile-id=0,video,video,2757475050,T01,647171,616,true,1,0,107,107,15116,9,4,SV319,0,0,0,3,[object Object],bandwidth,1,0,0,r1,2957950613,2.515,0,17.453574
OT01V937188931,1776278739817.681,outbound-rtp,COT01_98_profile-id=0,video,video,937188931,T01,0,1,true,2,0,0,0,283,0,0,SV319,0,0,0,0,[object Object],bandwidth,1,0,0,r2,1532025139,0,0,0
OT01V2092195203,1776278740017.784,outbound-rtp,COT01_98_profile-id=0,video,video,2092195203,T01,1020902,1696,true,0,0,516,516,179353,6,5,SV319,0,0,0,0,[object Object],bandwidth,1,0,0,r0,885152306,8.613,0,2.561306
OT01V2757475050,1776278740017.784,outbound-rtp,COT01_98_profile-id=0,video,video,2757475050,T01,670632,639,true,1,0,110,110,15668,9,4,SV319,0,0,0,3,[object Object],bandwidth,1,0,0,r1,2957950613,2.597,0,17.454002
OT01V937188931,1776278740017.784,outbound-rtp,COT01_98_profile-id=0,video,video,937188931,T01,0,1,true,2,0,0,0,283,0,0,SV319,0,0,0,0,[object Object],bandwidth,1,0,0,r2,1532025139,0,0,0
OT01V2092195203,1776278740017.784,outbound-rtp,COT01_98_profile-id=0,video,video,2092195203,T01,1020902,1696,true,0,0,516,516,179353,6,5,SV319,0,0,0,0,[object Object],bandwidth,1,0,0,r0,885152306,8.613,0,2.561306
OT01V2757475050,1776278740017.784,outbound-rtp,COT01_98_profile-id=0,video,video,2757475050,T01,670632,639,true,1,0,110,110,15668,9,4,SV319,0,0,0,3,[object Object],bandwidth,1,0,0,r1,2957950613,2.597,0,17.454002
OT01V937188931,1776278740017.784,outbound-rtp,COT01_98_profile-id=0,video,video,937188931,T01,0,1,true,2,0,0,0,283,0,0,SV319,0,0,0,0,[object Object],bandwidth,1,0,0,r2,1532025139,0,0,0
OT01V2092195203,1776278740217.628,outbound-rtp,COT01_98_profile-id=0,video,video,2092195203,T01,1036436,1712,true,0,0,521,521,179737,6,5,SV319,0,0,0,0,[object Object],bandwidth,1,0,0,r0,885152306,8.7,0,2.561318
OT01V2757475050,1776278740217.628,outbound-rtp,COT01_98_profile-id=0,video,video,2757475050,T01,693532,660,true,1,0,112,112,16172,9,4,SV319,0,0,0,3,[object Object],bandwidth,1,0,0,r1,2957950613,2.636,0,17.454010999999998
OT01V937188931,1776278740217.628,outbound-rtp,COT01_98_profile-id=0,video,video,937188931,T01,0,1,true,2,0,0,0,283,0,0,SV319,0,0,0,0,[object Object],bandwidth,1,0,0,r2,1532025139,0,0,0
OT01V2092195203,1776278740217.628,outbound-rtp,COT01_98_profile-id=0,video,video,2092195203,T01,1036436,1712,true,0,0,521,521,179737,6,5,SV319,0,0,0,0,[object Object],bandwidth,1,0,0,r0,885152306,8.7,0,2.561318
OT01V2757475050,1776278740217.628,outbound-rtp,COT01_98_profile-id=0,video,video,2757475050,T01,693532,660,true,1,0,112,112,16172,9,4,SV319,0,0,0,3,[object Object],bandwidth,1,0,0,r1,2957950613,2.636,0,17.454010999999998
OT01V937188931,1776278740217.628,outbound-rtp,COT01_98_profile-id=0,video,video,937188931,T01,0,1,true,2,0,0,0,283,0,0,SV319,0,0,0,0,[object Object],bandwidth,1,0,0,r2,1532025139,0,0,0
OT01V2092195203,1776278740417.741,outbound-rtp,COT01_98_profile-id=0,video,video,2092195203,T01,1046503,1722,true,0,0,524,524,179977,6,5,SV319,0,0,0,0,[object Object],bandwidth,1,0,0,r0,885152306,8.749,0,2.561318
OT01V2757475050,1776278740417.741,outbound-rtp,COT01_98_profile-id=0,video,video,2757475050,T01,716750,682,true,1,0,114,114,16700,9,4,SV319,0,0,0,3,[object Object],bandwidth,1,0,0,r1,2957950613,2.677,0,17.454024
OT01V937188931,1776278740417.741,outbound-rtp,COT01_98_profile-id=0,video,video,937188931,T01,0,1,true,2,0,0,0,283,0,0,SV319,0,0,0,0,[object Object],bandwidth,1,0,0,r2,1532025139,0,0,0
OT01V2092195203,1776278740417.741,outbound-rtp,COT01_98_profile-id=0,video,video,2092195203,T01,1046503,1722,true,0,0,524,524,179977,6,5,SV319,0,0,0,0,[object Object],bandwidth,1,0,0,r0,885152306,8.749,0,2.561318
OT01V2757475050,1776278740417.741,outbound-rtp,COT01_98_profile-id=0,video,video,2757475050,T01,716750,682,true,1,0,114,114,16700,9,4,SV319,0,0,0,3,[object Object],bandwidth,1,0,0,r1,2957950613,2.677,0,17.454024
OT01V937188931,1776278740417.741,outbound-rtp,COT01_98_profile-id=0,video,video,937188931,T01,0,1,true,2,0,0,0,283,0,0,SV319,0,0,0,0,[object Object],bandwidth,1,0,0,r2,1532025139,0,0,0
OT01V2092195203,1776278740617.616,outbound-rtp,COT01_98_profile-id=0,video,video,2092195203,T01,1056443,1733,true,0,0,529,529,180241,6,5,SV319,0,0,0,0,[object Object],bandwidth,1,0,0,r0,885152306,8.831,0,2.561328
OT01V2757475050,1776278740617.616,outbound-rtp,COT01_98_profile-id=0,video,video,2757475050,T01,747424,710,true,1,0,119,119,17372,9,4,SV319,0,0,0,3,[object Object],bandwidth,1,0,0,r1,2957950613,2.791,0,17.454045999999998
OT01V937188931,1776278740617.616,outbound-rtp,COT01_98_profile-id=0,video,video,937188931,T01,0,1,true,2,0,0,0,283,0,0,SV319,0,0,0,0,[object Object],bandwidth,1,0,0,r2,1532025139,0,0,0
OT01V2092195203,1776278740617.616,outbound-rtp,COT01_98_profile-id=0,video,video,2092195203,T01,1056443,1733,true,0,0,529,529,180241,6,5,SV319,0,0,0,0,[object Object],bandwidth,1,0,0,r0,885152306,8.831,0,2.561328
OT01V2757475050,1776278740617.616,outbound-rtp,COT01_98_profile-id=0,video,video,2757475050,T01,747424,710,true,1,0,119,119,17372,9,4,SV319,0,0,0,3,[object Object],bandwidth,1,0,0,r1,2957950613,2.791,0,17.454045999999998
OT01V937188931,1776278740617.616,outbound-rtp,COT01_98_profile-id=0,video,video,937188931,T01,0,1,true,2,0,0,0,283,0,0,SV319,0,0,0,0,[object Object],bandwidth,1,0,0,r2,1532025139,0,0,0
OT01V2092195203,1776278740817.562,outbound-rtp,COT01_98_profile-id=0,video,video,2092195203,T01,1068597,1747,true,0,0,535,535,180577,6,5,SV319,0,0,0,0,[object Object],bandwidth,1,0,0,r0,885152306,8.878,0,2.6136489999999997
OT01V2757475050,1776278740817.562,outbound-rtp,COT01_98_profile-id=0,video,video,2757475050,T01,769867,732,true,1,0,123,123,17900,9,4,SV319,0,0,0,3,[object Object],bandwidth,1,0,0,r1,2957950613,2.83,0,17.625189
OT01V937188931,1776278740817.562,outbound-rtp,COT01_98_profile-id=0,video,video,937188931,T01,0,1,true,2,0,0,0,283,0,0,SV319,0,0,0,0,[object Object],bandwidth,1,0,0,r2,1532025139,0,0,0
OT01V2092195203,1776278740817.562,outbound-rtp,COT01_98_profile-id=0,video,video,2092195203,T01,1068597,1747,true,0,0,535,535,180577,6,5,SV319,0,0,0,0,[object Object],bandwidth,1,0,0,r0,885152306,8.878,0,2.6136489999999997
OT01V2757475050,1776278740817.562,outbound-rtp,COT01_98_profile-id=0,video,video,2757475050,T01,769867,732,true,1,0,123,123,17900,9,4,SV319,0,0,0,3,[object Object],bandwidth,1,0,0,r1,2957950613,2.83,0,17.625189
OT01V937188931,1776278740817.562,outbound-rtp,COT01_98_profile-id=0,video,video,937188931,T01,0,1,true,2,0,0,0,283,0,0,SV319,0,0,0,0,[object Object],bandwidth,1,0,0,r2,1532025139,0,0,0
OT01V2092195203,1776278741017.569,outbound-rtp,COT01_98_profile-id=0,video,video,2092195203,T01,1081021,1760,true,0,0,540,540,180889,6,5,SV319,0,0,0,0,[object Object],bandwidth,1,0,0,r0,885152306,8.914,0,2.613653
OT01V2757475050,1776278741017.569,outbound-rtp,COT01_98_profile-id=0,video,video,2757475050,T01,798650,758,true,1,0,128,128,18524,9,4,SV319,0,0,0,3,[object Object],bandwidth,1,0,0,r1,2957950613,2.878,0,17.625197999999997
OT01V937188931,1776278741017.569,outbound-rtp,COT01_98_profile-id=0,video,video,937188931,T01,0,1,true,2,0,0,0,283,0,0,SV319,0,0,0,0,[object Object],bandwidth,1,0,0,r2,1532025139,0,0,0
OT01V2092195203,1776278741017.569,outbound-rtp,COT01_98_profile-id=0,video,video,2092195203,T01,1081021,1760,true,0,0,540,540,180889,6,5,SV319,0,0,0,0,[object Object],bandwidth,1,0,0,r0,885152306,8.914,0,2.613653
OT01V2757475050,1776278741017.569,outbound-rtp,COT01_98_profile-id=0,video,video,2757475050,T01,798650,758,true,1,0,128,128,18524,9,4,SV319,0,0,0,3,[object Object],bandwidth,1,0,0,r1,2957950613,2.878,0,17.625197999999997
OT01V937188931,1776278741017.569,outbound-rtp,COT01_98_profile-id=0,video,video,937188931,T01,0,1,true,2,0,0,0,283,0,0,SV319,0,0,0,0,[object Object],bandwidth,1,0,0,r2,1532025139,0,0,0
OT01V2092195203,1776278741217.588,outbound-rtp,COT01_98_profile-id=0,video,video,2092195203,T01,1087178,1768,true,0,0,546,546,181081,6,5,SV319,0,0,0,0,[object Object],bandwidth,1,0,0,r0,885152306,8.957,0,2.6136589999999997
OT01V2757475050,1776278741217.588,outbound-rtp,COT01_98_profile-id=0,video,video,2757475050,T01,827721,787,true,1,0,134,134,19220,9,4,SV319,0,0,0,3,[object Object],bandwidth,1,0,0,r1,2957950613,2.931,0,17.625204999999998
OT01V937188931,1776278741217.588,outbound-rtp,COT01_98_profile-id=0,video,video,937188931,T01,0,1,true,2,0,0,0,283,0,0,SV319,0,0,0,0,[object Object],bandwidth,1,0,0,r2,1532025139,0,0,0
OT01V2092195203,1776278741217.588,outbound-rtp,COT01_98_profile-id=0,video,video,2092195203,T01,1087178,1768,true,0,0,546,546,181081,6,5,SV319,0,0,0,0,[object Object],bandwidth,1,0,0,r0,885152306,8.957,0,2.6136589999999997
OT01V2757475050,1776278741217.588,outbound-rtp,COT01_98_profile-id=0,video,video,2757475050,T01,827721,787,true,1,0,134,134,19220,9,4,SV319,0,0,0,3,[object Object],bandwidth,1,0,0,r1,2957950613,2.931,0,17.625204999999998
OT01V937188931,1776278741217.588,outbound-rtp,COT01_98_profile-id=0,video,video,937188931,T01,0,1,true,2,0,0,0,283,0,0,SV319,0,0,0,0,[object Object],bandwidth,1,0,0,r2,1532025139,0,0,0
OT01V2092195203,1776278741417.546,outbound-rtp,COT01_98_profile-id=0,video,video,2092195203,T01,1095727,1778,true,0,0,552,552,181321,6,5,SV319,0,0,0,0,[object Object],bandwidth,1,0,0,r0,885152306,9.003,0,2.613666
OT01V2757475050,1776278741417.546,outbound-rtp,COT01_98_profile-id=0,video,video,2757475050,T01,864448,823,true,1,0,140,140,20084,9,4,SV319,0,0,0,3,[object Object],bandwidth,1,0,0,r1,2957950613,2.99,0,17.62522
OT01V937188931,1776278741417.546,outbound-rtp,COT01_98_profile-id=0,video,video,937188931,T01,0,1,true,2,0,0,0,283,0,0,SV319,0,0,0,0,[object Object],bandwidth,1,0,0,r2,1532025139,0,0,0
OT01V2092195203,1776278741417.546,outbound-rtp,COT01_98_profile-id=0,video,video,2092195203,T01,1095727,1778,true,0,0,552,552,181321,6,5,SV319,0,0,0,0,[object Object],bandwidth,1,0,0,r0,885152306,9.003,0,2.613666
OT01V2757475050,1776278741417.546,outbound-rtp,COT01_98_profile-id=0,video,video,2757475050,T01,864448,823,true,1,0,140,140,20084,9,4,SV319,0,0,0,3,[object Object],bandwidth,1,0,0,r1,2957950613,2.99,0,17.62522
OT01V937188931,1776278741417.546,outbound-rtp,COT01_98_profile-id=0,video,video,937188931,T01,0,1,true,2,0,0,0,283,0,0,SV319,0,0,0,0,[object Object],bandwidth,1,0,0,r2,1532025139,0,0,0
OT01V2092195203,1776278741617.666,outbound-rtp,COT01_98_profile-id=0,video,video,2092195203,T01,1102824,1787,true,0,0,558,558,181537,6,5,SV319,0,0,0,0,[object Object],bandwidth,1,0,0,r0,885152306,9.075,0,2.6158129999999997
OT01V2757475050,1776278741617.666,outbound-rtp,COT01_98_profile-id=0,video,video,2757475050,T01,893311,851,true,1,0,146,146,20756,9,4,SV319,0,0,0,3,[object Object],bandwidth,1,0,0,r1,2957950613,3.082,0,17.770153
OT01V937188931,1776278741617.666,outbound-rtp,COT01_98_profile-id=0,video,video,937188931,T01,0,1,true,2,0,0,0,283,0,0,SV319,0,0,0,0,[object Object],bandwidth,1,0,0,r2,1532025139,0,0,0
OT01V2092195203,1776278741617.666,outbound-rtp,COT01_98_profile-id=0,video,video,2092195203,T01,1102824,1787,true,0,0,558,558,181537,6,5,SV319,0,0,0,0,[object Object],bandwidth,1,0,0,r0,885152306,9.075,0,2.6158129999999997
OT01V2757475050,1776278741617.666,outbound-rtp,COT01_98_profile-id=0,video,video,2757475050,T01,893311,851,true,1,0,146,146,20756,9,4,SV319,0,0,0,3,[object Object],bandwidth,1,0,0,r1,2957950613,3.082,0,17.770153
OT01V937188931,1776278741617.666,outbound-rtp,COT01_98_profile-id=0,video,video,937188931,T01,0,1,true,2,0,0,0,283,0,0,SV319,0,0,0,0,[object Object],bandwidth,1,0,0,r2,1532025139,0,0,0
OT01V2092195203,1776278741817.597,outbound-rtp,COT01_98_profile-id=0,video,video,2092195203,T01,1108596,1795,true,0,0,563,563,181729,6,5,SV319,0,0,0,0,[object Object],bandwidth,1,0,0,r0,885152306,9.147,0,2.615823
OT01V2757475050,1776278741817.597,outbound-rtp,COT01_98_profile-id=0,video,video,2757475050,T01,932077,887,true,1,0,152,152,21620,9,4,SV319,0,0,0,3,[object Object],bandwidth,1,0,0,r1,2957950613,3.198,0,17.770176
OT01V937188931,1776278741817.597,outbound-rtp,COT01_98_profile-id=0,video,video,937188931,T01,0,1,true,2,0,0,0,283,0,0,SV319,0,0,0,0,[object Object],bandwidth,1,0,0,r2,1532025139,0,0,0
OT01V2092195203,1776278741817.597,outbound-rtp,COT01_98_profile-id=0,video,video,2092195203,T01,1108596,1795,true,0,0,563,563,181729,6,5,SV319,0,0,0,0,[object Object],bandwidth,1,0,0,r0,885152306,9.147,0,2.615823
OT01V2757475050,1776278741817.597,outbound-rtp,COT01_98_profile-id=0,video,video,2757475050,T01,932077,887,true,1,0,152,152,21620,9,4,SV319,0,0,0,3,[object Object],bandwidth,1,0,0,r1,2957950613,3.198,0,17.770176
OT01V937188931,1776278741817.597,outbound-rtp,COT01_98_profile-id=0,video,video,937188931,T01,0,1,true,2,0,0,0,283,0,0,SV319,0,0,0,0,[object Object],bandwidth,1,0,0,r2,1532025139,0,0,0
OT01V2092195203,1776278742017.63,outbound-rtp,COT01_98_profile-id=0,video,video,2092195203,T01,1114258,1803,true,0,0,569,569,181921,6,5,SV319,0,0,0,0,[object Object],bandwidth,1,0,0,r0,885152306,9.23,0,2.61583
OT01V2757475050,1776278742017.63,outbound-rtp,COT01_98_profile-id=0,video,video,2757475050,T01,962390,916,true,1,0,158,158,22316,9,4,SV319,0,0,0,3,[object Object],bandwidth,1,0,0,r1,2957950613,3.303,0,17.770201
OT01V937188931,1776278742017.63,outbound-rtp,COT01_98_profile-id=0,video,video,937188931,T01,0,1,true,2,0,0,0,283,0,0,SV319,0,0,0,0,[object Object],bandwidth,1,0,0,r2,1532025139,0,0,0
OT01V2092195203,1776278742017.63,outbound-rtp,COT01_98_profile-id=0,video,video,2092195203,T01,1114258,1803,true,0,0,569,569,181921,6,5,SV319,0,0,0,0,[object Object],bandwidth,1,0,0,r0,885152306,9.23,0,2.61583
OT01V2757475050,1776278742017.63,outbound-rtp,COT01_98_profile-id=0,video,video,2757475050,T01,962390,916,true,1,0,158,158,22316,9,4,SV319,0,0,0,3,[object Object],bandwidth,1,0,0,r1,2957950613,3.303,0,17.770201
OT01V937188931,1776278742017.63,outbound-rtp,COT01_98_profile-id=0,video,video,937188931,T01,0,1,true,2,0,0,0,283,0,0,SV319,0,0,0,0,[object Object],bandwidth,1,0,0,r2,1532025139,0,0,0
OT01V2092195203,1776278742217.647,outbound-rtp,COT01_98_profile-id=0,video,video,2092195203,T01,1121012,1812,true,0,0,575,575,182137,6,5,SV319,0,0,0,0,[object Object],bandwidth,1,0,0,r0,885152306,9.317,0,2.61584
OT01V2757475050,1776278742217.647,outbound-rtp,COT01_98_profile-id=0,video,video,2757475050,T01,997824,950,true,1,0,164,164,23132,9,4,SV319,0,0,0,3,[object Object],bandwidth,1,0,0,r1,2957950613,3.421,0,17.770228
OT01V937188931,1776278742217.647,outbound-rtp,COT01_98_profile-id=0,video,video,937188931,T01,0,1,true,2,0,0,0,283,0,0,SV319,0,0,0,0,[object Object],bandwidth,1,0,0,r2,1532025139,0,0,0
OT01V2092195203,1776278742217.647,outbound-rtp,COT01_98_profile-id=0,video,video,2092195203,T01,1121012,1812,true,0,0,575,575,182137,6,5,SV319,0,0,0,0,[object Object],bandwidth,1,0,0,r0,885152306,9.317,0,2.61584
OT01V2757475050,1776278742217.647,outbound-rtp,COT01_98_profile-id=0,video,video,2757475050,T01,997824,950,true,1,0,164,164,23132,9,4,SV319,0,0,0,3,[object Object],bandwidth,1,0,0,r1,2957950613,3.421,0,17.770228
OT01V937188931,1776278742217.647,outbound-rtp,COT01_98_profile-id=0,video,video,937188931,T01,0,1,true,2,0,0,0,283,0,0,SV319,0,0,0,0,[object Object],bandwidth,1,0,0,r2,1532025139,0,0,0
OT01V2092195203,1776278742417.664,outbound-rtp,COT01_98_profile-id=0,video,video,2092195203,T01,1127776,1822,true,0,0,581,581,182377,6,5,SV319,0,0,0,0,[object Object],bandwidth,1,0,0,r0,885152306,9.402,0,2.615849
OT01V2757475050,1776278742417.664,outbound-rtp,COT01_98_profile-id=0,video,video,2757475050,T01,1031680,983,true,1,0,169,169,24434,9,4,SV319,0,0,0,3,[object Object],bandwidth,1,0,0,r1,2957950613,3.51,0,17.77025
OT01V937188931,1776278742417.664,outbound-rtp,COT01_98_profile-id=0,video,video,937188931,T01,0,1,true,2,0,0,0,283,0,0,SV319,0,0,0,0,[object Object],bandwidth,1,0,0,r2,1532025139,0,0,0
OT01V2092195203,1776278742417.664,outbound-rtp,COT01_98_profile-id=0,video,video,2092195203,T01,1127776,1822,true,0,0,581,581,182377,6,5,SV319,0,0,0,0,[object Object],bandwidth,1,0,0,r0,885152306,9.402,0,2.615849
OT01V2757475050,1776278742417.664,outbound-rtp,COT01_98_profile-id=0,video,video,2757475050,T01,1031680,983,true,1,0,169,169,24434,9,4,SV319,0,0,0,3,[object Object],bandwidth,1,0,0,r1,2957950613,3.51,0,17.77025
OT01V937188931,1776278742417.664,outbound-rtp,COT01_98_profile-id=0,video,video,937188931,T01,0,1,true,2,0,0,0,283,0,0,SV319,0,0,0,0,[object Object],bandwidth,1,0,0,r2,1532025139,0,0,0
OT01V2092195203,1776278742617.773,outbound-rtp,COT01_98_profile-id=0,video,video,2092195203,T01,1133612,1830,true,0,0,587,587,182569,6,5,SV319,0,0,0,0,[object Object],bandwidth,1,0,0,r0,885152306,9.496,0,2.615858
OT01V2757475050,1776278742617.773,outbound-rtp,COT01_98_profile-id=0,video,video,2757475050,T01,1070142,1021,true,1,0,176,176,25601,9,4,SV319,0,0,0,3,[object Object],bandwidth,1,0,0,r1,2957950613,3.655,0,17.770302
OT01V937188931,1776278742617.773,outbound-rtp,COT01_98_profile-id=0,video,video,937188931,T01,0,1,true,2,0,0,0,283,0,0,SV319,0,0,0,0,[object Object],bandwidth,1,0,0,r2,1532025139,0,0,0
OT01V2092195203,1776278742617.773,outbound-rtp,COT01_98_profile-id=0,video,video,2092195203,T01,1133612,1830,true,0,0,587,587,182569,6,5,SV319,0,0,0,0,[object Object],bandwidth,1,0,0,r0,885152306,9.496,0,2.615858
OT01V2757475050,1776278742617.773,outbound-rtp,COT01_98_profile-id=0,video,video,2757475050,T01,1070142,1021,true,1,0,176,176,25601,9,4,SV319,0,0,0,3,[object Object],bandwidth,1,0,0,r1,2957950613,3.655,0,17.770302
OT01V937188931,1776278742617.773,outbound-rtp,COT01_98_profile-id=0,video,video,937188931,T01,0,1,true,2,0,0,0,283,0,0,SV319,0,0,0,0,[object Object],bandwidth,1,0,0,r2,1532025139,0,0,0
OT01V2092195203,1776278742817.79,outbound-rtp,COT01_98_profile-id=0,video,video,2092195203,T01,1139333,1836,true,0,0,593,593,182713,6,5,SV319,0,0,0,0,[object Object],bandwidth,1,0,0,r0,885152306,9.583,0,2.6193079999999997
OT01V2757475050,1776278742817.79,outbound-rtp,COT01_98_profile-id=0,video,video,2757475050,T01,1109509,1061,true,1,0,181,181,27326,9,4,SV319,0,0,0,3,[object Object],bandwidth,1,0,0,r1,2957950613,3.751,0,18.065162
OT01V937188931,1776278742817.79,outbound-rtp,COT01_98_profile-id=0,video,video,937188931,T01,0,1,true,2,0,0,0,283,0,0,SV319,0,0,0,0,[object Object],bandwidth,1,0,0,r2,1532025139,0,0,0
OT01V2092195203,1776278742817.79,outbound-rtp,COT01_98_profile-id=0,video,video,2092195203,T01,1139333,1836,true,0,0,593,593,182713,6,5,SV319,0,0,0,0,[object Object],bandwidth,1,0,0,r0,885152306,9.583,0,2.6193079999999997
OT01V2757475050,1776278742817.79,outbound-rtp,COT01_98_profile-id=0,video,video,2757475050,T01,1109509,1061,true,1,0,181,181,27326,9,4,SV319,0,0,0,3,[object Object],bandwidth,1,0,0,r1,2957950613,3.751,0,18.065162
OT01V937188931,1776278742817.79,outbound-rtp,COT01_98_profile-id=0,video,video,937188931,T01,0,1,true,2,0,0,0,283,0,0,SV319,0,0,0,0,[object Object],bandwidth,1,0,0,r2,1532025139,0,0,0
OT01V2092195203,1776278743017.667,outbound-rtp,COT01_98_profile-id=0,video,video,2092195203,T01,1145392,1844,true,0,0,598,598,182905,6,5,SV319,0,0,0,0,[object Object],bandwidth,1,0,0,r0,885152306,9.656,0,2.625901
OT01V2757475050,1776278743017.667,outbound-rtp,COT01_98_profile-id=0,video,video,2757475050,T01,1143307,1100,true,1,0,188,188,29792,9,4,SV319,0,0,0,3,[object Object],bandwidth,1,0,0,r1,2957950613,3.891,0,18.104642
OT01V937188931,1776278743017.667,outbound-rtp,COT01_98_profile-id=0,video,video,937188931,T01,0,1,true,2,0,0,0,283,0,0,SV319,0,0,0,0,[object Object],bandwidth,1,0,0,r2,1532025139,0,0,0
OT01V2092195203,1776278743017.667,outbound-rtp,COT01_98_profile-id=0,video,video,2092195203,T01,1145392,1844,true,0,0,598,598,182905,6,5,SV319,0,0,0,0,[object Object],bandwidth,1,0,0,r0,885152306,9.656,0,2.625901
OT01V2757475050,1776278743017.667,outbound-rtp,COT01_98_profile-id=0,video,video,2757475050,T01,1143307,1100,true,1,0,188,188,29792,9,4,SV319,0,0,0,3,[object Object],bandwidth,1,0,0,r1,2957950613,3.891,0,18.104642
OT01V937188931,1776278743017.667,outbound-rtp,COT01_98_profile-id=0,video,video,937188931,T01,0,1,true,2,0,0,0,283,0,0,SV319,0,0,0,0,[object Object],bandwidth,1,0,0,r2,1532025139,0,0,0
OT01V2092195203,1776278743217.724,outbound-rtp,COT01_98_profile-id=0,video,video,2092195203,T01,1151680,1852,true,0,0,604,604,183097,6,5,SV319,0,0,0,0,[object Object],bandwidth,1,0,0,r0,885152306,9.743,0,2.636389
OT01V2757475050,1776278743217.724,outbound-rtp,COT01_98_profile-id=0,video,video,2757475050,T01,1180616,1145,true,1,0,194,194,33167,9,4,SV319,0,0,0,3,[object Object],bandwidth,1,0,0,r1,2957950613,4.002,0,18.173030999999998
OT01V937188931,1776278743217.724,outbound-rtp,COT01_98_profile-id=0,video,video,937188931,T01,0,1,true,2,0,0,0,283,0,0,SV319,0,0,0,0,[object Object],bandwidth,1,0,0,r2,1532025139,0,0,0
OT01V2092195203,1776278743217.724,outbound-rtp,COT01_98_profile-id=0,video,video,2092195203,T01,1151680,1852,true,0,0,604,604,183097,6,5,SV319,0,0,0,0,[object Object],bandwidth,1,0,0,r0,885152306,9.743,0,2.636389
OT01V2757475050,1776278743217.724,outbound-rtp,COT01_98_profile-id=0,video,video,2757475050,T01,1180616,1145,true,1,0,194,194,33167,9,4,SV319,0,0,0,3,[object Object],bandwidth,1,0,0,r1,2957950613,4.002,0,18.173030999999998
OT01V937188931,1776278743217.724,outbound-rtp,COT01_98_profile-id=0,video,video,937188931,T01,0,1,true,2,0,0,0,283,0,0,SV319,0,0,0,0,[object Object],bandwidth,1,0,0,r2,1532025139,0,0,0
OT01V2092195203,1776278743417.666,outbound-rtp,COT01_98_profile-id=0,video,video,2092195203,T01,1160071,1861,true,0,0,610,610,183313,6,5,SV319,0,0,0,0,[object Object],bandwidth,1,0,0,r0,885152306,9.842,0,2.636393
OT01V2757475050,1776278743417.666,outbound-rtp,COT01_98_profile-id=0,video,video,2757475050,T01,1212324,1189,true,1,0,200,200,37793,9,4,SV319,0,0,0,3,[object Object],bandwidth,1,0,0,r1,2957950613,4.127,0,18.173095
OT01V937188931,1776278743417.666,outbound-rtp,COT01_98_profile-id=0,video,video,937188931,T01,0,1,true,2,0,0,0,283,0,0,SV319,0,0,0,0,[object Object],bandwidth,1,0,0,r2,1532025139,0,0,0
OT01V2092195203,1776278743417.666,outbound-rtp,COT01_98_profile-id=0,video,video,2092195203,T01,1160071,1861,true,0,0,610,610,183313,6,5,SV319,0,0,0,0,[object Object],bandwidth,1,0,0,r0,885152306,9.842,0,2.636393
OT01V2757475050,1776278743417.666,outbound-rtp,COT01_98_profile-id=0,video,video,2757475050,T01,1212324,1189,true,1,0,200,200,37793,9,4,SV319,0,0,0,3,[object Object],bandwidth,1,0,0,r1,2957950613,4.127,0,18.173095
OT01V937188931,1776278743417.666,outbound-rtp,COT01_98_profile-id=0,video,video,937188931,T01,0,1,true,2,0,0,0,283,0,0,SV319,0,0,0,0,[object Object],bandwidth,1,0,0,r2,1532025139,0,0,0
OT01V2092195203,1776278743617.726,outbound-rtp,COT01_98_profile-id=0,video,video,2092195203,T01,1169085,1872,true,0,0,616,616,183577,6,5,SV319,0,0,0,0,[object Object],bandwidth,1,0,0,r0,885152306,9.933,0,2.636406
OT01V2757475050,1776278743617.726,outbound-rtp,COT01_98_profile-id=0,video,video,2757475050,T01,1249352,1224,true,1,0,205,205,38633,9,4,SV319,0,0,0,3,[object Object],bandwidth,1,0,0,r1,2957950613,4.234,0,18.173149
OT01V937188931,1776278743617.726,outbound-rtp,COT01_98_profile-id=0,video,video,937188931,T01,0,1,true,2,0,0,0,283,0,0,SV319,0,0,0,0,[object Object],bandwidth,1,0,0,r2,1532025139,0,0,0
OT01V2092195203,1776278743617.726,outbound-rtp,COT01_98_profile-id=0,video,video,2092195203,T01,1169085,1872,true,0,0,616,616,183577,6,5,SV319,0,0,0,0,[object Object],bandwidth,1,0,0,r0,885152306,9.933,0,2.636406
OT01V2757475050,1776278743617.726,outbound-rtp,COT01_98_profile-id=0,video,video,2757475050,T01,1249352,1224,true,1,0,205,205,38633,9,4,SV319,0,0,0,3,[object Object],bandwidth,1,0,0,r1,2957950613,4.234,0,18.173149
OT01V937188931,1776278743617.726,outbound-rtp,COT01_98_profile-id=0,video,video,937188931,T01,0,1,true,2,0,0,0,283,0,0,SV319,0,0,0,0,[object Object],bandwidth,1,0,0,r2,1532025139,0,0,0
OT01V2092195203,1776278743817.591,outbound-rtp,COT01_98_profile-id=0,video,video,2092195203,T01,1178717,1883,true,0,0,621,621,183845,7,6,SV319,0,0,0,0,[object Object],bandwidth,1,0,0,r0,885152306,10.012,0,2.655528
OT01V2757475050,1776278743817.591,outbound-rtp,COT01_98_profile-id=0,video,video,2757475050,T01,1298081,1270,true,1,0,212,212,39741,9,5,SV319,0,0,0,4,[object Object],bandwidth,1,0,0,r1,2957950613,4.374,0,18.839083
OT01V937188931,1776278743817.591,outbound-rtp,COT01_98_profile-id=0,video,video,937188931,T01,0,1,true,2,0,0,0,283,0,0,SV319,0,0,0,0,[object Object],bandwidth,1,0,0,r2,1532025139,0,0,0
OT01V2092195203,1776278743817.591,outbound-rtp,COT01_98_profile-id=0,video,video,2092195203,T01,1178717,1883,true,0,0,621,621,183845,7,6,SV319,0,0,0,0,[object Object],bandwidth,1,0,0,r0,885152306,10.012,0,2.655528
OT01V2757475050,1776278743817.591,outbound-rtp,COT01_98_profile-id=0,video,video,2757475050,T01,1298081,1270,true,1,0,212,212,39741,9,5,SV319,0,0,0,4,[object Object],bandwidth,1,0,0,r1,2957950613,4.374,0,18.839083
OT01V937188931,1776278743817.591,outbound-rtp,COT01_98_profile-id=0,video,video,937188931,T01,0,1,true,2,0,0,0,283,0,0,SV319,0,0,0,0,[object Object],bandwidth,1,0,0,r2,1532025139,0,0,0
OT01V2092195203,1776278744017.642,outbound-rtp,COT01_98_profile-id=0,video,video,2092195203,T01,1185170,1891,true,0,0,625,625,184037,7,6,SV319,0,0,0,0,[object Object],bandwidth,1,0,0,r0,885152306,10.07,0,2.6555429999999998
OT01V2757475050,1776278744017.642,outbound-rtp,COT01_98_profile-id=0,video,video,2757475050,T01,1328795,1300,true,1,0,217,217,40461,9,5,SV319,0,0,0,4,[object Object],bandwidth,1,0,0,r1,2957950613,4.485,0,18.839119
OT01V937188931,1776278744017.642,outbound-rtp,COT01_98_profile-id=0,video,video,937188931,T01,0,1,true,2,0,0,0,283,0,0,SV319,0,0,0,0,[object Object],bandwidth,1,0,0,r2,1532025139,0,0,0
OT01V2092195203,1776278744017.642,outbound-rtp,COT01_98_profile-id=0,video,video,2092195203,T01,1185170,1891,true,0,0,625,625,184037,7,6,SV319,0,0,0,0,[object Object],bandwidth,1,0,0,r0,885152306,10.07,0,2.6555429999999998
OT01V2757475050,1776278744017.642,outbound-rtp,COT01_98_profile-id=0,video,video,2757475050,T01,1328795,1300,true,1,0,217,217,40461,9,5,SV319,0,0,0,4,[object Object],bandwidth,1,0,0,r1,2957950613,4.485,0,18.839119
OT01V937188931,1776278744017.642,outbound-rtp,COT01_98_profile-id=0,video,video,937188931,T01,0,1,true,2,0,0,0,283,0,0,SV319,0,0,0,0,[object Object],bandwidth,1,0,0,r2,1532025139,0,0,0
OT01V2092195203,1776278744217.668,outbound-rtp,COT01_98_profile-id=0,video,video,2092195203,T01,1191658,1899,true,0,0,630,630,184229,7,6,SV319,0,0,0,0,[object Object],bandwidth,1,0,0,r0,885152306,10.139,0,2.6555489999999997
OT01V2757475050,1776278744217.668,outbound-rtp,COT01_98_profile-id=0,video,video,2757475050,T01,1370398,1338,true,1,0,223,223,41373,9,5,SV319,0,0,0,4,[object Object],bandwidth,1,0,0,r1,2957950613,4.594,0,18.839176
OT01V937188931,1776278744217.668,outbound-rtp,COT01_98_profile-id=0,video,video,937188931,T01,0,1,true,2,0,0,0,283,0,0,SV319,0,0,0,0,[object Object],bandwidth,1,0,0,r2,1532025139,0,0,0
OT01V2092195203,1776278744217.668,outbound-rtp,COT01_98_profile-id=0,video,video,2092195203,T01,1191658,1899,true,0,0,630,630,184229,7,6,SV319,0,0,0,0,[object Object],bandwidth,1,0,0,r0,885152306,10.139,0,2.6555489999999997
OT01V2757475050,1776278744217.668,outbound-rtp,COT01_98_profile-id=0,video,video,2757475050,T01,1370398,1338,true,1,0,223,223,41373,9,5,SV319,0,0,0,4,[object Object],bandwidth,1,0,0,r1,2957950613,4.594,0,18.839176
OT01V937188931,1776278744217.668,outbound-rtp,COT01_98_profile-id=0,video,video,937188931,T01,0,1,true,2,0,0,0,283,0,0,SV319,0,0,0,0,[object Object],bandwidth,1,0,0,r2,1532025139,0,0,0
OT01V2092195203,1776278744417.687,outbound-rtp,COT01_98_profile-id=0,video,video,2092195203,T01,1198873,1909,true,0,0,635,635,184469,7,6,SV319,0,0,0,0,[object Object],bandwidth,1,0,0,r0,885152306,10.223,0,2.6555679999999997
OT01V2757475050,1776278744417.687,outbound-rtp,COT01_98_profile-id=0,video,video,2757475050,T01,1413477,1379,true,1,0,229,229,42357,9,5,SV319,0,0,0,4,[object Object],bandwidth,1,0,0,r1,2957950613,4.712,0,18.839226999999998
OT01V937188931,1776278744417.687,outbound-rtp,COT01_98_profile-id=0,video,video,937188931,T01,0,1,true,2,0,0,0,283,0,0,SV319,0,0,0,0,[object Object],bandwidth,1,0,0,r2,1532025139,0,0,0
OT01V2092195203,1776278744417.687,outbound-rtp,COT01_98_profile-id=0,video,video,2092195203,T01,1198873,1909,true,0,0,635,635,184469,7,6,SV319,0,0,0,0,[object Object],bandwidth,1,0,0,r0,885152306,10.223,0,2.6555679999999997
OT01V2757475050,1776278744417.687,outbound-rtp,COT01_98_profile-id=0,video,video,2757475050,T01,1413477,1379,true,1,0,229,229,42357,9,5,SV319,0,0,0,4,[object Object],bandwidth,1,0,0,r1,2957950613,4.712,0,18.839226999999998
OT01V937188931,1776278744417.687,outbound-rtp,COT01_98_profile-id=0,video,video,937188931,T01,0,1,true,2,0,0,0,283,0,0,SV319,0,0,0,0,[object Object],bandwidth,1,0,0,r2,1532025139,0,0,0
OT01V2092195203,1776278744617.638,outbound-rtp,COT01_98_profile-id=0,video,video,2092195203,T01,1208669,1920,true,0,0,641,641,184733,7,6,SV319,0,0,0,0,[object Object],bandwidth,1,0,0,r0,885152306,10.3,0,2.655575
OT01V2757475050,1776278744617.638,outbound-rtp,COT01_98_profile-id=0,video,video,2757475050,T01,1454649,1417,true,1,0,235,235,43269,9,5,SV319,0,0,0,4,[object Object],bandwidth,1,0,0,r1,2957950613,4.809,0,18.83927
OT01V937188931,1776278744617.638,outbound-rtp,COT01_98_profile-id=0,video,video,937188931,T01,0,1,true,2,0,0,0,283,0,0,SV319,0,0,0,0,[object Object],bandwidth,1,0,0,r2,1532025139,0,0,0
OT01V2092195203,1776278744617.638,outbound-rtp,COT01_98_profile-id=0,video,video,2092195203,T01,1208669,1920,true,0,0,641,641,184733,7,6,SV319,0,0,0,0,[object Object],bandwidth,1,0,0,r0,885152306,10.3,0,2.655575
OT01V2757475050,1776278744617.638,outbound-rtp,COT01_98_profile-id=0,video,video,2757475050,T01,1454649,1417,true,1,0,235,235,43269,9,5,SV319,0,0,0,4,[object Object],bandwidth,1,0,0,r1,2957950613,4.809,0,18.83927
OT01V937188931,1776278744617.638,outbound-rtp,COT01_98_profile-id=0,video,video,937188931,T01,0,1,true,2,0,0,0,283,0,0,SV319,0,0,0,0,[object Object],bandwidth,1,0,0,r2,1532025139,0,0,0
OT01V2092195203,1776278744817.663,outbound-rtp,COT01_98_profile-id=0,video,video,2092195203,T01,1212776,1926,true,0,0,645,645,184877,7,6,SV319,0,0,0,0,[object Object],bandwidth,1,0,0,r0,885152306,10.353,0,2.6555809999999997
OT01V2757475050,1776278744817.663,outbound-rtp,COT01_98_profile-id=0,video,video,2757475050,T01,1498572,1459,true,1,0,241,241,44277,9,5,SV319,0,0,0,4,[object Object],bandwidth,1,0,0,r1,2957950613,4.932,0,18.839322
OT01V937188931,1776278744817.663,outbound-rtp,COT01_98_profile-id=0,video,video,937188931,T01,0,1,true,2,0,0,0,283,0,0,SV319,0,0,0,0,[object Object],bandwidth,1,0,0,r2,1532025139,0,0,0
OT01V2092195203,1776278744817.663,outbound-rtp,COT01_98_profile-id=0,video,video,2092195203,T01,1212776,1926,true,0,0,645,645,184877,7,6,SV319,0,0,0,0,[object Object],bandwidth,1,0,0,r0,885152306,10.353,0,2.6555809999999997
OT01V2757475050,1776278744817.663,outbound-rtp,COT01_98_profile-id=0,video,video,2757475050,T01,1498572,1459,true,1,0,241,241,44277,9,5,SV319,0,0,0,4,[object Object],bandwidth,1,0,0,r1,2957950613,4.932,0,18.839322
OT01V937188931,1776278744817.663,outbound-rtp,COT01_98_profile-id=0,video,video,937188931,T01,0,1,true,2,0,0,0,283,0,0,SV319,0,0,0,0,[object Object],bandwidth,1,0,0,r2,1532025139,0,0,0
OT01V2092195203,1776278745017.653,outbound-rtp,COT01_98_profile-id=0,video,video,2092195203,T01,1219243,1933,true,0,0,649,649,185049,7,7,SV319,0,0,0,0,[object Object],none,2,0,0,r0,885152306,10.417,0,2.6649469999999997
OT01V2757475050,1776278745017.653,outbound-rtp,COT01_98_profile-id=0,video,video,2757475050,T01,1532481,1490,true,1,0,247,247,45025,9,6,SV319,0,0,0,4,[object Object],none,2,0,0,r1,2957950613,5.045,0,19.288099
OT01V937188931,1776278745017.653,outbound-rtp,COT01_98_profile-id=0,video,video,937188931,T01,11610,11,true,2,0,4,4,563,1,1,SV319,0,0,0,0,[object Object],none,2,0,0,r2,1532025139,0.104,0,0.45166599999999996
OT01V2092195203,1776278745017.653,outbound-rtp,COT01_98_profile-id=0,video,video,2092195203,T01,1219243,1933,true,0,0,649,649,185049,7,7,SV319,0,0,0,0,[object Object],none,2,0,0,r0,885152306,10.417,0,2.6649469999999997
OT01V2757475050,1776278745017.653,outbound-rtp,COT01_98_profile-id=0,video,video,2757475050,T01,1532481,1490,true,1,0,247,247,45025,9,6,SV319,0,0,0,4,[object Object],none,2,0,0,r1,2957950613,5.045,0,19.288099
OT01V937188931,1776278745017.653,outbound-rtp,COT01_98_profile-id=0,video,video,937188931,T01,11610,11,true,2,0,4,4,563,1,1,SV319,0,0,0,0,[object Object],none,2,0,0,r2,1532025139,0.104,0,0.45166599999999996
OT01V2092195203,1776278745217.595,outbound-rtp,COT01_98_profile-id=0,video,video,2092195203,T01,1221437,1936,true,0,0,653,653,185121,7,7,SV319,0,0,0,0,[object Object],none,2,0,0,r0,885152306,10.49,0,2.682375
OT01V2757475050,1776278745217.595,outbound-rtp,COT01_98_profile-id=0,video,video,2757475050,T01,1553060,1511,true,1,0,253,253,45529,9,6,SV319,0,0,0,4,[object Object],none,2,0,0,r1,2957950613,5.169,0,19.933473
OT01V937188931,1776278745217.595,outbound-rtp,COT01_98_profile-id=0,video,video,937188931,T01,49046,44,true,2,0,7,7,1491,1,1,SV319,0,0,0,0,[object Object],none,2,0,0,r2,1532025139,0.166,0,6.052149
OT01V2092195203,1776278745217.595,outbound-rtp,COT01_98_profile-id=0,video,video,2092195203,T01,1221437,1936,true,0,0,653,653,185121,7,7,SV319,0,0,0,0,[object Object],none,2,0,0,r0,885152306,10.49,0,2.682375
OT01V2757475050,1776278745217.595,outbound-rtp,COT01_98_profile-id=0,video,video,2757475050,T01,1553060,1511,true,1,0,253,253,45529,9,6,SV319,0,0,0,4,[object Object],none,2,0,0,r1,2957950613,5.169,0,19.933473
OT01V937188931,1776278745217.595,outbound-rtp,COT01_98_profile-id=0,video,video,937188931,T01,49046,44,true,2,0,7,7,1491,1,1,SV319,0,0,0,0,[object Object],none,2,0,0,r2,1532025139,0.166,0,6.052149
OT01V2092195203,1776278745417.547,outbound-rtp,COT01_98_profile-id=0,video,video,2092195203,T01,1229315,1946,true,0,0,658,658,185361,7,7,SV319,0,0,0,0,[object Object],none,2,0,0,r0,885152306,10.598,0,2.871889
OT01V2757475050,1776278745417.547,outbound-rtp,COT01_98_profile-id=0,video,video,2757475050,T01,1579847,1536,true,1,0,258,258,46129,9,6,SV319,0,0,0,4,[object Object],none,2,0,0,r1,2957950613,5.29,0,21.099642
OT01V937188931,1776278745417.547,outbound-rtp,COT01_98_profile-id=0,video,video,937188931,T01,76060,69,true,2,0,10,10,2103,1,1,SV319,0,0,0,0,[object Object],none,2,0,0,r2,1532025139,0.259,0,11.751411
OT01V2092195203,1776278745417.547,outbound-rtp,COT01_98_profile-id=0,video,video,2092195203,T01,1229315,1946,true,0,0,658,658,185361,7,7,SV319,0,0,0,0,[object Object],none,2,0,0,r0,885152306,10.598,0,2.871889
OT01V2757475050,1776278745417.547,outbound-rtp,COT01_98_profile-id=0,video,video,2757475050,T01,1579847,1536,true,1,0,258,258,46129,9,6,SV319,0,0,0,4,[object Object],none,2,0,0,r1,2957950613,5.29,0,21.099642
OT01V937188931,1776278745417.547,outbound-rtp,COT01_98_profile-id=0,video,video,937188931,T01,76060,69,true,2,0,10,10,2103,1,1,SV319,0,0,0,0,[object Object],none,2,0,0,r2,1532025139,0.259,0,11.751411
OT01V2092195203,1776278745617.619,outbound-rtp,COT01_98_profile-id=0,video,video,2092195203,T01,1233697,1952,true,0,0,662,662,185505,7,7,SV319,0,0,0,0,[object Object],none,2,0,0,r0,885152306,10.68,0,2.914657
OT01V2757475050,1776278745617.619,outbound-rtp,COT01_98_profile-id=0,video,video,2757475050,T01,1598543,1554,true,1,0,262,262,46561,9,6,SV319,0,0,0,4,[object Object],none,2,0,0,r1,2957950613,5.38,0,21.651075
OT01V937188931,1776278745617.619,outbound-rtp,COT01_98_profile-id=0,video,video,937188931,T01,115142,104,true,2,0,12,12,2943,2,1,SV319,0,0,0,0,[object Object],none,2,0,0,r2,1532025139,0.316,0,21.140431
OT01V2092195203,1776278745617.619,outbound-rtp,COT01_98_profile-id=0,video,video,2092195203,T01,1233697,1952,true,0,0,662,662,185505,7,7,SV319,0,0,0,0,[object Object],none,2,0,0,r0,885152306,10.68,0,2.914657
OT01V2757475050,1776278745617.619,outbound-rtp,COT01_98_profile-id=0,video,video,2757475050,T01,1598543,1554,true,1,0,262,262,46561,9,6,SV319,0,0,0,4,[object Object],none,2,0,0,r1,2957950613,5.38,0,21.651075
OT01V937188931,1776278745617.619,outbound-rtp,COT01_98_profile-id=0,video,video,937188931,T01,115142,104,true,2,0,12,12,2943,2,1,SV319,0,0,0,0,[object Object],none,2,0,0,r2,1532025139,0.316,0,21.140431
OT01V2092195203,1776278745817.612,outbound-rtp,COT01_98_profile-id=0,video,video,2092195203,T01,1237518,1957,true,0,0,667,667,185625,7,7,SV319,0,0,0,0,[object Object],none,2,0,0,r0,885152306,10.768,0,2.948039
OT01V2757475050,1776278745817.612,outbound-rtp,COT01_98_profile-id=0,video,video,2757475050,T01,1619169,1573,true,1,0,267,267,47017,9,6,SV319,0,0,0,4,[object Object],none,2,0,0,r1,2957950613,5.511,0,22.018534
OT01V937188931,1776278745817.612,outbound-rtp,COT01_98_profile-id=0,video,video,937188931,T01,154846,139,true,2,0,14,14,3783,3,1,SV319,0,0,0,0,[object Object],none,2,0,0,r2,1532025139,0.361,0,30.834709999999998
OT01V2092195203,1776278745817.612,outbound-rtp,COT01_98_profile-id=0,video,video,2092195203,T01,1237518,1957,true,0,0,667,667,185625,7,7,SV319,0,0,0,0,[object Object],none,2,0,0,r0,885152306,10.768,0,2.948039
OT01V2757475050,1776278745817.612,outbound-rtp,COT01_98_profile-id=0,video,video,2757475050,T01,1619169,1573,true,1,0,267,267,47017,9,6,SV319,0,0,0,4,[object Object],none,2,0,0,r1,2957950613,5.511,0,22.018534
OT01V937188931,1776278745817.612,outbound-rtp,COT01_98_profile-id=0,video,video,937188931,T01,154846,139,true,2,0,14,14,3783,3,1,SV319,0,0,0,0,[object Object],none,2,0,0,r2,1532025139,0.361,0,30.834709999999998
OT01V2092195203,1776278746017.574,outbound-rtp,COT01_98_profile-id=0,video,video,2092195203,T01,1243773,1965,true,0,0,673,673,185817,7,7,SV319,0,0,0,0,[object Object],none,2,0,0,r0,885152306,10.895,0,3.024762
OT01V2757475050,1776278746017.574,outbound-rtp,COT01_98_profile-id=0,video,video,2757475050,T01,1639202,1593,true,1,0,272,272,47497,9,6,SV319,0,0,0,4,[object Object],none,2,0,0,r1,2957950613,5.616,0,22.603191
OT01V937188931,1776278746017.574,outbound-rtp,COT01_98_profile-id=0,video,video,937188931,T01,179927,161,true,2,0,16,16,4311,4,1,SV319,0,0,0,0,[object Object],none,2,0,0,r2,1532025139,0.412,0,38.20616
OT01V2092195203,1776278746017.574,outbound-rtp,COT01_98_profile-id=0,video,video,2092195203,T01,1243773,1965,true,0,0,673,673,185817,7,7,SV319,0,0,0,0,[object Object],none,2,0,0,r0,885152306,10.895,0,3.024762
OT01V2757475050,1776278746017.574,outbound-rtp,COT01_98_profile-id=0,video,video,2757475050,T01,1639202,1593,true,1,0,272,272,47497,9,6,SV319,0,0,0,4,[object Object],none,2,0,0,r1,2957950613,5.616,0,22.603191
OT01V937188931,1776278746017.574,outbound-rtp,COT01_98_profile-id=0,video,video,937188931,T01,179927,161,true,2,0,16,16,4311,4,1,SV319,0,0,0,0,[object Object],none,2,0,0,r2,1532025139,0.412,0,38.20616
OT01V2092195203,1776278746217.557,outbound-rtp,COT01_98_profile-id=0,video,video,2092195203,T01,1247775,1971,true,0,0,678,678,185961,7,7,SV319,0,0,0,0,[object Object],none,2,0,0,r0,885152306,10.988,0,3.073372
OT01V2757475050,1776278746217.557,outbound-rtp,COT01_98_profile-id=0,video,video,2757475050,T01,1654067,1609,true,1,0,278,278,47881,9,6,SV319,0,0,0,4,[object Object],none,2,0,0,r1,2957950613,5.743,0,23.157719999999998
OT01V937188931,1776278746217.557,outbound-rtp,COT01_98_profile-id=0,video,video,937188931,T01,227493,203,true,2,0,18,18,5319,5,1,SV319,0,0,0,0,[object Object],none,2,0,0,r2,1532025139,0.465,0,53.631944
OT01V2092195203,1776278746217.557,outbound-rtp,COT01_98_profile-id=0,video,video,2092195203,T01,1247775,1971,true,0,0,678,678,185961,7,7,SV319,0,0,0,0,[object Object],none,2,0,0,r0,885152306,10.988,0,3.073372
OT01V2757475050,1776278746217.557,outbound-rtp,COT01_98_profile-id=0,video,video,2757475050,T01,1654067,1609,true,1,0,278,278,47881,9,6,SV319,0,0,0,4,[object Object],none,2,0,0,r1,2957950613,5.743,0,23.157719999999998
OT01V937188931,1776278746217.557,outbound-rtp,COT01_98_profile-id=0,video,video,937188931,T01,227493,203,true,2,0,18,18,5319,5,1,SV319,0,0,0,0,[object Object],none,2,0,0,r2,1532025139,0.465,0,53.631944
OT01V2092195203,1776278746417.682,outbound-rtp,COT01_98_profile-id=0,video,video,2092195203,T01,1253948,1979,true,0,0,682,682,186153,7,7,SV319,0,0,0,0,[object Object],none,2,0,0,r0,885152306,11.057,0,3.175239
OT01V2757475050,1776278746417.682,outbound-rtp,COT01_98_profile-id=0,video,video,2757475050,T01,1669607,1625,true,1,0,282,282,48265,9,6,SV319,0,0,0,4,[object Object],none,2,0,0,r1,2957950613,5.822,0,23.52951
OT01V937188931,1776278746417.682,outbound-rtp,COT01_98_profile-id=0,video,video,937188931,T01,272249,243,true,2,0,20,20,6279,5,1,SV319,0,0,0,0,[object Object],none,2,0,0,r2,1532025139,0.51,0,63.992796999999996
OT01V2092195203,1776278746417.682,outbound-rtp,COT01_98_profile-id=0,video,video,2092195203,T01,1253948,1979,true,0,0,682,682,186153,7,7,SV319,0,0,0,0,[object Object],none,2,0,0,r0,885152306,11.057,0,3.175239
OT01V2757475050,1776278746417.682,outbound-rtp,COT01_98_profile-id=0,video,video,2757475050,T01,1669607,1625,true,1,0,282,282,48265,9,6,SV319,0,0,0,4,[object Object],none,2,0,0,r1,2957950613,5.822,0,23.52951
OT01V937188931,1776278746417.682,outbound-rtp,COT01_98_profile-id=0,video,video,937188931,T01,272249,243,true,2,0,20,20,6279,5,1,SV319,0,0,0,0,[object Object],none,2,0,0,r2,1532025139,0.51,0,63.992796999999996
OT01V2092195203,1776278746617.559,outbound-rtp,COT01_98_profile-id=0,video,video,2092195203,T01,1257147,1985,true,0,0,688,688,186297,7,7,SV319,0,0,0,0,[object Object],none,2,0,0,r0,885152306,11.16,0,3.2079239999999998
OT01V2757475050,1776278746617.559,outbound-rtp,COT01_98_profile-id=0,video,video,2757475050,T01,1692180,1648,true,1,0,287,287,48817,9,6,SV319,0,0,0,4,[object Object],none,2,0,0,r1,2957950613,5.904,0,24.413376
OT01V937188931,1776278746617.559,outbound-rtp,COT01_98_profile-id=0,video,video,937188931,T01,313940,280,true,2,0,22,22,7167,7,1,SV319,0,0,0,0,[object Object],none,2,0,0,r2,1532025139,0.569,0,68.009055
OT01V2092195203,1776278746617.559,outbound-rtp,COT01_98_profile-id=0,video,video,2092195203,T01,1257147,1985,true,0,0,688,688,186297,7,7,SV319,0,0,0,0,[object Object],none,2,0,0,r0,885152306,11.16,0,3.2079239999999998
OT01V2757475050,1776278746617.559,outbound-rtp,COT01_98_profile-id=0,video,video,2757475050,T01,1692180,1648,true,1,0,287,287,48817,9,6,SV319,0,0,0,4,[object Object],none,2,0,0,r1,2957950613,5.904,0,24.413376
OT01V937188931,1776278746617.559,outbound-rtp,COT01_98_profile-id=0,video,video,937188931,T01,313940,280,true,2,0,22,22,7167,7,1,SV319,0,0,0,0,[object Object],none,2,0,0,r2,1532025139,0.569,0,68.009055
OT01V2092195203,1776278746817.539,outbound-rtp,COT01_98_profile-id=0,video,video,2092195203,T01,1263183,1994,true,0,0,694,694,186513,7,7,SV319,0,0,0,0,[object Object],none,2,0,0,r0,885152306,11.276,0,3.2607869999999997
OT01V2757475050,1776278746817.539,outbound-rtp,COT01_98_profile-id=0,video,video,2757475050,T01,1714212,1671,true,1,0,293,293,49369,9,6,SV319,0,0,0,4,[object Object],none,2,0,0,r1,2957950613,6.034,0,24.499710999999998
OT01V937188931,1776278746817.539,outbound-rtp,COT01_98_profile-id=0,video,video,937188931,T01,352521,315,true,2,0,25,25,8007,8,1,SV319,0,0,0,0,[object Object],none,2,0,0,r2,1532025139,0.643,0,68.968583
OT01V2092195203,1776278746817.539,outbound-rtp,COT01_98_profile-id=0,video,video,2092195203,T01,1263183,1994,true,0,0,694,694,186513,7,7,SV319,0,0,0,0,[object Object],none,2,0,0,r0,885152306,11.276,0,3.2607869999999997
OT01V2757475050,1776278746817.539,outbound-rtp,COT01_98_profile-id=0,video,video,2757475050,T01,1714212,1671,true,1,0,293,293,49369,9,6,SV319,0,0,0,4,[object Object],none,2,0,0,r1,2957950613,6.034,0,24.499710999999998
OT01V937188931,1776278746817.539,outbound-rtp,COT01_98_profile-id=0,video,video,937188931,T01,352521,315,true,2,0,25,25,8007,8,1,SV319,0,0,0,0,[object Object],none,2,0,0,r2,1532025139,0.643,0,68.968583



id,timestamp,type,bytesReceived,bytesSent,dtlsCipher,dtlsRole,dtlsState,iceLocalUsernameFragment,iceRole,iceState,localCertificateId,packetsReceived,packetsSent,remoteCertificateId,selectedCandidatePairChanges,selectedCandidatePairId,srtpCipher,tlsVersion
T01,1776278718817.628,transport,771,752,TLS_ECDHE_ECDSA_WITH_CHACHA20_POLY1305_SHA256,client,connected,W1XI,controlling,connected,CF9D:0B:E1:AC:0A:E8:64:7D:63:1F:39:0B:12:1E:71:52:2F:5D:4A:C4:7C:39:72:D4:96:8B:DE:C4:A8:B3:03:1A,2,2,CFD3:9A:DA:D9:5D:00:8C:3C:D7:69:84:D4:08:F6:C9:47:D5:04:40:27:71:C6:B8:F7:F6:CB:61:FB:41:74:18:5B,1,CPgLBIg0gK_/9L17zMo,AEAD_AES_256_GCM,FEFD
T01,1776278718817.628,transport,771,752,TLS_ECDHE_ECDSA_WITH_CHACHA20_POLY1305_SHA256,client,connected,W1XI,controlling,connected,CF9D:0B:E1:AC:0A:E8:64:7D:63:1F:39:0B:12:1E:71:52:2F:5D:4A:C4:7C:39:72:D4:96:8B:DE:C4:A8:B3:03:1A,2,2,CFD3:9A:DA:D9:5D:00:8C:3C:D7:69:84:D4:08:F6:C9:47:D5:04:40:27:71:C6:B8:F7:F6:CB:61:FB:41:74:18:5B,1,CPgLBIg0gK_/9L17zMo,AEAD_AES_256_GCM,FEFD
T01,1776278719017.59,transport,823,10101,TLS_ECDHE_ECDSA_WITH_CHACHA20_POLY1305_SHA256,client,connected,W1XI,controlling,connected,CF9D:0B:E1:AC:0A:E8:64:7D:63:1F:39:0B:12:1E:71:52:2F:5D:4A:C4:7C:39:72:D4:96:8B:DE:C4:A8:B3:03:1A,3,13,CFD3:9A:DA:D9:5D:00:8C:3C:D7:69:84:D4:08:F6:C9:47:D5:04:40:27:71:C6:B8:F7:F6:CB:61:FB:41:74:18:5B,1,CPgLBIg0gK_/9L17zMo,AEAD_AES_256_GCM,FEFD
T01,1776278719017.59,transport,823,10101,TLS_ECDHE_ECDSA_WITH_CHACHA20_POLY1305_SHA256,client,connected,W1XI,controlling,connected,CF9D:0B:E1:AC:0A:E8:64:7D:63:1F:39:0B:12:1E:71:52:2F:5D:4A:C4:7C:39:72:D4:96:8B:DE:C4:A8:B3:03:1A,3,13,CFD3:9A:DA:D9:5D:00:8C:3C:D7:69:84:D4:08:F6:C9:47:D5:04:40:27:71:C6:B8:F7:F6:CB:61:FB:41:74:18:5B,1,CPgLBIg0gK_/9L17zMo,AEAD_AES_256_GCM,FEFD
T01,1776278719217.848,transport,915,14521,TLS_ECDHE_ECDSA_WITH_CHACHA20_POLY1305_SHA256,client,connected,W1XI,controlling,connected,CF9D:0B:E1:AC:0A:E8:64:7D:63:1F:39:0B:12:1E:71:52:2F:5D:4A:C4:7C:39:72:D4:96:8B:DE:C4:A8:B3:03:1A,5,19,CFD3:9A:DA:D9:5D:00:8C:3C:D7:69:84:D4:08:F6:C9:47:D5:04:40:27:71:C6:B8:F7:F6:CB:61:FB:41:74:18:5B,1,CPgLBIg0gK_/9L17zMo,AEAD_AES_256_GCM,FEFD
T01,1776278719217.848,transport,915,14521,TLS_ECDHE_ECDSA_WITH_CHACHA20_POLY1305_SHA256,client,connected,W1XI,controlling,connected,CF9D:0B:E1:AC:0A:E8:64:7D:63:1F:39:0B:12:1E:71:52:2F:5D:4A:C4:7C:39:72:D4:96:8B:DE:C4:A8:B3:03:1A,5,19,CFD3:9A:DA:D9:5D:00:8C:3C:D7:69:84:D4:08:F6:C9:47:D5:04:40:27:71:C6:B8:F7:F6:CB:61:FB:41:74:18:5B,1,CPgLBIg0gK_/9L17zMo,AEAD_AES_256_GCM,FEFD
T01,1776278719417.754,transport,1107,23051,TLS_ECDHE_ECDSA_WITH_CHACHA20_POLY1305_SHA256,client,connected,W1XI,controlling,connected,CF9D:0B:E1:AC:0A:E8:64:7D:63:1F:39:0B:12:1E:71:52:2F:5D:4A:C4:7C:39:72:D4:96:8B:DE:C4:A8:B3:03:1A,8,30,CFD3:9A:DA:D9:5D:00:8C:3C:D7:69:84:D4:08:F6:C9:47:D5:04:40:27:71:C6:B8:F7:F6:CB:61:FB:41:74:18:5B,1,CPgLBIg0gK_/9L17zMo,AEAD_AES_256_GCM,FEFD
T01,1776278719417.754,transport,1107,23051,TLS_ECDHE_ECDSA_WITH_CHACHA20_POLY1305_SHA256,client,connected,W1XI,controlling,connected,CF9D:0B:E1:AC:0A:E8:64:7D:63:1F:39:0B:12:1E:71:52:2F:5D:4A:C4:7C:39:72:D4:96:8B:DE:C4:A8:B3:03:1A,8,30,CFD3:9A:DA:D9:5D:00:8C:3C:D7:69:84:D4:08:F6:C9:47:D5:04:40:27:71:C6:B8:F7:F6:CB:61:FB:41:74:18:5B,1,CPgLBIg0gK_/9L17zMo,AEAD_AES_256_GCM,FEFD
T01,1776278719617.662,transport,1203,30316,TLS_ECDHE_ECDSA_WITH_CHACHA20_POLY1305_SHA256,client,connected,W1XI,controlling,connected,CF9D:0B:E1:AC:0A:E8:64:7D:63:1F:39:0B:12:1E:71:52:2F:5D:4A:C4:7C:39:72:D4:96:8B:DE:C4:A8:B3:03:1A,10,41,CFD3:9A:DA:D9:5D:00:8C:3C:D7:69:84:D4:08:F6:C9:47:D5:04:40:27:71:C6:B8:F7:F6:CB:61:FB:41:74:18:5B,1,CPgLBIg0gK_/9L17zMo,AEAD_AES_256_GCM,FEFD
T01,1776278719617.662,transport,1203,30316,TLS_ECDHE_ECDSA_WITH_CHACHA20_POLY1305_SHA256,client,connected,W1XI,controlling,connected,CF9D:0B:E1:AC:0A:E8:64:7D:63:1F:39:0B:12:1E:71:52:2F:5D:4A:C4:7C:39:72:D4:96:8B:DE:C4:A8:B3:03:1A,10,41,CFD3:9A:DA:D9:5D:00:8C:3C:D7:69:84:D4:08:F6:C9:47:D5:04:40:27:71:C6:B8:F7:F6:CB:61:FB:41:74:18:5B,1,CPgLBIg0gK_/9L17zMo,AEAD_AES_256_GCM,FEFD
T01,1776278719817.609,transport,1299,36056,TLS_ECDHE_ECDSA_WITH_CHACHA20_POLY1305_SHA256,client,connected,W1XI,controlling,connected,CF9D:0B:E1:AC:0A:E8:64:7D:63:1F:39:0B:12:1E:71:52:2F:5D:4A:C4:7C:39:72:D4:96:8B:DE:C4:A8:B3:03:1A,12,49,CFD3:9A:DA:D9:5D:00:8C:3C:D7:69:84:D4:08:F6:C9:47:D5:04:40:27:71:C6:B8:F7:F6:CB:61:FB:41:74:18:5B,1,CPgLBIg0gK_/9L17zMo,AEAD_AES_256_GCM,FEFD
T01,1776278719817.609,transport,1299,36056,TLS_ECDHE_ECDSA_WITH_CHACHA20_POLY1305_SHA256,client,connected,W1XI,controlling,connected,CF9D:0B:E1:AC:0A:E8:64:7D:63:1F:39:0B:12:1E:71:52:2F:5D:4A:C4:7C:39:72:D4:96:8B:DE:C4:A8:B3:03:1A,12,49,CFD3:9A:DA:D9:5D:00:8C:3C:D7:69:84:D4:08:F6:C9:47:D5:04:40:27:71:C6:B8:F7:F6:CB:61:FB:41:74:18:5B,1,CPgLBIg0gK_/9L17zMo,AEAD_AES_256_GCM,FEFD
T01,1776278720017.778,transport,1403,44608,TLS_ECDHE_ECDSA_WITH_CHACHA20_POLY1305_SHA256,client,connected,W1XI,controlling,connected,CF9D:0B:E1:AC:0A:E8:64:7D:63:1F:39:0B:12:1E:71:52:2F:5D:4A:C4:7C:39:72:D4:96:8B:DE:C4:A8:B3:03:1A,14,66,CFD3:9A:DA:D9:5D:00:8C:3C:D7:69:84:D4:08:F6:C9:47:D5:04:40:27:71:C6:B8:F7:F6:CB:61:FB:41:74:18:5B,1,CPgLBIg0gK_/9L17zMo,AEAD_AES_256_GCM,FEFD
T01,1776278720017.778,transport,1403,44608,TLS_ECDHE_ECDSA_WITH_CHACHA20_POLY1305_SHA256,client,connected,W1XI,controlling,connected,CF9D:0B:E1:AC:0A:E8:64:7D:63:1F:39:0B:12:1E:71:52:2F:5D:4A:C4:7C:39:72:D4:96:8B:DE:C4:A8:B3:03:1A,14,66,CFD3:9A:DA:D9:5D:00:8C:3C:D7:69:84:D4:08:F6:C9:47:D5:04:40:27:71:C6:B8:F7:F6:CB:61:FB:41:74:18:5B,1,CPgLBIg0gK_/9L17zMo,AEAD_AES_256_GCM,FEFD
T01,1776278720217.653,transport,1503,51598,TLS_ECDHE_ECDSA_WITH_CHACHA20_POLY1305_SHA256,client,connected,W1XI,controlling,connected,CF9D:0B:E1:AC:0A:E8:64:7D:63:1F:39:0B:12:1E:71:52:2F:5D:4A:C4:7C:39:72:D4:96:8B:DE:C4:A8:B3:03:1A,16,79,CFD3:9A:DA:D9:5D:00:8C:3C:D7:69:84:D4:08:F6:C9:47:D5:04:40:27:71:C6:B8:F7:F6:CB:61:FB:41:74:18:5B,1,CPgLBIg0gK_/9L17zMo,AEAD_AES_256_GCM,FEFD
T01,1776278720217.653,transport,1503,51598,TLS_ECDHE_ECDSA_WITH_CHACHA20_POLY1305_SHA256,client,connected,W1XI,controlling,connected,CF9D:0B:E1:AC:0A:E8:64:7D:63:1F:39:0B:12:1E:71:52:2F:5D:4A:C4:7C:39:72:D4:96:8B:DE:C4:A8:B3:03:1A,16,79,CFD3:9A:DA:D9:5D:00:8C:3C:D7:69:84:D4:08:F6:C9:47:D5:04:40:27:71:C6:B8:F7:F6:CB:61:FB:41:74:18:5B,1,CPgLBIg0gK_/9L17zMo,AEAD_AES_256_GCM,FEFD
T01,1776278720417.698,transport,1603,60576,TLS_ECDHE_ECDSA_WITH_CHACHA20_POLY1305_SHA256,client,connected,W1XI,controlling,connected,CF9D:0B:E1:AC:0A:E8:64:7D:63:1F:39:0B:12:1E:71:52:2F:5D:4A:C4:7C:39:72:D4:96:8B:DE:C4:A8:B3:03:1A,18,101,CFD3:9A:DA:D9:5D:00:8C:3C:D7:69:84:D4:08:F6:C9:47:D5:04:40:27:71:C6:B8:F7:F6:CB:61:FB:41:74:18:5B,1,CPgLBIg0gK_/9L17zMo,AEAD_AES_256_GCM,FEFD
T01,1776278720417.698,transport,1603,60576,TLS_ECDHE_ECDSA_WITH_CHACHA20_POLY1305_SHA256,client,connected,W1XI,controlling,connected,CF9D:0B:E1:AC:0A:E8:64:7D:63:1F:39:0B:12:1E:71:52:2F:5D:4A:C4:7C:39:72:D4:96:8B:DE:C4:A8:B3:03:1A,18,101,CFD3:9A:DA:D9:5D:00:8C:3C:D7:69:84:D4:08:F6:C9:47:D5:04:40:27:71:C6:B8:F7:F6:CB:61:FB:41:74:18:5B,1,CPgLBIg0gK_/9L17zMo,AEAD_AES_256_GCM,FEFD
T01,1776278720617.791,transport,1807,68034,TLS_ECDHE_ECDSA_WITH_CHACHA20_POLY1305_SHA256,client,connected,W1XI,controlling,connected,CF9D:0B:E1:AC:0A:E8:64:7D:63:1F:39:0B:12:1E:71:52:2F:5D:4A:C4:7C:39:72:D4:96:8B:DE:C4:A8:B3:03:1A,21,115,CFD3:9A:DA:D9:5D:00:8C:3C:D7:69:84:D4:08:F6:C9:47:D5:04:40:27:71:C6:B8:F7:F6:CB:61:FB:41:74:18:5B,1,CPgLBIg0gK_/9L17zMo,AEAD_AES_256_GCM,FEFD
T01,1776278720617.791,transport,1807,68034,TLS_ECDHE_ECDSA_WITH_CHACHA20_POLY1305_SHA256,client,connected,W1XI,controlling,connected,CF9D:0B:E1:AC:0A:E8:64:7D:63:1F:39:0B:12:1E:71:52:2F:5D:4A:C4:7C:39:72:D4:96:8B:DE:C4:A8:B3:03:1A,21,115,CFD3:9A:DA:D9:5D:00:8C:3C:D7:69:84:D4:08:F6:C9:47:D5:04:40:27:71:C6:B8:F7:F6:CB:61:FB:41:74:18:5B,1,CPgLBIg0gK_/9L17zMo,AEAD_AES_256_GCM,FEFD
T01,1776278720817.669,transport,1911,75894,TLS_ECDHE_ECDSA_WITH_CHACHA20_POLY1305_SHA256,client,connected,W1XI,controlling,connected,CF9D:0B:E1:AC:0A:E8:64:7D:63:1F:39:0B:12:1E:71:52:2F:5D:4A:C4:7C:39:72:D4:96:8B:DE:C4:A8:B3:03:1A,23,135,CFD3:9A:DA:D9:5D:00:8C:3C:D7:69:84:D4:08:F6:C9:47:D5:04:40:27:71:C6:B8:F7:F6:CB:61:FB:41:74:18:5B,1,CPgLBIg0gK_/9L17zMo,AEAD_AES_256_GCM,FEFD
T01,1776278720817.669,transport,1911,75894,TLS_ECDHE_ECDSA_WITH_CHACHA20_POLY1305_SHA256,client,connected,W1XI,controlling,connected,CF9D:0B:E1:AC:0A:E8:64:7D:63:1F:39:0B:12:1E:71:52:2F:5D:4A:C4:7C:39:72:D4:96:8B:DE:C4:A8:B3:03:1A,23,135,CFD3:9A:DA:D9:5D:00:8C:3C:D7:69:84:D4:08:F6:C9:47:D5:04:40:27:71:C6:B8:F7:F6:CB:61:FB:41:74:18:5B,1,CPgLBIg0gK_/9L17zMo,AEAD_AES_256_GCM,FEFD
T01,1776278721017.764,transport,2015,85235,TLS_ECDHE_ECDSA_WITH_CHACHA20_POLY1305_SHA256,client,connected,W1XI,controlling,connected,CF9D:0B:E1:AC:0A:E8:64:7D:63:1F:39:0B:12:1E:71:52:2F:5D:4A:C4:7C:39:72:D4:96:8B:DE:C4:A8:B3:03:1A,25,152,CFD3:9A:DA:D9:5D:00:8C:3C:D7:69:84:D4:08:F6:C9:47:D5:04:40:27:71:C6:B8:F7:F6:CB:61:FB:41:74:18:5B,1,CPgLBIg0gK_/9L17zMo,AEAD_AES_256_GCM,FEFD
T01,1776278721017.764,transport,2015,85235,TLS_ECDHE_ECDSA_WITH_CHACHA20_POLY1305_SHA256,client,connected,W1XI,controlling,connected,CF9D:0B:E1:AC:0A:E8:64:7D:63:1F:39:0B:12:1E:71:52:2F:5D:4A:C4:7C:39:72:D4:96:8B:DE:C4:A8:B3:03:1A,25,152,CFD3:9A:DA:D9:5D:00:8C:3C:D7:69:84:D4:08:F6:C9:47:D5:04:40:27:71:C6:B8:F7:F6:CB:61:FB:41:74:18:5B,1,CPgLBIg0gK_/9L17zMo,AEAD_AES_256_GCM,FEFD
T01,1776278721217.601,transport,2115,93670,TLS_ECDHE_ECDSA_WITH_CHACHA20_POLY1305_SHA256,client,connected,W1XI,controlling,connected,CF9D:0B:E1:AC:0A:E8:64:7D:63:1F:39:0B:12:1E:71:52:2F:5D:4A:C4:7C:39:72:D4:96:8B:DE:C4:A8:B3:03:1A,27,166,CFD3:9A:DA:D9:5D:00:8C:3C:D7:69:84:D4:08:F6:C9:47:D5:04:40:27:71:C6:B8:F7:F6:CB:61:FB:41:74:18:5B,1,CPgLBIg0gK_/9L17zMo,AEAD_AES_256_GCM,FEFD
T01,1776278721217.601,transport,2115,93670,TLS_ECDHE_ECDSA_WITH_CHACHA20_POLY1305_SHA256,client,connected,W1XI,controlling,connected,CF9D:0B:E1:AC:0A:E8:64:7D:63:1F:39:0B:12:1E:71:52:2F:5D:4A:C4:7C:39:72:D4:96:8B:DE:C4:A8:B3:03:1A,27,166,CFD3:9A:DA:D9:5D:00:8C:3C:D7:69:84:D4:08:F6:C9:47:D5:04:40:27:71:C6:B8:F7:F6:CB:61:FB:41:74:18:5B,1,CPgLBIg0gK_/9L17zMo,AEAD_AES_256_GCM,FEFD
T01,1776278721417.61,transport,2219,101871,TLS_ECDHE_ECDSA_WITH_CHACHA20_POLY1305_SHA256,client,connected,W1XI,controlling,connected,CF9D:0B:E1:AC:0A:E8:64:7D:63:1F:39:0B:12:1E:71:52:2F:5D:4A:C4:7C:39:72:D4:96:8B:DE:C4:A8:B3:03:1A,29,181,CFD3:9A:DA:D9:5D:00:8C:3C:D7:69:84:D4:08:F6:C9:47:D5:04:40:27:71:C6:B8:F7:F6:CB:61:FB:41:74:18:5B,1,CPgLBIg0gK_/9L17zMo,AEAD_AES_256_GCM,FEFD
T01,1776278721417.61,transport,2219,101871,TLS_ECDHE_ECDSA_WITH_CHACHA20_POLY1305_SHA256,client,connected,W1XI,controlling,connected,CF9D:0B:E1:AC:0A:E8:64:7D:63:1F:39:0B:12:1E:71:52:2F:5D:4A:C4:7C:39:72:D4:96:8B:DE:C4:A8:B3:03:1A,29,181,CFD3:9A:DA:D9:5D:00:8C:3C:D7:69:84:D4:08:F6:C9:47:D5:04:40:27:71:C6:B8:F7:F6:CB:61:FB:41:74:18:5B,1,CPgLBIg0gK_/9L17zMo,AEAD_AES_256_GCM,FEFD
T01,1776278721617.674,transport,2323,111577,TLS_ECDHE_ECDSA_WITH_CHACHA20_POLY1305_SHA256,client,connected,W1XI,controlling,connected,CF9D:0B:E1:AC:0A:E8:64:7D:63:1F:39:0B:12:1E:71:52:2F:5D:4A:C4:7C:39:72:D4:96:8B:DE:C4:A8:B3:03:1A,31,204,CFD3:9A:DA:D9:5D:00:8C:3C:D7:69:84:D4:08:F6:C9:47:D5:04:40:27:71:C6:B8:F7:F6:CB:61:FB:41:74:18:5B,1,CPgLBIg0gK_/9L17zMo,AEAD_AES_256_GCM,FEFD
T01,1776278721617.674,transport,2323,111577,TLS_ECDHE_ECDSA_WITH_CHACHA20_POLY1305_SHA256,client,connected,W1XI,controlling,connected,CF9D:0B:E1:AC:0A:E8:64:7D:63:1F:39:0B:12:1E:71:52:2F:5D:4A:C4:7C:39:72:D4:96:8B:DE:C4:A8:B3:03:1A,31,204,CFD3:9A:DA:D9:5D:00:8C:3C:D7:69:84:D4:08:F6:C9:47:D5:04:40:27:71:C6:B8:F7:F6:CB:61:FB:41:74:18:5B,1,CPgLBIg0gK_/9L17zMo,AEAD_AES_256_GCM,FEFD
T01,1776278721817.66,transport,2431,119907,TLS_ECDHE_ECDSA_WITH_CHACHA20_POLY1305_SHA256,client,connected,W1XI,controlling,connected,CF9D:0B:E1:AC:0A:E8:64:7D:63:1F:39:0B:12:1E:71:52:2F:5D:4A:C4:7C:39:72:D4:96:8B:DE:C4:A8:B3:03:1A,33,220,CFD3:9A:DA:D9:5D:00:8C:3C:D7:69:84:D4:08:F6:C9:47:D5:04:40:27:71:C6:B8:F7:F6:CB:61:FB:41:74:18:5B,1,CPgLBIg0gK_/9L17zMo,AEAD_AES_256_GCM,FEFD
T01,1776278721817.66,transport,2431,119907,TLS_ECDHE_ECDSA_WITH_CHACHA20_POLY1305_SHA256,client,connected,W1XI,controlling,connected,CF9D:0B:E1:AC:0A:E8:64:7D:63:1F:39:0B:12:1E:71:52:2F:5D:4A:C4:7C:39:72:D4:96:8B:DE:C4:A8:B3:03:1A,33,220,CFD3:9A:DA:D9:5D:00:8C:3C:D7:69:84:D4:08:F6:C9:47:D5:04:40:27:71:C6:B8:F7:F6:CB:61:FB:41:74:18:5B,1,CPgLBIg0gK_/9L17zMo,AEAD_AES_256_GCM,FEFD
T01,1776278722017.758,transport,2527,129840,TLS_ECDHE_ECDSA_WITH_CHACHA20_POLY1305_SHA256,client,connected,W1XI,controlling,connected,CF9D:0B:E1:AC:0A:E8:64:7D:63:1F:39:0B:12:1E:71:52:2F:5D:4A:C4:7C:39:72:D4:96:8B:DE:C4:A8:B3:03:1A,35,235,CFD3:9A:DA:D9:5D:00:8C:3C:D7:69:84:D4:08:F6:C9:47:D5:04:40:27:71:C6:B8:F7:F6:CB:61:FB:41:74:18:5B,1,CPgLBIg0gK_/9L17zMo,AEAD_AES_256_GCM,FEFD
T01,1776278722017.758,transport,2527,129840,TLS_ECDHE_ECDSA_WITH_CHACHA20_POLY1305_SHA256,client,connected,W1XI,controlling,connected,CF9D:0B:E1:AC:0A:E8:64:7D:63:1F:39:0B:12:1E:71:52:2F:5D:4A:C4:7C:39:72:D4:96:8B:DE:C4:A8:B3:03:1A,35,235,CFD3:9A:DA:D9:5D:00:8C:3C:D7:69:84:D4:08:F6:C9:47:D5:04:40:27:71:C6:B8:F7:F6:CB:61:FB:41:74:18:5B,1,CPgLBIg0gK_/9L17zMo,AEAD_AES_256_GCM,FEFD
T01,1776278722217.766,transport,2731,138109,TLS_ECDHE_ECDSA_WITH_CHACHA20_POLY1305_SHA256,client,connected,W1XI,controlling,connected,CF9D:0B:E1:AC:0A:E8:64:7D:63:1F:39:0B:12:1E:71:52:2F:5D:4A:C4:7C:39:72:D4:96:8B:DE:C4:A8:B3:03:1A,38,251,CFD3:9A:DA:D9:5D:00:8C:3C:D7:69:84:D4:08:F6:C9:47:D5:04:40:27:71:C6:B8:F7:F6:CB:61:FB:41:74:18:5B,1,CPgLBIg0gK_/9L17zMo,AEAD_AES_256_GCM,FEFD
T01,1776278722217.766,transport,2731,138109,TLS_ECDHE_ECDSA_WITH_CHACHA20_POLY1305_SHA256,client,connected,W1XI,controlling,connected,CF9D:0B:E1:AC:0A:E8:64:7D:63:1F:39:0B:12:1E:71:52:2F:5D:4A:C4:7C:39:72:D4:96:8B:DE:C4:A8:B3:03:1A,38,251,CFD3:9A:DA:D9:5D:00:8C:3C:D7:69:84:D4:08:F6:C9:47:D5:04:40:27:71:C6:B8:F7:F6:CB:61:FB:41:74:18:5B,1,CPgLBIg0gK_/9L17zMo,AEAD_AES_256_GCM,FEFD
T01,1776278722417.741,transport,2835,148586,TLS_ECDHE_ECDSA_WITH_CHACHA20_POLY1305_SHA256,client,connected,W1XI,controlling,connected,CF9D:0B:E1:AC:0A:E8:64:7D:63:1F:39:0B:12:1E:71:52:2F:5D:4A:C4:7C:39:72:D4:96:8B:DE:C4:A8:B3:03:1A,40,272,CFD3:9A:DA:D9:5D:00:8C:3C:D7:69:84:D4:08:F6:C9:47:D5:04:40:27:71:C6:B8:F7:F6:CB:61:FB:41:74:18:5B,1,CPgLBIg0gK_/9L17zMo,AEAD_AES_256_GCM,FEFD
T01,1776278722417.741,transport,2835,148586,TLS_ECDHE_ECDSA_WITH_CHACHA20_POLY1305_SHA256,client,connected,W1XI,controlling,connected,CF9D:0B:E1:AC:0A:E8:64:7D:63:1F:39:0B:12:1E:71:52:2F:5D:4A:C4:7C:39:72:D4:96:8B:DE:C4:A8:B3:03:1A,40,272,CFD3:9A:DA:D9:5D:00:8C:3C:D7:69:84:D4:08:F6:C9:47:D5:04:40:27:71:C6:B8:F7:F6:CB:61:FB:41:74:18:5B,1,CPgLBIg0gK_/9L17zMo,AEAD_AES_256_GCM,FEFD
T01,1776278722617.762,transport,2935,156696,TLS_ECDHE_ECDSA_WITH_CHACHA20_POLY1305_SHA256,client,connected,W1XI,controlling,connected,CF9D:0B:E1:AC:0A:E8:64:7D:63:1F:39:0B:12:1E:71:52:2F:5D:4A:C4:7C:39:72:D4:96:8B:DE:C4:A8:B3:03:1A,42,284,CFD3:9A:DA:D9:5D:00:8C:3C:D7:69:84:D4:08:F6:C9:47:D5:04:40:27:71:C6:B8:F7:F6:CB:61:FB:41:74:18:5B,1,CPgLBIg0gK_/9L17zMo,AEAD_AES_256_GCM,FEFD
T01,1776278722617.762,transport,2935,156696,TLS_ECDHE_ECDSA_WITH_CHACHA20_POLY1305_SHA256,client,connected,W1XI,controlling,connected,CF9D:0B:E1:AC:0A:E8:64:7D:63:1F:39:0B:12:1E:71:52:2F:5D:4A:C4:7C:39:72:D4:96:8B:DE:C4:A8:B3:03:1A,42,284,CFD3:9A:DA:D9:5D:00:8C:3C:D7:69:84:D4:08:F6:C9:47:D5:04:40:27:71:C6:B8:F7:F6:CB:61:FB:41:74:18:5B,1,CPgLBIg0gK_/9L17zMo,AEAD_AES_256_GCM,FEFD
T01,1776278722817.687,transport,3039,167380,TLS_ECDHE_ECDSA_WITH_CHACHA20_POLY1305_SHA256,client,connected,W1XI,controlling,connected,CF9D:0B:E1:AC:0A:E8:64:7D:63:1F:39:0B:12:1E:71:52:2F:5D:4A:C4:7C:39:72:D4:96:8B:DE:C4:A8:B3:03:1A,44,305,CFD3:9A:DA:D9:5D:00:8C:3C:D7:69:84:D4:08:F6:C9:47:D5:04:40:27:71:C6:B8:F7:F6:CB:61:FB:41:74:18:5B,1,CPgLBIg0gK_/9L17zMo,AEAD_AES_256_GCM,FEFD
T01,1776278722817.687,transport,3039,167380,TLS_ECDHE_ECDSA_WITH_CHACHA20_POLY1305_SHA256,client,connected,W1XI,controlling,connected,CF9D:0B:E1:AC:0A:E8:64:7D:63:1F:39:0B:12:1E:71:52:2F:5D:4A:C4:7C:39:72:D4:96:8B:DE:C4:A8:B3:03:1A,44,305,CFD3:9A:DA:D9:5D:00:8C:3C:D7:69:84:D4:08:F6:C9:47:D5:04:40:27:71:C6:B8:F7:F6:CB:61:FB:41:74:18:5B,1,CPgLBIg0gK_/9L17zMo,AEAD_AES_256_GCM,FEFD
T01,1776278723017.733,transport,3147,177008,TLS_ECDHE_ECDSA_WITH_CHACHA20_POLY1305_SHA256,client,connected,W1XI,controlling,connected,CF9D:0B:E1:AC:0A:E8:64:7D:63:1F:39:0B:12:1E:71:52:2F:5D:4A:C4:7C:39:72:D4:96:8B:DE:C4:A8:B3:03:1A,46,323,CFD3:9A:DA:D9:5D:00:8C:3C:D7:69:84:D4:08:F6:C9:47:D5:04:40:27:71:C6:B8:F7:F6:CB:61:FB:41:74:18:5B,1,CPgLBIg0gK_/9L17zMo,AEAD_AES_256_GCM,FEFD
T01,1776278723017.733,transport,3147,177008,TLS_ECDHE_ECDSA_WITH_CHACHA20_POLY1305_SHA256,client,connected,W1XI,controlling,connected,CF9D:0B:E1:AC:0A:E8:64:7D:63:1F:39:0B:12:1E:71:52:2F:5D:4A:C4:7C:39:72:D4:96:8B:DE:C4:A8:B3:03:1A,46,323,CFD3:9A:DA:D9:5D:00:8C:3C:D7:69:84:D4:08:F6:C9:47:D5:04:40:27:71:C6:B8:F7:F6:CB:61:FB:41:74:18:5B,1,CPgLBIg0gK_/9L17zMo,AEAD_AES_256_GCM,FEFD
T01,1776278723217.63,transport,3251,186380,TLS_ECDHE_ECDSA_WITH_CHACHA20_POLY1305_SHA256,client,connected,W1XI,controlling,connected,CF9D:0B:E1:AC:0A:E8:64:7D:63:1F:39:0B:12:1E:71:52:2F:5D:4A:C4:7C:39:72:D4:96:8B:DE:C4:A8:B3:03:1A,48,342,CFD3:9A:DA:D9:5D:00:8C:3C:D7:69:84:D4:08:F6:C9:47:D5:04:40:27:71:C6:B8:F7:F6:CB:61:FB:41:74:18:5B,1,CPgLBIg0gK_/9L17zMo,AEAD_AES_256_GCM,FEFD
T01,1776278723217.63,transport,3251,186380,TLS_ECDHE_ECDSA_WITH_CHACHA20_POLY1305_SHA256,client,connected,W1XI,controlling,connected,CF9D:0B:E1:AC:0A:E8:64:7D:63:1F:39:0B:12:1E:71:52:2F:5D:4A:C4:7C:39:72:D4:96:8B:DE:C4:A8:B3:03:1A,48,342,CFD3:9A:DA:D9:5D:00:8C:3C:D7:69:84:D4:08:F6:C9:47:D5:04:40:27:71:C6:B8:F7:F6:CB:61:FB:41:74:18:5B,1,CPgLBIg0gK_/9L17zMo,AEAD_AES_256_GCM,FEFD
T01,1776278723417.7,transport,3359,197126,TLS_ECDHE_ECDSA_WITH_CHACHA20_POLY1305_SHA256,client,connected,W1XI,controlling,connected,CF9D:0B:E1:AC:0A:E8:64:7D:63:1F:39:0B:12:1E:71:52:2F:5D:4A:C4:7C:39:72:D4:96:8B:DE:C4:A8:B3:03:1A,50,361,CFD3:9A:DA:D9:5D:00:8C:3C:D7:69:84:D4:08:F6:C9:47:D5:04:40:27:71:C6:B8:F7:F6:CB:61:FB:41:74:18:5B,1,CPgLBIg0gK_/9L17zMo,AEAD_AES_256_GCM,FEFD
T01,1776278723417.7,transport,3359,197126,TLS_ECDHE_ECDSA_WITH_CHACHA20_POLY1305_SHA256,client,connected,W1XI,controlling,connected,CF9D:0B:E1:AC:0A:E8:64:7D:63:1F:39:0B:12:1E:71:52:2F:5D:4A:C4:7C:39:72:D4:96:8B:DE:C4:A8:B3:03:1A,50,361,CFD3:9A:DA:D9:5D:00:8C:3C:D7:69:84:D4:08:F6:C9:47:D5:04:40:27:71:C6:B8:F7:F6:CB:61:FB:41:74:18:5B,1,CPgLBIg0gK_/9L17zMo,AEAD_AES_256_GCM,FEFD
T01,1776278723617.737,transport,3555,206641,TLS_ECDHE_ECDSA_WITH_CHACHA20_POLY1305_SHA256,client,connected,W1XI,controlling,connected,CF9D:0B:E1:AC:0A:E8:64:7D:63:1F:39:0B:12:1E:71:52:2F:5D:4A:C4:7C:39:72:D4:96:8B:DE:C4:A8:B3:03:1A,53,378,CFD3:9A:DA:D9:5D:00:8C:3C:D7:69:84:D4:08:F6:C9:47:D5:04:40:27:71:C6:B8:F7:F6:CB:61:FB:41:74:18:5B,1,CPgLBIg0gK_/9L17zMo,AEAD_AES_256_GCM,FEFD
T01,1776278723617.737,transport,3555,206641,TLS_ECDHE_ECDSA_WITH_CHACHA20_POLY1305_SHA256,client,connected,W1XI,controlling,connected,CF9D:0B:E1:AC:0A:E8:64:7D:63:1F:39:0B:12:1E:71:52:2F:5D:4A:C4:7C:39:72:D4:96:8B:DE:C4:A8:B3:03:1A,53,378,CFD3:9A:DA:D9:5D:00:8C:3C:D7:69:84:D4:08:F6:C9:47:D5:04:40:27:71:C6:B8:F7:F6:CB:61:FB:41:74:18:5B,1,CPgLBIg0gK_/9L17zMo,AEAD_AES_256_GCM,FEFD
T01,1776278723817.703,transport,3667,219458,TLS_ECDHE_ECDSA_WITH_CHACHA20_POLY1305_SHA256,client,connected,W1XI,controlling,connected,CF9D:0B:E1:AC:0A:E8:64:7D:63:1F:39:0B:12:1E:71:52:2F:5D:4A:C4:7C:39:72:D4:96:8B:DE:C4:A8:B3:03:1A,55,402,CFD3:9A:DA:D9:5D:00:8C:3C:D7:69:84:D4:08:F6:C9:47:D5:04:40:27:71:C6:B8:F7:F6:CB:61:FB:41:74:18:5B,1,CPgLBIg0gK_/9L17zMo,AEAD_AES_256_GCM,FEFD
T01,1776278723817.703,transport,3667,219458,TLS_ECDHE_ECDSA_WITH_CHACHA20_POLY1305_SHA256,client,connected,W1XI,controlling,connected,CF9D:0B:E1:AC:0A:E8:64:7D:63:1F:39:0B:12:1E:71:52:2F:5D:4A:C4:7C:39:72:D4:96:8B:DE:C4:A8:B3:03:1A,55,402,CFD3:9A:DA:D9:5D:00:8C:3C:D7:69:84:D4:08:F6:C9:47:D5:04:40:27:71:C6:B8:F7:F6:CB:61:FB:41:74:18:5B,1,CPgLBIg0gK_/9L17zMo,AEAD_AES_256_GCM,FEFD
T01,1776278724017.766,transport,3767,228776,TLS_ECDHE_ECDSA_WITH_CHACHA20_POLY1305_SHA256,client,connected,W1XI,controlling,connected,CF9D:0B:E1:AC:0A:E8:64:7D:63:1F:39:0B:12:1E:71:52:2F:5D:4A:C4:7C:39:72:D4:96:8B:DE:C4:A8:B3:03:1A,57,422,CFD3:9A:DA:D9:5D:00:8C:3C:D7:69:84:D4:08:F6:C9:47:D5:04:40:27:71:C6:B8:F7:F6:CB:61:FB:41:74:18:5B,1,CPgLBIg0gK_/9L17zMo,AEAD_AES_256_GCM,FEFD
T01,1776278724017.766,transport,3767,228776,TLS_ECDHE_ECDSA_WITH_CHACHA20_POLY1305_SHA256,client,connected,W1XI,controlling,connected,CF9D:0B:E1:AC:0A:E8:64:7D:63:1F:39:0B:12:1E:71:52:2F:5D:4A:C4:7C:39:72:D4:96:8B:DE:C4:A8:B3:03:1A,57,422,CFD3:9A:DA:D9:5D:00:8C:3C:D7:69:84:D4:08:F6:C9:47:D5:04:40:27:71:C6:B8:F7:F6:CB:61:FB:41:74:18:5B,1,CPgLBIg0gK_/9L17zMo,AEAD_AES_256_GCM,FEFD
T01,1776278724217.716,transport,3879,238666,TLS_ECDHE_ECDSA_WITH_CHACHA20_POLY1305_SHA256,client,connected,W1XI,controlling,connected,CF9D:0B:E1:AC:0A:E8:64:7D:63:1F:39:0B:12:1E:71:52:2F:5D:4A:C4:7C:39:72:D4:96:8B:DE:C4:A8:B3:03:1A,59,442,CFD3:9A:DA:D9:5D:00:8C:3C:D7:69:84:D4:08:F6:C9:47:D5:04:40:27:71:C6:B8:F7:F6:CB:61:FB:41:74:18:5B,1,CPgLBIg0gK_/9L17zMo,AEAD_AES_256_GCM,FEFD
T01,1776278724217.716,transport,3879,238666,TLS_ECDHE_ECDSA_WITH_CHACHA20_POLY1305_SHA256,client,connected,W1XI,controlling,connected,CF9D:0B:E1:AC:0A:E8:64:7D:63:1F:39:0B:12:1E:71:52:2F:5D:4A:C4:7C:39:72:D4:96:8B:DE:C4:A8:B3:03:1A,59,442,CFD3:9A:DA:D9:5D:00:8C:3C:D7:69:84:D4:08:F6:C9:47:D5:04:40:27:71:C6:B8:F7:F6:CB:61:FB:41:74:18:5B,1,CPgLBIg0gK_/9L17zMo,AEAD_AES_256_GCM,FEFD
T01,1776278724417.724,transport,3983,248949,TLS_ECDHE_ECDSA_WITH_CHACHA20_POLY1305_SHA256,client,connected,W1XI,controlling,connected,CF9D:0B:E1:AC:0A:E8:64:7D:63:1F:39:0B:12:1E:71:52:2F:5D:4A:C4:7C:39:72:D4:96:8B:DE:C4:A8:B3:03:1A,61,468,CFD3:9A:DA:D9:5D:00:8C:3C:D7:69:84:D4:08:F6:C9:47:D5:04:40:27:71:C6:B8:F7:F6:CB:61:FB:41:74:18:5B,1,CPgLBIg0gK_/9L17zMo,AEAD_AES_256_GCM,FEFD
T01,1776278724417.724,transport,3983,248949,TLS_ECDHE_ECDSA_WITH_CHACHA20_POLY1305_SHA256,client,connected,W1XI,controlling,connected,CF9D:0B:E1:AC:0A:E8:64:7D:63:1F:39:0B:12:1E:71:52:2F:5D:4A:C4:7C:39:72:D4:96:8B:DE:C4:A8:B3:03:1A,61,468,CFD3:9A:DA:D9:5D:00:8C:3C:D7:69:84:D4:08:F6:C9:47:D5:04:40:27:71:C6:B8:F7:F6:CB:61:FB:41:74:18:5B,1,CPgLBIg0gK_/9L17zMo,AEAD_AES_256_GCM,FEFD
T01,1776278724617.703,transport,4095,261430,TLS_ECDHE_ECDSA_WITH_CHACHA20_POLY1305_SHA256,client,connected,W1XI,controlling,connected,CF9D:0B:E1:AC:0A:E8:64:7D:63:1F:39:0B:12:1E:71:52:2F:5D:4A:C4:7C:39:72:D4:96:8B:DE:C4:A8:B3:03:1A,63,486,CFD3:9A:DA:D9:5D:00:8C:3C:D7:69:84:D4:08:F6:C9:47:D5:04:40:27:71:C6:B8:F7:F6:CB:61:FB:41:74:18:5B,1,CPgLBIg0gK_/9L17zMo,AEAD_AES_256_GCM,FEFD
T01,1776278724617.703,transport,4095,261430,TLS_ECDHE_ECDSA_WITH_CHACHA20_POLY1305_SHA256,client,connected,W1XI,controlling,connected,CF9D:0B:E1:AC:0A:E8:64:7D:63:1F:39:0B:12:1E:71:52:2F:5D:4A:C4:7C:39:72:D4:96:8B:DE:C4:A8:B3:03:1A,63,486,CFD3:9A:DA:D9:5D:00:8C:3C:D7:69:84:D4:08:F6:C9:47:D5:04:40:27:71:C6:B8:F7:F6:CB:61:FB:41:74:18:5B,1,CPgLBIg0gK_/9L17zMo,AEAD_AES_256_GCM,FEFD
T01,1776278724817.704,transport,4203,272991,TLS_ECDHE_ECDSA_WITH_CHACHA20_POLY1305_SHA256,client,connected,W1XI,controlling,connected,CF9D:0B:E1:AC:0A:E8:64:7D:63:1F:39:0B:12:1E:71:52:2F:5D:4A:C4:7C:39:72:D4:96:8B:DE:C4:A8:B3:03:1A,65,509,CFD3:9A:DA:D9:5D:00:8C:3C:D7:69:84:D4:08:F6:C9:47:D5:04:40:27:71:C6:B8:F7:F6:CB:61:FB:41:74:18:5B,1,CPgLBIg0gK_/9L17zMo,AEAD_AES_256_GCM,FEFD
T01,1776278724817.704,transport,4203,272991,TLS_ECDHE_ECDSA_WITH_CHACHA20_POLY1305_SHA256,client,connected,W1XI,controlling,connected,CF9D:0B:E1:AC:0A:E8:64:7D:63:1F:39:0B:12:1E:71:52:2F:5D:4A:C4:7C:39:72:D4:96:8B:DE:C4:A8:B3:03:1A,65,509,CFD3:9A:DA:D9:5D:00:8C:3C:D7:69:84:D4:08:F6:C9:47:D5:04:40:27:71:C6:B8:F7:F6:CB:61:FB:41:74:18:5B,1,CPgLBIg0gK_/9L17zMo,AEAD_AES_256_GCM,FEFD
T01,1776278725017.687,transport,4411,283977,TLS_ECDHE_ECDSA_WITH_CHACHA20_POLY1305_SHA256,client,connected,W1XI,controlling,connected,CF9D:0B:E1:AC:0A:E8:64:7D:63:1F:39:0B:12:1E:71:52:2F:5D:4A:C4:7C:39:72:D4:96:8B:DE:C4:A8:B3:03:1A,68,536,CFD3:9A:DA:D9:5D:00:8C:3C:D7:69:84:D4:08:F6:C9:47:D5:04:40:27:71:C6:B8:F7:F6:CB:61:FB:41:74:18:5B,1,CPgLBIg0gK_/9L17zMo,AEAD_AES_256_GCM,FEFD
T01,1776278725017.687,transport,4411,283977,TLS_ECDHE_ECDSA_WITH_CHACHA20_POLY1305_SHA256,client,connected,W1XI,controlling,connected,CF9D:0B:E1:AC:0A:E8:64:7D:63:1F:39:0B:12:1E:71:52:2F:5D:4A:C4:7C:39:72:D4:96:8B:DE:C4:A8:B3:03:1A,68,536,CFD3:9A:DA:D9:5D:00:8C:3C:D7:69:84:D4:08:F6:C9:47:D5:04:40:27:71:C6:B8:F7:F6:CB:61:FB:41:74:18:5B,1,CPgLBIg0gK_/9L17zMo,AEAD_AES_256_GCM,FEFD
T01,1776278725217.64,transport,4523,295783,TLS_ECDHE_ECDSA_WITH_CHACHA20_POLY1305_SHA256,client,connected,W1XI,controlling,connected,CF9D:0B:E1:AC:0A:E8:64:7D:63:1F:39:0B:12:1E:71:52:2F:5D:4A:C4:7C:39:72:D4:96:8B:DE:C4:A8:B3:03:1A,70,560,CFD3:9A:DA:D9:5D:00:8C:3C:D7:69:84:D4:08:F6:C9:47:D5:04:40:27:71:C6:B8:F7:F6:CB:61:FB:41:74:18:5B,1,CPgLBIg0gK_/9L17zMo,AEAD_AES_256_GCM,FEFD
T01,1776278725217.64,transport,4523,295783,TLS_ECDHE_ECDSA_WITH_CHACHA20_POLY1305_SHA256,client,connected,W1XI,controlling,connected,CF9D:0B:E1:AC:0A:E8:64:7D:63:1F:39:0B:12:1E:71:52:2F:5D:4A:C4:7C:39:72:D4:96:8B:DE:C4:A8:B3:03:1A,70,560,CFD3:9A:DA:D9:5D:00:8C:3C:D7:69:84:D4:08:F6:C9:47:D5:04:40:27:71:C6:B8:F7:F6:CB:61:FB:41:74:18:5B,1,CPgLBIg0gK_/9L17zMo,AEAD_AES_256_GCM,FEFD
T01,1776278725417.705,transport,4627,307172,TLS_ECDHE_ECDSA_WITH_CHACHA20_POLY1305_SHA256,client,connected,W1XI,controlling,connected,CF9D:0B:E1:AC:0A:E8:64:7D:63:1F:39:0B:12:1E:71:52:2F:5D:4A:C4:7C:39:72:D4:96:8B:DE:C4:A8:B3:03:1A,72,578,CFD3:9A:DA:D9:5D:00:8C:3C:D7:69:84:D4:08:F6:C9:47:D5:04:40:27:71:C6:B8:F7:F6:CB:61:FB:41:74:18:5B,1,CPgLBIg0gK_/9L17zMo,AEAD_AES_256_GCM,FEFD
T01,1776278725417.705,transport,4627,307172,TLS_ECDHE_ECDSA_WITH_CHACHA20_POLY1305_SHA256,client,connected,W1XI,controlling,connected,CF9D:0B:E1:AC:0A:E8:64:7D:63:1F:39:0B:12:1E:71:52:2F:5D:4A:C4:7C:39:72:D4:96:8B:DE:C4:A8:B3:03:1A,72,578,CFD3:9A:DA:D9:5D:00:8C:3C:D7:69:84:D4:08:F6:C9:47:D5:04:40:27:71:C6:B8:F7:F6:CB:61:FB:41:74:18:5B,1,CPgLBIg0gK_/9L17zMo,AEAD_AES_256_GCM,FEFD
T01,1776278725617.736,transport,4727,320669,TLS_ECDHE_ECDSA_WITH_CHACHA20_POLY1305_SHA256,client,connected,W1XI,controlling,connected,CF9D:0B:E1:AC:0A:E8:64:7D:63:1F:39:0B:12:1E:71:52:2F:5D:4A:C4:7C:39:72:D4:96:8B:DE:C4:A8:B3:03:1A,74,603,CFD3:9A:DA:D9:5D:00:8C:3C:D7:69:84:D4:08:F6:C9:47:D5:04:40:27:71:C6:B8:F7:F6:CB:61:FB:41:74:18:5B,1,CPgLBIg0gK_/9L17zMo,AEAD_AES_256_GCM,FEFD
T01,1776278725617.736,transport,4727,320669,TLS_ECDHE_ECDSA_WITH_CHACHA20_POLY1305_SHA256,client,connected,W1XI,controlling,connected,CF9D:0B:E1:AC:0A:E8:64:7D:63:1F:39:0B:12:1E:71:52:2F:5D:4A:C4:7C:39:72:D4:96:8B:DE:C4:A8:B3:03:1A,74,603,CFD3:9A:DA:D9:5D:00:8C:3C:D7:69:84:D4:08:F6:C9:47:D5:04:40:27:71:C6:B8:F7:F6:CB:61:FB:41:74:18:5B,1,CPgLBIg0gK_/9L17zMo,AEAD_AES_256_GCM,FEFD
T01,1776278725817.686,transport,4843,331707,TLS_ECDHE_ECDSA_WITH_CHACHA20_POLY1305_SHA256,client,connected,W1XI,controlling,connected,CF9D:0B:E1:AC:0A:E8:64:7D:63:1F:39:0B:12:1E:71:52:2F:5D:4A:C4:7C:39:72:D4:96:8B:DE:C4:A8:B3:03:1A,76,630,CFD3:9A:DA:D9:5D:00:8C:3C:D7:69:84:D4:08:F6:C9:47:D5:04:40:27:71:C6:B8:F7:F6:CB:61:FB:41:74:18:5B,1,CPgLBIg0gK_/9L17zMo,AEAD_AES_256_GCM,FEFD
T01,1776278725817.686,transport,4843,331707,TLS_ECDHE_ECDSA_WITH_CHACHA20_POLY1305_SHA256,client,connected,W1XI,controlling,connected,CF9D:0B:E1:AC:0A:E8:64:7D:63:1F:39:0B:12:1E:71:52:2F:5D:4A:C4:7C:39:72:D4:96:8B:DE:C4:A8:B3:03:1A,76,630,CFD3:9A:DA:D9:5D:00:8C:3C:D7:69:84:D4:08:F6:C9:47:D5:04:40:27:71:C6:B8:F7:F6:CB:61:FB:41:74:18:5B,1,CPgLBIg0gK_/9L17zMo,AEAD_AES_256_GCM,FEFD
T01,1776278726017.695,transport,4955,344017,TLS_ECDHE_ECDSA_WITH_CHACHA20_POLY1305_SHA256,client,connected,W1XI,controlling,connected,CF9D:0B:E1:AC:0A:E8:64:7D:63:1F:39:0B:12:1E:71:52:2F:5D:4A:C4:7C:39:72:D4:96:8B:DE:C4:A8:B3:03:1A,78,658,CFD3:9A:DA:D9:5D:00:8C:3C:D7:69:84:D4:08:F6:C9:47:D5:04:40:27:71:C6:B8:F7:F6:CB:61:FB:41:74:18:5B,1,CPgLBIg0gK_/9L17zMo,AEAD_AES_256_GCM,FEFD
T01,1776278726017.695,transport,4955,344017,TLS_ECDHE_ECDSA_WITH_CHACHA20_POLY1305_SHA256,client,connected,W1XI,controlling,connected,CF9D:0B:E1:AC:0A:E8:64:7D:63:1F:39:0B:12:1E:71:52:2F:5D:4A:C4:7C:39:72:D4:96:8B:DE:C4:A8:B3:03:1A,78,658,CFD3:9A:DA:D9:5D:00:8C:3C:D7:69:84:D4:08:F6:C9:47:D5:04:40:27:71:C6:B8:F7:F6:CB:61:FB:41:74:18:5B,1,CPgLBIg0gK_/9L17zMo,AEAD_AES_256_GCM,FEFD
T01,1776278726217.6,transport,5071,355725,TLS_ECDHE_ECDSA_WITH_CHACHA20_POLY1305_SHA256,client,connected,W1XI,controlling,connected,CF9D:0B:E1:AC:0A:E8:64:7D:63:1F:39:0B:12:1E:71:52:2F:5D:4A:C4:7C:39:72:D4:96:8B:DE:C4:A8:B3:03:1A,80,688,CFD3:9A:DA:D9:5D:00:8C:3C:D7:69:84:D4:08:F6:C9:47:D5:04:40:27:71:C6:B8:F7:F6:CB:61:FB:41:74:18:5B,1,CPgLBIg0gK_/9L17zMo,AEAD_AES_256_GCM,FEFD
T01,1776278726217.6,transport,5071,355725,TLS_ECDHE_ECDSA_WITH_CHACHA20_POLY1305_SHA256,client,connected,W1XI,controlling,connected,CF9D:0B:E1:AC:0A:E8:64:7D:63:1F:39:0B:12:1E:71:52:2F:5D:4A:C4:7C:39:72:D4:96:8B:DE:C4:A8:B3:03:1A,80,688,CFD3:9A:DA:D9:5D:00:8C:3C:D7:69:84:D4:08:F6:C9:47:D5:04:40:27:71:C6:B8:F7:F6:CB:61:FB:41:74:18:5B,1,CPgLBIg0gK_/9L17zMo,AEAD_AES_256_GCM,FEFD
T01,1776278726417.704,transport,5279,369015,TLS_ECDHE_ECDSA_WITH_CHACHA20_POLY1305_SHA256,client,connected,W1XI,controlling,connected,CF9D:0B:E1:AC:0A:E8:64:7D:63:1F:39:0B:12:1E:71:52:2F:5D:4A:C4:7C:39:72:D4:96:8B:DE:C4:A8:B3:03:1A,83,721,CFD3:9A:DA:D9:5D:00:8C:3C:D7:69:84:D4:08:F6:C9:47:D5:04:40:27:71:C6:B8:F7:F6:CB:61:FB:41:74:18:5B,1,CPgLBIg0gK_/9L17zMo,AEAD_AES_256_GCM,FEFD
T01,1776278726417.704,transport,5279,369015,TLS_ECDHE_ECDSA_WITH_CHACHA20_POLY1305_SHA256,client,connected,W1XI,controlling,connected,CF9D:0B:E1:AC:0A:E8:64:7D:63:1F:39:0B:12:1E:71:52:2F:5D:4A:C4:7C:39:72:D4:96:8B:DE:C4:A8:B3:03:1A,83,721,CFD3:9A:DA:D9:5D:00:8C:3C:D7:69:84:D4:08:F6:C9:47:D5:04:40:27:71:C6:B8:F7:F6:CB:61:FB:41:74:18:5B,1,CPgLBIg0gK_/9L17zMo,AEAD_AES_256_GCM,FEFD
T01,1776278726617.779,transport,5395,381790,TLS_ECDHE_ECDSA_WITH_CHACHA20_POLY1305_SHA256,client,connected,W1XI,controlling,connected,CF9D:0B:E1:AC:0A:E8:64:7D:63:1F:39:0B:12:1E:71:52:2F:5D:4A:C4:7C:39:72:D4:96:8B:DE:C4:A8:B3:03:1A,85,749,CFD3:9A:DA:D9:5D:00:8C:3C:D7:69:84:D4:08:F6:C9:47:D5:04:40:27:71:C6:B8:F7:F6:CB:61:FB:41:74:18:5B,1,CPgLBIg0gK_/9L17zMo,AEAD_AES_256_GCM,FEFD
T01,1776278726617.779,transport,5395,381790,TLS_ECDHE_ECDSA_WITH_CHACHA20_POLY1305_SHA256,client,connected,W1XI,controlling,connected,CF9D:0B:E1:AC:0A:E8:64:7D:63:1F:39:0B:12:1E:71:52:2F:5D:4A:C4:7C:39:72:D4:96:8B:DE:C4:A8:B3:03:1A,85,749,CFD3:9A:DA:D9:5D:00:8C:3C:D7:69:84:D4:08:F6:C9:47:D5:04:40:27:71:C6:B8:F7:F6:CB:61:FB:41:74:18:5B,1,CPgLBIg0gK_/9L17zMo,AEAD_AES_256_GCM,FEFD
T01,1776278726817.644,transport,5515,396044,TLS_ECDHE_ECDSA_WITH_CHACHA20_POLY1305_SHA256,client,connected,W1XI,controlling,connected,CF9D:0B:E1:AC:0A:E8:64:7D:63:1F:39:0B:12:1E:71:52:2F:5D:4A:C4:7C:39:72:D4:96:8B:DE:C4:A8:B3:03:1A,87,777,CFD3:9A:DA:D9:5D:00:8C:3C:D7:69:84:D4:08:F6:C9:47:D5:04:40:27:71:C6:B8:F7:F6:CB:61:FB:41:74:18:5B,1,CPgLBIg0gK_/9L17zMo,AEAD_AES_256_GCM,FEFD
T01,1776278726817.644,transport,5515,396044,TLS_ECDHE_ECDSA_WITH_CHACHA20_POLY1305_SHA256,client,connected,W1XI,controlling,connected,CF9D:0B:E1:AC:0A:E8:64:7D:63:1F:39:0B:12:1E:71:52:2F:5D:4A:C4:7C:39:72:D4:96:8B:DE:C4:A8:B3:03:1A,87,777,CFD3:9A:DA:D9:5D:00:8C:3C:D7:69:84:D4:08:F6:C9:47:D5:04:40:27:71:C6:B8:F7:F6:CB:61:FB:41:74:18:5B,1,CPgLBIg0gK_/9L17zMo,AEAD_AES_256_GCM,FEFD
T01,1776278727017.617,transport,5619,408196,TLS_ECDHE_ECDSA_WITH_CHACHA20_POLY1305_SHA256,client,connected,W1XI,controlling,connected,CF9D:0B:E1:AC:0A:E8:64:7D:63:1F:39:0B:12:1E:71:52:2F:5D:4A:C4:7C:39:72:D4:96:8B:DE:C4:A8:B3:03:1A,89,791,CFD3:9A:DA:D9:5D:00:8C:3C:D7:69:84:D4:08:F6:C9:47:D5:04:40:27:71:C6:B8:F7:F6:CB:61:FB:41:74:18:5B,1,CPgLBIg0gK_/9L17zMo,AEAD_AES_256_GCM,FEFD
T01,1776278727017.617,transport,5619,408196,TLS_ECDHE_ECDSA_WITH_CHACHA20_POLY1305_SHA256,client,connected,W1XI,controlling,connected,CF9D:0B:E1:AC:0A:E8:64:7D:63:1F:39:0B:12:1E:71:52:2F:5D:4A:C4:7C:39:72:D4:96:8B:DE:C4:A8:B3:03:1A,89,791,CFD3:9A:DA:D9:5D:00:8C:3C:D7:69:84:D4:08:F6:C9:47:D5:04:40:27:71:C6:B8:F7:F6:CB:61:FB:41:74:18:5B,1,CPgLBIg0gK_/9L17zMo,AEAD_AES_256_GCM,FEFD
T01,1776278727217.586,transport,5727,422637,TLS_ECDHE_ECDSA_WITH_CHACHA20_POLY1305_SHA256,client,connected,W1XI,controlling,connected,CF9D:0B:E1:AC:0A:E8:64:7D:63:1F:39:0B:12:1E:71:52:2F:5D:4A:C4:7C:39:72:D4:96:8B:DE:C4:A8:B3:03:1A,91,813,CFD3:9A:DA:D9:5D:00:8C:3C:D7:69:84:D4:08:F6:C9:47:D5:04:40:27:71:C6:B8:F7:F6:CB:61:FB:41:74:18:5B,1,CPgLBIg0gK_/9L17zMo,AEAD_AES_256_GCM,FEFD
T01,1776278727217.586,transport,5727,422637,TLS_ECDHE_ECDSA_WITH_CHACHA20_POLY1305_SHA256,client,connected,W1XI,controlling,connected,CF9D:0B:E1:AC:0A:E8:64:7D:63:1F:39:0B:12:1E:71:52:2F:5D:4A:C4:7C:39:72:D4:96:8B:DE:C4:A8:B3:03:1A,91,813,CFD3:9A:DA:D9:5D:00:8C:3C:D7:69:84:D4:08:F6:C9:47:D5:04:40:27:71:C6:B8:F7:F6:CB:61:FB:41:74:18:5B,1,CPgLBIg0gK_/9L17zMo,AEAD_AES_256_GCM,FEFD
T01,1776278727417.651,transport,5839,435561,TLS_ECDHE_ECDSA_WITH_CHACHA20_POLY1305_SHA256,client,connected,W1XI,controlling,connected,CF9D:0B:E1:AC:0A:E8:64:7D:63:1F:39:0B:12:1E:71:52:2F:5D:4A:C4:7C:39:72:D4:96:8B:DE:C4:A8:B3:03:1A,93,846,CFD3:9A:DA:D9:5D:00:8C:3C:D7:69:84:D4:08:F6:C9:47:D5:04:40:27:71:C6:B8:F7:F6:CB:61:FB:41:74:18:5B,1,CPgLBIg0gK_/9L17zMo,AEAD_AES_256_GCM,FEFD
T01,1776278727417.651,transport,5839,435561,TLS_ECDHE_ECDSA_WITH_CHACHA20_POLY1305_SHA256,client,connected,W1XI,controlling,connected,CF9D:0B:E1:AC:0A:E8:64:7D:63:1F:39:0B:12:1E:71:52:2F:5D:4A:C4:7C:39:72:D4:96:8B:DE:C4:A8:B3:03:1A,93,846,CFD3:9A:DA:D9:5D:00:8C:3C:D7:69:84:D4:08:F6:C9:47:D5:04:40:27:71:C6:B8:F7:F6:CB:61:FB:41:74:18:5B,1,CPgLBIg0gK_/9L17zMo,AEAD_AES_256_GCM,FEFD
T01,1776278727617.715,transport,5959,450069,TLS_ECDHE_ECDSA_WITH_CHACHA20_POLY1305_SHA256,client,connected,W1XI,controlling,connected,CF9D:0B:E1:AC:0A:E8:64:7D:63:1F:39:0B:12:1E:71:52:2F:5D:4A:C4:7C:39:72:D4:96:8B:DE:C4:A8:B3:03:1A,95,879,CFD3:9A:DA:D9:5D:00:8C:3C:D7:69:84:D4:08:F6:C9:47:D5:04:40:27:71:C6:B8:F7:F6:CB:61:FB:41:74:18:5B,1,CPgLBIg0gK_/9L17zMo,AEAD_AES_256_GCM,FEFD
T01,1776278727617.715,transport,5959,450069,TLS_ECDHE_ECDSA_WITH_CHACHA20_POLY1305_SHA256,client,connected,W1XI,controlling,connected,CF9D:0B:E1:AC:0A:E8:64:7D:63:1F:39:0B:12:1E:71:52:2F:5D:4A:C4:7C:39:72:D4:96:8B:DE:C4:A8:B3:03:1A,95,879,CFD3:9A:DA:D9:5D:00:8C:3C:D7:69:84:D4:08:F6:C9:47:D5:04:40:27:71:C6:B8:F7:F6:CB:61:FB:41:74:18:5B,1,CPgLBIg0gK_/9L17zMo,AEAD_AES_256_GCM,FEFD
T01,1776278727817.695,transport,6167,464507,TLS_ECDHE_ECDSA_WITH_CHACHA20_POLY1305_SHA256,client,connected,W1XI,controlling,connected,CF9D:0B:E1:AC:0A:E8:64:7D:63:1F:39:0B:12:1E:71:52:2F:5D:4A:C4:7C:39:72:D4:96:8B:DE:C4:A8:B3:03:1A,98,899,CFD3:9A:DA:D9:5D:00:8C:3C:D7:69:84:D4:08:F6:C9:47:D5:04:40:27:71:C6:B8:F7:F6:CB:61:FB:41:74:18:5B,1,CPgLBIg0gK_/9L17zMo,AEAD_AES_256_GCM,FEFD
T01,1776278727817.695,transport,6167,464507,TLS_ECDHE_ECDSA_WITH_CHACHA20_POLY1305_SHA256,client,connected,W1XI,controlling,connected,CF9D:0B:E1:AC:0A:E8:64:7D:63:1F:39:0B:12:1E:71:52:2F:5D:4A:C4:7C:39:72:D4:96:8B:DE:C4:A8:B3:03:1A,98,899,CFD3:9A:DA:D9:5D:00:8C:3C:D7:69:84:D4:08:F6:C9:47:D5:04:40:27:71:C6:B8:F7:F6:CB:61:FB:41:74:18:5B,1,CPgLBIg0gK_/9L17zMo,AEAD_AES_256_GCM,FEFD
T01,1776278728017.713,transport,6271,477685,TLS_ECDHE_ECDSA_WITH_CHACHA20_POLY1305_SHA256,client,connected,W1XI,controlling,connected,CF9D:0B:E1:AC:0A:E8:64:7D:63:1F:39:0B:12:1E:71:52:2F:5D:4A:C4:7C:39:72:D4:96:8B:DE:C4:A8:B3:03:1A,100,915,CFD3:9A:DA:D9:5D:00:8C:3C:D7:69:84:D4:08:F6:C9:47:D5:04:40:27:71:C6:B8:F7:F6:CB:61:FB:41:74:18:5B,1,CPgLBIg0gK_/9L17zMo,AEAD_AES_256_GCM,FEFD
T01,1776278728017.713,transport,6271,477685,TLS_ECDHE_ECDSA_WITH_CHACHA20_POLY1305_SHA256,client,connected,W1XI,controlling,connected,CF9D:0B:E1:AC:0A:E8:64:7D:63:1F:39:0B:12:1E:71:52:2F:5D:4A:C4:7C:39:72:D4:96:8B:DE:C4:A8:B3:03:1A,100,915,CFD3:9A:DA:D9:5D:00:8C:3C:D7:69:84:D4:08:F6:C9:47:D5:04:40:27:71:C6:B8:F7:F6:CB:61:FB:41:74:18:5B,1,CPgLBIg0gK_/9L17zMo,AEAD_AES_256_GCM,FEFD
T01,1776278728217.712,transport,6375,493125,TLS_ECDHE_ECDSA_WITH_CHACHA20_POLY1305_SHA256,client,connected,W1XI,controlling,connected,CF9D:0B:E1:AC:0A:E8:64:7D:63:1F:39:0B:12:1E:71:52:2F:5D:4A:C4:7C:39:72:D4:96:8B:DE:C4:A8:B3:03:1A,102,937,CFD3:9A:DA:D9:5D:00:8C:3C:D7:69:84:D4:08:F6:C9:47:D5:04:40:27:71:C6:B8:F7:F6:CB:61:FB:41:74:18:5B,1,CPgLBIg0gK_/9L17zMo,AEAD_AES_256_GCM,FEFD
T01,1776278728217.712,transport,6375,493125,TLS_ECDHE_ECDSA_WITH_CHACHA20_POLY1305_SHA256,client,connected,W1XI,controlling,connected,CF9D:0B:E1:AC:0A:E8:64:7D:63:1F:39:0B:12:1E:71:52:2F:5D:4A:C4:7C:39:72:D4:96:8B:DE:C4:A8:B3:03:1A,102,937,CFD3:9A:DA:D9:5D:00:8C:3C:D7:69:84:D4:08:F6:C9:47:D5:04:40:27:71:C6:B8:F7:F6:CB:61:FB:41:74:18:5B,1,CPgLBIg0gK_/9L17zMo,AEAD_AES_256_GCM,FEFD
T01,1776278728417.6,transport,6499,508723,TLS_ECDHE_ECDSA_WITH_CHACHA20_POLY1305_SHA256,client,connected,W1XI,controlling,connected,CF9D:0B:E1:AC:0A:E8:64:7D:63:1F:39:0B:12:1E:71:52:2F:5D:4A:C4:7C:39:72:D4:96:8B:DE:C4:A8:B3:03:1A,104,976,CFD3:9A:DA:D9:5D:00:8C:3C:D7:69:84:D4:08:F6:C9:47:D5:04:40:27:71:C6:B8:F7:F6:CB:61:FB:41:74:18:5B,1,CPgLBIg0gK_/9L17zMo,AEAD_AES_256_GCM,FEFD
T01,1776278728417.6,transport,6499,508723,TLS_ECDHE_ECDSA_WITH_CHACHA20_POLY1305_SHA256,client,connected,W1XI,controlling,connected,CF9D:0B:E1:AC:0A:E8:64:7D:63:1F:39:0B:12:1E:71:52:2F:5D:4A:C4:7C:39:72:D4:96:8B:DE:C4:A8:B3:03:1A,104,976,CFD3:9A:DA:D9:5D:00:8C:3C:D7:69:84:D4:08:F6:C9:47:D5:04:40:27:71:C6:B8:F7:F6:CB:61:FB:41:74:18:5B,1,CPgLBIg0gK_/9L17zMo,AEAD_AES_256_GCM,FEFD
T01,1776278728617.711,transport,6619,523408,TLS_ECDHE_ECDSA_WITH_CHACHA20_POLY1305_SHA256,client,connected,W1XI,controlling,connected,CF9D:0B:E1:AC:0A:E8:64:7D:63:1F:39:0B:12:1E:71:52:2F:5D:4A:C4:7C:39:72:D4:96:8B:DE:C4:A8:B3:03:1A,106,1004,CFD3:9A:DA:D9:5D:00:8C:3C:D7:69:84:D4:08:F6:C9:47:D5:04:40:27:71:C6:B8:F7:F6:CB:61:FB:41:74:18:5B,1,CPgLBIg0gK_/9L17zMo,AEAD_AES_256_GCM,FEFD
T01,1776278728617.711,transport,6619,523408,TLS_ECDHE_ECDSA_WITH_CHACHA20_POLY1305_SHA256,client,connected,W1XI,controlling,connected,CF9D:0B:E1:AC:0A:E8:64:7D:63:1F:39:0B:12:1E:71:52:2F:5D:4A:C4:7C:39:72:D4:96:8B:DE:C4:A8:B3:03:1A,106,1004,CFD3:9A:DA:D9:5D:00:8C:3C:D7:69:84:D4:08:F6:C9:47:D5:04:40:27:71:C6:B8:F7:F6:CB:61:FB:41:74:18:5B,1,CPgLBIg0gK_/9L17zMo,AEAD_AES_256_GCM,FEFD
T01,1776278728817.624,transport,6723,539329,TLS_ECDHE_ECDSA_WITH_CHACHA20_POLY1305_SHA256,client,connected,W1XI,controlling,connected,CF9D:0B:E1:AC:0A:E8:64:7D:63:1F:39:0B:12:1E:71:52:2F:5D:4A:C4:7C:39:72:D4:96:8B:DE:C4:A8:B3:03:1A,108,1020,CFD3:9A:DA:D9:5D:00:8C:3C:D7:69:84:D4:08:F6:C9:47:D5:04:40:27:71:C6:B8:F7:F6:CB:61:FB:41:74:18:5B,1,CPgLBIg0gK_/9L17zMo,AEAD_AES_256_GCM,FEFD
T01,1776278728817.624,transport,6723,539329,TLS_ECDHE_ECDSA_WITH_CHACHA20_POLY1305_SHA256,client,connected,W1XI,controlling,connected,CF9D:0B:E1:AC:0A:E8:64:7D:63:1F:39:0B:12:1E:71:52:2F:5D:4A:C4:7C:39:72:D4:96:8B:DE:C4:A8:B3:03:1A,108,1020,CFD3:9A:DA:D9:5D:00:8C:3C:D7:69:84:D4:08:F6:C9:47:D5:04:40:27:71:C6:B8:F7:F6:CB:61:FB:41:74:18:5B,1,CPgLBIg0gK_/9L17zMo,AEAD_AES_256_GCM,FEFD
T01,1776278729017.776,transport,6827,553712,TLS_ECDHE_ECDSA_WITH_CHACHA20_POLY1305_SHA256,client,connected,W1XI,controlling,connected,CF9D:0B:E1:AC:0A:E8:64:7D:63:1F:39:0B:12:1E:71:52:2F:5D:4A:C4:7C:39:72:D4:96:8B:DE:C4:A8:B3:03:1A,110,1036,CFD3:9A:DA:D9:5D:00:8C:3C:D7:69:84:D4:08:F6:C9:47:D5:04:40:27:71:C6:B8:F7:F6:CB:61:FB:41:74:18:5B,1,CPgLBIg0gK_/9L17zMo,AEAD_AES_256_GCM,FEFD
T01,1776278729017.776,transport,6827,553712,TLS_ECDHE_ECDSA_WITH_CHACHA20_POLY1305_SHA256,client,connected,W1XI,controlling,connected,CF9D:0B:E1:AC:0A:E8:64:7D:63:1F:39:0B:12:1E:71:52:2F:5D:4A:C4:7C:39:72:D4:96:8B:DE:C4:A8:B3:03:1A,110,1036,CFD3:9A:DA:D9:5D:00:8C:3C:D7:69:84:D4:08:F6:C9:47:D5:04:40:27:71:C6:B8:F7:F6:CB:61:FB:41:74:18:5B,1,CPgLBIg0gK_/9L17zMo,AEAD_AES_256_GCM,FEFD
T01,1776278729217.585,transport,7027,572022,TLS_ECDHE_ECDSA_WITH_CHACHA20_POLY1305_SHA256,client,connected,W1XI,controlling,connected,CF9D:0B:E1:AC:0A:E8:64:7D:63:1F:39:0B:12:1E:71:52:2F:5D:4A:C4:7C:39:72:D4:96:8B:DE:C4:A8:B3:03:1A,113,1055,CFD3:9A:DA:D9:5D:00:8C:3C:D7:69:84:D4:08:F6:C9:47:D5:04:40:27:71:C6:B8:F7:F6:CB:61:FB:41:74:18:5B,1,CPgLBIg0gK_/9L17zMo,AEAD_AES_256_GCM,FEFD
T01,1776278729217.585,transport,7027,572022,TLS_ECDHE_ECDSA_WITH_CHACHA20_POLY1305_SHA256,client,connected,W1XI,controlling,connected,CF9D:0B:E1:AC:0A:E8:64:7D:63:1F:39:0B:12:1E:71:52:2F:5D:4A:C4:7C:39:72:D4:96:8B:DE:C4:A8:B3:03:1A,113,1055,CFD3:9A:DA:D9:5D:00:8C:3C:D7:69:84:D4:08:F6:C9:47:D5:04:40:27:71:C6:B8:F7:F6:CB:61:FB:41:74:18:5B,1,CPgLBIg0gK_/9L17zMo,AEAD_AES_256_GCM,FEFD
T01,1776278729417.619,transport,7131,586680,TLS_ECDHE_ECDSA_WITH_CHACHA20_POLY1305_SHA256,client,connected,W1XI,controlling,connected,CF9D:0B:E1:AC:0A:E8:64:7D:63:1F:39:0B:12:1E:71:52:2F:5D:4A:C4:7C:39:72:D4:96:8B:DE:C4:A8:B3:03:1A,115,1071,CFD3:9A:DA:D9:5D:00:8C:3C:D7:69:84:D4:08:F6:C9:47:D5:04:40:27:71:C6:B8:F7:F6:CB:61:FB:41:74:18:5B,1,CPgLBIg0gK_/9L17zMo,AEAD_AES_256_GCM,FEFD
T01,1776278729417.619,transport,7131,586680,TLS_ECDHE_ECDSA_WITH_CHACHA20_POLY1305_SHA256,client,connected,W1XI,controlling,connected,CF9D:0B:E1:AC:0A:E8:64:7D:63:1F:39:0B:12:1E:71:52:2F:5D:4A:C4:7C:39:72:D4:96:8B:DE:C4:A8:B3:03:1A,115,1071,CFD3:9A:DA:D9:5D:00:8C:3C:D7:69:84:D4:08:F6:C9:47:D5:04:40:27:71:C6:B8:F7:F6:CB:61:FB:41:74:18:5B,1,CPgLBIg0gK_/9L17zMo,AEAD_AES_256_GCM,FEFD
T01,1776278729617.704,transport,7231,602771,TLS_ECDHE_ECDSA_WITH_CHACHA20_POLY1305_SHA256,client,connected,W1XI,controlling,connected,CF9D:0B:E1:AC:0A:E8:64:7D:63:1F:39:0B:12:1E:71:52:2F:5D:4A:C4:7C:39:72:D4:96:8B:DE:C4:A8:B3:03:1A,117,1086,CFD3:9A:DA:D9:5D:00:8C:3C:D7:69:84:D4:08:F6:C9:47:D5:04:40:27:71:C6:B8:F7:F6:CB:61:FB:41:74:18:5B,1,CPgLBIg0gK_/9L17zMo,AEAD_AES_256_GCM,FEFD
T01,1776278729617.704,transport,7231,602771,TLS_ECDHE_ECDSA_WITH_CHACHA20_POLY1305_SHA256,client,connected,W1XI,controlling,connected,CF9D:0B:E1:AC:0A:E8:64:7D:63:1F:39:0B:12:1E:71:52:2F:5D:4A:C4:7C:39:72:D4:96:8B:DE:C4:A8:B3:03:1A,117,1086,CFD3:9A:DA:D9:5D:00:8C:3C:D7:69:84:D4:08:F6:C9:47:D5:04:40:27:71:C6:B8:F7:F6:CB:61:FB:41:74:18:5B,1,CPgLBIg0gK_/9L17zMo,AEAD_AES_256_GCM,FEFD
T01,1776278729817.77,transport,7339,620127,TLS_ECDHE_ECDSA_WITH_CHACHA20_POLY1305_SHA256,client,connected,W1XI,controlling,connected,CF9D:0B:E1:AC:0A:E8:64:7D:63:1F:39:0B:12:1E:71:52:2F:5D:4A:C4:7C:39:72:D4:96:8B:DE:C4:A8:B3:03:1A,119,1104,CFD3:9A:DA:D9:5D:00:8C:3C:D7:69:84:D4:08:F6:C9:47:D5:04:40:27:71:C6:B8:F7:F6:CB:61:FB:41:74:18:5B,1,CPgLBIg0gK_/9L17zMo,AEAD_AES_256_GCM,FEFD
T01,1776278729817.77,transport,7339,620127,TLS_ECDHE_ECDSA_WITH_CHACHA20_POLY1305_SHA256,client,connected,W1XI,controlling,connected,CF9D:0B:E1:AC:0A:E8:64:7D:63:1F:39:0B:12:1E:71:52:2F:5D:4A:C4:7C:39:72:D4:96:8B:DE:C4:A8:B3:03:1A,119,1104,CFD3:9A:DA:D9:5D:00:8C:3C:D7:69:84:D4:08:F6:C9:47:D5:04:40:27:71:C6:B8:F7:F6:CB:61:FB:41:74:18:5B,1,CPgLBIg0gK_/9L17zMo,AEAD_AES_256_GCM,FEFD
T01,1776278730017.709,transport,7439,636533,TLS_ECDHE_ECDSA_WITH_CHACHA20_POLY1305_SHA256,client,connected,W1XI,controlling,connected,CF9D:0B:E1:AC:0A:E8:64:7D:63:1F:39:0B:12:1E:71:52:2F:5D:4A:C4:7C:39:72:D4:96:8B:DE:C4:A8:B3:03:1A,121,1119,CFD3:9A:DA:D9:5D:00:8C:3C:D7:69:84:D4:08:F6:C9:47:D5:04:40:27:71:C6:B8:F7:F6:CB:61:FB:41:74:18:5B,1,CPgLBIg0gK_/9L17zMo,AEAD_AES_256_GCM,FEFD
T01,1776278730017.709,transport,7439,636533,TLS_ECDHE_ECDSA_WITH_CHACHA20_POLY1305_SHA256,client,connected,W1XI,controlling,connected,CF9D:0B:E1:AC:0A:E8:64:7D:63:1F:39:0B:12:1E:71:52:2F:5D:4A:C4:7C:39:72:D4:96:8B:DE:C4:A8:B3:03:1A,121,1119,CFD3:9A:DA:D9:5D:00:8C:3C:D7:69:84:D4:08:F6:C9:47:D5:04:40:27:71:C6:B8:F7:F6:CB:61:FB:41:74:18:5B,1,CPgLBIg0gK_/9L17zMo,AEAD_AES_256_GCM,FEFD
T01,1776278730217.738,transport,7543,653848,TLS_ECDHE_ECDSA_WITH_CHACHA20_POLY1305_SHA256,client,connected,W1XI,controlling,connected,CF9D:0B:E1:AC:0A:E8:64:7D:63:1F:39:0B:12:1E:71:52:2F:5D:4A:C4:7C:39:72:D4:96:8B:DE:C4:A8:B3:03:1A,123,1137,CFD3:9A:DA:D9:5D:00:8C:3C:D7:69:84:D4:08:F6:C9:47:D5:04:40:27:71:C6:B8:F7:F6:CB:61:FB:41:74:18:5B,1,CPgLBIg0gK_/9L17zMo,AEAD_AES_256_GCM,FEFD
T01,1776278730217.738,transport,7543,653848,TLS_ECDHE_ECDSA_WITH_CHACHA20_POLY1305_SHA256,client,connected,W1XI,controlling,connected,CF9D:0B:E1:AC:0A:E8:64:7D:63:1F:39:0B:12:1E:71:52:2F:5D:4A:C4:7C:39:72:D4:96:8B:DE:C4:A8:B3:03:1A,123,1137,CFD3:9A:DA:D9:5D:00:8C:3C:D7:69:84:D4:08:F6:C9:47:D5:04:40:27:71:C6:B8:F7:F6:CB:61:FB:41:74:18:5B,1,CPgLBIg0gK_/9L17zMo,AEAD_AES_256_GCM,FEFD
T01,1776278730417.63,transport,7739,672637,TLS_ECDHE_ECDSA_WITH_CHACHA20_POLY1305_SHA256,client,connected,W1XI,controlling,connected,CF9D:0B:E1:AC:0A:E8:64:7D:63:1F:39:0B:12:1E:71:52:2F:5D:4A:C4:7C:39:72:D4:96:8B:DE:C4:A8:B3:03:1A,126,1156,CFD3:9A:DA:D9:5D:00:8C:3C:D7:69:84:D4:08:F6:C9:47:D5:04:40:27:71:C6:B8:F7:F6:CB:61:FB:41:74:18:5B,1,CPgLBIg0gK_/9L17zMo,AEAD_AES_256_GCM,FEFD
T01,1776278730417.63,transport,7739,672637,TLS_ECDHE_ECDSA_WITH_CHACHA20_POLY1305_SHA256,client,connected,W1XI,controlling,connected,CF9D:0B:E1:AC:0A:E8:64:7D:63:1F:39:0B:12:1E:71:52:2F:5D:4A:C4:7C:39:72:D4:96:8B:DE:C4:A8:B3:03:1A,126,1156,CFD3:9A:DA:D9:5D:00:8C:3C:D7:69:84:D4:08:F6:C9:47:D5:04:40:27:71:C6:B8:F7:F6:CB:61:FB:41:74:18:5B,1,CPgLBIg0gK_/9L17zMo,AEAD_AES_256_GCM,FEFD
T01,1776278730617.704,transport,7847,691887,TLS_ECDHE_ECDSA_WITH_CHACHA20_POLY1305_SHA256,client,connected,W1XI,controlling,connected,CF9D:0B:E1:AC:0A:E8:64:7D:63:1F:39:0B:12:1E:71:52:2F:5D:4A:C4:7C:39:72:D4:96:8B:DE:C4:A8:B3:03:1A,128,1177,CFD3:9A:DA:D9:5D:00:8C:3C:D7:69:84:D4:08:F6:C9:47:D5:04:40:27:71:C6:B8:F7:F6:CB:61:FB:41:74:18:5B,1,CPgLBIg0gK_/9L17zMo,AEAD_AES_256_GCM,FEFD
T01,1776278730617.704,transport,7847,691887,TLS_ECDHE_ECDSA_WITH_CHACHA20_POLY1305_SHA256,client,connected,W1XI,controlling,connected,CF9D:0B:E1:AC:0A:E8:64:7D:63:1F:39:0B:12:1E:71:52:2F:5D:4A:C4:7C:39:72:D4:96:8B:DE:C4:A8:B3:03:1A,128,1177,CFD3:9A:DA:D9:5D:00:8C:3C:D7:69:84:D4:08:F6:C9:47:D5:04:40:27:71:C6:B8:F7:F6:CB:61:FB:41:74:18:5B,1,CPgLBIg0gK_/9L17zMo,AEAD_AES_256_GCM,FEFD
T01,1776278730817.735,transport,7959,710463,TLS_ECDHE_ECDSA_WITH_CHACHA20_POLY1305_SHA256,client,connected,W1XI,controlling,connected,CF9D:0B:E1:AC:0A:E8:64:7D:63:1F:39:0B:12:1E:71:52:2F:5D:4A:C4:7C:39:72:D4:96:8B:DE:C4:A8:B3:03:1A,130,1196,CFD3:9A:DA:D9:5D:00:8C:3C:D7:69:84:D4:08:F6:C9:47:D5:04:40:27:71:C6:B8:F7:F6:CB:61:FB:41:74:18:5B,1,CPgLBIg0gK_/9L17zMo,AEAD_AES_256_GCM,FEFD
T01,1776278730817.735,transport,7959,710463,TLS_ECDHE_ECDSA_WITH_CHACHA20_POLY1305_SHA256,client,connected,W1XI,controlling,connected,CF9D:0B:E1:AC:0A:E8:64:7D:63:1F:39:0B:12:1E:71:52:2F:5D:4A:C4:7C:39:72:D4:96:8B:DE:C4:A8:B3:03:1A,130,1196,CFD3:9A:DA:D9:5D:00:8C:3C:D7:69:84:D4:08:F6:C9:47:D5:04:40:27:71:C6:B8:F7:F6:CB:61:FB:41:74:18:5B,1,CPgLBIg0gK_/9L17zMo,AEAD_AES_256_GCM,FEFD
T01,1776278731017.808,transport,8063,732981,TLS_ECDHE_ECDSA_WITH_CHACHA20_POLY1305_SHA256,client,connected,W1XI,controlling,connected,CF9D:0B:E1:AC:0A:E8:64:7D:63:1F:39:0B:12:1E:71:52:2F:5D:4A:C4:7C:39:72:D4:96:8B:DE:C4:A8:B3:03:1A,132,1219,CFD3:9A:DA:D9:5D:00:8C:3C:D7:69:84:D4:08:F6:C9:47:D5:04:40:27:71:C6:B8:F7:F6:CB:61:FB:41:74:18:5B,1,CPgLBIg0gK_/9L17zMo,AEAD_AES_256_GCM,FEFD
T01,1776278731017.808,transport,8063,732981,TLS_ECDHE_ECDSA_WITH_CHACHA20_POLY1305_SHA256,client,connected,W1XI,controlling,connected,CF9D:0B:E1:AC:0A:E8:64:7D:63:1F:39:0B:12:1E:71:52:2F:5D:4A:C4:7C:39:72:D4:96:8B:DE:C4:A8:B3:03:1A,132,1219,CFD3:9A:DA:D9:5D:00:8C:3C:D7:69:84:D4:08:F6:C9:47:D5:04:40:27:71:C6:B8:F7:F6:CB:61:FB:41:74:18:5B,1,CPgLBIg0gK_/9L17zMo,AEAD_AES_256_GCM,FEFD
T01,1776278731217.62,transport,8171,751058,TLS_ECDHE_ECDSA_WITH_CHACHA20_POLY1305_SHA256,client,connected,W1XI,controlling,connected,CF9D:0B:E1:AC:0A:E8:64:7D:63:1F:39:0B:12:1E:71:52:2F:5D:4A:C4:7C:39:72:D4:96:8B:DE:C4:A8:B3:03:1A,134,1237,CFD3:9A:DA:D9:5D:00:8C:3C:D7:69:84:D4:08:F6:C9:47:D5:04:40:27:71:C6:B8:F7:F6:CB:61:FB:41:74:18:5B,1,CPgLBIg0gK_/9L17zMo,AEAD_AES_256_GCM,FEFD
T01,1776278731217.62,transport,8171,751058,TLS_ECDHE_ECDSA_WITH_CHACHA20_POLY1305_SHA256,client,connected,W1XI,controlling,connected,CF9D:0B:E1:AC:0A:E8:64:7D:63:1F:39:0B:12:1E:71:52:2F:5D:4A:C4:7C:39:72:D4:96:8B:DE:C4:A8:B3:03:1A,134,1237,CFD3:9A:DA:D9:5D:00:8C:3C:D7:69:84:D4:08:F6:C9:47:D5:04:40:27:71:C6:B8:F7:F6:CB:61:FB:41:74:18:5B,1,CPgLBIg0gK_/9L17zMo,AEAD_AES_256_GCM,FEFD
T01,1776278731417.642,transport,8403,774634,TLS_ECDHE_ECDSA_WITH_CHACHA20_POLY1305_SHA256,client,connected,W1XI,controlling,connected,CF9D:0B:E1:AC:0A:E8:64:7D:63:1F:39:0B:12:1E:71:52:2F:5D:4A:C4:7C:39:72:D4:96:8B:DE:C4:A8:B3:03:1A,137,1260,CFD3:9A:DA:D9:5D:00:8C:3C:D7:69:84:D4:08:F6:C9:47:D5:04:40:27:71:C6:B8:F7:F6:CB:61:FB:41:74:18:5B,1,CPgLBIg0gK_/9L17zMo,AEAD_AES_256_GCM,FEFD
T01,1776278731417.642,transport,8403,774634,TLS_ECDHE_ECDSA_WITH_CHACHA20_POLY1305_SHA256,client,connected,W1XI,controlling,connected,CF9D:0B:E1:AC:0A:E8:64:7D:63:1F:39:0B:12:1E:71:52:2F:5D:4A:C4:7C:39:72:D4:96:8B:DE:C4:A8:B3:03:1A,137,1260,CFD3:9A:DA:D9:5D:00:8C:3C:D7:69:84:D4:08:F6:C9:47:D5:04:40:27:71:C6:B8:F7:F6:CB:61:FB:41:74:18:5B,1,CPgLBIg0gK_/9L17zMo,AEAD_AES_256_GCM,FEFD
T01,1776278731617.688,transport,8507,793475,TLS_ECDHE_ECDSA_WITH_CHACHA20_POLY1305_SHA256,client,connected,W1XI,controlling,connected,CF9D:0B:E1:AC:0A:E8:64:7D:63:1F:39:0B:12:1E:71:52:2F:5D:4A:C4:7C:39:72:D4:96:8B:DE:C4:A8:B3:03:1A,139,1279,CFD3:9A:DA:D9:5D:00:8C:3C:D7:69:84:D4:08:F6:C9:47:D5:04:40:27:71:C6:B8:F7:F6:CB:61:FB:41:74:18:5B,1,CPgLBIg0gK_/9L17zMo,AEAD_AES_256_GCM,FEFD
T01,1776278731617.688,transport,8507,793475,TLS_ECDHE_ECDSA_WITH_CHACHA20_POLY1305_SHA256,client,connected,W1XI,controlling,connected,CF9D:0B:E1:AC:0A:E8:64:7D:63:1F:39:0B:12:1E:71:52:2F:5D:4A:C4:7C:39:72:D4:96:8B:DE:C4:A8:B3:03:1A,139,1279,CFD3:9A:DA:D9:5D:00:8C:3C:D7:69:84:D4:08:F6:C9:47:D5:04:40:27:71:C6:B8:F7:F6:CB:61:FB:41:74:18:5B,1,CPgLBIg0gK_/9L17zMo,AEAD_AES_256_GCM,FEFD
T01,1776278731817.815,transport,8615,816505,TLS_ECDHE_ECDSA_WITH_CHACHA20_POLY1305_SHA256,client,connected,W1XI,controlling,connected,CF9D:0B:E1:AC:0A:E8:64:7D:63:1F:39:0B:12:1E:71:52:2F:5D:4A:C4:7C:39:72:D4:96:8B:DE:C4:A8:B3:03:1A,141,1302,CFD3:9A:DA:D9:5D:00:8C:3C:D7:69:84:D4:08:F6:C9:47:D5:04:40:27:71:C6:B8:F7:F6:CB:61:FB:41:74:18:5B,1,CPgLBIg0gK_/9L17zMo,AEAD_AES_256_GCM,FEFD
T01,1776278731817.815,transport,8615,816505,TLS_ECDHE_ECDSA_WITH_CHACHA20_POLY1305_SHA256,client,connected,W1XI,controlling,connected,CF9D:0B:E1:AC:0A:E8:64:7D:63:1F:39:0B:12:1E:71:52:2F:5D:4A:C4:7C:39:72:D4:96:8B:DE:C4:A8:B3:03:1A,141,1302,CFD3:9A:DA:D9:5D:00:8C:3C:D7:69:84:D4:08:F6:C9:47:D5:04:40:27:71:C6:B8:F7:F6:CB:61:FB:41:74:18:5B,1,CPgLBIg0gK_/9L17zMo,AEAD_AES_256_GCM,FEFD
T01,1776278732017.588,transport,8719,836178,TLS_ECDHE_ECDSA_WITH_CHACHA20_POLY1305_SHA256,client,connected,W1XI,controlling,connected,CF9D:0B:E1:AC:0A:E8:64:7D:63:1F:39:0B:12:1E:71:52:2F:5D:4A:C4:7C:39:72:D4:96:8B:DE:C4:A8:B3:03:1A,143,1323,CFD3:9A:DA:D9:5D:00:8C:3C:D7:69:84:D4:08:F6:C9:47:D5:04:40:27:71:C6:B8:F7:F6:CB:61:FB:41:74:18:5B,1,CPgLBIg0gK_/9L17zMo,AEAD_AES_256_GCM,FEFD
T01,1776278732017.588,transport,8719,836178,TLS_ECDHE_ECDSA_WITH_CHACHA20_POLY1305_SHA256,client,connected,W1XI,controlling,connected,CF9D:0B:E1:AC:0A:E8:64:7D:63:1F:39:0B:12:1E:71:52:2F:5D:4A:C4:7C:39:72:D4:96:8B:DE:C4:A8:B3:03:1A,143,1323,CFD3:9A:DA:D9:5D:00:8C:3C:D7:69:84:D4:08:F6:C9:47:D5:04:40:27:71:C6:B8:F7:F6:CB:61:FB:41:74:18:5B,1,CPgLBIg0gK_/9L17zMo,AEAD_AES_256_GCM,FEFD
T01,1776278732217.641,transport,8831,855831,TLS_ECDHE_ECDSA_WITH_CHACHA20_POLY1305_SHA256,client,connected,W1XI,controlling,connected,CF9D:0B:E1:AC:0A:E8:64:7D:63:1F:39:0B:12:1E:71:52:2F:5D:4A:C4:7C:39:72:D4:96:8B:DE:C4:A8:B3:03:1A,145,1344,CFD3:9A:DA:D9:5D:00:8C:3C:D7:69:84:D4:08:F6:C9:47:D5:04:40:27:71:C6:B8:F7:F6:CB:61:FB:41:74:18:5B,1,CPgLBIg0gK_/9L17zMo,AEAD_AES_256_GCM,FEFD
T01,1776278732217.641,transport,8831,855831,TLS_ECDHE_ECDSA_WITH_CHACHA20_POLY1305_SHA256,client,connected,W1XI,controlling,connected,CF9D:0B:E1:AC:0A:E8:64:7D:63:1F:39:0B:12:1E:71:52:2F:5D:4A:C4:7C:39:72:D4:96:8B:DE:C4:A8:B3:03:1A,145,1344,CFD3:9A:DA:D9:5D:00:8C:3C:D7:69:84:D4:08:F6:C9:47:D5:04:40:27:71:C6:B8:F7:F6:CB:61:FB:41:74:18:5B,1,CPgLBIg0gK_/9L17zMo,AEAD_AES_256_GCM,FEFD
T01,1776278732417.633,transport,8935,872511,TLS_ECDHE_ECDSA_WITH_CHACHA20_POLY1305_SHA256,client,connected,W1XI,controlling,connected,CF9D:0B:E1:AC:0A:E8:64:7D:63:1F:39:0B:12:1E:71:52:2F:5D:4A:C4:7C:39:72:D4:96:8B:DE:C4:A8:B3:03:1A,147,1362,CFD3:9A:DA:D9:5D:00:8C:3C:D7:69:84:D4:08:F6:C9:47:D5:04:40:27:71:C6:B8:F7:F6:CB:61:FB:41:74:18:5B,1,CPgLBIg0gK_/9L17zMo,AEAD_AES_256_GCM,FEFD
T01,1776278732417.633,transport,8935,872511,TLS_ECDHE_ECDSA_WITH_CHACHA20_POLY1305_SHA256,client,connected,W1XI,controlling,connected,CF9D:0B:E1:AC:0A:E8:64:7D:63:1F:39:0B:12:1E:71:52:2F:5D:4A:C4:7C:39:72:D4:96:8B:DE:C4:A8:B3:03:1A,147,1362,CFD3:9A:DA:D9:5D:00:8C:3C:D7:69:84:D4:08:F6:C9:47:D5:04:40:27:71:C6:B8:F7:F6:CB:61:FB:41:74:18:5B,1,CPgLBIg0gK_/9L17zMo,AEAD_AES_256_GCM,FEFD
T01,1776278732617.711,transport,9043,891000,TLS_ECDHE_ECDSA_WITH_CHACHA20_POLY1305_SHA256,client,connected,W1XI,controlling,connected,CF9D:0B:E1:AC:0A:E8:64:7D:63:1F:39:0B:12:1E:71:52:2F:5D:4A:C4:7C:39:72:D4:96:8B:DE:C4:A8:B3:03:1A,149,1381,CFD3:9A:DA:D9:5D:00:8C:3C:D7:69:84:D4:08:F6:C9:47:D5:04:40:27:71:C6:B8:F7:F6:CB:61:FB:41:74:18:5B,1,CPgLBIg0gK_/9L17zMo,AEAD_AES_256_GCM,FEFD
T01,1776278732617.711,transport,9043,891000,TLS_ECDHE_ECDSA_WITH_CHACHA20_POLY1305_SHA256,client,connected,W1XI,controlling,connected,CF9D:0B:E1:AC:0A:E8:64:7D:63:1F:39:0B:12:1E:71:52:2F:5D:4A:C4:7C:39:72:D4:96:8B:DE:C4:A8:B3:03:1A,149,1381,CFD3:9A:DA:D9:5D:00:8C:3C:D7:69:84:D4:08:F6:C9:47:D5:04:40:27:71:C6:B8:F7:F6:CB:61:FB:41:74:18:5B,1,CPgLBIg0gK_/9L17zMo,AEAD_AES_256_GCM,FEFD
T01,1776278732817.772,transport,9263,906631,TLS_ECDHE_ECDSA_WITH_CHACHA20_POLY1305_SHA256,client,connected,W1XI,controlling,connected,CF9D:0B:E1:AC:0A:E8:64:7D:63:1F:39:0B:12:1E:71:52:2F:5D:4A:C4:7C:39:72:D4:96:8B:DE:C4:A8:B3:03:1A,152,1398,CFD3:9A:DA:D9:5D:00:8C:3C:D7:69:84:D4:08:F6:C9:47:D5:04:40:27:71:C6:B8:F7:F6:CB:61:FB:41:74:18:5B,1,CPgLBIg0gK_/9L17zMo,AEAD_AES_256_GCM,FEFD
T01,1776278732817.772,transport,9263,906631,TLS_ECDHE_ECDSA_WITH_CHACHA20_POLY1305_SHA256,client,connected,W1XI,controlling,connected,CF9D:0B:E1:AC:0A:E8:64:7D:63:1F:39:0B:12:1E:71:52:2F:5D:4A:C4:7C:39:72:D4:96:8B:DE:C4:A8:B3:03:1A,152,1398,CFD3:9A:DA:D9:5D:00:8C:3C:D7:69:84:D4:08:F6:C9:47:D5:04:40:27:71:C6:B8:F7:F6:CB:61:FB:41:74:18:5B,1,CPgLBIg0gK_/9L17zMo,AEAD_AES_256_GCM,FEFD
T01,1776278733017.734,transport,9403,928414,TLS_ECDHE_ECDSA_WITH_CHACHA20_POLY1305_SHA256,client,connected,W1XI,controlling,connected,CF9D:0B:E1:AC:0A:E8:64:7D:63:1F:39:0B:12:1E:71:52:2F:5D:4A:C4:7C:39:72:D4:96:8B:DE:C4:A8:B3:03:1A,155,1420,CFD3:9A:DA:D9:5D:00:8C:3C:D7:69:84:D4:08:F6:C9:47:D5:04:40:27:71:C6:B8:F7:F6:CB:61:FB:41:74:18:5B,1,CPgLBIg0gK_/9L17zMo,AEAD_AES_256_GCM,FEFD
T01,1776278733017.734,transport,9403,928414,TLS_ECDHE_ECDSA_WITH_CHACHA20_POLY1305_SHA256,client,connected,W1XI,controlling,connected,CF9D:0B:E1:AC:0A:E8:64:7D:63:1F:39:0B:12:1E:71:52:2F:5D:4A:C4:7C:39:72:D4:96:8B:DE:C4:A8:B3:03:1A,155,1420,CFD3:9A:DA:D9:5D:00:8C:3C:D7:69:84:D4:08:F6:C9:47:D5:04:40:27:71:C6:B8:F7:F6:CB:61:FB:41:74:18:5B,1,CPgLBIg0gK_/9L17zMo,AEAD_AES_256_GCM,FEFD
T01,1776278733217.681,transport,9507,948505,TLS_ECDHE_ECDSA_WITH_CHACHA20_POLY1305_SHA256,client,connected,W1XI,controlling,connected,CF9D:0B:E1:AC:0A:E8:64:7D:63:1F:39:0B:12:1E:71:52:2F:5D:4A:C4:7C:39:72:D4:96:8B:DE:C4:A8:B3:03:1A,157,1439,CFD3:9A:DA:D9:5D:00:8C:3C:D7:69:84:D4:08:F6:C9:47:D5:04:40:27:71:C6:B8:F7:F6:CB:61:FB:41:74:18:5B,1,CPgLBIg0gK_/9L17zMo,AEAD_AES_256_GCM,FEFD
T01,1776278733217.681,transport,9507,948505,TLS_ECDHE_ECDSA_WITH_CHACHA20_POLY1305_SHA256,client,connected,W1XI,controlling,connected,CF9D:0B:E1:AC:0A:E8:64:7D:63:1F:39:0B:12:1E:71:52:2F:5D:4A:C4:7C:39:72:D4:96:8B:DE:C4:A8:B3:03:1A,157,1439,CFD3:9A:DA:D9:5D:00:8C:3C:D7:69:84:D4:08:F6:C9:47:D5:04:40:27:71:C6:B8:F7:F6:CB:61:FB:41:74:18:5B,1,CPgLBIg0gK_/9L17zMo,AEAD_AES_256_GCM,FEFD
T01,1776278733417.634,transport,9615,970244,TLS_ECDHE_ECDSA_WITH_CHACHA20_POLY1305_SHA256,client,connected,W1XI,controlling,connected,CF9D:0B:E1:AC:0A:E8:64:7D:63:1F:39:0B:12:1E:71:52:2F:5D:4A:C4:7C:39:72:D4:96:8B:DE:C4:A8:B3:03:1A,159,1460,CFD3:9A:DA:D9:5D:00:8C:3C:D7:69:84:D4:08:F6:C9:47:D5:04:40:27:71:C6:B8:F7:F6:CB:61:FB:41:74:18:5B,1,CPgLBIg0gK_/9L17zMo,AEAD_AES_256_GCM,FEFD
T01,1776278733417.634,transport,9615,970244,TLS_ECDHE_ECDSA_WITH_CHACHA20_POLY1305_SHA256,client,connected,W1XI,controlling,connected,CF9D:0B:E1:AC:0A:E8:64:7D:63:1F:39:0B:12:1E:71:52:2F:5D:4A:C4:7C:39:72:D4:96:8B:DE:C4:A8:B3:03:1A,159,1460,CFD3:9A:DA:D9:5D:00:8C:3C:D7:69:84:D4:08:F6:C9:47:D5:04:40:27:71:C6:B8:F7:F6:CB:61:FB:41:74:18:5B,1,CPgLBIg0gK_/9L17zMo,AEAD_AES_256_GCM,FEFD
T01,1776278733617.678,transport,9723,993475,TLS_ECDHE_ECDSA_WITH_CHACHA20_POLY1305_SHA256,client,connected,W1XI,controlling,connected,CF9D:0B:E1:AC:0A:E8:64:7D:63:1F:39:0B:12:1E:71:52:2F:5D:4A:C4:7C:39:72:D4:96:8B:DE:C4:A8:B3:03:1A,161,1483,CFD3:9A:DA:D9:5D:00:8C:3C:D7:69:84:D4:08:F6:C9:47:D5:04:40:27:71:C6:B8:F7:F6:CB:61:FB:41:74:18:5B,1,CPgLBIg0gK_/9L17zMo,AEAD_AES_256_GCM,FEFD
T01,1776278733617.678,transport,9723,993475,TLS_ECDHE_ECDSA_WITH_CHACHA20_POLY1305_SHA256,client,connected,W1XI,controlling,connected,CF9D:0B:E1:AC:0A:E8:64:7D:63:1F:39:0B:12:1E:71:52:2F:5D:4A:C4:7C:39:72:D4:96:8B:DE:C4:A8:B3:03:1A,161,1483,CFD3:9A:DA:D9:5D:00:8C:3C:D7:69:84:D4:08:F6:C9:47:D5:04:40:27:71:C6:B8:F7:F6:CB:61:FB:41:74:18:5B,1,CPgLBIg0gK_/9L17zMo,AEAD_AES_256_GCM,FEFD
T01,1776278733817.671,transport,9831,1016177,TLS_ECDHE_ECDSA_WITH_CHACHA20_POLY1305_SHA256,client,connected,W1XI,controlling,connected,CF9D:0B:E1:AC:0A:E8:64:7D:63:1F:39:0B:12:1E:71:52:2F:5D:4A:C4:7C:39:72:D4:96:8B:DE:C4:A8:B3:03:1A,163,1505,CFD3:9A:DA:D9:5D:00:8C:3C:D7:69:84:D4:08:F6:C9:47:D5:04:40:27:71:C6:B8:F7:F6:CB:61:FB:41:74:18:5B,1,CPgLBIg0gK_/9L17zMo,AEAD_AES_256_GCM,FEFD
T01,1776278733817.671,transport,9831,1016177,TLS_ECDHE_ECDSA_WITH_CHACHA20_POLY1305_SHA256,client,connected,W1XI,controlling,connected,CF9D:0B:E1:AC:0A:E8:64:7D:63:1F:39:0B:12:1E:71:52:2F:5D:4A:C4:7C:39:72:D4:96:8B:DE:C4:A8:B3:03:1A,163,1505,CFD3:9A:DA:D9:5D:00:8C:3C:D7:69:84:D4:08:F6:C9:47:D5:04:40:27:71:C6:B8:F7:F6:CB:61:FB:41:74:18:5B,1,CPgLBIg0gK_/9L17zMo,AEAD_AES_256_GCM,FEFD
T01,1776278734017.759,transport,9939,1039611,TLS_ECDHE_ECDSA_WITH_CHACHA20_POLY1305_SHA256,client,connected,W1XI,controlling,connected,CF9D:0B:E1:AC:0A:E8:64:7D:63:1F:39:0B:12:1E:71:52:2F:5D:4A:C4:7C:39:72:D4:96:8B:DE:C4:A8:B3:03:1A,165,1527,CFD3:9A:DA:D9:5D:00:8C:3C:D7:69:84:D4:08:F6:C9:47:D5:04:40:27:71:C6:B8:F7:F6:CB:61:FB:41:74:18:5B,1,CPgLBIg0gK_/9L17zMo,AEAD_AES_256_GCM,FEFD
T01,1776278734017.759,transport,9939,1039611,TLS_ECDHE_ECDSA_WITH_CHACHA20_POLY1305_SHA256,client,connected,W1XI,controlling,connected,CF9D:0B:E1:AC:0A:E8:64:7D:63:1F:39:0B:12:1E:71:52:2F:5D:4A:C4:7C:39:72:D4:96:8B:DE:C4:A8:B3:03:1A,165,1527,CFD3:9A:DA:D9:5D:00:8C:3C:D7:69:84:D4:08:F6:C9:47:D5:04:40:27:71:C6:B8:F7:F6:CB:61:FB:41:74:18:5B,1,CPgLBIg0gK_/9L17zMo,AEAD_AES_256_GCM,FEFD
T01,1776278734217.758,transport,10195,1063022,TLS_ECDHE_ECDSA_WITH_CHACHA20_POLY1305_SHA256,client,connected,W1XI,controlling,connected,CF9D:0B:E1:AC:0A:E8:64:7D:63:1F:39:0B:12:1E:71:52:2F:5D:4A:C4:7C:39:72:D4:96:8B:DE:C4:A8:B3:03:1A,168,1551,CFD3:9A:DA:D9:5D:00:8C:3C:D7:69:84:D4:08:F6:C9:47:D5:04:40:27:71:C6:B8:F7:F6:CB:61:FB:41:74:18:5B,1,CPgLBIg0gK_/9L17zMo,AEAD_AES_256_GCM,FEFD
T01,1776278734217.758,transport,10195,1063022,TLS_ECDHE_ECDSA_WITH_CHACHA20_POLY1305_SHA256,client,connected,W1XI,controlling,connected,CF9D:0B:E1:AC:0A:E8:64:7D:63:1F:39:0B:12:1E:71:52:2F:5D:4A:C4:7C:39:72:D4:96:8B:DE:C4:A8:B3:03:1A,168,1551,CFD3:9A:DA:D9:5D:00:8C:3C:D7:69:84:D4:08:F6:C9:47:D5:04:40:27:71:C6:B8:F7:F6:CB:61:FB:41:74:18:5B,1,CPgLBIg0gK_/9L17zMo,AEAD_AES_256_GCM,FEFD
T01,1776278734417.783,transport,10303,1085976,TLS_ECDHE_ECDSA_WITH_CHACHA20_POLY1305_SHA256,client,connected,W1XI,controlling,connected,CF9D:0B:E1:AC:0A:E8:64:7D:63:1F:39:0B:12:1E:71:52:2F:5D:4A:C4:7C:39:72:D4:96:8B:DE:C4:A8:B3:03:1A,170,1571,CFD3:9A:DA:D9:5D:00:8C:3C:D7:69:84:D4:08:F6:C9:47:D5:04:40:27:71:C6:B8:F7:F6:CB:61:FB:41:74:18:5B,1,CPgLBIg0gK_/9L17zMo,AEAD_AES_256_GCM,FEFD
T01,1776278734417.783,transport,10303,1085976,TLS_ECDHE_ECDSA_WITH_CHACHA20_POLY1305_SHA256,client,connected,W1XI,controlling,connected,CF9D:0B:E1:AC:0A:E8:64:7D:63:1F:39:0B:12:1E:71:52:2F:5D:4A:C4:7C:39:72:D4:96:8B:DE:C4:A8:B3:03:1A,170,1571,CFD3:9A:DA:D9:5D:00:8C:3C:D7:69:84:D4:08:F6:C9:47:D5:04:40:27:71:C6:B8:F7:F6:CB:61:FB:41:74:18:5B,1,CPgLBIg0gK_/9L17zMo,AEAD_AES_256_GCM,FEFD
T01,1776278734617.723,transport,10415,1110401,TLS_ECDHE_ECDSA_WITH_CHACHA20_POLY1305_SHA256,client,connected,W1XI,controlling,connected,CF9D:0B:E1:AC:0A:E8:64:7D:63:1F:39:0B:12:1E:71:52:2F:5D:4A:C4:7C:39:72:D4:96:8B:DE:C4:A8:B3:03:1A,172,1594,CFD3:9A:DA:D9:5D:00:8C:3C:D7:69:84:D4:08:F6:C9:47:D5:04:40:27:71:C6:B8:F7:F6:CB:61:FB:41:74:18:5B,1,CPgLBIg0gK_/9L17zMo,AEAD_AES_256_GCM,FEFD
T01,1776278734617.723,transport,10415,1110401,TLS_ECDHE_ECDSA_WITH_CHACHA20_POLY1305_SHA256,client,connected,W1XI,controlling,connected,CF9D:0B:E1:AC:0A:E8:64:7D:63:1F:39:0B:12:1E:71:52:2F:5D:4A:C4:7C:39:72:D4:96:8B:DE:C4:A8:B3:03:1A,172,1594,CFD3:9A:DA:D9:5D:00:8C:3C:D7:69:84:D4:08:F6:C9:47:D5:04:40:27:71:C6:B8:F7:F6:CB:61:FB:41:74:18:5B,1,CPgLBIg0gK_/9L17zMo,AEAD_AES_256_GCM,FEFD
T01,1776278734817.671,transport,10527,1135517,TLS_ECDHE_ECDSA_WITH_CHACHA20_POLY1305_SHA256,client,connected,W1XI,controlling,connected,CF9D:0B:E1:AC:0A:E8:64:7D:63:1F:39:0B:12:1E:71:52:2F:5D:4A:C4:7C:39:72:D4:96:8B:DE:C4:A8:B3:03:1A,174,1619,CFD3:9A:DA:D9:5D:00:8C:3C:D7:69:84:D4:08:F6:C9:47:D5:04:40:27:71:C6:B8:F7:F6:CB:61:FB:41:74:18:5B,1,CPgLBIg0gK_/9L17zMo,AEAD_AES_256_GCM,FEFD
T01,1776278734817.671,transport,10527,1135517,TLS_ECDHE_ECDSA_WITH_CHACHA20_POLY1305_SHA256,client,connected,W1XI,controlling,connected,CF9D:0B:E1:AC:0A:E8:64:7D:63:1F:39:0B:12:1E:71:52:2F:5D:4A:C4:7C:39:72:D4:96:8B:DE:C4:A8:B3:03:1A,174,1619,CFD3:9A:DA:D9:5D:00:8C:3C:D7:69:84:D4:08:F6:C9:47:D5:04:40:27:71:C6:B8:F7:F6:CB:61:FB:41:74:18:5B,1,CPgLBIg0gK_/9L17zMo,AEAD_AES_256_GCM,FEFD
T01,1776278735017.588,transport,10643,1162951,TLS_ECDHE_ECDSA_WITH_CHACHA20_POLY1305_SHA256,client,connected,W1XI,controlling,connected,CF9D:0B:E1:AC:0A:E8:64:7D:63:1F:39:0B:12:1E:71:52:2F:5D:4A:C4:7C:39:72:D4:96:8B:DE:C4:A8:B3:03:1A,176,1645,CFD3:9A:DA:D9:5D:00:8C:3C:D7:69:84:D4:08:F6:C9:47:D5:04:40:27:71:C6:B8:F7:F6:CB:61:FB:41:74:18:5B,1,CPgLBIg0gK_/9L17zMo,AEAD_AES_256_GCM,FEFD
T01,1776278735017.588,transport,10643,1162951,TLS_ECDHE_ECDSA_WITH_CHACHA20_POLY1305_SHA256,client,connected,W1XI,controlling,connected,CF9D:0B:E1:AC:0A:E8:64:7D:63:1F:39:0B:12:1E:71:52:2F:5D:4A:C4:7C:39:72:D4:96:8B:DE:C4:A8:B3:03:1A,176,1645,CFD3:9A:DA:D9:5D:00:8C:3C:D7:69:84:D4:08:F6:C9:47:D5:04:40:27:71:C6:B8:F7:F6:CB:61:FB:41:74:18:5B,1,CPgLBIg0gK_/9L17zMo,AEAD_AES_256_GCM,FEFD
T01,1776278735217.723,transport,10751,1185401,TLS_ECDHE_ECDSA_WITH_CHACHA20_POLY1305_SHA256,client,connected,W1XI,controlling,connected,CF9D:0B:E1:AC:0A:E8:64:7D:63:1F:39:0B:12:1E:71:52:2F:5D:4A:C4:7C:39:72:D4:96:8B:DE:C4:A8:B3:03:1A,178,1667,CFD3:9A:DA:D9:5D:00:8C:3C:D7:69:84:D4:08:F6:C9:47:D5:04:40:27:71:C6:B8:F7:F6:CB:61:FB:41:74:18:5B,1,CPgLBIg0gK_/9L17zMo,AEAD_AES_256_GCM,FEFD
T01,1776278735217.723,transport,10751,1185401,TLS_ECDHE_ECDSA_WITH_CHACHA20_POLY1305_SHA256,client,connected,W1XI,controlling,connected,CF9D:0B:E1:AC:0A:E8:64:7D:63:1F:39:0B:12:1E:71:52:2F:5D:4A:C4:7C:39:72:D4:96:8B:DE:C4:A8:B3:03:1A,178,1667,CFD3:9A:DA:D9:5D:00:8C:3C:D7:69:84:D4:08:F6:C9:47:D5:04:40:27:71:C6:B8:F7:F6:CB:61:FB:41:74:18:5B,1,CPgLBIg0gK_/9L17zMo,AEAD_AES_256_GCM,FEFD
T01,1776278735417.654,transport,10863,1210926,TLS_ECDHE_ECDSA_WITH_CHACHA20_POLY1305_SHA256,client,connected,W1XI,controlling,connected,CF9D:0B:E1:AC:0A:E8:64:7D:63:1F:39:0B:12:1E:71:52:2F:5D:4A:C4:7C:39:72:D4:96:8B:DE:C4:A8:B3:03:1A,180,1690,CFD3:9A:DA:D9:5D:00:8C:3C:D7:69:84:D4:08:F6:C9:47:D5:04:40:27:71:C6:B8:F7:F6:CB:61:FB:41:74:18:5B,1,CPgLBIg0gK_/9L17zMo,AEAD_AES_256_GCM,FEFD
T01,1776278735417.654,transport,10863,1210926,TLS_ECDHE_ECDSA_WITH_CHACHA20_POLY1305_SHA256,client,connected,W1XI,controlling,connected,CF9D:0B:E1:AC:0A:E8:64:7D:63:1F:39:0B:12:1E:71:52:2F:5D:4A:C4:7C:39:72:D4:96:8B:DE:C4:A8:B3:03:1A,180,1690,CFD3:9A:DA:D9:5D:00:8C:3C:D7:69:84:D4:08:F6:C9:47:D5:04:40:27:71:C6:B8:F7:F6:CB:61:FB:41:74:18:5B,1,CPgLBIg0gK_/9L17zMo,AEAD_AES_256_GCM,FEFD
T01,1776278735617.568,transport,11123,1241078,TLS_ECDHE_ECDSA_WITH_CHACHA20_POLY1305_SHA256,client,connected,W1XI,controlling,connected,CF9D:0B:E1:AC:0A:E8:64:7D:63:1F:39:0B:12:1E:71:52:2F:5D:4A:C4:7C:39:72:D4:96:8B:DE:C4:A8:B3:03:1A,183,1721,CFD3:9A:DA:D9:5D:00:8C:3C:D7:69:84:D4:08:F6:C9:47:D5:04:40:27:71:C6:B8:F7:F6:CB:61:FB:41:74:18:5B,1,CPgLBIg0gK_/9L17zMo,AEAD_AES_256_GCM,FEFD
T01,1776278735617.568,transport,11123,1241078,TLS_ECDHE_ECDSA_WITH_CHACHA20_POLY1305_SHA256,client,connected,W1XI,controlling,connected,CF9D:0B:E1:AC:0A:E8:64:7D:63:1F:39:0B:12:1E:71:52:2F:5D:4A:C4:7C:39:72:D4:96:8B:DE:C4:A8:B3:03:1A,183,1721,CFD3:9A:DA:D9:5D:00:8C:3C:D7:69:84:D4:08:F6:C9:47:D5:04:40:27:71:C6:B8:F7:F6:CB:61:FB:41:74:18:5B,1,CPgLBIg0gK_/9L17zMo,AEAD_AES_256_GCM,FEFD
T01,1776278735817.722,transport,11231,1264125,TLS_ECDHE_ECDSA_WITH_CHACHA20_POLY1305_SHA256,client,connected,W1XI,controlling,connected,CF9D:0B:E1:AC:0A:E8:64:7D:63:1F:39:0B:12:1E:71:52:2F:5D:4A:C4:7C:39:72:D4:96:8B:DE:C4:A8:B3:03:1A,185,1743,CFD3:9A:DA:D9:5D:00:8C:3C:D7:69:84:D4:08:F6:C9:47:D5:04:40:27:71:C6:B8:F7:F6:CB:61:FB:41:74:18:5B,1,CPgLBIg0gK_/9L17zMo,AEAD_AES_256_GCM,FEFD
T01,1776278735817.722,transport,11231,1264125,TLS_ECDHE_ECDSA_WITH_CHACHA20_POLY1305_SHA256,client,connected,W1XI,controlling,connected,CF9D:0B:E1:AC:0A:E8:64:7D:63:1F:39:0B:12:1E:71:52:2F:5D:4A:C4:7C:39:72:D4:96:8B:DE:C4:A8:B3:03:1A,185,1743,CFD3:9A:DA:D9:5D:00:8C:3C:D7:69:84:D4:08:F6:C9:47:D5:04:40:27:71:C6:B8:F7:F6:CB:61:FB:41:74:18:5B,1,CPgLBIg0gK_/9L17zMo,AEAD_AES_256_GCM,FEFD
T01,1776278736017.772,transport,11343,1290958,TLS_ECDHE_ECDSA_WITH_CHACHA20_POLY1305_SHA256,client,connected,W1XI,controlling,connected,CF9D:0B:E1:AC:0A:E8:64:7D:63:1F:39:0B:12:1E:71:52:2F:5D:4A:C4:7C:39:72:D4:96:8B:DE:C4:A8:B3:03:1A,187,1768,CFD3:9A:DA:D9:5D:00:8C:3C:D7:69:84:D4:08:F6:C9:47:D5:04:40:27:71:C6:B8:F7:F6:CB:61:FB:41:74:18:5B,1,CPgLBIg0gK_/9L17zMo,AEAD_AES_256_GCM,FEFD
T01,1776278736017.772,transport,11343,1290958,TLS_ECDHE_ECDSA_WITH_CHACHA20_POLY1305_SHA256,client,connected,W1XI,controlling,connected,CF9D:0B:E1:AC:0A:E8:64:7D:63:1F:39:0B:12:1E:71:52:2F:5D:4A:C4:7C:39:72:D4:96:8B:DE:C4:A8:B3:03:1A,187,1768,CFD3:9A:DA:D9:5D:00:8C:3C:D7:69:84:D4:08:F6:C9:47:D5:04:40:27:71:C6:B8:F7:F6:CB:61:FB:41:74:18:5B,1,CPgLBIg0gK_/9L17zMo,AEAD_AES_256_GCM,FEFD
T01,1776278736217.689,transport,11491,1322329,TLS_ECDHE_ECDSA_WITH_CHACHA20_POLY1305_SHA256,client,connected,W1XI,controlling,connected,CF9D:0B:E1:AC:0A:E8:64:7D:63:1F:39:0B:12:1E:71:52:2F:5D:4A:C4:7C:39:72:D4:96:8B:DE:C4:A8:B3:03:1A,190,1797,CFD3:9A:DA:D9:5D:00:8C:3C:D7:69:84:D4:08:F6:C9:47:D5:04:40:27:71:C6:B8:F7:F6:CB:61:FB:41:74:18:5B,1,CPgLBIg0gK_/9L17zMo,AEAD_AES_256_GCM,FEFD
T01,1776278736217.689,transport,11491,1322329,TLS_ECDHE_ECDSA_WITH_CHACHA20_POLY1305_SHA256,client,connected,W1XI,controlling,connected,CF9D:0B:E1:AC:0A:E8:64:7D:63:1F:39:0B:12:1E:71:52:2F:5D:4A:C4:7C:39:72:D4:96:8B:DE:C4:A8:B3:03:1A,190,1797,CFD3:9A:DA:D9:5D:00:8C:3C:D7:69:84:D4:08:F6:C9:47:D5:04:40:27:71:C6:B8:F7:F6:CB:61:FB:41:74:18:5B,1,CPgLBIg0gK_/9L17zMo,AEAD_AES_256_GCM,FEFD
T01,1776278736417.689,transport,11599,1349295,TLS_ECDHE_ECDSA_WITH_CHACHA20_POLY1305_SHA256,client,connected,W1XI,controlling,connected,CF9D:0B:E1:AC:0A:E8:64:7D:63:1F:39:0B:12:1E:71:52:2F:5D:4A:C4:7C:39:72:D4:96:8B:DE:C4:A8:B3:03:1A,192,1823,CFD3:9A:DA:D9:5D:00:8C:3C:D7:69:84:D4:08:F6:C9:47:D5:04:40:27:71:C6:B8:F7:F6:CB:61:FB:41:74:18:5B,1,CPgLBIg0gK_/9L17zMo,AEAD_AES_256_GCM,FEFD
T01,1776278736417.689,transport,11599,1349295,TLS_ECDHE_ECDSA_WITH_CHACHA20_POLY1305_SHA256,client,connected,W1XI,controlling,connected,CF9D:0B:E1:AC:0A:E8:64:7D:63:1F:39:0B:12:1E:71:52:2F:5D:4A:C4:7C:39:72:D4:96:8B:DE:C4:A8:B3:03:1A,192,1823,CFD3:9A:DA:D9:5D:00:8C:3C:D7:69:84:D4:08:F6:C9:47:D5:04:40:27:71:C6:B8:F7:F6:CB:61:FB:41:74:18:5B,1,CPgLBIg0gK_/9L17zMo,AEAD_AES_256_GCM,FEFD
T01,1776278736617.764,transport,11711,1373938,TLS_ECDHE_ECDSA_WITH_CHACHA20_POLY1305_SHA256,client,connected,W1XI,controlling,connected,CF9D:0B:E1:AC:0A:E8:64:7D:63:1F:39:0B:12:1E:71:52:2F:5D:4A:C4:7C:39:72:D4:96:8B:DE:C4:A8:B3:03:1A,194,1848,CFD3:9A:DA:D9:5D:00:8C:3C:D7:69:84:D4:08:F6:C9:47:D5:04:40:27:71:C6:B8:F7:F6:CB:61:FB:41:74:18:5B,1,CPgLBIg0gK_/9L17zMo,AEAD_AES_256_GCM,FEFD
T01,1776278736617.764,transport,11711,1373938,TLS_ECDHE_ECDSA_WITH_CHACHA20_POLY1305_SHA256,client,connected,W1XI,controlling,connected,CF9D:0B:E1:AC:0A:E8:64:7D:63:1F:39:0B:12:1E:71:52:2F:5D:4A:C4:7C:39:72:D4:96:8B:DE:C4:A8:B3:03:1A,194,1848,CFD3:9A:DA:D9:5D:00:8C:3C:D7:69:84:D4:08:F6:C9:47:D5:04:40:27:71:C6:B8:F7:F6:CB:61:FB:41:74:18:5B,1,CPgLBIg0gK_/9L17zMo,AEAD_AES_256_GCM,FEFD
T01,1776278736817.708,transport,11915,1403553,TLS_ECDHE_ECDSA_WITH_CHACHA20_POLY1305_SHA256,client,connected,W1XI,controlling,connected,CF9D:0B:E1:AC:0A:E8:64:7D:63:1F:39:0B:12:1E:71:52:2F:5D:4A:C4:7C:39:72:D4:96:8B:DE:C4:A8:B3:03:1A,196,1875,CFD3:9A:DA:D9:5D:00:8C:3C:D7:69:84:D4:08:F6:C9:47:D5:04:40:27:71:C6:B8:F7:F6:CB:61:FB:41:74:18:5B,1,CPgLBIg0gK_/9L17zMo,AEAD_AES_256_GCM,FEFD
T01,1776278736817.708,transport,11915,1403553,TLS_ECDHE_ECDSA_WITH_CHACHA20_POLY1305_SHA256,client,connected,W1XI,controlling,connected,CF9D:0B:E1:AC:0A:E8:64:7D:63:1F:39:0B:12:1E:71:52:2F:5D:4A:C4:7C:39:72:D4:96:8B:DE:C4:A8:B3:03:1A,196,1875,CFD3:9A:DA:D9:5D:00:8C:3C:D7:69:84:D4:08:F6:C9:47:D5:04:40:27:71:C6:B8:F7:F6:CB:61:FB:41:74:18:5B,1,CPgLBIg0gK_/9L17zMo,AEAD_AES_256_GCM,FEFD
T01,1776278737017.645,transport,12023,1431036,TLS_ECDHE_ECDSA_WITH_CHACHA20_POLY1305_SHA256,client,connected,W1XI,controlling,connected,CF9D:0B:E1:AC:0A:E8:64:7D:63:1F:39:0B:12:1E:71:52:2F:5D:4A:C4:7C:39:72:D4:96:8B:DE:C4:A8:B3:03:1A,198,1899,CFD3:9A:DA:D9:5D:00:8C:3C:D7:69:84:D4:08:F6:C9:47:D5:04:40:27:71:C6:B8:F7:F6:CB:61:FB:41:74:18:5B,1,CPgLBIg0gK_/9L17zMo,AEAD_AES_256_GCM,FEFD
T01,1776278737017.645,transport,12023,1431036,TLS_ECDHE_ECDSA_WITH_CHACHA20_POLY1305_SHA256,client,connected,W1XI,controlling,connected,CF9D:0B:E1:AC:0A:E8:64:7D:63:1F:39:0B:12:1E:71:52:2F:5D:4A:C4:7C:39:72:D4:96:8B:DE:C4:A8:B3:03:1A,198,1899,CFD3:9A:DA:D9:5D:00:8C:3C:D7:69:84:D4:08:F6:C9:47:D5:04:40:27:71:C6:B8:F7:F6:CB:61:FB:41:74:18:5B,1,CPgLBIg0gK_/9L17zMo,AEAD_AES_256_GCM,FEFD
T01,1776278737217.712,transport,12139,1463234,TLS_ECDHE_ECDSA_WITH_CHACHA20_POLY1305_SHA256,client,connected,W1XI,controlling,connected,CF9D:0B:E1:AC:0A:E8:64:7D:63:1F:39:0B:12:1E:71:52:2F:5D:4A:C4:7C:39:72:D4:96:8B:DE:C4:A8:B3:03:1A,200,1930,CFD3:9A:DA:D9:5D:00:8C:3C:D7:69:84:D4:08:F6:C9:47:D5:04:40:27:71:C6:B8:F7:F6:CB:61:FB:41:74:18:5B,1,CPgLBIg0gK_/9L17zMo,AEAD_AES_256_GCM,FEFD
T01,1776278737217.712,transport,12139,1463234,TLS_ECDHE_ECDSA_WITH_CHACHA20_POLY1305_SHA256,client,connected,W1XI,controlling,connected,CF9D:0B:E1:AC:0A:E8:64:7D:63:1F:39:0B:12:1E:71:52:2F:5D:4A:C4:7C:39:72:D4:96:8B:DE:C4:A8:B3:03:1A,200,1930,CFD3:9A:DA:D9:5D:00:8C:3C:D7:69:84:D4:08:F6:C9:47:D5:04:40:27:71:C6:B8:F7:F6:CB:61:FB:41:74:18:5B,1,CPgLBIg0gK_/9L17zMo,AEAD_AES_256_GCM,FEFD
T01,1776278737417.66,transport,12251,1492018,TLS_ECDHE_ECDSA_WITH_CHACHA20_POLY1305_SHA256,client,connected,W1XI,controlling,connected,CF9D:0B:E1:AC:0A:E8:64:7D:63:1F:39:0B:12:1E:71:52:2F:5D:4A:C4:7C:39:72:D4:96:8B:DE:C4:A8:B3:03:1A,202,1958,CFD3:9A:DA:D9:5D:00:8C:3C:D7:69:84:D4:08:F6:C9:47:D5:04:40:27:71:C6:B8:F7:F6:CB:61:FB:41:74:18:5B,1,CPgLBIg0gK_/9L17zMo,AEAD_AES_256_GCM,FEFD
T01,1776278737417.66,transport,12251,1492018,TLS_ECDHE_ECDSA_WITH_CHACHA20_POLY1305_SHA256,client,connected,W1XI,controlling,connected,CF9D:0B:E1:AC:0A:E8:64:7D:63:1F:39:0B:12:1E:71:52:2F:5D:4A:C4:7C:39:72:D4:96:8B:DE:C4:A8:B3:03:1A,202,1958,CFD3:9A:DA:D9:5D:00:8C:3C:D7:69:84:D4:08:F6:C9:47:D5:04:40:27:71:C6:B8:F7:F6:CB:61:FB:41:74:18:5B,1,CPgLBIg0gK_/9L17zMo,AEAD_AES_256_GCM,FEFD
T01,1776278737617.766,transport,12367,1521799,TLS_ECDHE_ECDSA_WITH_CHACHA20_POLY1305_SHA256,client,connected,W1XI,controlling,connected,CF9D:0B:E1:AC:0A:E8:64:7D:63:1F:39:0B:12:1E:71:52:2F:5D:4A:C4:7C:39:72:D4:96:8B:DE:C4:A8:B3:03:1A,204,1987,CFD3:9A:DA:D9:5D:00:8C:3C:D7:69:84:D4:08:F6:C9:47:D5:04:40:27:71:C6:B8:F7:F6:CB:61:FB:41:74:18:5B,1,CPgLBIg0gK_/9L17zMo,AEAD_AES_256_GCM,FEFD
T01,1776278737617.766,transport,12367,1521799,TLS_ECDHE_ECDSA_WITH_CHACHA20_POLY1305_SHA256,client,connected,W1XI,controlling,connected,CF9D:0B:E1:AC:0A:E8:64:7D:63:1F:39:0B:12:1E:71:52:2F:5D:4A:C4:7C:39:72:D4:96:8B:DE:C4:A8:B3:03:1A,204,1987,CFD3:9A:DA:D9:5D:00:8C:3C:D7:69:84:D4:08:F6:C9:47:D5:04:40:27:71:C6:B8:F7:F6:CB:61:FB:41:74:18:5B,1,CPgLBIg0gK_/9L17zMo,AEAD_AES_256_GCM,FEFD
T01,1776278737817.65,transport,12483,1553768,TLS_ECDHE_ECDSA_WITH_CHACHA20_POLY1305_SHA256,client,connected,W1XI,controlling,connected,CF9D:0B:E1:AC:0A:E8:64:7D:63:1F:39:0B:12:1E:71:52:2F:5D:4A:C4:7C:39:72:D4:96:8B:DE:C4:A8:B3:03:1A,206,2019,CFD3:9A:DA:D9:5D:00:8C:3C:D7:69:84:D4:08:F6:C9:47:D5:04:40:27:71:C6:B8:F7:F6:CB:61:FB:41:74:18:5B,1,CPgLBIg0gK_/9L17zMo,AEAD_AES_256_GCM,FEFD
T01,1776278737817.65,transport,12483,1553768,TLS_ECDHE_ECDSA_WITH_CHACHA20_POLY1305_SHA256,client,connected,W1XI,controlling,connected,CF9D:0B:E1:AC:0A:E8:64:7D:63:1F:39:0B:12:1E:71:52:2F:5D:4A:C4:7C:39:72:D4:96:8B:DE:C4:A8:B3:03:1A,206,2019,CFD3:9A:DA:D9:5D:00:8C:3C:D7:69:84:D4:08:F6:C9:47:D5:04:40:27:71:C6:B8:F7:F6:CB:61:FB:41:74:18:5B,1,CPgLBIg0gK_/9L17zMo,AEAD_AES_256_GCM,FEFD
T01,1776278738017.723,transport,12603,1584667,TLS_ECDHE_ECDSA_WITH_CHACHA20_POLY1305_SHA256,client,connected,W1XI,controlling,connected,CF9D:0B:E1:AC:0A:E8:64:7D:63:1F:39:0B:12:1E:71:52:2F:5D:4A:C4:7C:39:72:D4:96:8B:DE:C4:A8:B3:03:1A,208,2050,CFD3:9A:DA:D9:5D:00:8C:3C:D7:69:84:D4:08:F6:C9:47:D5:04:40:27:71:C6:B8:F7:F6:CB:61:FB:41:74:18:5B,1,CPgLBIg0gK_/9L17zMo,AEAD_AES_256_GCM,FEFD
T01,1776278738017.723,transport,12603,1584667,TLS_ECDHE_ECDSA_WITH_CHACHA20_POLY1305_SHA256,client,connected,W1XI,controlling,connected,CF9D:0B:E1:AC:0A:E8:64:7D:63:1F:39:0B:12:1E:71:52:2F:5D:4A:C4:7C:39:72:D4:96:8B:DE:C4:A8:B3:03:1A,208,2050,CFD3:9A:DA:D9:5D:00:8C:3C:D7:69:84:D4:08:F6:C9:47:D5:04:40:27:71:C6:B8:F7:F6:CB:61:FB:41:74:18:5B,1,CPgLBIg0gK_/9L17zMo,AEAD_AES_256_GCM,FEFD
T01,1776278738217.713,transport,12863,1616581,TLS_ECDHE_ECDSA_WITH_CHACHA20_POLY1305_SHA256,client,connected,W1XI,controlling,connected,CF9D:0B:E1:AC:0A:E8:64:7D:63:1F:39:0B:12:1E:71:52:2F:5D:4A:C4:7C:39:72:D4:96:8B:DE:C4:A8:B3:03:1A,211,2079,CFD3:9A:DA:D9:5D:00:8C:3C:D7:69:84:D4:08:F6:C9:47:D5:04:40:27:71:C6:B8:F7:F6:CB:61:FB:41:74:18:5B,1,CPgLBIg0gK_/9L17zMo,AEAD_AES_256_GCM,FEFD
T01,1776278738217.713,transport,12863,1616581,TLS_ECDHE_ECDSA_WITH_CHACHA20_POLY1305_SHA256,client,connected,W1XI,controlling,connected,CF9D:0B:E1:AC:0A:E8:64:7D:63:1F:39:0B:12:1E:71:52:2F:5D:4A:C4:7C:39:72:D4:96:8B:DE:C4:A8:B3:03:1A,211,2079,CFD3:9A:DA:D9:5D:00:8C:3C:D7:69:84:D4:08:F6:C9:47:D5:04:40:27:71:C6:B8:F7:F6:CB:61:FB:41:74:18:5B,1,CPgLBIg0gK_/9L17zMo,AEAD_AES_256_GCM,FEFD
T01,1776278738417.699,transport,12979,1649891,TLS_ECDHE_ECDSA_WITH_CHACHA20_POLY1305_SHA256,client,connected,W1XI,controlling,connected,CF9D:0B:E1:AC:0A:E8:64:7D:63:1F:39:0B:12:1E:71:52:2F:5D:4A:C4:7C:39:72:D4:96:8B:DE:C4:A8:B3:03:1A,213,2111,CFD3:9A:DA:D9:5D:00:8C:3C:D7:69:84:D4:08:F6:C9:47:D5:04:40:27:71:C6:B8:F7:F6:CB:61:FB:41:74:18:5B,1,CPgLBIg0gK_/9L17zMo,AEAD_AES_256_GCM,FEFD
T01,1776278738417.699,transport,12979,1649891,TLS_ECDHE_ECDSA_WITH_CHACHA20_POLY1305_SHA256,client,connected,W1XI,controlling,connected,CF9D:0B:E1:AC:0A:E8:64:7D:63:1F:39:0B:12:1E:71:52:2F:5D:4A:C4:7C:39:72:D4:96:8B:DE:C4:A8:B3:03:1A,213,2111,CFD3:9A:DA:D9:5D:00:8C:3C:D7:69:84:D4:08:F6:C9:47:D5:04:40:27:71:C6:B8:F7:F6:CB:61:FB:41:74:18:5B,1,CPgLBIg0gK_/9L17zMo,AEAD_AES_256_GCM,FEFD
T01,1776278738617.8,transport,13099,1682373,TLS_ECDHE_ECDSA_WITH_CHACHA20_POLY1305_SHA256,client,connected,W1XI,controlling,connected,CF9D:0B:E1:AC:0A:E8:64:7D:63:1F:39:0B:12:1E:71:52:2F:5D:4A:C4:7C:39:72:D4:96:8B:DE:C4:A8:B3:03:1A,215,2141,CFD3:9A:DA:D9:5D:00:8C:3C:D7:69:84:D4:08:F6:C9:47:D5:04:40:27:71:C6:B8:F7:F6:CB:61:FB:41:74:18:5B,1,CPgLBIg0gK_/9L17zMo,AEAD_AES_256_GCM,FEFD
T01,1776278738617.8,transport,13099,1682373,TLS_ECDHE_ECDSA_WITH_CHACHA20_POLY1305_SHA256,client,connected,W1XI,controlling,connected,CF9D:0B:E1:AC:0A:E8:64:7D:63:1F:39:0B:12:1E:71:52:2F:5D:4A:C4:7C:39:72:D4:96:8B:DE:C4:A8:B3:03:1A,215,2141,CFD3:9A:DA:D9:5D:00:8C:3C:D7:69:84:D4:08:F6:C9:47:D5:04:40:27:71:C6:B8:F7:F6:CB:61:FB:41:74:18:5B,1,CPgLBIg0gK_/9L17zMo,AEAD_AES_256_GCM,FEFD
T01,1776278738817.717,transport,13219,1716062,TLS_ECDHE_ECDSA_WITH_CHACHA20_POLY1305_SHA256,client,connected,W1XI,controlling,connected,CF9D:0B:E1:AC:0A:E8:64:7D:63:1F:39:0B:12:1E:71:52:2F:5D:4A:C4:7C:39:72:D4:96:8B:DE:C4:A8:B3:03:1A,217,2175,CFD3:9A:DA:D9:5D:00:8C:3C:D7:69:84:D4:08:F6:C9:47:D5:04:40:27:71:C6:B8:F7:F6:CB:61:FB:41:74:18:5B,1,CPgLBIg0gK_/9L17zMo,AEAD_AES_256_GCM,FEFD
T01,1776278738817.717,transport,13219,1716062,TLS_ECDHE_ECDSA_WITH_CHACHA20_POLY1305_SHA256,client,connected,W1XI,controlling,connected,CF9D:0B:E1:AC:0A:E8:64:7D:63:1F:39:0B:12:1E:71:52:2F:5D:4A:C4:7C:39:72:D4:96:8B:DE:C4:A8:B3:03:1A,217,2175,CFD3:9A:DA:D9:5D:00:8C:3C:D7:69:84:D4:08:F6:C9:47:D5:04:40:27:71:C6:B8:F7:F6:CB:61:FB:41:74:18:5B,1,CPgLBIg0gK_/9L17zMo,AEAD_AES_256_GCM,FEFD
T01,1776278739017.77,transport,13339,1750252,TLS_ECDHE_ECDSA_WITH_CHACHA20_POLY1305_SHA256,client,connected,W1XI,controlling,connected,CF9D:0B:E1:AC:0A:E8:64:7D:63:1F:39:0B:12:1E:71:52:2F:5D:4A:C4:7C:39:72:D4:96:8B:DE:C4:A8:B3:03:1A,219,2209,CFD3:9A:DA:D9:5D:00:8C:3C:D7:69:84:D4:08:F6:C9:47:D5:04:40:27:71:C6:B8:F7:F6:CB:61:FB:41:74:18:5B,1,CPgLBIg0gK_/9L17zMo,AEAD_AES_256_GCM,FEFD
T01,1776278739017.77,transport,13339,1750252,TLS_ECDHE_ECDSA_WITH_CHACHA20_POLY1305_SHA256,client,connected,W1XI,controlling,connected,CF9D:0B:E1:AC:0A:E8:64:7D:63:1F:39:0B:12:1E:71:52:2F:5D:4A:C4:7C:39:72:D4:96:8B:DE:C4:A8:B3:03:1A,219,2209,CFD3:9A:DA:D9:5D:00:8C:3C:D7:69:84:D4:08:F6:C9:47:D5:04:40:27:71:C6:B8:F7:F6:CB:61:FB:41:74:18:5B,1,CPgLBIg0gK_/9L17zMo,AEAD_AES_256_GCM,FEFD
T01,1776278739217.792,transport,13459,1783905,TLS_ECDHE_ECDSA_WITH_CHACHA20_POLY1305_SHA256,client,connected,W1XI,controlling,connected,CF9D:0B:E1:AC:0A:E8:64:7D:63:1F:39:0B:12:1E:71:52:2F:5D:4A:C4:7C:39:72:D4:96:8B:DE:C4:A8:B3:03:1A,221,2241,CFD3:9A:DA:D9:5D:00:8C:3C:D7:69:84:D4:08:F6:C9:47:D5:04:40:27:71:C6:B8:F7:F6:CB:61:FB:41:74:18:5B,1,CPgLBIg0gK_/9L17zMo,AEAD_AES_256_GCM,FEFD
T01,1776278739217.792,transport,13459,1783905,TLS_ECDHE_ECDSA_WITH_CHACHA20_POLY1305_SHA256,client,connected,W1XI,controlling,connected,CF9D:0B:E1:AC:0A:E8:64:7D:63:1F:39:0B:12:1E:71:52:2F:5D:4A:C4:7C:39:72:D4:96:8B:DE:C4:A8:B3:03:1A,221,2241,CFD3:9A:DA:D9:5D:00:8C:3C:D7:69:84:D4:08:F6:C9:47:D5:04:40:27:71:C6:B8:F7:F6:CB:61:FB:41:74:18:5B,1,CPgLBIg0gK_/9L17zMo,AEAD_AES_256_GCM,FEFD
T01,1776278739417.824,transport,13755,1821826,TLS_ECDHE_ECDSA_WITH_CHACHA20_POLY1305_SHA256,client,connected,W1XI,controlling,connected,CF9D:0B:E1:AC:0A:E8:64:7D:63:1F:39:0B:12:1E:71:52:2F:5D:4A:C4:7C:39:72:D4:96:8B:DE:C4:A8:B3:03:1A,225,2276,CFD3:9A:DA:D9:5D:00:8C:3C:D7:69:84:D4:08:F6:C9:47:D5:04:40:27:71:C6:B8:F7:F6:CB:61:FB:41:74:18:5B,1,CPgLBIg0gK_/9L17zMo,AEAD_AES_256_GCM,FEFD
T01,1776278739417.824,transport,13755,1821826,TLS_ECDHE_ECDSA_WITH_CHACHA20_POLY1305_SHA256,client,connected,W1XI,controlling,connected,CF9D:0B:E1:AC:0A:E8:64:7D:63:1F:39:0B:12:1E:71:52:2F:5D:4A:C4:7C:39:72:D4:96:8B:DE:C4:A8:B3:03:1A,225,2276,CFD3:9A:DA:D9:5D:00:8C:3C:D7:69:84:D4:08:F6:C9:47:D5:04:40:27:71:C6:B8:F7:F6:CB:61:FB:41:74:18:5B,1,CPgLBIg0gK_/9L17zMo,AEAD_AES_256_GCM,FEFD
T01,1776278739617.779,transport,13875,1858462,TLS_ECDHE_ECDSA_WITH_CHACHA20_POLY1305_SHA256,client,connected,W1XI,controlling,connected,CF9D:0B:E1:AC:0A:E8:64:7D:63:1F:39:0B:12:1E:71:52:2F:5D:4A:C4:7C:39:72:D4:96:8B:DE:C4:A8:B3:03:1A,227,2310,CFD3:9A:DA:D9:5D:00:8C:3C:D7:69:84:D4:08:F6:C9:47:D5:04:40:27:71:C6:B8:F7:F6:CB:61:FB:41:74:18:5B,1,CPgLBIg0gK_/9L17zMo,AEAD_AES_256_GCM,FEFD
T01,1776278739617.779,transport,13875,1858462,TLS_ECDHE_ECDSA_WITH_CHACHA20_POLY1305_SHA256,client,connected,W1XI,controlling,connected,CF9D:0B:E1:AC:0A:E8:64:7D:63:1F:39:0B:12:1E:71:52:2F:5D:4A:C4:7C:39:72:D4:96:8B:DE:C4:A8:B3:03:1A,227,2310,CFD3:9A:DA:D9:5D:00:8C:3C:D7:69:84:D4:08:F6:C9:47:D5:04:40:27:71:C6:B8:F7:F6:CB:61:FB:41:74:18:5B,1,CPgLBIg0gK_/9L17zMo,AEAD_AES_256_GCM,FEFD
T01,1776278739817.681,transport,13995,1891307,TLS_ECDHE_ECDSA_WITH_CHACHA20_POLY1305_SHA256,client,connected,W1XI,controlling,connected,CF9D:0B:E1:AC:0A:E8:64:7D:63:1F:39:0B:12:1E:71:52:2F:5D:4A:C4:7C:39:72:D4:96:8B:DE:C4:A8:B3:03:1A,229,2342,CFD3:9A:DA:D9:5D:00:8C:3C:D7:69:84:D4:08:F6:C9:47:D5:04:40:27:71:C6:B8:F7:F6:CB:61:FB:41:74:18:5B,1,CPgLBIg0gK_/9L17zMo,AEAD_AES_256_GCM,FEFD
T01,1776278739817.681,transport,13995,1891307,TLS_ECDHE_ECDSA_WITH_CHACHA20_POLY1305_SHA256,client,connected,W1XI,controlling,connected,CF9D:0B:E1:AC:0A:E8:64:7D:63:1F:39:0B:12:1E:71:52:2F:5D:4A:C4:7C:39:72:D4:96:8B:DE:C4:A8:B3:03:1A,229,2342,CFD3:9A:DA:D9:5D:00:8C:3C:D7:69:84:D4:08:F6:C9:47:D5:04:40:27:71:C6:B8:F7:F6:CB:61:FB:41:74:18:5B,1,CPgLBIg0gK_/9L17zMo,AEAD_AES_256_GCM,FEFD
T01,1776278740017.784,transport,14115,1927918,TLS_ECDHE_ECDSA_WITH_CHACHA20_POLY1305_SHA256,client,connected,W1XI,controlling,connected,CF9D:0B:E1:AC:0A:E8:64:7D:63:1F:39:0B:12:1E:71:52:2F:5D:4A:C4:7C:39:72:D4:96:8B:DE:C4:A8:B3:03:1A,231,2378,CFD3:9A:DA:D9:5D:00:8C:3C:D7:69:84:D4:08:F6:C9:47:D5:04:40:27:71:C6:B8:F7:F6:CB:61:FB:41:74:18:5B,1,CPgLBIg0gK_/9L17zMo,AEAD_AES_256_GCM,FEFD
T01,1776278740017.784,transport,14115,1927918,TLS_ECDHE_ECDSA_WITH_CHACHA20_POLY1305_SHA256,client,connected,W1XI,controlling,connected,CF9D:0B:E1:AC:0A:E8:64:7D:63:1F:39:0B:12:1E:71:52:2F:5D:4A:C4:7C:39:72:D4:96:8B:DE:C4:A8:B3:03:1A,231,2378,CFD3:9A:DA:D9:5D:00:8C:3C:D7:69:84:D4:08:F6:C9:47:D5:04:40:27:71:C6:B8:F7:F6:CB:61:FB:41:74:18:5B,1,CPgLBIg0gK_/9L17zMo,AEAD_AES_256_GCM,FEFD
T01,1776278740217.628,transport,14239,1967952,TLS_ECDHE_ECDSA_WITH_CHACHA20_POLY1305_SHA256,client,connected,W1XI,controlling,connected,CF9D:0B:E1:AC:0A:E8:64:7D:63:1F:39:0B:12:1E:71:52:2F:5D:4A:C4:7C:39:72:D4:96:8B:DE:C4:A8:B3:03:1A,233,2417,CFD3:9A:DA:D9:5D:00:8C:3C:D7:69:84:D4:08:F6:C9:47:D5:04:40:27:71:C6:B8:F7:F6:CB:61:FB:41:74:18:5B,1,CPgLBIg0gK_/9L17zMo,AEAD_AES_256_GCM,FEFD
T01,1776278740217.628,transport,14239,1967952,TLS_ECDHE_ECDSA_WITH_CHACHA20_POLY1305_SHA256,client,connected,W1XI,controlling,connected,CF9D:0B:E1:AC:0A:E8:64:7D:63:1F:39:0B:12:1E:71:52:2F:5D:4A:C4:7C:39:72:D4:96:8B:DE:C4:A8:B3:03:1A,233,2417,CFD3:9A:DA:D9:5D:00:8C:3C:D7:69:84:D4:08:F6:C9:47:D5:04:40:27:71:C6:B8:F7:F6:CB:61:FB:41:74:18:5B,1,CPgLBIg0gK_/9L17zMo,AEAD_AES_256_GCM,FEFD
T01,1776278740417.741,transport,14359,2002517,TLS_ECDHE_ECDSA_WITH_CHACHA20_POLY1305_SHA256,client,connected,W1XI,controlling,connected,CF9D:0B:E1:AC:0A:E8:64:7D:63:1F:39:0B:12:1E:71:52:2F:5D:4A:C4:7C:39:72:D4:96:8B:DE:C4:A8:B3:03:1A,235,2449,CFD3:9A:DA:D9:5D:00:8C:3C:D7:69:84:D4:08:F6:C9:47:D5:04:40:27:71:C6:B8:F7:F6:CB:61:FB:41:74:18:5B,1,CPgLBIg0gK_/9L17zMo,AEAD_AES_256_GCM,FEFD
T01,1776278740417.741,transport,14359,2002517,TLS_ECDHE_ECDSA_WITH_CHACHA20_POLY1305_SHA256,client,connected,W1XI,controlling,connected,CF9D:0B:E1:AC:0A:E8:64:7D:63:1F:39:0B:12:1E:71:52:2F:5D:4A:C4:7C:39:72:D4:96:8B:DE:C4:A8:B3:03:1A,235,2449,CFD3:9A:DA:D9:5D:00:8C:3C:D7:69:84:D4:08:F6:C9:47:D5:04:40:27:71:C6:B8:F7:F6:CB:61:FB:41:74:18:5B,1,CPgLBIg0gK_/9L17zMo,AEAD_AES_256_GCM,FEFD
T01,1776278740617.616,transport,14491,2044691,TLS_ECDHE_ECDSA_WITH_CHACHA20_POLY1305_SHA256,client,connected,W1XI,controlling,connected,CF9D:0B:E1:AC:0A:E8:64:7D:63:1F:39:0B:12:1E:71:52:2F:5D:4A:C4:7C:39:72:D4:96:8B:DE:C4:A8:B3:03:1A,237,2488,CFD3:9A:DA:D9:5D:00:8C:3C:D7:69:84:D4:08:F6:C9:47:D5:04:40:27:71:C6:B8:F7:F6:CB:61:FB:41:74:18:5B,1,CPgLBIg0gK_/9L17zMo,AEAD_AES_256_GCM,FEFD
T01,1776278740617.616,transport,14491,2044691,TLS_ECDHE_ECDSA_WITH_CHACHA20_POLY1305_SHA256,client,connected,W1XI,controlling,connected,CF9D:0B:E1:AC:0A:E8:64:7D:63:1F:39:0B:12:1E:71:52:2F:5D:4A:C4:7C:39:72:D4:96:8B:DE:C4:A8:B3:03:1A,237,2488,CFD3:9A:DA:D9:5D:00:8C:3C:D7:69:84:D4:08:F6:C9:47:D5:04:40:27:71:C6:B8:F7:F6:CB:61:FB:41:74:18:5B,1,CPgLBIg0gK_/9L17zMo,AEAD_AES_256_GCM,FEFD
T01,1776278740817.562,transport,14755,2080728,TLS_ECDHE_ECDSA_WITH_CHACHA20_POLY1305_SHA256,client,connected,W1XI,controlling,connected,CF9D:0B:E1:AC:0A:E8:64:7D:63:1F:39:0B:12:1E:71:52:2F:5D:4A:C4:7C:39:72:D4:96:8B:DE:C4:A8:B3:03:1A,240,2524,CFD3:9A:DA:D9:5D:00:8C:3C:D7:69:84:D4:08:F6:C9:47:D5:04:40:27:71:C6:B8:F7:F6:CB:61:FB:41:74:18:5B,1,CPgLBIg0gK_/9L17zMo,AEAD_AES_256_GCM,FEFD
T01,1776278740817.562,transport,14755,2080728,TLS_ECDHE_ECDSA_WITH_CHACHA20_POLY1305_SHA256,client,connected,W1XI,controlling,connected,CF9D:0B:E1:AC:0A:E8:64:7D:63:1F:39:0B:12:1E:71:52:2F:5D:4A:C4:7C:39:72:D4:96:8B:DE:C4:A8:B3:03:1A,240,2524,CFD3:9A:DA:D9:5D:00:8C:3C:D7:69:84:D4:08:F6:C9:47:D5:04:40:27:71:C6:B8:F7:F6:CB:61:FB:41:74:18:5B,1,CPgLBIg0gK_/9L17zMo,AEAD_AES_256_GCM,FEFD
T01,1776278741017.569,transport,14879,2123663,TLS_ECDHE_ECDSA_WITH_CHACHA20_POLY1305_SHA256,client,connected,W1XI,controlling,connected,CF9D:0B:E1:AC:0A:E8:64:7D:63:1F:39:0B:12:1E:71:52:2F:5D:4A:C4:7C:39:72:D4:96:8B:DE:C4:A8:B3:03:1A,242,2565,CFD3:9A:DA:D9:5D:00:8C:3C:D7:69:84:D4:08:F6:C9:47:D5:04:40:27:71:C6:B8:F7:F6:CB:61:FB:41:74:18:5B,1,CPgLBIg0gK_/9L17zMo,AEAD_AES_256_GCM,FEFD
T01,1776278741017.569,transport,14879,2123663,TLS_ECDHE_ECDSA_WITH_CHACHA20_POLY1305_SHA256,client,connected,W1XI,controlling,connected,CF9D:0B:E1:AC:0A:E8:64:7D:63:1F:39:0B:12:1E:71:52:2F:5D:4A:C4:7C:39:72:D4:96:8B:DE:C4:A8:B3:03:1A,242,2565,CFD3:9A:DA:D9:5D:00:8C:3C:D7:69:84:D4:08:F6:C9:47:D5:04:40:27:71:C6:B8:F7:F6:CB:61:FB:41:74:18:5B,1,CPgLBIg0gK_/9L17zMo,AEAD_AES_256_GCM,FEFD
T01,1776278741217.588,transport,15007,2160371,TLS_ECDHE_ECDSA_WITH_CHACHA20_POLY1305_SHA256,client,connected,W1XI,controlling,connected,CF9D:0B:E1:AC:0A:E8:64:7D:63:1F:39:0B:12:1E:71:52:2F:5D:4A:C4:7C:39:72:D4:96:8B:DE:C4:A8:B3:03:1A,244,2602,CFD3:9A:DA:D9:5D:00:8C:3C:D7:69:84:D4:08:F6:C9:47:D5:04:40:27:71:C6:B8:F7:F6:CB:61:FB:41:74:18:5B,1,CPgLBIg0gK_/9L17zMo,AEAD_AES_256_GCM,FEFD
T01,1776278741217.588,transport,15007,2160371,TLS_ECDHE_ECDSA_WITH_CHACHA20_POLY1305_SHA256,client,connected,W1XI,controlling,connected,CF9D:0B:E1:AC:0A:E8:64:7D:63:1F:39:0B:12:1E:71:52:2F:5D:4A:C4:7C:39:72:D4:96:8B:DE:C4:A8:B3:03:1A,244,2602,CFD3:9A:DA:D9:5D:00:8C:3C:D7:69:84:D4:08:F6:C9:47:D5:04:40:27:71:C6:B8:F7:F6:CB:61:FB:41:74:18:5B,1,CPgLBIg0gK_/9L17zMo,AEAD_AES_256_GCM,FEFD
T01,1776278741417.546,transport,15135,2207547,TLS_ECDHE_ECDSA_WITH_CHACHA20_POLY1305_SHA256,client,connected,W1XI,controlling,connected,CF9D:0B:E1:AC:0A:E8:64:7D:63:1F:39:0B:12:1E:71:52:2F:5D:4A:C4:7C:39:72:D4:96:8B:DE:C4:A8:B3:03:1A,246,2649,CFD3:9A:DA:D9:5D:00:8C:3C:D7:69:84:D4:08:F6:C9:47:D5:04:40:27:71:C6:B8:F7:F6:CB:61:FB:41:74:18:5B,1,CPgLBIg0gK_/9L17zMo,AEAD_AES_256_GCM,FEFD
T01,1776278741417.546,transport,15135,2207547,TLS_ECDHE_ECDSA_WITH_CHACHA20_POLY1305_SHA256,client,connected,W1XI,controlling,connected,CF9D:0B:E1:AC:0A:E8:64:7D:63:1F:39:0B:12:1E:71:52:2F:5D:4A:C4:7C:39:72:D4:96:8B:DE:C4:A8:B3:03:1A,246,2649,CFD3:9A:DA:D9:5D:00:8C:3C:D7:69:84:D4:08:F6:C9:47:D5:04:40:27:71:C6:B8:F7:F6:CB:61:FB:41:74:18:5B,1,CPgLBIg0gK_/9L17zMo,AEAD_AES_256_GCM,FEFD
T01,1776278741617.666,transport,15271,2245107,TLS_ECDHE_ECDSA_WITH_CHACHA20_POLY1305_SHA256,client,connected,W1XI,controlling,connected,CF9D:0B:E1:AC:0A:E8:64:7D:63:1F:39:0B:12:1E:71:52:2F:5D:4A:C4:7C:39:72:D4:96:8B:DE:C4:A8:B3:03:1A,248,2688,CFD3:9A:DA:D9:5D:00:8C:3C:D7:69:84:D4:08:F6:C9:47:D5:04:40:27:71:C6:B8:F7:F6:CB:61:FB:41:74:18:5B,1,CPgLBIg0gK_/9L17zMo,AEAD_AES_256_GCM,FEFD
T01,1776278741617.666,transport,15271,2245107,TLS_ECDHE_ECDSA_WITH_CHACHA20_POLY1305_SHA256,client,connected,W1XI,controlling,connected,CF9D:0B:E1:AC:0A:E8:64:7D:63:1F:39:0B:12:1E:71:52:2F:5D:4A:C4:7C:39:72:D4:96:8B:DE:C4:A8:B3:03:1A,248,2688,CFD3:9A:DA:D9:5D:00:8C:3C:D7:69:84:D4:08:F6:C9:47:D5:04:40:27:71:C6:B8:F7:F6:CB:61:FB:41:74:18:5B,1,CPgLBIg0gK_/9L17zMo,AEAD_AES_256_GCM,FEFD
T01,1776278741817.597,transport,15539,2291489,TLS_ECDHE_ECDSA_WITH_CHACHA20_POLY1305_SHA256,client,connected,W1XI,controlling,connected,CF9D:0B:E1:AC:0A:E8:64:7D:63:1F:39:0B:12:1E:71:52:2F:5D:4A:C4:7C:39:72:D4:96:8B:DE:C4:A8:B3:03:1A,251,2733,CFD3:9A:DA:D9:5D:00:8C:3C:D7:69:84:D4:08:F6:C9:47:D5:04:40:27:71:C6:B8:F7:F6:CB:61:FB:41:74:18:5B,1,CPgLBIg0gK_/9L17zMo,AEAD_AES_256_GCM,FEFD
T01,1776278741817.597,transport,15539,2291489,TLS_ECDHE_ECDSA_WITH_CHACHA20_POLY1305_SHA256,client,connected,W1XI,controlling,connected,CF9D:0B:E1:AC:0A:E8:64:7D:63:1F:39:0B:12:1E:71:52:2F:5D:4A:C4:7C:39:72:D4:96:8B:DE:C4:A8:B3:03:1A,251,2733,CFD3:9A:DA:D9:5D:00:8C:3C:D7:69:84:D4:08:F6:C9:47:D5:04:40:27:71:C6:B8:F7:F6:CB:61:FB:41:74:18:5B,1,CPgLBIg0gK_/9L17zMo,AEAD_AES_256_GCM,FEFD
T01,1776278742017.63,transport,15671,2328944,TLS_ECDHE_ECDSA_WITH_CHACHA20_POLY1305_SHA256,client,connected,W1XI,controlling,connected,CF9D:0B:E1:AC:0A:E8:64:7D:63:1F:39:0B:12:1E:71:52:2F:5D:4A:C4:7C:39:72:D4:96:8B:DE:C4:A8:B3:03:1A,253,2770,CFD3:9A:DA:D9:5D:00:8C:3C:D7:69:84:D4:08:F6:C9:47:D5:04:40:27:71:C6:B8:F7:F6:CB:61:FB:41:74:18:5B,1,CPgLBIg0gK_/9L17zMo,AEAD_AES_256_GCM,FEFD
T01,1776278742017.63,transport,15671,2328944,TLS_ECDHE_ECDSA_WITH_CHACHA20_POLY1305_SHA256,client,connected,W1XI,controlling,connected,CF9D:0B:E1:AC:0A:E8:64:7D:63:1F:39:0B:12:1E:71:52:2F:5D:4A:C4:7C:39:72:D4:96:8B:DE:C4:A8:B3:03:1A,253,2770,CFD3:9A:DA:D9:5D:00:8C:3C:D7:69:84:D4:08:F6:C9:47:D5:04:40:27:71:C6:B8:F7:F6:CB:61:FB:41:74:18:5B,1,CPgLBIg0gK_/9L17zMo,AEAD_AES_256_GCM,FEFD
T01,1776278742217.647,transport,15795,2372912,TLS_ECDHE_ECDSA_WITH_CHACHA20_POLY1305_SHA256,client,connected,W1XI,controlling,connected,CF9D:0B:E1:AC:0A:E8:64:7D:63:1F:39:0B:12:1E:71:52:2F:5D:4A:C4:7C:39:72:D4:96:8B:DE:C4:A8:B3:03:1A,255,2814,CFD3:9A:DA:D9:5D:00:8C:3C:D7:69:84:D4:08:F6:C9:47:D5:04:40:27:71:C6:B8:F7:F6:CB:61:FB:41:74:18:5B,1,CPgLBIg0gK_/9L17zMo,AEAD_AES_256_GCM,FEFD
T01,1776278742217.647,transport,15795,2372912,TLS_ECDHE_ECDSA_WITH_CHACHA20_POLY1305_SHA256,client,connected,W1XI,controlling,connected,CF9D:0B:E1:AC:0A:E8:64:7D:63:1F:39:0B:12:1E:71:52:2F:5D:4A:C4:7C:39:72:D4:96:8B:DE:C4:A8:B3:03:1A,255,2814,CFD3:9A:DA:D9:5D:00:8C:3C:D7:69:84:D4:08:F6:C9:47:D5:04:40:27:71:C6:B8:F7:F6:CB:61:FB:41:74:18:5B,1,CPgLBIg0gK_/9L17zMo,AEAD_AES_256_GCM,FEFD
T01,1776278742417.664,transport,15927,2415846,TLS_ECDHE_ECDSA_WITH_CHACHA20_POLY1305_SHA256,client,connected,W1XI,controlling,connected,CF9D:0B:E1:AC:0A:E8:64:7D:63:1F:39:0B:12:1E:71:52:2F:5D:4A:C4:7C:39:72:D4:96:8B:DE:C4:A8:B3:03:1A,257,2858,CFD3:9A:DA:D9:5D:00:8C:3C:D7:69:84:D4:08:F6:C9:47:D5:04:40:27:71:C6:B8:F7:F6:CB:61:FB:41:74:18:5B,1,CPgLBIg0gK_/9L17zMo,AEAD_AES_256_GCM,FEFD
T01,1776278742417.664,transport,15927,2415846,TLS_ECDHE_ECDSA_WITH_CHACHA20_POLY1305_SHA256,client,connected,W1XI,controlling,connected,CF9D:0B:E1:AC:0A:E8:64:7D:63:1F:39:0B:12:1E:71:52:2F:5D:4A:C4:7C:39:72:D4:96:8B:DE:C4:A8:B3:03:1A,257,2858,CFD3:9A:DA:D9:5D:00:8C:3C:D7:69:84:D4:08:F6:C9:47:D5:04:40:27:71:C6:B8:F7:F6:CB:61:FB:41:74:18:5B,1,CPgLBIg0gK_/9L17zMo,AEAD_AES_256_GCM,FEFD
T01,1776278742617.773,transport,16059,2462299,TLS_ECDHE_ECDSA_WITH_CHACHA20_POLY1305_SHA256,client,connected,W1XI,controlling,connected,CF9D:0B:E1:AC:0A:E8:64:7D:63:1F:39:0B:12:1E:71:52:2F:5D:4A:C4:7C:39:72:D4:96:8B:DE:C4:A8:B3:03:1A,259,2905,CFD3:9A:DA:D9:5D:00:8C:3C:D7:69:84:D4:08:F6:C9:47:D5:04:40:27:71:C6:B8:F7:F6:CB:61:FB:41:74:18:5B,1,CPgLBIg0gK_/9L17zMo,AEAD_AES_256_GCM,FEFD
T01,1776278742617.773,transport,16059,2462299,TLS_ECDHE_ECDSA_WITH_CHACHA20_POLY1305_SHA256,client,connected,W1XI,controlling,connected,CF9D:0B:E1:AC:0A:E8:64:7D:63:1F:39:0B:12:1E:71:52:2F:5D:4A:C4:7C:39:72:D4:96:8B:DE:C4:A8:B3:03:1A,259,2905,CFD3:9A:DA:D9:5D:00:8C:3C:D7:69:84:D4:08:F6:C9:47:D5:04:40:27:71:C6:B8:F7:F6:CB:61:FB:41:74:18:5B,1,CPgLBIg0gK_/9L17zMo,AEAD_AES_256_GCM,FEFD
T01,1776278742817.79,transport,16195,2510052,TLS_ECDHE_ECDSA_WITH_CHACHA20_POLY1305_SHA256,client,connected,W1XI,controlling,connected,CF9D:0B:E1:AC:0A:E8:64:7D:63:1F:39:0B:12:1E:71:52:2F:5D:4A:C4:7C:39:72:D4:96:8B:DE:C4:A8:B3:03:1A,261,2952,CFD3:9A:DA:D9:5D:00:8C:3C:D7:69:84:D4:08:F6:C9:47:D5:04:40:27:71:C6:B8:F7:F6:CB:61:FB:41:74:18:5B,1,CPgLBIg0gK_/9L17zMo,AEAD_AES_256_GCM,FEFD
T01,1776278742817.79,transport,16195,2510052,TLS_ECDHE_ECDSA_WITH_CHACHA20_POLY1305_SHA256,client,connected,W1XI,controlling,connected,CF9D:0B:E1:AC:0A:E8:64:7D:63:1F:39:0B:12:1E:71:52:2F:5D:4A:C4:7C:39:72:D4:96:8B:DE:C4:A8:B3:03:1A,261,2952,CFD3:9A:DA:D9:5D:00:8C:3C:D7:69:84:D4:08:F6:C9:47:D5:04:40:27:71:C6:B8:F7:F6:CB:61:FB:41:74:18:5B,1,CPgLBIg0gK_/9L17zMo,AEAD_AES_256_GCM,FEFD
T01,1776278743017.667,transport,16463,2553319,TLS_ECDHE_ECDSA_WITH_CHACHA20_POLY1305_SHA256,client,connected,W1XI,controlling,connected,CF9D:0B:E1:AC:0A:E8:64:7D:63:1F:39:0B:12:1E:71:52:2F:5D:4A:C4:7C:39:72:D4:96:8B:DE:C4:A8:B3:03:1A,264,2999,CFD3:9A:DA:D9:5D:00:8C:3C:D7:69:84:D4:08:F6:C9:47:D5:04:40:27:71:C6:B8:F7:F6:CB:61:FB:41:74:18:5B,1,CPgLBIg0gK_/9L17zMo,AEAD_AES_256_GCM,FEFD
T01,1776278743017.667,transport,16463,2553319,TLS_ECDHE_ECDSA_WITH_CHACHA20_POLY1305_SHA256,client,connected,W1XI,controlling,connected,CF9D:0B:E1:AC:0A:E8:64:7D:63:1F:39:0B:12:1E:71:52:2F:5D:4A:C4:7C:39:72:D4:96:8B:DE:C4:A8:B3:03:1A,264,2999,CFD3:9A:DA:D9:5D:00:8C:3C:D7:69:84:D4:08:F6:C9:47:D5:04:40:27:71:C6:B8:F7:F6:CB:61:FB:41:74:18:5B,1,CPgLBIg0gK_/9L17zMo,AEAD_AES_256_GCM,FEFD
T01,1776278743217.724,transport,16611,2601415,TLS_ECDHE_ECDSA_WITH_CHACHA20_POLY1305_SHA256,client,connected,W1XI,controlling,connected,CF9D:0B:E1:AC:0A:E8:64:7D:63:1F:39:0B:12:1E:71:52:2F:5D:4A:C4:7C:39:72:D4:96:8B:DE:C4:A8:B3:03:1A,266,3053,CFD3:9A:DA:D9:5D:00:8C:3C:D7:69:84:D4:08:F6:C9:47:D5:04:40:27:71:C6:B8:F7:F6:CB:61:FB:41:74:18:5B,1,CPgLBIg0gK_/9L17zMo,AEAD_AES_256_GCM,FEFD
T01,1776278743217.724,transport,16611,2601415,TLS_ECDHE_ECDSA_WITH_CHACHA20_POLY1305_SHA256,client,connected,W1XI,controlling,connected,CF9D:0B:E1:AC:0A:E8:64:7D:63:1F:39:0B:12:1E:71:52:2F:5D:4A:C4:7C:39:72:D4:96:8B:DE:C4:A8:B3:03:1A,266,3053,CFD3:9A:DA:D9:5D:00:8C:3C:D7:69:84:D4:08:F6:C9:47:D5:04:40:27:71:C6:B8:F7:F6:CB:61:FB:41:74:18:5B,1,CPgLBIg0gK_/9L17zMo,AEAD_AES_256_GCM,FEFD
T01,1776278743417.666,transport,16747,2650724,TLS_ECDHE_ECDSA_WITH_CHACHA20_POLY1305_SHA256,client,connected,W1XI,controlling,connected,CF9D:0B:E1:AC:0A:E8:64:7D:63:1F:39:0B:12:1E:71:52:2F:5D:4A:C4:7C:39:72:D4:96:8B:DE:C4:A8:B3:03:1A,268,3110,CFD3:9A:DA:D9:5D:00:8C:3C:D7:69:84:D4:08:F6:C9:47:D5:04:40:27:71:C6:B8:F7:F6:CB:61:FB:41:74:18:5B,1,CPgLBIg0gK_/9L17zMo,AEAD_AES_256_GCM,FEFD
T01,1776278743417.666,transport,16747,2650724,TLS_ECDHE_ECDSA_WITH_CHACHA20_POLY1305_SHA256,client,connected,W1XI,controlling,connected,CF9D:0B:E1:AC:0A:E8:64:7D:63:1F:39:0B:12:1E:71:52:2F:5D:4A:C4:7C:39:72:D4:96:8B:DE:C4:A8:B3:03:1A,268,3110,CFD3:9A:DA:D9:5D:00:8C:3C:D7:69:84:D4:08:F6:C9:47:D5:04:40:27:71:C6:B8:F7:F6:CB:61:FB:41:74:18:5B,1,CPgLBIg0gK_/9L17zMo,AEAD_AES_256_GCM,FEFD
T01,1776278743617.726,transport,16887,2695290,TLS_ECDHE_ECDSA_WITH_CHACHA20_POLY1305_SHA256,client,connected,W1XI,controlling,connected,CF9D:0B:E1:AC:0A:E8:64:7D:63:1F:39:0B:12:1E:71:52:2F:5D:4A:C4:7C:39:72:D4:96:8B:DE:C4:A8:B3:03:1A,270,3155,CFD3:9A:DA:D9:5D:00:8C:3C:D7:69:84:D4:08:F6:C9:47:D5:04:40:27:71:C6:B8:F7:F6:CB:61:FB:41:74:18:5B,1,CPgLBIg0gK_/9L17zMo,AEAD_AES_256_GCM,FEFD
T01,1776278743617.726,transport,16887,2695290,TLS_ECDHE_ECDSA_WITH_CHACHA20_POLY1305_SHA256,client,connected,W1XI,controlling,connected,CF9D:0B:E1:AC:0A:E8:64:7D:63:1F:39:0B:12:1E:71:52:2F:5D:4A:C4:7C:39:72:D4:96:8B:DE:C4:A8:B3:03:1A,270,3155,CFD3:9A:DA:D9:5D:00:8C:3C:D7:69:84:D4:08:F6:C9:47:D5:04:40:27:71:C6:B8:F7:F6:CB:61:FB:41:74:18:5B,1,CPgLBIg0gK_/9L17zMo,AEAD_AES_256_GCM,FEFD
T01,1776278743817.591,transport,17055,2755939,TLS_ECDHE_ECDSA_WITH_CHACHA20_POLY1305_SHA256,client,connected,W1XI,controlling,connected,CF9D:0B:E1:AC:0A:E8:64:7D:63:1F:39:0B:12:1E:71:52:2F:5D:4A:C4:7C:39:72:D4:96:8B:DE:C4:A8:B3:03:1A,273,3212,CFD3:9A:DA:D9:5D:00:8C:3C:D7:69:84:D4:08:F6:C9:47:D5:04:40:27:71:C6:B8:F7:F6:CB:61:FB:41:74:18:5B,1,CPgLBIg0gK_/9L17zMo,AEAD_AES_256_GCM,FEFD
T01,1776278743817.591,transport,17055,2755939,TLS_ECDHE_ECDSA_WITH_CHACHA20_POLY1305_SHA256,client,connected,W1XI,controlling,connected,CF9D:0B:E1:AC:0A:E8:64:7D:63:1F:39:0B:12:1E:71:52:2F:5D:4A:C4:7C:39:72:D4:96:8B:DE:C4:A8:B3:03:1A,273,3212,CFD3:9A:DA:D9:5D:00:8C:3C:D7:69:84:D4:08:F6:C9:47:D5:04:40:27:71:C6:B8:F7:F6:CB:61:FB:41:74:18:5B,1,CPgLBIg0gK_/9L17zMo,AEAD_AES_256_GCM,FEFD
T01,1776278744017.642,transport,17331,2794770,TLS_ECDHE_ECDSA_WITH_CHACHA20_POLY1305_SHA256,client,connected,W1XI,controlling,connected,CF9D:0B:E1:AC:0A:E8:64:7D:63:1F:39:0B:12:1E:71:52:2F:5D:4A:C4:7C:39:72:D4:96:8B:DE:C4:A8:B3:03:1A,276,3252,CFD3:9A:DA:D9:5D:00:8C:3C:D7:69:84:D4:08:F6:C9:47:D5:04:40:27:71:C6:B8:F7:F6:CB:61:FB:41:74:18:5B,1,CPgLBIg0gK_/9L17zMo,AEAD_AES_256_GCM,FEFD
T01,1776278744017.642,transport,17331,2794770,TLS_ECDHE_ECDSA_WITH_CHACHA20_POLY1305_SHA256,client,connected,W1XI,controlling,connected,CF9D:0B:E1:AC:0A:E8:64:7D:63:1F:39:0B:12:1E:71:52:2F:5D:4A:C4:7C:39:72:D4:96:8B:DE:C4:A8:B3:03:1A,276,3252,CFD3:9A:DA:D9:5D:00:8C:3C:D7:69:84:D4:08:F6:C9:47:D5:04:40:27:71:C6:B8:F7:F6:CB:61:FB:41:74:18:5B,1,CPgLBIg0gK_/9L17zMo,AEAD_AES_256_GCM,FEFD
T01,1776278744217.668,transport,17463,2844785,TLS_ECDHE_ECDSA_WITH_CHACHA20_POLY1305_SHA256,client,connected,W1XI,controlling,connected,CF9D:0B:E1:AC:0A:E8:64:7D:63:1F:39:0B:12:1E:71:52:2F:5D:4A:C4:7C:39:72:D4:96:8B:DE:C4:A8:B3:03:1A,278,3299,CFD3:9A:DA:D9:5D:00:8C:3C:D7:69:84:D4:08:F6:C9:47:D5:04:40:27:71:C6:B8:F7:F6:CB:61:FB:41:74:18:5B,1,CPgLBIg0gK_/9L17zMo,AEAD_AES_256_GCM,FEFD
T01,1776278744217.668,transport,17463,2844785,TLS_ECDHE_ECDSA_WITH_CHACHA20_POLY1305_SHA256,client,connected,W1XI,controlling,connected,CF9D:0B:E1:AC:0A:E8:64:7D:63:1F:39:0B:12:1E:71:52:2F:5D:4A:C4:7C:39:72:D4:96:8B:DE:C4:A8:B3:03:1A,278,3299,CFD3:9A:DA:D9:5D:00:8C:3C:D7:69:84:D4:08:F6:C9:47:D5:04:40:27:71:C6:B8:F7:F6:CB:61:FB:41:74:18:5B,1,CPgLBIg0gK_/9L17zMo,AEAD_AES_256_GCM,FEFD
T01,1776278744417.687,transport,17599,2897179,TLS_ECDHE_ECDSA_WITH_CHACHA20_POLY1305_SHA256,client,connected,W1XI,controlling,connected,CF9D:0B:E1:AC:0A:E8:64:7D:63:1F:39:0B:12:1E:71:52:2F:5D:4A:C4:7C:39:72:D4:96:8B:DE:C4:A8:B3:03:1A,280,3351,CFD3:9A:DA:D9:5D:00:8C:3C:D7:69:84:D4:08:F6:C9:47:D5:04:40:27:71:C6:B8:F7:F6:CB:61:FB:41:74:18:5B,1,CPgLBIg0gK_/9L17zMo,AEAD_AES_256_GCM,FEFD
T01,1776278744417.687,transport,17599,2897179,TLS_ECDHE_ECDSA_WITH_CHACHA20_POLY1305_SHA256,client,connected,W1XI,controlling,connected,CF9D:0B:E1:AC:0A:E8:64:7D:63:1F:39:0B:12:1E:71:52:2F:5D:4A:C4:7C:39:72:D4:96:8B:DE:C4:A8:B3:03:1A,280,3351,CFD3:9A:DA:D9:5D:00:8C:3C:D7:69:84:D4:08:F6:C9:47:D5:04:40:27:71:C6:B8:F7:F6:CB:61:FB:41:74:18:5B,1,CPgLBIg0gK_/9L17zMo,AEAD_AES_256_GCM,FEFD
T01,1776278744617.638,transport,17735,2950167,TLS_ECDHE_ECDSA_WITH_CHACHA20_POLY1305_SHA256,client,connected,W1XI,controlling,connected,CF9D:0B:E1:AC:0A:E8:64:7D:63:1F:39:0B:12:1E:71:52:2F:5D:4A:C4:7C:39:72:D4:96:8B:DE:C4:A8:B3:03:1A,282,3401,CFD3:9A:DA:D9:5D:00:8C:3C:D7:69:84:D4:08:F6:C9:47:D5:04:40:27:71:C6:B8:F7:F6:CB:61:FB:41:74:18:5B,1,CPgLBIg0gK_/9L17zMo,AEAD_AES_256_GCM,FEFD
T01,1776278744617.638,transport,17735,2950167,TLS_ECDHE_ECDSA_WITH_CHACHA20_POLY1305_SHA256,client,connected,W1XI,controlling,connected,CF9D:0B:E1:AC:0A:E8:64:7D:63:1F:39:0B:12:1E:71:52:2F:5D:4A:C4:7C:39:72:D4:96:8B:DE:C4:A8:B3:03:1A,282,3401,CFD3:9A:DA:D9:5D:00:8C:3C:D7:69:84:D4:08:F6:C9:47:D5:04:40:27:71:C6:B8:F7:F6:CB:61:FB:41:74:18:5B,1,CPgLBIg0gK_/9L17zMo,AEAD_AES_256_GCM,FEFD
T01,1776278744817.663,transport,17867,3000177,TLS_ECDHE_ECDSA_WITH_CHACHA20_POLY1305_SHA256,client,connected,W1XI,controlling,connected,CF9D:0B:E1:AC:0A:E8:64:7D:63:1F:39:0B:12:1E:71:52:2F:5D:4A:C4:7C:39:72:D4:96:8B:DE:C4:A8:B3:03:1A,284,3450,CFD3:9A:DA:D9:5D:00:8C:3C:D7:69:84:D4:08:F6:C9:47:D5:04:40:27:71:C6:B8:F7:F6:CB:61:FB:41:74:18:5B,1,CPgLBIg0gK_/9L17zMo,AEAD_AES_256_GCM,FEFD
T01,1776278744817.663,transport,17867,3000177,TLS_ECDHE_ECDSA_WITH_CHACHA20_POLY1305_SHA256,client,connected,W1XI,controlling,connected,CF9D:0B:E1:AC:0A:E8:64:7D:63:1F:39:0B:12:1E:71:52:2F:5D:4A:C4:7C:39:72:D4:96:8B:DE:C4:A8:B3:03:1A,284,3450,CFD3:9A:DA:D9:5D:00:8C:3C:D7:69:84:D4:08:F6:C9:47:D5:04:40:27:71:C6:B8:F7:F6:CB:61:FB:41:74:18:5B,1,CPgLBIg0gK_/9L17zMo,AEAD_AES_256_GCM,FEFD
T01,1776278745017.653,transport,18179,3054275,TLS_ECDHE_ECDSA_WITH_CHACHA20_POLY1305_SHA256,client,connected,W1XI,controlling,connected,CF9D:0B:E1:AC:0A:E8:64:7D:63:1F:39:0B:12:1E:71:52:2F:5D:4A:C4:7C:39:72:D4:96:8B:DE:C4:A8:B3:03:1A,287,3500,CFD3:9A:DA:D9:5D:00:8C:3C:D7:69:84:D4:08:F6:C9:47:D5:04:40:27:71:C6:B8:F7:F6:CB:61:FB:41:74:18:5B,1,CPgLBIg0gK_/9L17zMo,AEAD_AES_256_GCM,FEFD
T01,1776278745017.653,transport,18179,3054275,TLS_ECDHE_ECDSA_WITH_CHACHA20_POLY1305_SHA256,client,connected,W1XI,controlling,connected,CF9D:0B:E1:AC:0A:E8:64:7D:63:1F:39:0B:12:1E:71:52:2F:5D:4A:C4:7C:39:72:D4:96:8B:DE:C4:A8:B3:03:1A,287,3500,CFD3:9A:DA:D9:5D:00:8C:3C:D7:69:84:D4:08:F6:C9:47:D5:04:40:27:71:C6:B8:F7:F6:CB:61:FB:41:74:18:5B,1,CPgLBIg0gK_/9L17zMo,AEAD_AES_256_GCM,FEFD
T01,1776278745217.595,transport,18323,3116984,TLS_ECDHE_ECDSA_WITH_CHACHA20_POLY1305_SHA256,client,connected,W1XI,controlling,connected,CF9D:0B:E1:AC:0A:E8:64:7D:63:1F:39:0B:12:1E:71:52:2F:5D:4A:C4:7C:39:72:D4:96:8B:DE:C4:A8:B3:03:1A,289,3558,CFD3:9A:DA:D9:5D:00:8C:3C:D7:69:84:D4:08:F6:C9:47:D5:04:40:27:71:C6:B8:F7:F6:CB:61:FB:41:74:18:5B,1,CPgLBIg0gK_/9L17zMo,AEAD_AES_256_GCM,FEFD
T01,1776278745217.595,transport,18323,3116984,TLS_ECDHE_ECDSA_WITH_CHACHA20_POLY1305_SHA256,client,connected,W1XI,controlling,connected,CF9D:0B:E1:AC:0A:E8:64:7D:63:1F:39:0B:12:1E:71:52:2F:5D:4A:C4:7C:39:72:D4:96:8B:DE:C4:A8:B3:03:1A,289,3558,CFD3:9A:DA:D9:5D:00:8C:3C:D7:69:84:D4:08:F6:C9:47:D5:04:40:27:71:C6:B8:F7:F6:CB:61:FB:41:74:18:5B,1,CPgLBIg0gK_/9L17zMo,AEAD_AES_256_GCM,FEFD
T01,1776278745417.547,transport,18459,3181135,TLS_ECDHE_ECDSA_WITH_CHACHA20_POLY1305_SHA256,client,connected,W1XI,controlling,connected,CF9D:0B:E1:AC:0A:E8:64:7D:63:1F:39:0B:12:1E:71:52:2F:5D:4A:C4:7C:39:72:D4:96:8B:DE:C4:A8:B3:03:1A,291,3619,CFD3:9A:DA:D9:5D:00:8C:3C:D7:69:84:D4:08:F6:C9:47:D5:04:40:27:71:C6:B8:F7:F6:CB:61:FB:41:74:18:5B,1,CPgLBIg0gK_/9L17zMo,AEAD_AES_256_GCM,FEFD
T01,1776278745417.547,transport,18459,3181135,TLS_ECDHE_ECDSA_WITH_CHACHA20_POLY1305_SHA256,client,connected,W1XI,controlling,connected,CF9D:0B:E1:AC:0A:E8:64:7D:63:1F:39:0B:12:1E:71:52:2F:5D:4A:C4:7C:39:72:D4:96:8B:DE:C4:A8:B3:03:1A,291,3619,CFD3:9A:DA:D9:5D:00:8C:3C:D7:69:84:D4:08:F6:C9:47:D5:04:40:27:71:C6:B8:F7:F6:CB:61:FB:41:74:18:5B,1,CPgLBIg0gK_/9L17zMo,AEAD_AES_256_GCM,FEFD
T01,1776278745617.619,transport,18607,3245799,TLS_ECDHE_ECDSA_WITH_CHACHA20_POLY1305_SHA256,client,connected,W1XI,controlling,connected,CF9D:0B:E1:AC:0A:E8:64:7D:63:1F:39:0B:12:1E:71:52:2F:5D:4A:C4:7C:39:72:D4:96:8B:DE:C4:A8:B3:03:1A,293,3680,CFD3:9A:DA:D9:5D:00:8C:3C:D7:69:84:D4:08:F6:C9:47:D5:04:40:27:71:C6:B8:F7:F6:CB:61:FB:41:74:18:5B,1,CPgLBIg0gK_/9L17zMo,AEAD_AES_256_GCM,FEFD
T01,1776278745617.619,transport,18607,3245799,TLS_ECDHE_ECDSA_WITH_CHACHA20_POLY1305_SHA256,client,connected,W1XI,controlling,connected,CF9D:0B:E1:AC:0A:E8:64:7D:63:1F:39:0B:12:1E:71:52:2F:5D:4A:C4:7C:39:72:D4:96:8B:DE:C4:A8:B3:03:1A,293,3680,CFD3:9A:DA:D9:5D:00:8C:3C:D7:69:84:D4:08:F6:C9:47:D5:04:40:27:71:C6:B8:F7:F6:CB:61:FB:41:74:18:5B,1,CPgLBIg0gK_/9L17zMo,AEAD_AES_256_GCM,FEFD
T01,1776278745817.612,transport,18755,3312394,TLS_ECDHE_ECDSA_WITH_CHACHA20_POLY1305_SHA256,client,connected,W1XI,controlling,connected,CF9D:0B:E1:AC:0A:E8:64:7D:63:1F:39:0B:12:1E:71:52:2F:5D:4A:C4:7C:39:72:D4:96:8B:DE:C4:A8:B3:03:1A,295,3740,CFD3:9A:DA:D9:5D:00:8C:3C:D7:69:84:D4:08:F6:C9:47:D5:04:40:27:71:C6:B8:F7:F6:CB:61:FB:41:74:18:5B,1,CPgLBIg0gK_/9L17zMo,AEAD_AES_256_GCM,FEFD
T01,1776278745817.612,transport,18755,3312394,TLS_ECDHE_ECDSA_WITH_CHACHA20_POLY1305_SHA256,client,connected,W1XI,controlling,connected,CF9D:0B:E1:AC:0A:E8:64:7D:63:1F:39:0B:12:1E:71:52:2F:5D:4A:C4:7C:39:72:D4:96:8B:DE:C4:A8:B3:03:1A,295,3740,CFD3:9A:DA:D9:5D:00:8C:3C:D7:69:84:D4:08:F6:C9:47:D5:04:40:27:71:C6:B8:F7:F6:CB:61:FB:41:74:18:5B,1,CPgLBIg0gK_/9L17zMo,AEAD_AES_256_GCM,FEFD
T01,1776278746017.574,transport,18903,3379781,TLS_ECDHE_ECDSA_WITH_CHACHA20_POLY1305_SHA256,client,connected,W1XI,controlling,connected,CF9D:0B:E1:AC:0A:E8:64:7D:63:1F:39:0B:12:1E:71:52:2F:5D:4A:C4:7C:39:72:D4:96:8B:DE:C4:A8:B3:03:1A,297,3805,CFD3:9A:DA:D9:5D:00:8C:3C:D7:69:84:D4:08:F6:C9:47:D5:04:40:27:71:C6:B8:F7:F6:CB:61:FB:41:74:18:5B,1,CPgLBIg0gK_/9L17zMo,AEAD_AES_256_GCM,FEFD
T01,1776278746017.574,transport,18903,3379781,TLS_ECDHE_ECDSA_WITH_CHACHA20_POLY1305_SHA256,client,connected,W1XI,controlling,connected,CF9D:0B:E1:AC:0A:E8:64:7D:63:1F:39:0B:12:1E:71:52:2F:5D:4A:C4:7C:39:72:D4:96:8B:DE:C4:A8:B3:03:1A,297,3805,CFD3:9A:DA:D9:5D:00:8C:3C:D7:69:84:D4:08:F6:C9:47:D5:04:40:27:71:C6:B8:F7:F6:CB:61:FB:41:74:18:5B,1,CPgLBIg0gK_/9L17zMo,AEAD_AES_256_GCM,FEFD
T01,1776278746217.557,transport,19055,3434936,TLS_ECDHE_ECDSA_WITH_CHACHA20_POLY1305_SHA256,client,connected,W1XI,controlling,connected,CF9D:0B:E1:AC:0A:E8:64:7D:63:1F:39:0B:12:1E:71:52:2F:5D:4A:C4:7C:39:72:D4:96:8B:DE:C4:A8:B3:03:1A,299,3857,CFD3:9A:DA:D9:5D:00:8C:3C:D7:69:84:D4:08:F6:C9:47:D5:04:40:27:71:C6:B8:F7:F6:CB:61:FB:41:74:18:5B,1,CPgLBIg0gK_/9L17zMo,AEAD_AES_256_GCM,FEFD
T01,1776278746217.557,transport,19055,3434936,TLS_ECDHE_ECDSA_WITH_CHACHA20_POLY1305_SHA256,client,connected,W1XI,controlling,connected,CF9D:0B:E1:AC:0A:E8:64:7D:63:1F:39:0B:12:1E:71:52:2F:5D:4A:C4:7C:39:72:D4:96:8B:DE:C4:A8:B3:03:1A,299,3857,CFD3:9A:DA:D9:5D:00:8C:3C:D7:69:84:D4:08:F6:C9:47:D5:04:40:27:71:C6:B8:F7:F6:CB:61:FB:41:74:18:5B,1,CPgLBIg0gK_/9L17zMo,AEAD_AES_256_GCM,FEFD
T01,1776278746417.682,transport,19359,3504145,TLS_ECDHE_ECDSA_WITH_CHACHA20_POLY1305_SHA256,client,connected,W1XI,controlling,connected,CF9D:0B:E1:AC:0A:E8:64:7D:63:1F:39:0B:12:1E:71:52:2F:5D:4A:C4:7C:39:72:D4:96:8B:DE:C4:A8:B3:03:1A,302,3924,CFD3:9A:DA:D9:5D:00:8C:3C:D7:69:84:D4:08:F6:C9:47:D5:04:40:27:71:C6:B8:F7:F6:CB:61:FB:41:74:18:5B,1,CPgLBIg0gK_/9L17zMo,AEAD_AES_256_GCM,FEFD
T01,1776278746417.682,transport,19359,3504145,TLS_ECDHE_ECDSA_WITH_CHACHA20_POLY1305_SHA256,client,connected,W1XI,controlling,connected,CF9D:0B:E1:AC:0A:E8:64:7D:63:1F:39:0B:12:1E:71:52:2F:5D:4A:C4:7C:39:72:D4:96:8B:DE:C4:A8:B3:03:1A,302,3924,CFD3:9A:DA:D9:5D:00:8C:3C:D7:69:84:D4:08:F6:C9:47:D5:04:40:27:71:C6:B8:F7:F6:CB:61:FB:41:74:18:5B,1,CPgLBIg0gK_/9L17zMo,AEAD_AES_256_GCM,FEFD
T01,1776278746617.559,transport,19515,3574416,TLS_ECDHE_ECDSA_WITH_CHACHA20_POLY1305_SHA256,client,connected,W1XI,controlling,connected,CF9D:0B:E1:AC:0A:E8:64:7D:63:1F:39:0B:12:1E:71:52:2F:5D:4A:C4:7C:39:72:D4:96:8B:DE:C4:A8:B3:03:1A,304,3992,CFD3:9A:DA:D9:5D:00:8C:3C:D7:69:84:D4:08:F6:C9:47:D5:04:40:27:71:C6:B8:F7:F6:CB:61:FB:41:74:18:5B,1,CPgLBIg0gK_/9L17zMo,AEAD_AES_256_GCM,FEFD
T01,1776278746617.559,transport,19515,3574416,TLS_ECDHE_ECDSA_WITH_CHACHA20_POLY1305_SHA256,client,connected,W1XI,controlling,connected,CF9D:0B:E1:AC:0A:E8:64:7D:63:1F:39:0B:12:1E:71:52:2F:5D:4A:C4:7C:39:72:D4:96:8B:DE:C4:A8:B3:03:1A,304,3992,CFD3:9A:DA:D9:5D:00:8C:3C:D7:69:84:D4:08:F6:C9:47:D5:04:40:27:71:C6:B8:F7:F6:CB:61:FB:41:74:18:5B,1,CPgLBIg0gK_/9L17zMo,AEAD_AES_256_GCM,FEFD
T01,1776278746817.539,transport,19667,3643949,TLS_ECDHE_ECDSA_WITH_CHACHA20_POLY1305_SHA256,client,connected,W1XI,controlling,connected,CF9D:0B:E1:AC:0A:E8:64:7D:63:1F:39:0B:12:1E:71:52:2F:5D:4A:C4:7C:39:72:D4:96:8B:DE:C4:A8:B3:03:1A,306,4062,CFD3:9A:DA:D9:5D:00:8C:3C:D7:69:84:D4:08:F6:C9:47:D5:04:40:27:71:C6:B8:F7:F6:CB:61:FB:41:74:18:5B,1,CPgLBIg0gK_/9L17zMo,AEAD_AES_256_GCM,FEFD
T01,1776278746817.539,transport,19667,3643949,TLS_ECDHE_ECDSA_WITH_CHACHA20_POLY1305_SHA256,client,connected,W1XI,controlling,connected,CF9D:0B:E1:AC:0A:E8:64:7D:63:1F:39:0B:12:1E:71:52:2F:5D:4A:C4:7C:39:72:D4:96:8B:DE:C4:A8:B3:03:1A,306,4062,CFD3:9A:DA:D9:5D:00:8C:3C:D7:69:84:D4:08:F6:C9:47:D5:04:40:27:71:C6:B8:F7:F6:CB:61:FB:41:74:18:5B,1,CPgLBIg0gK_/9L17zMo,AEAD_AES_256_GCM,FEFD

track,timestamp,framerate,width,height
0,1776278718818,30,1920,1080
0,1776278719018,30,1920,1080
0,1776278719218,30,1920,1080
0,1776278719418,30,1920,1080
0,1776278719618,30,1920,1080
0,1776278719817,30,1920,1080
0,1776278720018,30,1920,1080
0,1776278720218,30,1920,1080
0,1776278720418,30,1920,1080
0,1776278720619,30,1920,1080
0,1776278720818,30,1920,1080
0,1776278721018,30,1920,1080
0,1776278721218,30,1920,1080
0,1776278721418,30,1920,1080
0,1776278721618,30,1920,1080
0,1776278721818,30,1920,1080
0,1776278722018,30,1920,1080
0,1776278722218,30,1920,1080
0,1776278722419,30,1920,1080
0,1776278722618,30,1920,1080
0,1776278722818,30,1920,1080
0,1776278723018,30,1920,1080
0,1776278723218,30,1920,1080
0,1776278723418,30,1920,1080
0,1776278723618,30,1920,1080
0,1776278723818,30,1920,1080
0,1776278724018,30,1920,1080
0,1776278724218,30,1920,1080
0,1776278724419,30,1920,1080
0,1776278724618,30,1920,1080
0,1776278724818,30,1920,1080
0,1776278725018,30,1920,1080
0,1776278725218,30,1920,1080
0,1776278725418,30,1920,1080
0,1776278725618,30,1920,1080
0,1776278725818,30,1920,1080
0,1776278726018,30,1920,1080
0,1776278726218,30,1920,1080
0,1776278726418,30,1920,1080
0,1776278726618,30,1920,1080
0,1776278726818,30,1920,1080
0,1776278727018,30,1920,1080
0,1776278727218,30,1920,1080
0,1776278727418,30,1920,1080
0,1776278727618,30,1920,1080
0,1776278727818,30,1920,1080
0,1776278728018,30,1920,1080
0,1776278728218,30,1920,1080
0,1776278728418,30,1920,1080
0,1776278728618,30,1920,1080
0,1776278728818,30,1920,1080
0,1776278729018,30,1920,1080
0,1776278729218,30,1920,1080
0,1776278729418,30,1920,1080
0,1776278729618,30,1920,1080
0,1776278729818,30,1920,1080
0,1776278730018,30,1920,1080
0,1776278730218,30,1920,1080
0,1776278730418,30,1920,1080
0,1776278730618,30,1920,1080
0,1776278730818,30,1920,1080
0,1776278731018,30,1920,1080
0,1776278731218,30,1920,1080
0,1776278731418,30,1920,1080
0,1776278731618,30,1920,1080
0,1776278731818,30,1920,1080
0,1776278732018,30,1920,1080
0,1776278732218,30,1920,1080
0,1776278732418,30,1920,1080
0,1776278732618,30,1920,1080
0,1776278732818,30,1920,1080
0,1776278733018,30,1920,1080
0,1776278733218,30,1920,1080
0,1776278733418,30,1920,1080
0,1776278733618,30,1920,1080
0,1776278733818,30,1920,1080
0,1776278734018,30,1920,1080
0,1776278734218,30,1920,1080
0,1776278734419,30,1920,1080
0,1776278734618,30,1920,1080
0,1776278734818,30,1920,1080
0,1776278735017,30,1920,1080
0,1776278735218,30,1920,1080
0,1776278735418,30,1920,1080
0,1776278735617,30,1920,1080
0,1776278735818,30,1920,1080
0,1776278736018,30,1920,1080
0,1776278736218,30,1920,1080
0,1776278736418,30,1920,1080
0,1776278736618,30,1920,1080
0,1776278736818,30,1920,1080
0,1776278737018,30,1920,1080
0,1776278737218,30,1920,1080
0,1776278737418,30,1920,1080
0,1776278737618,30,1920,1080
0,1776278737818,30,1920,1080
0,1776278738018,30,1920,1080
0,1776278738218,30,1920,1080
0,1776278738418,30,1920,1080
0,1776278738618,30,1920,1080
0,1776278738818,30,1920,1080
0,1776278739018,30,1920,1080
0,1776278739218,30,1920,1080
0,1776278739419,30,1920,1080
0,1776278739619,30,1920,1080
0,1776278739818,30,1920,1080
0,1776278740018,30,1920,1080
0,1776278740218,30,1920,1080
0,1776278740418,30,1920,1080
0,1776278740617,30,1920,1080
0,1776278740817,30,1920,1080
0,1776278741017,30,1920,1080
0,1776278741217,30,1920,1080
0,1776278741417,30,1920,1080
0,1776278741618,30,1920,1080
0,1776278741818,30,1920,1080
0,1776278742018,30,1920,1080
0,1776278742218,30,1920,1080
0,1776278742418,30,1920,1080
0,1776278742618,30,1920,1080
0,1776278742819,30,1920,1080
0,1776278743018,30,1920,1080
0,1776278743218,30,1920,1080
0,1776278743418,30,1920,1080
0,1776278743618,30,1920,1080
0,1776278743818,30,1920,1080
0,1776278744018,30,1920,1080
0,1776278744218,30,1920,1080
0,1776278744418,30,1920,1080
0,1776278744618,30,1920,1080
0,1776278744818,30,1920,1080
0,1776278745017,30,1920,1080
0,1776278745217,30,1920,1080
0,1776278745417,30,1920,1080
0,1776278745618,30,1920,1080
0,1776278745818,30,1920,1080
0,1776278746018,30,1920,1080
0,1776278746217,30,1920,1080
0,1776278746418,30,1920,1080
0,1776278746617,30,1920,1080
0,1776278746817,30,1920,1080