id,timestamp,type,codecId,kind,mediaType,ssrc,transportId,bytesSent,packetsSent,active,encodingIndex,firCount,framesEncoded,framesSent,headerBytesSent,hugeFramesSent,keyFramesEncoded,mediaSourceId,mid,nackCount,packetsSentWithEct1,pliCount,qualityLimitationDurations,qualityLimitationReason,qualityLimitationResolutionChanges,retransmittedBytesSent,retransmittedPacketsSent,rtxSsrc,totalEncodeTime,totalEncodedBytesTarget,totalPacketSendDelay
OT01V3422098260,1776278953007.961,outbound-rtp,COT01_45_level-idx=5;profile=0;tier=0,video,video,3422098260,T01,0,0,true,0,0,0,0,0,0,0,SV326,0,0,0,0,[object Object],bandwidth,0,0,0,208898721,0,0,0
OT01V3422098260,1776278953007.961,outbound-rtp,COT01_45_level-idx=5;profile=0;tier=0,video,video,3422098260,T01,0,0,true,0,0,0,0,0,0,0,SV326,0,0,0,0,[object Object],bandwidth,0,0,0,208898721,0,0,0
OT01V3422098260,1776278953208.001,outbound-rtp,COT01_45_level-idx=5;profile=0;tier=0,video,video,3422098260,T01,9143,13,true,0,0,6,6,1265,2,2,SV326,0,0,0,1,[object Object],bandwidth,0,0,0,208898721,0.199,0,0.264457
OT01V3422098260,1776278953208.001,outbound-rtp,COT01_45_level-idx=5;profile=0;tier=0,video,video,3422098260,T01,9143,13,true,0,0,6,6,1265,2,2,SV326,0,0,0,1,[object Object],bandwidth,0,0,0,208898721,0.199,0,0.264457
OT01V3422098260,1776278953408.057,outbound-rtp,COT01_45_level-idx=5;profile=0;tier=0,video,video,3422098260,T01,14778,22,true,0,0,9,9,1657,3,2,SV326,0,0,0,1,[object Object],bandwidth,0,0,0,208898721,0.253,0,1.380612
OT01V3422098260,1776278953408.057,outbound-rtp,COT01_45_level-idx=5;profile=0;tier=0,video,video,3422098260,T01,14778,22,true,0,0,9,9,1657,3,2,SV326,0,0,0,1,[object Object],bandwidth,0,0,0,208898721,0.253,0,1.380612
OT01V3422098260,1776278953608.277,outbound-rtp,COT01_45_level-idx=5;profile=0;tier=0,video,video,3422098260,T01,22514,32,true,0,0,13,13,1993,3,2,SV326,0,0,0,1,[object Object],bandwidth,0,0,0,208898721,0.323,0,1.732731
OT01V3422098260,1776278953608.277,outbound-rtp,COT01_45_level-idx=5;profile=0;tier=0,video,video,3422098260,T01,22514,32,true,0,0,13,13,1993,3,2,SV326,0,0,0,1,[object Object],bandwidth,0,0,0,208898721,0.323,0,1.732731
OT01V3422098260,1776278953808.07,outbound-rtp,COT01_45_level-idx=5;profile=0;tier=0,video,video,3422098260,T01,28098,41,true,0,0,19,19,2281,3,2,SV326,0,0,0,1,[object Object],bandwidth,0,0,0,208898721,0.422,0,1.903961
OT01V3422098260,1776278953808.07,outbound-rtp,COT01_45_level-idx=5;profile=0;tier=0,video,video,3422098260,T01,28098,41,true,0,0,19,19,2281,3,2,SV326,0,0,0,1,[object Object],bandwidth,0,0,0,208898721,0.422,0,1.903961
OT01V3422098260,1776278954008.145,outbound-rtp,COT01_45_level-idx=5;profile=0;tier=0,video,video,3422098260,T01,33919,53,true,0,0,25,25,3406,3,2,SV326,0,0,0,1,[object Object],bandwidth,0,0,0,208898721,0.525,0,1.903975
OT01V3422098260,1776278954008.145,outbound-rtp,COT01_45_level-idx=5;profile=0;tier=0,video,video,3422098260,T01,33919,53,true,0,0,25,25,3406,3,2,SV326,0,0,0,1,[object Object],bandwidth,0,0,0,208898721,0.525,0,1.903975
OT01V3422098260,1776278954208.144,outbound-rtp,COT01_45_level-idx=5;profile=0;tier=0,video,video,3422098260,T01,39209,66,true,0,0,31,31,5627,4,3,SV326,0,0,0,2,[object Object],bandwidth,0,0,0,208898721,0.637,0,2.027338
OT01V3422098260,1776278954208.144,outbound-rtp,COT01_45_level-idx=5;profile=0;tier=0,video,video,3422098260,T01,39209,66,true,0,0,31,31,5627,4,3,SV326,0,0,0,2,[object Object],bandwidth,0,0,0,208898721,0.637,0,2.027338
OT01V3422098260,1776278954408.021,outbound-rtp,COT01_45_level-idx=5;profile=0;tier=0,video,video,3422098260,T01,47549,76,true,0,0,35,35,5943,4,3,SV326,0,0,0,2,[object Object],bandwidth,0,0,0,208898721,0.713,0,2.794969
OT01V3422098260,1776278954408.021,outbound-rtp,COT01_45_level-idx=5;profile=0;tier=0,video,video,3422098260,T01,47549,76,true,0,0,35,35,5943,4,3,SV326,0,0,0,2,[object Object],bandwidth,0,0,0,208898721,0.713,0,2.794969
OT01V3422098260,1776278954608.069,outbound-rtp,COT01_45_level-idx=5;profile=0;tier=0,video,video,3422098260,T01,54105,86,true,0,0,40,40,6263,4,3,SV326,0,0,0,2,[object Object],bandwidth,0,0,0,208898721,0.814,0,3.166808
OT01V3422098260,1776278954608.069,outbound-rtp,COT01_45_level-idx=5;profile=0;tier=0,video,video,3422098260,T01,54105,86,true,0,0,40,40,6263,4,3,SV326,0,0,0,2,[object Object],bandwidth,0,0,0,208898721,0.814,0,3.166808
OT01V3422098260,1776278954808.075,outbound-rtp,COT01_45_level-idx=5;profile=0;tier=0,video,video,3422098260,T01,58597,102,true,0,0,47,47,8751,4,3,SV326,0,0,0,2,[object Object],bandwidth,0,0,0,208898721,0.938,0,3.1668119999999997
OT01V3422098260,1776278954808.075,outbound-rtp,COT01_45_level-idx=5;profile=0;tier=0,video,video,3422098260,T01,58597,102,true,0,0,47,47,8751,4,3,SV326,0,0,0,2,[object Object],bandwidth,0,0,0,208898721,0.938,0,3.1668119999999997
OT01V3422098260,1776278955008.152,outbound-rtp,COT01_45_level-idx=5;profile=0;tier=0,video,video,3422098260,T01,63878,125,true,0,0,52,52,13439,4,3,SV326,0,0,0,2,[object Object],bandwidth,0,0,0,208898721,1.021,0,3.1668209999999997
OT01V3422098260,1776278955008.152,outbound-rtp,COT01_45_level-idx=5;profile=0;tier=0,video,video,3422098260,T01,63878,125,true,0,0,52,52,13439,4,3,SV326,0,0,0,2,[object Object],bandwidth,0,0,0,208898721,1.021,0,3.1668209999999997
OT01V3422098260,1776278955208.136,outbound-rtp,COT01_45_level-idx=5;profile=0;tier=0,video,video,3422098260,T01,68095,139,true,0,0,58,58,15369,4,3,SV326,0,0,0,2,[object Object],bandwidth,0,0,0,208898721,1.114,0,3.197355
OT01V3422098260,1776278955208.136,outbound-rtp,COT01_45_level-idx=5;profile=0;tier=0,video,video,3422098260,T01,68095,139,true,0,0,58,58,15369,4,3,SV326,0,0,0,2,[object Object],bandwidth,0,0,0,208898721,1.114,0,3.197355
OT01V3422098260,1776278955408.104,outbound-rtp,COT01_45_level-idx=5;profile=0;tier=0,video,video,3422098260,T01,70497,162,true,0,0,61,61,20798,4,3,SV326,0,0,0,2,[object Object],bandwidth,0,0,0,208898721,1.172,0,3.197359
OT01V3422098260,1776278955408.104,outbound-rtp,COT01_45_level-idx=5;profile=0;tier=0,video,video,3422098260,T01,70497,162,true,0,0,61,61,20798,4,3,SV326,0,0,0,2,[object Object],bandwidth,0,0,0,208898721,1.172,0,3.197359
OT01V3422098260,1776278955608.186,outbound-rtp,COT01_45_level-idx=5;profile=0;tier=0,video,video,3422098260,T01,74057,184,true,0,0,67,67,25207,4,3,SV326,0,0,0,2,[object Object],bandwidth,0,0,0,208898721,1.282,0,3.197365
OT01V3422098260,1776278955608.186,outbound-rtp,COT01_45_level-idx=5;profile=0;tier=0,video,video,3422098260,T01,74057,184,true,0,0,67,67,25207,4,3,SV326,0,0,0,2,[object Object],bandwidth,0,0,0,208898721,1.282,0,3.197365
OT01V3422098260,1776278955808.138,outbound-rtp,COT01_45_level-idx=5;profile=0;tier=0,video,video,3422098260,T01,78882,205,true,0,0,73,73,29090,4,3,SV326,0,0,0,2,[object Object],bandwidth,0,0,0,208898721,1.377,0,3.197371
OT01V3422098260,1776278955808.138,outbound-rtp,COT01_45_level-idx=5;profile=0;tier=0,video,video,3422098260,T01,78882,205,true,0,0,73,73,29090,4,3,SV326,0,0,0,2,[object Object],bandwidth,0,0,0,208898721,1.377,0,3.197371
OT01V3422098260,1776278956008.088,outbound-rtp,COT01_45_level-idx=5;profile=0;tier=0,video,video,3422098260,T01,82623,228,true,0,0,79,79,33531,4,3,SV326,0,0,0,2,[object Object],bandwidth,0,0,0,208898721,1.477,0,3.1973759999999998
OT01V3422098260,1776278956008.088,outbound-rtp,COT01_45_level-idx=5;profile=0;tier=0,video,video,3422098260,T01,82623,228,true,0,0,79,79,33531,4,3,SV326,0,0,0,2,[object Object],bandwidth,0,0,0,208898721,1.477,0,3.1973759999999998
OT01V3422098260,1776278956208.052,outbound-rtp,COT01_45_level-idx=5;profile=0;tier=0,video,video,3422098260,T01,89023,249,true,0,0,84,84,37414,4,3,SV326,0,0,0,2,[object Object],bandwidth,0,0,0,208898721,1.554,0,3.1973849999999997
OT01V3422098260,1776278956208.052,outbound-rtp,COT01_45_level-idx=5;profile=0;tier=0,video,video,3422098260,T01,89023,249,true,0,0,84,84,37414,4,3,SV326,0,0,0,2,[object Object],bandwidth,0,0,0,208898721,1.554,0,3.1973849999999997
OT01V3422098260,1776278956408.057,outbound-rtp,COT01_45_level-idx=5;profile=0;tier=0,video,video,3422098260,T01,92414,268,true,0,0,88,88,41480,4,3,SV326,0,0,0,2,[object Object],bandwidth,0,0,0,208898721,1.626,0,3.19739
OT01V3422098260,1776278956408.057,outbound-rtp,COT01_45_level-idx=5;profile=0;tier=0,video,video,3422098260,T01,92414,268,true,0,0,88,88,41480,4,3,SV326,0,0,0,2,[object Object],bandwidth,0,0,0,208898721,1.626,0,3.19739
OT01V3422098260,1776278956608.137,outbound-rtp,COT01_45_level-idx=5;profile=0;tier=0,video,video,3422098260,T01,95717,294,true,0,0,95,95,46758,4,3,SV326,0,0,0,2,[object Object],bandwidth,0,0,0,208898721,1.738,0,3.197394
OT01V3422098260,1776278956608.137,outbound-rtp,COT01_45_level-idx=5;profile=0;tier=0,video,video,3422098260,T01,95717,294,true,0,0,95,95,46758,4,3,SV326,0,0,0,2,[object Object],bandwidth,0,0,0,208898721,1.738,0,3.197394
OT01V3422098260,1776278956808.032,outbound-rtp,COT01_45_level-idx=5;profile=0;tier=0,video,video,3422098260,T01,101478,317,true,0,0,101,101,50952,4,3,SV326,0,0,0,2,[object Object],bandwidth,0,0,0,208898721,1.83,0,3.197402
OT01V3422098260,1776278956808.032,outbound-rtp,COT01_45_level-idx=5;profile=0;tier=0,video,video,3422098260,T01,101478,317,true,0,0,101,101,50952,4,3,SV326,0,0,0,2,[object Object],bandwidth,0,0,0,208898721,1.83,0,3.197402
OT01V3422098260,1776278957008.18,outbound-rtp,COT01_45_level-idx=5;profile=0;tier=0,video,video,3422098260,T01,104550,342,true,0,0,107,107,56198,4,3,SV326,0,0,0,2,[object Object],bandwidth,0,0,0,208898721,1.91,0,3.197403
OT01V3422098260,1776278957008.18,outbound-rtp,COT01_45_level-idx=5;profile=0;tier=0,video,video,3422098260,T01,104550,342,true,0,0,107,107,56198,4,3,SV326,0,0,0,2,[object Object],bandwidth,0,0,0,208898721,1.91,0,3.197403
OT01V3422098260,1776278957208.131,outbound-rtp,COT01_45_level-idx=5;profile=0;tier=0,video,video,3422098260,T01,109638,368,true,0,0,113,113,61229,4,3,SV326,0,0,0,2,[object Object],bandwidth,0,0,0,208898721,2.011,0,3.197411
OT01V3422098260,1776278957208.131,outbound-rtp,COT01_45_level-idx=5;profile=0;tier=0,video,video,3422098260,T01,109638,368,true,0,0,113,113,61229,4,3,SV326,0,0,0,2,[object Object],bandwidth,0,0,0,208898721,2.011,0,3.197411
OT01V3422098260,1776278957408.018,outbound-rtp,COT01_45_level-idx=5;profile=0;tier=0,video,video,3422098260,T01,117074,386,true,0,0,120,120,64108,5,4,SV326,0,0,0,2,[object Object],bandwidth,1,0,0,208898721,2.127,0,3.4097489999999997
OT01V3422098260,1776278957408.018,outbound-rtp,COT01_45_level-idx=5;profile=0;tier=0,video,video,3422098260,T01,117074,386,true,0,0,120,120,64108,5,4,SV326,0,0,0,2,[object Object],bandwidth,1,0,0,208898721,2.127,0,3.4097489999999997
OT01V3422098260,1776278957608.047,outbound-rtp,COT01_45_level-idx=5;profile=0;tier=0,video,video,3422098260,T01,126492,397,true,0,0,126,126,64456,6,4,SV326,0,0,0,2,[object Object],bandwidth,1,0,0,208898721,2.233,0,5.025793999999999
OT01V3422098260,1776278957608.047,outbound-rtp,COT01_45_level-idx=5;profile=0;tier=0,video,video,3422098260,T01,126492,397,true,0,0,126,126,64456,6,4,SV326,0,0,0,2,[object Object],bandwidth,1,0,0,208898721,2.233,0,5.025793999999999
OT01V3422098260,1776278957808.107,outbound-rtp,COT01_45_level-idx=5;profile=0;tier=0,video,video,3422098260,T01,136777,413,true,0,0,133,133,64968,7,4,SV326,0,0,0,2,[object Object],bandwidth,1,0,0,208898721,2.35,0,5.675142999999999
OT01V3422098260,1776278957808.107,outbound-rtp,COT01_45_level-idx=5;profile=0;tier=0,video,video,3422098260,T01,136777,413,true,0,0,133,133,64968,7,4,SV326,0,0,0,2,[object Object],bandwidth,1,0,0,208898721,2.35,0,5.675142999999999
OT01V3422098260,1776278958008.13,outbound-rtp,COT01_45_level-idx=5;profile=0;tier=0,video,video,3422098260,T01,144268,424,true,0,0,138,138,65320,7,4,SV326,0,0,0,2,[object Object],bandwidth,1,0,0,208898721,2.435,0,6.103205
OT01V3422098260,1776278958008.13,outbound-rtp,COT01_45_level-idx=5;profile=0;tier=0,video,video,3422098260,T01,144268,424,true,0,0,138,138,65320,7,4,SV326,0,0,0,2,[object Object],bandwidth,1,0,0,208898721,2.435,0,6.103205
OT01V3422098260,1776278958208.053,outbound-rtp,COT01_45_level-idx=5;profile=0;tier=0,video,video,3422098260,T01,156600,439,true,0,0,144,144,66330,8,4,SV326,0,0,0,2,[object Object],bandwidth,1,0,0,208898721,2.584,0,6.786322999999999
OT01V3422098260,1776278958208.053,outbound-rtp,COT01_45_level-idx=5;profile=0;tier=0,video,video,3422098260,T01,156600,439,true,0,0,144,144,66330,8,4,SV326,0,0,0,2,[object Object],bandwidth,1,0,0,208898721,2.584,0,6.786322999999999
OT01V3422098260,1776278958408.007,outbound-rtp,COT01_45_level-idx=5;profile=0;tier=0,video,video,3422098260,T01,167235,452,true,0,0,150,150,66774,9,4,SV326,0,0,0,2,[object Object],bandwidth,1,0,0,208898721,2.71,0,7.860836
OT01V3422098260,1776278958408.007,outbound-rtp,COT01_45_level-idx=5;profile=0;tier=0,video,video,3422098260,T01,167235,452,true,0,0,150,150,66774,9,4,SV326,0,0,0,2,[object Object],bandwidth,1,0,0,208898721,2.71,0,7.860836
OT01V3422098260,1776278958608.073,outbound-rtp,COT01_45_level-idx=5;profile=0;tier=0,video,video,3422098260,T01,179875,466,true,0,0,158,158,67258,10,4,SV326,0,0,0,2,[object Object],bandwidth,1,0,0,208898721,2.872,0,9.031149
OT01V3422098260,1776278958608.073,outbound-rtp,COT01_45_level-idx=5;profile=0;tier=0,video,video,3422098260,T01,179875,466,true,0,0,158,158,67258,10,4,SV326,0,0,0,2,[object Object],bandwidth,1,0,0,208898721,2.872,0,9.031149
OT01V3422098260,1776278958808.136,outbound-rtp,COT01_45_level-idx=5;profile=0;tier=0,video,video,3422098260,T01,188365,481,true,0,0,164,164,67738,10,4,SV326,0,0,0,2,[object Object],bandwidth,1,0,0,208898721,3.007,0,9.909239999999999
OT01V3422098260,1776278958808.136,outbound-rtp,COT01_45_level-idx=5;profile=0;tier=0,video,video,3422098260,T01,188365,481,true,0,0,164,164,67738,10,4,SV326,0,0,0,2,[object Object],bandwidth,1,0,0,208898721,3.007,0,9.909239999999999
OT01V3422098260,1776278959008.06,outbound-rtp,COT01_45_level-idx=5;profile=0;tier=0,video,video,3422098260,T01,195293,495,true,0,0,171,171,69182,11,4,SV326,0,0,0,2,[object Object],bandwidth,1,0,0,208898721,3.135,0,9.909252
OT01V3422098260,1776278959008.06,outbound-rtp,COT01_45_level-idx=5;profile=0;tier=0,video,video,3422098260,T01,195293,495,true,0,0,171,171,69182,11,4,SV326,0,0,0,2,[object Object],bandwidth,1,0,0,208898721,3.135,0,9.909252
OT01V3422098260,1776278959207.937,outbound-rtp,COT01_45_level-idx=5;profile=0;tier=0,video,video,3422098260,T01,207316,508,true,0,0,180,180,69634,13,4,SV326,0,0,0,2,[object Object],bandwidth,1,0,0,208898721,3.338,0,10.655006
OT01V3422098260,1776278959207.937,outbound-rtp,COT01_45_level-idx=5;profile=0;tier=0,video,video,3422098260,T01,207316,508,true,0,0,180,180,69634,13,4,SV326,0,0,0,2,[object Object],bandwidth,1,0,0,208898721,3.338,0,10.655006
OT01V3422098260,1776278959407.979,outbound-rtp,COT01_45_level-idx=5;profile=0;tier=0,video,video,3422098260,T01,218687,524,true,0,0,185,185,70170,13,4,SV326,0,0,0,2,[object Object],bandwidth,1,0,0,208898721,3.432,0,12.342348
OT01V3422098260,1776278959407.979,outbound-rtp,COT01_45_level-idx=5;profile=0;tier=0,video,video,3422098260,T01,218687,524,true,0,0,185,185,70170,13,4,SV326,0,0,0,2,[object Object],bandwidth,1,0,0,208898721,3.432,0,12.342348
OT01V3422098260,1776278959607.964,outbound-rtp,COT01_45_level-idx=5;profile=0;tier=0,video,video,3422098260,T01,224998,542,true,0,0,191,191,73216,14,4,SV326,0,0,0,2,[object Object],bandwidth,1,0,0,208898721,3.576,0,12.4055
OT01V3422098260,1776278959607.964,outbound-rtp,COT01_45_level-idx=5;profile=0;tier=0,video,video,3422098260,T01,224998,542,true,0,0,191,191,73216,14,4,SV326,0,0,0,2,[object Object],bandwidth,1,0,0,208898721,3.576,0,12.4055
OT01V3422098260,1776278959808.072,outbound-rtp,COT01_45_level-idx=5;profile=0;tier=0,video,video,3422098260,T01,237935,557,true,0,0,198,198,73696,14,4,SV326,0,0,0,2,[object Object],bandwidth,1,0,0,208898721,3.73,0,13.09159
OT01V3422098260,1776278959808.072,outbound-rtp,COT01_45_level-idx=5;profile=0;tier=0,video,video,3422098260,T01,237935,557,true,0,0,198,198,73696,14,4,SV326,0,0,0,2,[object Object],bandwidth,1,0,0,208898721,3.73,0,13.09159
OT01V3422098260,1776278960008.074,outbound-rtp,COT01_45_level-idx=5;profile=0;tier=0,video,video,3422098260,T01,248101,571,true,0,0,206,206,74144,15,4,SV326,0,0,0,2,[object Object],bandwidth,1,0,0,208898721,3.883,0,13.520045999999999
OT01V3422098260,1776278960008.074,outbound-rtp,COT01_45_level-idx=5;profile=0;tier=0,video,video,3422098260,T01,248101,571,true,0,0,206,206,74144,15,4,SV326,0,0,0,2,[object Object],bandwidth,1,0,0,208898721,3.883,0,13.520045999999999
OT01V3422098260,1776278960208.154,outbound-rtp,COT01_45_level-idx=5;profile=0;tier=0,video,video,3422098260,T01,259344,597,true,0,0,213,213,77446,16,4,SV326,0,0,0,2,[object Object],bandwidth,1,0,0,208898721,4.017,0,13.822111
OT01V3422098260,1776278960208.154,outbound-rtp,COT01_45_level-idx=5;profile=0;tier=0,video,video,3422098260,T01,259344,597,true,0,0,213,213,77446,16,4,SV326,0,0,0,2,[object Object],bandwidth,1,0,0,208898721,4.017,0,13.822111
OT01V3422098260,1776278960408.104,outbound-rtp,COT01_45_level-idx=5;profile=0;tier=0,video,video,3422098260,T01,268245,609,true,0,0,219,219,77830,16,4,SV326,0,0,0,2,[object Object],bandwidth,1,0,0,208898721,4.144,0,14.477255999999999
OT01V3422098260,1776278960408.104,outbound-rtp,COT01_45_level-idx=5;profile=0;tier=0,video,video,3422098260,T01,268245,609,true,0,0,219,219,77830,16,4,SV326,0,0,0,2,[object Object],bandwidth,1,0,0,208898721,4.144,0,14.477255999999999
OT01V3422098260,1776278960608.024,outbound-rtp,COT01_45_level-idx=5;profile=0;tier=0,video,video,3422098260,T01,276136,645,true,0,0,227,227,84910,17,4,SV326,0,0,0,2,[object Object],bandwidth,1,0,0,208898721,4.297,0,14.477300999999999
OT01V3422098260,1776278960608.024,outbound-rtp,COT01_45_level-idx=5;profile=0;tier=0,video,video,3422098260,T01,276136,645,true,0,0,227,227,84910,17,4,SV326,0,0,0,2,[object Object],bandwidth,1,0,0,208898721,4.297,0,14.477300999999999
OT01V3422098260,1776278960808.07,outbound-rtp,COT01_45_level-idx=5;profile=0;tier=0,video,video,3422098260,T01,289459,660,true,0,0,235,235,85406,18,4,SV326,0,0,0,2,[object Object],bandwidth,1,0,0,208898721,4.471,0,15.159946
OT01V3422098260,1776278960808.07,outbound-rtp,COT01_45_level-idx=5;profile=0;tier=0,video,video,3422098260,T01,289459,660,true,0,0,235,235,85406,18,4,SV326,0,0,0,2,[object Object],bandwidth,1,0,0,208898721,4.471,0,15.159946
OT01V3422098260,1776278961008.149,outbound-rtp,COT01_45_level-idx=5;profile=0;tier=0,video,video,3422098260,T01,297435,674,true,0,0,242,242,86356,18,4,SV326,0,0,0,2,[object Object],bandwidth,1,0,0,208898721,4.58,0,15.684337999999999
OT01V3422098260,1776278961008.149,outbound-rtp,COT01_45_level-idx=5;profile=0;tier=0,video,video,3422098260,T01,297435,674,true,0,0,242,242,86356,18,4,SV326,0,0,0,2,[object Object],bandwidth,1,0,0,208898721,4.58,0,15.684337999999999
OT01V3422098260,1776278961208.126,outbound-rtp,COT01_45_level-idx=5;profile=0;tier=0,video,video,3422098260,T01,307611,694,true,0,0,247,247,88478,18,4,SV326,0,0,0,2,[object Object],bandwidth,1,0,0,208898721,4.683,0,15.834969
OT01V3422098260,1776278961208.126,outbound-rtp,COT01_45_level-idx=5;profile=0;tier=0,video,video,3422098260,T01,307611,694,true,0,0,247,247,88478,18,4,SV326,0,0,0,2,[object Object],bandwidth,1,0,0,208898721,4.683,0,15.834969
OT01V3422098260,1776278961408.103,outbound-rtp,COT01_45_level-idx=5;profile=0;tier=0,video,video,3422098260,T01,322838,713,true,0,0,255,255,89086,19,4,SV326,0,0,0,2,[object Object],bandwidth,1,0,0,208898721,4.886,0,15.86165
OT01V3422098260,1776278961408.103,outbound-rtp,COT01_45_level-idx=5;profile=0;tier=0,video,video,3422098260,T01,322838,713,true,0,0,255,255,89086,19,4,SV326,0,0,0,2,[object Object],bandwidth,1,0,0,208898721,4.886,0,15.86165
OT01V3422098260,1776278961608.138,outbound-rtp,COT01_45_level-idx=5;profile=0;tier=0,video,video,3422098260,T01,333958,728,true,0,0,262,262,89566,19,4,SV326,0,0,0,2,[object Object],bandwidth,1,0,0,208898721,5.036,0,16.212412
OT01V3422098260,1776278961608.138,outbound-rtp,COT01_45_level-idx=5;profile=0;tier=0,video,video,3422098260,T01,333958,728,true,0,0,262,262,89566,19,4,SV326,0,0,0,2,[object Object],bandwidth,1,0,0,208898721,5.036,0,16.212412
OT01V3422098260,1776278961808.1,outbound-rtp,COT01_45_level-idx=5;profile=0;tier=0,video,video,3422098260,T01,345195,750,true,0,0,272,272,92740,21,4,SV326,0,0,0,2,[object Object],bandwidth,1,0,0,208898721,5.281,0,16.441976999999998
OT01V3422098260,1776278961808.1,outbound-rtp,COT01_45_level-idx=5;profile=0;tier=0,video,video,3422098260,T01,345195,750,true,0,0,272,272,92740,21,4,SV326,0,0,0,2,[object Object],bandwidth,1,0,0,208898721,5.281,0,16.441976999999998
OT01V3422098260,1776278962008.091,outbound-rtp,COT01_45_level-idx=5;profile=0;tier=0,video,video,3422098260,T01,358197,768,true,0,0,277,277,93316,21,4,SV326,0,0,0,2,[object Object],bandwidth,1,0,0,208898721,5.374,0,17.632485
OT01V3422098260,1776278962008.091,outbound-rtp,COT01_45_level-idx=5;profile=0;tier=0,video,video,3422098260,T01,358197,768,true,0,0,277,277,93316,21,4,SV326,0,0,0,2,[object Object],bandwidth,1,0,0,208898721,5.374,0,17.632485
OT01V3422098260,1776278962208.122,outbound-rtp,COT01_45_level-idx=5;profile=0;tier=0,video,video,3422098260,T01,363223,804,true,0,0,283,283,101384,21,4,SV326,0,0,0,2,[object Object],bandwidth,1,0,0,208898721,5.503,0,17.632537
OT01V3422098260,1776278962208.122,outbound-rtp,COT01_45_level-idx=5;profile=0;tier=0,video,video,3422098260,T01,363223,804,true,0,0,283,283,101384,21,4,SV326,0,0,0,2,[object Object],bandwidth,1,0,0,208898721,5.503,0,17.632537
OT01V3422098260,1776278962408.099,outbound-rtp,COT01_45_level-idx=5;profile=0;tier=0,video,video,3422098260,T01,374784,829,true,0,0,291,291,105164,23,4,SV326,0,0,0,2,[object Object],bandwidth,1,0,0,208898721,5.682,0,17.822119
OT01V3422098260,1776278962408.099,outbound-rtp,COT01_45_level-idx=5;profile=0;tier=0,video,video,3422098260,T01,374784,829,true,0,0,291,291,105164,23,4,SV326,0,0,0,2,[object Object],bandwidth,1,0,0,208898721,5.682,0,17.822119
OT01V3422098260,1776278962608.207,outbound-rtp,COT01_45_level-idx=5;profile=0;tier=0,video,video,3422098260,T01,390047,848,true,0,0,300,300,105784,24,4,SV326,0,0,0,2,[object Object],bandwidth,1,0,0,208898721,5.875,0,18.046416
OT01V3422098260,1776278962608.207,outbound-rtp,COT01_45_level-idx=5;profile=0;tier=0,video,video,3422098260,T01,390047,848,true,0,0,300,300,105784,24,4,SV326,0,0,0,2,[object Object],bandwidth,1,0,0,208898721,5.875,0,18.046416
OT01V3422098260,1776278962808.12,outbound-rtp,COT01_45_level-idx=5;profile=0;tier=0,video,video,3422098260,T01,402166,863,true,0,0,305,305,106264,24,4,SV326,0,0,0,2,[object Object],bandwidth,1,0,0,208898721,5.977,0,18.278506999999998
OT01V3422098260,1776278962808.12,outbound-rtp,COT01_45_level-idx=5;profile=0;tier=0,video,video,3422098260,T01,402166,863,true,0,0,305,305,106264,24,4,SV326,0,0,0,2,[object Object],bandwidth,1,0,0,208898721,5.977,0,18.278506999999998
OT01V3422098260,1776278963008.064,outbound-rtp,COT01_45_level-idx=5;profile=0;tier=0,video,video,3422098260,T01,417635,880,true,0,0,314,314,106808,25,4,SV326,0,0,0,2,[object Object],bandwidth,1,0,0,208898721,6.18,0,18.278517
OT01V3422098260,1776278963008.064,outbound-rtp,COT01_45_level-idx=5;profile=0;tier=0,video,video,3422098260,T01,417635,880,true,0,0,314,314,106808,25,4,SV326,0,0,0,2,[object Object],bandwidth,1,0,0,208898721,6.18,0,18.278517
OT01V3422098260,1776278963208.07,outbound-rtp,COT01_45_level-idx=5;profile=0;tier=0,video,video,3422098260,T01,430946,896,true,0,0,319,319,107320,25,4,SV326,0,0,0,2,[object Object],bandwidth,1,0,0,208898721,6.288,0,18.529663
OT01V3422098260,1776278963208.07,outbound-rtp,COT01_45_level-idx=5;profile=0;tier=0,video,video,3422098260,T01,430946,896,true,0,0,319,319,107320,25,4,SV326,0,0,0,2,[object Object],bandwidth,1,0,0,208898721,6.288,0,18.529663
OT01V3422098260,1776278963407.956,outbound-rtp,COT01_45_level-idx=5;profile=0;tier=0,video,video,3422098260,T01,449694,917,true,0,0,328,328,107992,25,4,SV326,0,0,0,2,[object Object],bandwidth,1,0,0,208898721,6.485,0,18.529674
OT01V3422098260,1776278963407.956,outbound-rtp,COT01_45_level-idx=5;profile=0;tier=0,video,video,3422098260,T01,449694,917,true,0,0,328,328,107992,25,4,SV326,0,0,0,2,[object Object],bandwidth,1,0,0,208898721,6.485,0,18.529674
OT01V3422098260,1776278963608.094,outbound-rtp,COT01_45_level-idx=5;profile=0;tier=0,video,video,3422098260,T01,465926,934,true,0,0,336,336,108580,26,4,SV326,0,0,0,2,[object Object],bandwidth,1,0,0,208898721,6.665,0,19.133292
OT01V3422098260,1776278963608.094,outbound-rtp,COT01_45_level-idx=5;profile=0;tier=0,video,video,3422098260,T01,465926,934,true,0,0,336,336,108580,26,4,SV326,0,0,0,2,[object Object],bandwidth,1,0,0,208898721,6.665,0,19.133292
OT01V3422098260,1776278963808.095,outbound-rtp,COT01_45_level-idx=5;profile=0;tier=0,video,video,3422098260,T01,477432,949,true,0,0,343,343,109064,26,4,SV326,0,0,0,2,[object Object],bandwidth,1,0,0,208898721,6.823,0,19.237038
OT01V3422098260,1776278963808.095,outbound-rtp,COT01_45_level-idx=5;profile=0;tier=0,video,video,3422098260,T01,477432,949,true,0,0,343,343,109064,26,4,SV326,0,0,0,2,[object Object],bandwidth,1,0,0,208898721,6.823,0,19.237038
OT01V3422098260,1776278964008.092,outbound-rtp,COT01_45_level-idx=5;profile=0;tier=0,video,video,3422098260,T01,493328,966,true,0,0,349,349,109608,27,4,SV326,0,0,0,2,[object Object],bandwidth,1,0,0,208898721,6.946,0,19.355302
OT01V3422098260,1776278964008.092,outbound-rtp,COT01_45_level-idx=5;profile=0;tier=0,video,video,3422098260,T01,493328,966,true,0,0,349,349,109608,27,4,SV326,0,0,0,2,[object Object],bandwidth,1,0,0,208898721,6.946,0,19.355302
OT01V3422098260,1776278964208.091,outbound-rtp,COT01_45_level-idx=5;profile=0;tier=0,video,video,3422098260,T01,510966,987,true,0,0,359,359,110280,28,4,SV326,0,0,0,2,[object Object],bandwidth,1,0,0,208898721,7.147,0,19.393237
OT01V3422098260,1776278964208.091,outbound-rtp,COT01_45_level-idx=5;profile=0;tier=0,video,video,3422098260,T01,510966,987,true,0,0,359,359,110280,28,4,SV326,0,0,0,2,[object Object],bandwidth,1,0,0,208898721,7.147,0,19.393237
OT01V3422098260,1776278964408.017,outbound-rtp,COT01_45_level-idx=5;profile=0;tier=0,video,video,3422098260,T01,525493,1003,true,0,0,364,364,110792,28,4,SV326,0,0,0,2,[object Object],bandwidth,1,0,0,208898721,7.255,0,19.642920999999998
OT01V3422098260,1776278964408.017,outbound-rtp,COT01_45_level-idx=5;profile=0;tier=0,video,video,3422098260,T01,525493,1003,true,0,0,364,364,110792,28,4,SV326,0,0,0,2,[object Object],bandwidth,1,0,0,208898721,7.255,0,19.642920999999998
OT01V3422098260,1776278964608.141,outbound-rtp,COT01_45_level-idx=5;profile=0;tier=0,video,video,3422098260,T01,544653,1024,true,0,0,373,373,111464,29,4,SV326,0,0,0,2,[object Object],bandwidth,1,0,0,208898721,7.448,0,19.769036
OT01V3422098260,1776278964608.141,outbound-rtp,COT01_45_level-idx=5;profile=0;tier=0,video,video,3422098260,T01,544653,1024,true,0,0,373,373,111464,29,4,SV326,0,0,0,2,[object Object],bandwidth,1,0,0,208898721,7.448,0,19.769036
OT01V3422098260,1776278964808.012,outbound-rtp,COT01_45_level-idx=5;profile=0;tier=0,video,video,3422098260,T01,559022,1042,true,0,0,381,381,112040,29,4,SV326,0,0,0,2,[object Object],bandwidth,1,0,0,208898721,7.636,0,20.341457
OT01V3422098260,1776278964808.012,outbound-rtp,COT01_45_level-idx=5;profile=0;tier=0,video,video,3422098260,T01,559022,1042,true,0,0,381,381,112040,29,4,SV326,0,0,0,2,[object Object],bandwidth,1,0,0,208898721,7.636,0,20.341457
OT01V3422098260,1776278965008.026,outbound-rtp,COT01_45_level-idx=5;profile=0;tier=0,video,video,3422098260,T01,577539,1061,true,0,0,389,389,112648,30,4,SV326,0,0,0,2,[object Object],bandwidth,1,0,0,208898721,7.771,0,20.383084999999998
OT01V3422098260,1776278965008.026,outbound-rtp,COT01_45_level-idx=5;profile=0;tier=0,video,video,3422098260,T01,577539,1061,true,0,0,389,389,112648,30,4,SV326,0,0,0,2,[object Object],bandwidth,1,0,0,208898721,7.771,0,20.383084999999998
OT01V3422098260,1776278965208.111,outbound-rtp,COT01_45_level-idx=5;profile=0;tier=0,video,video,3422098260,T01,594104,1080,true,0,0,396,396,113256,30,4,SV326,0,0,0,2,[object Object],bandwidth,1,0,0,208898721,7.925,0,21.185872
OT01V3422098260,1776278965208.111,outbound-rtp,COT01_45_level-idx=5;profile=0;tier=0,video,video,3422098260,T01,594104,1080,true,0,0,396,396,113256,30,4,SV326,0,0,0,2,[object Object],bandwidth,1,0,0,208898721,7.925,0,21.185872
OT01V3422098260,1776278965407.995,outbound-rtp,COT01_45_level-idx=5;profile=0;tier=0,video,video,3422098260,T01,610442,1100,true,0,0,402,402,113896,30,4,SV326,0,0,0,2,[object Object],bandwidth,1,0,0,208898721,8.042,0,21.28726
OT01V3422098260,1776278965407.995,outbound-rtp,COT01_45_level-idx=5;profile=0;tier=0,video,video,3422098260,T01,610442,1100,true,0,0,402,402,113896,30,4,SV326,0,0,0,2,[object Object],bandwidth,1,0,0,208898721,8.042,0,21.28726
OT01V3422098260,1776278965608.117,outbound-rtp,COT01_45_level-idx=5;profile=0;tier=0,video,video,3422098260,T01,629566,1122,true,0,0,412,412,114600,30,4,SV326,0,0,0,2,[object Object],bandwidth,1,0,0,208898721,8.246,0,21.425445
OT01V3422098260,1776278965608.117,outbound-rtp,COT01_45_level-idx=5;profile=0;tier=0,video,video,3422098260,T01,629566,1122,true,0,0,412,412,114600,30,4,SV326,0,0,0,2,[object Object],bandwidth,1,0,0,208898721,8.246,0,21.425445
OT01V3422098260,1776278965808.107,outbound-rtp,COT01_45_level-idx=5;profile=0;tier=0,video,video,3422098260,T01,645879,1139,true,0,0,419,419,115144,30,4,SV326,0,0,0,2,[object Object],bandwidth,1,0,0,208898721,8.422,0,21.445126
OT01V3422098260,1776278965808.107,outbound-rtp,COT01_45_level-idx=5;profile=0;tier=0,video,video,3422098260,T01,645879,1139,true,0,0,419,419,115144,30,4,SV326,0,0,0,2,[object Object],bandwidth,1,0,0,208898721,8.422,0,21.445126
OT01V3422098260,1776278966008.103,outbound-rtp,COT01_45_level-idx=5;profile=0;tier=0,video,video,3422098260,T01,666906,1161,true,0,0,429,429,115848,30,4,SV326,0,0,0,2,[object Object],bandwidth,1,0,0,208898721,8.625,0,21.774323
OT01V3422098260,1776278966008.103,outbound-rtp,COT01_45_level-idx=5;profile=0;tier=0,video,video,3422098260,T01,666906,1161,true,0,0,429,429,115848,30,4,SV326,0,0,0,2,[object Object],bandwidth,1,0,0,208898721,8.625,0,21.774323
OT01V3422098260,1776278966208.156,outbound-rtp,COT01_45_level-idx=5;profile=0;tier=0,video,video,3422098260,T01,683761,1181,true,0,0,437,437,116488,31,4,SV326,0,0,0,2,[object Object],bandwidth,1,0,0,208898721,8.776,0,21.981185999999997
OT01V3422098260,1776278966208.156,outbound-rtp,COT01_45_level-idx=5;profile=0;tier=0,video,video,3422098260,T01,683761,1181,true,0,0,437,437,116488,31,4,SV326,0,0,0,2,[object Object],bandwidth,1,0,0,208898721,8.776,0,21.981185999999997
OT01V3422098260,1776278966408.181,outbound-rtp,COT01_45_level-idx=5;profile=0;tier=0,video,video,3422098260,T01,702570,1202,true,0,0,443,443,117160,31,4,SV326,0,0,0,2,[object Object],bandwidth,1,0,0,208898721,8.898,0,22.497692999999998
OT01V3422098260,1776278966408.181,outbound-rtp,COT01_45_level-idx=5;profile=0;tier=0,video,video,3422098260,T01,702570,1202,true,0,0,443,443,117160,31,4,SV326,0,0,0,2,[object Object],bandwidth,1,0,0,208898721,8.898,0,22.497692999999998
OT01V3422098260,1776278966608.025,outbound-rtp,COT01_45_level-idx=5;profile=0;tier=0,video,video,3422098260,T01,725612,1228,true,0,0,453,453,117992,31,4,SV326,0,0,0,2,[object Object],bandwidth,1,0,0,208898721,9.132,0,22.529891
OT01V3422098260,1776278966608.025,outbound-rtp,COT01_45_level-idx=5;profile=0;tier=0,video,video,3422098260,T01,725612,1228,true,0,0,453,453,117992,31,4,SV326,0,0,0,2,[object Object],bandwidth,1,0,0,208898721,9.132,0,22.529891
OT01V3422098260,1776278966808.088,outbound-rtp,COT01_45_level-idx=5;profile=0;tier=0,video,video,3422098260,T01,744744,1250,true,0,0,461,461,118696,31,4,SV326,0,0,0,2,[object Object],bandwidth,1,0,0,208898721,9.296,0,22.529905
OT01V3422098260,1776278966808.088,outbound-rtp,COT01_45_level-idx=5;profile=0;tier=0,video,video,3422098260,T01,744744,1250,true,0,0,461,461,118696,31,4,SV326,0,0,0,2,[object Object],bandwidth,1,0,0,208898721,9.296,0,22.529905
OT01V3422098260,1776278967008.06,outbound-rtp,COT01_45_level-idx=5;profile=0;tier=0,video,video,3422098260,T01,762928,1270,true,0,0,470,470,119336,31,4,SV326,0,0,0,2,[object Object],bandwidth,1,0,0,208898721,9.517,0,22.630042
OT01V3422098260,1776278967008.06,outbound-rtp,COT01_45_level-idx=5;profile=0;tier=0,video,video,3422098260,T01,762928,1270,true,0,0,470,470,119336,31,4,SV326,0,0,0,2,[object Object],bandwidth,1,0,0,208898721,9.517,0,22.630042
OT01V3422098260,1776278967208.063,outbound-rtp,COT01_45_level-idx=5;profile=0;tier=0,video,video,3422098260,T01,783323,1292,true,0,0,478,478,120040,31,4,SV326,0,0,0,2,[object Object],bandwidth,1,0,0,208898721,9.701,0,22.651035999999998
OT01V3422098260,1776278967208.063,outbound-rtp,COT01_45_level-idx=5;profile=0;tier=0,video,video,3422098260,T01,783323,1292,true,0,0,478,478,120040,31,4,SV326,0,0,0,2,[object Object],bandwidth,1,0,0,208898721,9.701,0,22.651035999999998
OT01V3422098260,1776278967408.157,outbound-rtp,COT01_45_level-idx=5;profile=0;tier=0,video,video,3422098260,T01,803005,1312,true,0,0,486,486,120680,31,4,SV326,0,0,0,2,[object Object],bandwidth,1,0,0,208898721,9.919,0,22.891996
OT01V3422098260,1776278967408.157,outbound-rtp,COT01_45_level-idx=5;profile=0;tier=0,video,video,3422098260,T01,803005,1312,true,0,0,486,486,120680,31,4,SV326,0,0,0,2,[object Object],bandwidth,1,0,0,208898721,9.919,0,22.891996
OT01V3422098260,1776278967608.134,outbound-rtp,COT01_45_level-idx=5;profile=0;tier=0,video,video,3422098260,T01,825730,1336,true,0,0,495,495,121448,31,4,SV326,0,0,0,2,[object Object],bandwidth,1,0,0,208898721,10.081,0,22.938337999999998
OT01V3422098260,1776278967608.134,outbound-rtp,COT01_45_level-idx=5;profile=0;tier=0,video,video,3422098260,T01,825730,1336,true,0,0,495,495,121448,31,4,SV326,0,0,0,2,[object Object],bandwidth,1,0,0,208898721,10.081,0,22.938337999999998
OT01V3422098260,1776278967808.124,outbound-rtp,COT01_45_level-idx=5;profile=0;tier=0,video,video,3422098260,T01,844812,1356,true,0,0,504,504,122064,31,4,SV326,0,0,0,2,[object Object],bandwidth,1,0,0,208898721,10.268,0,23.047658
OT01V3422098260,1776278967808.124,outbound-rtp,COT01_45_level-idx=5;profile=0;tier=0,video,video,3422098260,T01,844812,1356,true,0,0,504,504,122064,31,4,SV326,0,0,0,2,[object Object],bandwidth,1,0,0,208898721,10.268,0,23.047658
OT01V3422098260,1776278968008.146,outbound-rtp,COT01_45_level-idx=5;profile=0;tier=0,video,video,3422098260,T01,864018,1378,true,0,0,512,512,122768,31,4,SV326,0,0,0,2,[object Object],bandwidth,1,0,0,208898721,10.44,0,23.102791
OT01V3422098260,1776278968008.146,outbound-rtp,COT01_45_level-idx=5;profile=0;tier=0,video,video,3422098260,T01,864018,1378,true,0,0,512,512,122768,31,4,SV326,0,0,0,2,[object Object],bandwidth,1,0,0,208898721,10.44,0,23.102791
OT01V3422098260,1776278968208.241,outbound-rtp,COT01_45_level-idx=5;profile=0;tier=0,video,video,3422098260,T01,890091,1407,true,0,0,520,520,123664,31,4,SV326,0,0,0,2,[object Object],bandwidth,1,0,0,208898721,10.616,0,23.525236
OT01V3422098260,1776278968208.241,outbound-rtp,COT01_45_level-idx=5;profile=0;tier=0,video,video,3422098260,T01,890091,1407,true,0,0,520,520,123664,31,4,SV326,0,0,0,2,[object Object],bandwidth,1,0,0,208898721,10.616,0,23.525236
OT01V3422098260,1776278968408.042,outbound-rtp,COT01_45_level-idx=5;profile=0;tier=0,video,video,3422098260,T01,908448,1427,true,0,0,527,527,124304,31,4,SV326,0,0,0,2,[object Object],bandwidth,1,0,0,208898721,10.763,0,23.533029
OT01V3422098260,1776278968408.042,outbound-rtp,COT01_45_level-idx=5;profile=0;tier=0,video,video,3422098260,T01,908448,1427,true,0,0,527,527,124304,31,4,SV326,0,0,0,2,[object Object],bandwidth,1,0,0,208898721,10.763,0,23.533029
OT01V3422098260,1776278968608.154,outbound-rtp,COT01_45_level-idx=5;profile=0;tier=0,video,video,3422098260,T01,933833,1455,true,0,0,536,536,125200,31,4,SV326,0,0,0,2,[object Object],bandwidth,1,0,0,208898721,10.968,0,23.662257
OT01V3422098260,1776278968608.154,outbound-rtp,COT01_45_level-idx=5;profile=0;tier=0,video,video,3422098260,T01,933833,1455,true,0,0,536,536,125200,31,4,SV326,0,0,0,2,[object Object],bandwidth,1,0,0,208898721,10.968,0,23.662257
OT01V3422098260,1776278968808.085,outbound-rtp,COT01_45_level-idx=5;profile=0;tier=0,video,video,3422098260,T01,955658,1480,true,0,0,545,545,126000,31,4,SV326,0,0,0,2,[object Object],bandwidth,1,0,0,208898721,11.164,0,23.766287
OT01V3422098260,1776278968808.085,outbound-rtp,COT01_45_level-idx=5;profile=0;tier=0,video,video,3422098260,T01,955658,1480,true,0,0,545,545,126000,31,4,SV326,0,0,0,2,[object Object],bandwidth,1,0,0,208898721,11.164,0,23.766287
OT01V3422098260,1776278969008.07,outbound-rtp,COT01_45_level-idx=5;profile=0;tier=0,video,video,3422098260,T01,978387,1505,true,0,0,554,554,126800,31,4,SV326,0,0,0,2,[object Object],bandwidth,1,0,0,208898721,11.381,0,23.825252
OT01V3422098260,1776278969008.07,outbound-rtp,COT01_45_level-idx=5;profile=0;tier=0,video,video,3422098260,T01,978387,1505,true,0,0,554,554,126800,31,4,SV326,0,0,0,2,[object Object],bandwidth,1,0,0,208898721,11.381,0,23.825252
OT01V3422098260,1776278969208.067,outbound-rtp,COT01_45_level-idx=5;profile=0;tier=0,video,video,3422098260,T01,1000757,1530,true,0,0,561,561,127600,31,4,SV326,0,0,0,2,[object Object],bandwidth,1,0,0,208898721,11.517,0,23.854499
OT01V3422098260,1776278969208.067,outbound-rtp,COT01_45_level-idx=5;profile=0;tier=0,video,video,3422098260,T01,1000757,1530,true,0,0,561,561,127600,31,4,SV326,0,0,0,2,[object Object],bandwidth,1,0,0,208898721,11.517,0,23.854499
OT01V3422098260,1776278969408.142,outbound-rtp,COT01_45_level-idx=5;profile=0;tier=0,video,video,3422098260,T01,1026454,1556,true,0,0,572,572,128388,31,4,SV326,0,0,0,2,[object Object],bandwidth,1,0,0,208898721,11.749,0,23.940801999999998
OT01V3422098260,1776278969408.142,outbound-rtp,COT01_45_level-idx=5;profile=0;tier=0,video,video,3422098260,T01,1026454,1556,true,0,0,572,572,128388,31,4,SV326,0,0,0,2,[object Object],bandwidth,1,0,0,208898721,11.749,0,23.940801999999998
OT01V3422098260,1776278969608.095,outbound-rtp,COT01_45_level-idx=5;profile=0;tier=0,video,video,3422098260,T01,1050925,1583,true,0,0,580,580,129252,31,4,SV326,0,0,0,2,[object Object],bandwidth,1,0,0,208898721,11.888,0,24.390528
OT01V3422098260,1776278969608.095,outbound-rtp,COT01_45_level-idx=5;profile=0;tier=0,video,video,3422098260,T01,1050925,1583,true,0,0,580,580,129252,31,4,SV326,0,0,0,2,[object Object],bandwidth,1,0,0,208898721,11.888,0,24.390528
OT01V3422098260,1776278969808.049,outbound-rtp,COT01_45_level-idx=5;profile=0;tier=0,video,video,3422098260,T01,1074172,1608,true,0,0,586,586,130052,31,4,SV326,0,0,0,2,[object Object],bandwidth,1,0,0,208898721,12.004,0,24.417098
OT01V3422098260,1776278969808.049,outbound-rtp,COT01_45_level-idx=5;profile=0;tier=0,video,video,3422098260,T01,1074172,1608,true,0,0,586,586,130052,31,4,SV326,0,0,0,2,[object Object],bandwidth,1,0,0,208898721,12.004,0,24.417098
OT01V3422098260,1776278970008.104,outbound-rtp,COT01_45_level-idx=5;profile=0;tier=0,video,video,3422098260,T01,1099375,1637,true,0,0,596,596,130980,31,4,SV326,0,0,0,2,[object Object],bandwidth,1,0,0,208898721,12.232,0,24.515922
OT01V3422098260,1776278970008.104,outbound-rtp,COT01_45_level-idx=5;profile=0;tier=0,video,video,3422098260,T01,1099375,1637,true,0,0,596,596,130980,31,4,SV326,0,0,0,2,[object Object],bandwidth,1,0,0,208898721,12.232,0,24.515922
OT01V3422098260,1776278970207.974,outbound-rtp,COT01_45_level-idx=5;profile=0;tier=0,video,video,3422098260,T01,1127397,1668,true,0,0,607,607,131972,31,4,SV326,0,0,0,2,[object Object],bandwidth,1,0,0,208898721,12.464,0,24.515929
OT01V3422098260,1776278970207.974,outbound-rtp,COT01_45_level-idx=5;profile=0;tier=0,video,video,3422098260,T01,1127397,1668,true,0,0,607,607,131972,31,4,SV326,0,0,0,2,[object Object],bandwidth,1,0,0,208898721,12.464,0,24.515929
OT01V3422098260,1776278970408.163,outbound-rtp,COT01_45_level-idx=5;profile=0;tier=0,video,video,3422098260,T01,1153836,1697,true,0,0,618,618,132900,31,4,SV326,0,0,0,2,[object Object],bandwidth,1,0,0,208898721,12.641,0,24.628275
OT01V3422098260,1776278970408.163,outbound-rtp,COT01_45_level-idx=5;profile=0;tier=0,video,video,3422098260,T01,1153836,1697,true,0,0,618,618,132900,31,4,SV326,0,0,0,2,[object Object],bandwidth,1,0,0,208898721,12.641,0,24.628275
OT01V3422098260,1776278970608.025,outbound-rtp,COT01_45_level-idx=5;profile=0;tier=0,video,video,3422098260,T01,1178740,1721,true,0,0,628,628,133668,31,4,SV326,0,0,0,2,[object Object],bandwidth,1,0,0,208898721,12.796,0,24.628277999999998
OT01V3422098260,1776278970608.025,outbound-rtp,COT01_45_level-idx=5;profile=0;tier=0,video,video,3422098260,T01,1178740,1721,true,0,0,628,628,133668,31,4,SV326,0,0,0,2,[object Object],bandwidth,1,0,0,208898721,12.796,0,24.628277999999998
OT01V3422098260,1776278970808.128,outbound-rtp,COT01_45_level-idx=5;profile=0;tier=0,video,video,3422098260,T01,1206537,1752,true,0,0,637,637,134660,31,4,SV326,0,0,0,2,[object Object],bandwidth,1,0,0,208898721,12.969,0,25.080661
OT01V3422098260,1776278970808.128,outbound-rtp,COT01_45_level-idx=5;profile=0;tier=0,video,video,3422098260,T01,1206537,1752,true,0,0,637,637,134660,31,4,SV326,0,0,0,2,[object Object],bandwidth,1,0,0,208898721,12.969,0,25.080661
OT01V3422098260,1776278971008.039,outbound-rtp,COT01_45_level-idx=5;profile=0;tier=0,video,video,3422098260,T01,1230556,1777,true,0,0,647,647,135460,31,4,SV326,0,0,0,2,[object Object],bandwidth,1,0,0,208898721,13.148,0,25.103792
OT01V3422098260,1776278971008.039,outbound-rtp,COT01_45_level-idx=5;profile=0;tier=0,video,video,3422098260,T01,1230556,1777,true,0,0,647,647,135460,31,4,SV326,0,0,0,2,[object Object],bandwidth,1,0,0,208898721,13.148,0,25.103792
OT01V3422098260,1776278971208.125,outbound-rtp,COT01_45_level-idx=5;profile=0;tier=0,video,video,3422098260,T01,1263092,1807,true,0,0,654,654,136512,33,5,SV326,0,0,0,2,[object Object],none,2,0,0,208898721,13.387,0,25.103956999999998
OT01V3422098260,1776278971208.125,outbound-rtp,COT01_45_level-idx=5;profile=0;tier=0,video,video,3422098260,T01,1263092,1807,true,0,0,654,654,136512,33,5,SV326,0,0,0,2,[object Object],none,2,0,0,208898721,13.387,0,25.103956999999998
OT01V3422098260,1776278971408.124,outbound-rtp,COT01_45_level-idx=5;profile=0;tier=0,video,video,3422098260,T01,1290692,1831,true,0,0,654,654,137280,33,5,SV326,0,0,0,2,[object Object],none,2,0,0,208898721,13.387,0,27.99629
OT01V3422098260,1776278971408.124,outbound-rtp,COT01_45_level-idx=5;profile=0;tier=0,video,video,3422098260,T01,1290692,1831,true,0,0,654,654,137280,33,5,SV326,0,0,0,2,[object Object],none,2,0,0,208898721,13.387,0,27.99629
OT01V3422098260,1776278971608.177,outbound-rtp,COT01_45_level-idx=5;profile=0;tier=0,video,video,3422098260,T01,1314846,1853,true,0,0,654,654,138072,33,5,SV326,0,0,0,2,[object Object],none,2,0,0,208898721,13.387,0,28.216334999999997
OT01V3422098260,1776278971608.177,outbound-rtp,COT01_45_level-idx=5;profile=0;tier=0,video,video,3422098260,T01,1314846,1853,true,0,0,654,654,138072,33,5,SV326,0,0,0,2,[object Object],none,2,0,0,208898721,13.387,0,28.216334999999997
OT01V3422098260,1776278971808.193,outbound-rtp,COT01_45_level-idx=5;profile=0;tier=0,video,video,3422098260,T01,1343394,1879,true,0,0,654,654,139008,33,5,SV326,0,0,0,2,[object Object],none,2,0,0,208898721,13.387,0,28.216334999999997
OT01V3422098260,1776278971808.193,outbound-rtp,COT01_45_level-idx=5;profile=0;tier=0,video,video,3422098260,T01,1343394,1879,true,0,0,654,654,139008,33,5,SV326,0,0,0,2,[object Object],none,2,0,0,208898721,13.387,0,28.216334999999997
OT01V3422098260,1776278972008.121,outbound-rtp,COT01_45_level-idx=5;profile=0;tier=0,video,video,3422098260,T01,1373040,1906,true,0,0,654,654,139980,33,5,SV326,0,0,0,2,[object Object],none,2,0,0,208898721,13.387,0,28.216334999999997
OT01V3422098260,1776278972008.121,outbound-rtp,COT01_45_level-idx=5;profile=0;tier=0,video,video,3422098260,T01,1373040,1906,true,0,0,654,654,139980,33,5,SV326,0,0,0,2,[object Object],none,2,0,0,208898721,13.387,0,28.216334999999997
OT01V3422098260,1776278972208.18,outbound-rtp,COT01_45_level-idx=5;profile=0;tier=0,video,video,3422098260,T01,1402686,1933,true,0,0,654,654,140952,33,5,SV326,0,0,0,2,[object Object],none,2,0,0,208898721,13.387,0,28.216334999999997
OT01V3422098260,1776278972208.18,outbound-rtp,COT01_45_level-idx=5;profile=0;tier=0,video,video,3422098260,T01,1402686,1933,true,0,0,654,654,140952,33,5,SV326,0,0,0,2,[object Object],none,2,0,0,208898721,13.387,0,28.216334999999997
OT01V3422098260,1776278972408.126,outbound-rtp,COT01_45_level-idx=5;profile=0;tier=0,video,video,3422098260,T01,1433430,1961,true,0,0,654,654,141960,33,5,SV326,0,0,0,2,[object Object],none,2,0,0,208898721,13.387,0,28.216334999999997
OT01V3422098260,1776278972408.126,outbound-rtp,COT01_45_level-idx=5;profile=0;tier=0,video,video,3422098260,T01,1433430,1961,true,0,0,654,654,141960,33,5,SV326,0,0,0,2,[object Object],none,2,0,0,208898721,13.387,0,28.216334999999997
OT01V3422098260,1776278972608.201,outbound-rtp,COT01_45_level-idx=5;profile=0;tier=0,video,video,3422098260,T01,1464174,1989,true,0,0,654,654,142968,33,5,SV326,0,0,0,2,[object Object],none,2,0,0,208898721,13.387,0,28.216334999999997
OT01V3422098260,1776278972608.201,outbound-rtp,COT01_45_level-idx=5;profile=0;tier=0,video,video,3422098260,T01,1464174,1989,true,0,0,654,654,142968,33,5,SV326,0,0,0,2,[object Object],none,2,0,0,208898721,13.387,0,28.216334999999997
OT01V3422098260,1776278972808.123,outbound-rtp,COT01_45_level-idx=5;profile=0;tier=0,video,video,3422098260,T01,1494918,2017,true,0,0,654,654,143976,33,5,SV326,0,0,0,2,[object Object],none,2,0,0,208898721,13.387,0,28.216334999999997
OT01V3422098260,1776278972808.123,outbound-rtp,COT01_45_level-idx=5;profile=0;tier=0,video,video,3422098260,T01,1494918,2017,true,0,0,654,654,143976,33,5,SV326,0,0,0,2,[object Object],none,2,0,0,208898721,13.387,0,28.216334999999997
OT01V3422098260,1776278973008.109,outbound-rtp,COT01_45_level-idx=5;profile=0;tier=0,video,video,3422098260,T01,1526760,2046,true,0,0,654,654,145020,33,5,SV326,0,0,0,2,[object Object],none,2,0,0,208898721,13.387,0,28.216334999999997
OT01V3422098260,1776278973008.109,outbound-rtp,COT01_45_level-idx=5;profile=0;tier=0,video,video,3422098260,T01,1526760,2046,true,0,0,654,654,145020,33,5,SV326,0,0,0,2,[object Object],none,2,0,0,208898721,13.387,0,28.216334999999997
OT01V3422098260,1776278973208.19,outbound-rtp,COT01_45_level-idx=5;profile=0;tier=0,video,video,3422098260,T01,1557504,2074,true,0,0,654,654,146028,33,5,SV326,0,0,0,2,[object Object],none,2,0,0,208898721,13.387,0,28.216334999999997
OT01V3422098260,1776278973208.19,outbound-rtp,COT01_45_level-idx=5;profile=0;tier=0,video,video,3422098260,T01,1557504,2074,true,0,0,654,654,146028,33,5,SV326,0,0,0,2,[object Object],none,2,0,0,208898721,13.387,0,28.216334999999997
OT01V3422098260,1776278973408.106,outbound-rtp,COT01_45_level-idx=5;profile=0;tier=0,video,video,3422098260,T01,1589346,2103,true,0,0,654,654,147072,33,5,SV326,0,0,0,2,[object Object],none,2,0,0,208898721,13.387,0,28.216334999999997
OT01V3422098260,1776278973408.106,outbound-rtp,COT01_45_level-idx=5;profile=0;tier=0,video,video,3422098260,T01,1589346,2103,true,0,0,654,654,147072,33,5,SV326,0,0,0,2,[object Object],none,2,0,0,208898721,13.387,0,28.216334999999997
OT01V3422098260,1776278973608.136,outbound-rtp,COT01_45_level-idx=5;profile=0;tier=0,video,video,3422098260,T01,1620090,2131,true,0,0,654,654,148080,33,5,SV326,0,0,0,2,[object Object],none,2,0,0,208898721,13.387,0,28.216334999999997
OT01V3422098260,1776278973608.136,outbound-rtp,COT01_45_level-idx=5;profile=0;tier=0,video,video,3422098260,T01,1620090,2131,true,0,0,654,654,148080,33,5,SV326,0,0,0,2,[object Object],none,2,0,0,208898721,13.387,0,28.216334999999997
OT01V3422098260,1776278973808.124,outbound-rtp,COT01_45_level-idx=5;profile=0;tier=0,video,video,3422098260,T01,1651932,2160,true,0,0,654,654,149124,33,5,SV326,0,0,0,2,[object Object],none,2,0,0,208898721,13.387,0,28.216334999999997
OT01V3422098260,1776278973808.124,outbound-rtp,COT01_45_level-idx=5;profile=0;tier=0,video,video,3422098260,T01,1651932,2160,true,0,0,654,654,149124,33,5,SV326,0,0,0,2,[object Object],none,2,0,0,208898721,13.387,0,28.216334999999997
OT01V3422098260,1776278974008.128,outbound-rtp,COT01_45_level-idx=5;profile=0;tier=0,video,video,3422098260,T01,1682676,2188,true,0,0,654,654,150132,33,5,SV326,0,0,0,2,[object Object],none,2,0,0,208898721,13.387,0,28.216334999999997
OT01V3422098260,1776278974008.128,outbound-rtp,COT01_45_level-idx=5;profile=0;tier=0,video,video,3422098260,T01,1682676,2188,true,0,0,654,654,150132,33,5,SV326,0,0,0,2,[object Object],none,2,0,0,208898721,13.387,0,28.216334999999997
OT01V3422098260,1776278974208.137,outbound-rtp,COT01_45_level-idx=5;profile=0;tier=0,video,video,3422098260,T01,1714518,2217,true,0,0,654,654,151176,33,5,SV326,0,0,0,3,[object Object],none,2,0,0,208898721,13.387,0,28.216334999999997
OT01V3422098260,1776278974208.137,outbound-rtp,COT01_45_level-idx=5;profile=0;tier=0,video,video,3422098260,T01,1714518,2217,true,0,0,654,654,151176,33,5,SV326,0,0,0,3,[object Object],none,2,0,0,208898721,13.387,0,28.216334999999997
OT01V3422098260,1776278974408.14,outbound-rtp,COT01_45_level-idx=5;profile=0;tier=0,video,video,3422098260,T01,1745262,2245,true,0,0,654,654,152184,33,5,SV326,0,0,0,3,[object Object],none,2,0,0,208898721,13.387,0,28.216334999999997
OT01V3422098260,1776278974408.14,outbound-rtp,COT01_45_level-idx=5;profile=0;tier=0,video,video,3422098260,T01,1745262,2245,true,0,0,654,654,152184,33,5,SV326,0,0,0,3,[object Object],none,2,0,0,208898721,13.387,0,28.216334999999997
OT01V3422098260,1776278974608.175,outbound-rtp,COT01_45_level-idx=5;profile=0;tier=0,video,video,3422098260,T01,1777104,2274,true,0,0,654,654,153228,33,5,SV326,0,0,0,3,[object Object],none,2,0,0,208898721,13.387,0,28.216334999999997
OT01V3422098260,1776278974608.175,outbound-rtp,COT01_45_level-idx=5;profile=0;tier=0,video,video,3422098260,T01,1777104,2274,true,0,0,654,654,153228,33,5,SV326,0,0,0,3,[object Object],none,2,0,0,208898721,13.387,0,28.216334999999997
OT01V3422098260,1776278974808.178,outbound-rtp,COT01_45_level-idx=5;profile=0;tier=0,video,video,3422098260,T01,1807848,2302,true,0,0,654,654,154236,33,5,SV326,0,0,0,3,[object Object],none,2,0,0,208898721,13.387,0,28.216334999999997
OT01V3422098260,1776278974808.178,outbound-rtp,COT01_45_level-idx=5;profile=0;tier=0,video,video,3422098260,T01,1807848,2302,true,0,0,654,654,154236,33,5,SV326,0,0,0,3,[object Object],none,2,0,0,208898721,13.387,0,28.216334999999997
OT01V3422098260,1776278975008.171,outbound-rtp,COT01_45_level-idx=5;profile=0;tier=0,video,video,3422098260,T01,1838592,2330,true,0,0,654,654,155244,33,5,SV326,0,0,0,3,[object Object],none,2,0,0,208898721,13.387,0,28.216334999999997
OT01V3422098260,1776278975008.171,outbound-rtp,COT01_45_level-idx=5;profile=0;tier=0,video,video,3422098260,T01,1838592,2330,true,0,0,654,654,155244,33,5,SV326,0,0,0,3,[object Object],none,2,0,0,208898721,13.387,0,28.216334999999997
OT01V3422098260,1776278975208.176,outbound-rtp,COT01_45_level-idx=5;profile=0;tier=0,video,video,3422098260,T01,1838592,2330,true,0,0,654,654,155244,33,5,SV326,0,0,0,4,[object Object],none,2,0,0,208898721,13.387,0,28.216334999999997
OT01V3422098260,1776278975208.176,outbound-rtp,COT01_45_level-idx=5;profile=0;tier=0,video,video,3422098260,T01,1838592,2330,true,0,0,654,654,155244,33,5,SV326,0,0,0,4,[object Object],none,2,0,0,208898721,13.387,0,28.216334999999997
OT01V3422098260,1776278975408.168,outbound-rtp,COT01_45_level-idx=5;profile=0;tier=0,video,video,3422098260,T01,1838592,2330,true,0,0,654,654,155244,33,5,SV326,0,0,0,4,[object Object],none,2,0,0,208898721,13.387,0,28.216334999999997
OT01V3422098260,1776278975408.168,outbound-rtp,COT01_45_level-idx=5;profile=0;tier=0,video,video,3422098260,T01,1838592,2330,true,0,0,654,654,155244,33,5,SV326,0,0,0,4,[object Object],none,2,0,0,208898721,13.387,0,28.216334999999997
OT01V3422098260,1776278975608.182,outbound-rtp,COT01_45_level-idx=5;profile=0;tier=0,video,video,3422098260,T01,1838592,2330,true,0,0,654,654,155244,33,5,SV326,0,0,0,4,[object Object],none,2,0,0,208898721,13.387,0,28.216334999999997
OT01V3422098260,1776278975608.182,outbound-rtp,COT01_45_level-idx=5;profile=0;tier=0,video,video,3422098260,T01,1838592,2330,true,0,0,654,654,155244,33,5,SV326,0,0,0,4,[object Object],none,2,0,0,208898721,13.387,0,28.216334999999997
OT01V3422098260,1776278975808.112,outbound-rtp,COT01_45_level-idx=5;profile=0;tier=0,video,video,3422098260,T01,1838592,2330,true,0,0,654,654,155244,33,5,SV326,0,0,0,4,[object Object],none,2,0,0,208898721,13.387,0,28.216334999999997
OT01V3422098260,1776278975808.112,outbound-rtp,COT01_45_level-idx=5;profile=0;tier=0,video,video,3422098260,T01,1838592,2330,true,0,0,654,654,155244,33,5,SV326,0,0,0,4,[object Object],none,2,0,0,208898721,13.387,0,28.216334999999997
OT01V3422098260,1776278976008.104,outbound-rtp,COT01_45_level-idx=5;profile=0;tier=0,video,video,3422098260,T01,1838592,2330,true,0,0,654,654,155244,33,5,SV326,0,0,0,4,[object Object],none,2,0,0,208898721,13.387,0,28.216334999999997
OT01V3422098260,1776278976008.104,outbound-rtp,COT01_45_level-idx=5;profile=0;tier=0,video,video,3422098260,T01,1838592,2330,true,0,0,654,654,155244,33,5,SV326,0,0,0,4,[object Object],none,2,0,0,208898721,13.387,0,28.216334999999997
OT01V3422098260,1776278976208.194,outbound-rtp,COT01_45_level-idx=5;profile=0;tier=0,video,video,3422098260,T01,1838592,2330,true,0,0,654,654,155244,33,5,SV326,0,0,0,4,[object Object],none,2,0,0,208898721,13.387,0,28.216334999999997
OT01V3422098260,1776278976208.194,outbound-rtp,COT01_45_level-idx=5;profile=0;tier=0,video,video,3422098260,T01,1838592,2330,true,0,0,654,654,155244,33,5,SV326,0,0,0,4,[object Object],none,2,0,0,208898721,13.387,0,28.216334999999997
OT01V3422098260,1776278976408.118,outbound-rtp,COT01_45_level-idx=5;profile=0;tier=0,video,video,3422098260,T01,1838592,2330,true,0,0,654,654,155244,33,5,SV326,0,0,0,4,[object Object],none,2,0,0,208898721,13.387,0,28.216334999999997
OT01V3422098260,1776278976408.118,outbound-rtp,COT01_45_level-idx=5;profile=0;tier=0,video,video,3422098260,T01,1838592,2330,true,0,0,654,654,155244,33,5,SV326,0,0,0,4,[object Object],none,2,0,0,208898721,13.387,0,28.216334999999997
OT01V3422098260,1776278976608.179,outbound-rtp,COT01_45_level-idx=5;profile=0;tier=0,video,video,3422098260,T01,1838592,2330,true,0,0,654,654,155244,33,5,SV326,0,0,0,4,[object Object],none,2,0,0,208898721,13.387,0,28.216334999999997
OT01V3422098260,1776278976608.179,outbound-rtp,COT01_45_level-idx=5;profile=0;tier=0,video,video,3422098260,T01,1838592,2330,true,0,0,654,654,155244,33,5,SV326,0,0,0,4,[object Object],none,2,0,0,208898721,13.387,0,28.216334999999997
OT01V3422098260,1776278976808.113,outbound-rtp,COT01_45_level-idx=5;profile=0;tier=0,video,video,3422098260,T01,1838592,2330,true,0,0,654,654,155244,33,5,SV326,0,0,0,4,[object Object],none,2,0,0,208898721,13.387,0,28.216334999999997
OT01V3422098260,1776278976808.113,outbound-rtp,COT01_45_level-idx=5;profile=0;tier=0,video,video,3422098260,T01,1838592,2330,true,0,0,654,654,155244,33,5,SV326,0,0,0,4,[object Object],none,2,0,0,208898721,13.387,0,28.216334999999997
OT01V3422098260,1776278977008.111,outbound-rtp,COT01_45_level-idx=5;profile=0;tier=0,video,video,3422098260,T01,1838592,2330,true,0,0,654,654,155244,33,5,SV326,0,0,0,4,[object Object],none,2,0,0,208898721,13.387,0,28.216334999999997
OT01V3422098260,1776278977008.111,outbound-rtp,COT01_45_level-idx=5;profile=0;tier=0,video,video,3422098260,T01,1838592,2330,true,0,0,654,654,155244,33,5,SV326,0,0,0,4,[object Object],none,2,0,0,208898721,13.387,0,28.216334999999997
OT01V3422098260,1776278977208.176,outbound-rtp,COT01_45_level-idx=5;profile=0;tier=0,video,video,3422098260,T01,1838592,2330,true,0,0,654,654,155244,33,5,SV326,0,0,0,4,[object Object],none,2,0,0,208898721,13.387,0,28.216334999999997
OT01V3422098260,1776278977208.176,outbound-rtp,COT01_45_level-idx=5;profile=0;tier=0,video,video,3422098260,T01,1838592,2330,true,0,0,654,654,155244,33,5,SV326,0,0,0,4,[object Object],none,2,0,0,208898721,13.387,0,28.216334999999997
OT01V3422098260,1776278977408.174,outbound-rtp,COT01_45_level-idx=5;profile=0;tier=0,video,video,3422098260,T01,1838592,2330,true,0,0,654,654,155244,33,5,SV326,0,0,0,4,[object Object],none,2,0,0,208898721,13.387,0,28.216334999999997
OT01V3422098260,1776278977408.174,outbound-rtp,COT01_45_level-idx=5;profile=0;tier=0,video,video,3422098260,T01,1838592,2330,true,0,0,654,654,155244,33,5,SV326,0,0,0,4,[object Object],none,2,0,0,208898721,13.387,0,28.216334999999997
OT01V3422098260,1776278977608.182,outbound-rtp,COT01_45_level-idx=5;profile=0;tier=0,video,video,3422098260,T01,1838592,2330,true,0,0,654,654,155244,33,5,SV326,0,0,0,4,[object Object],none,2,0,0,208898721,13.387,0,28.216334999999997
OT01V3422098260,1776278977608.182,outbound-rtp,COT01_45_level-idx=5;profile=0;tier=0,video,video,3422098260,T01,1838592,2330,true,0,0,654,654,155244,33,5,SV326,0,0,0,4,[object Object],none,2,0,0,208898721,13.387,0,28.216334999999997
OT01V3422098260,1776278977808.179,outbound-rtp,COT01_45_level-idx=5;profile=0;tier=0,video,video,3422098260,T01,1838592,2330,true,0,0,654,654,155244,33,5,SV326,0,0,0,4,[object Object],none,2,0,0,208898721,13.387,0,28.216334999999997
OT01V3422098260,1776278977808.179,outbound-rtp,COT01_45_level-idx=5;profile=0;tier=0,video,video,3422098260,T01,1838592,2330,true,0,0,654,654,155244,33,5,SV326,0,0,0,4,[object Object],none,2,0,0,208898721,13.387,0,28.216334999999997
OT01V3422098260,1776278978008.129,outbound-rtp,COT01_45_level-idx=5;profile=0;tier=0,video,video,3422098260,T01,1838592,2330,true,0,0,654,654,155244,33,5,SV326,0,0,0,4,[object Object],none,2,0,0,208898721,13.387,0,28.216334999999997
OT01V3422098260,1776278978008.129,outbound-rtp,COT01_45_level-idx=5;profile=0;tier=0,video,video,3422098260,T01,1838592,2330,true,0,0,654,654,155244,33,5,SV326,0,0,0,4,[object Object],none,2,0,0,208898721,13.387,0,28.216334999999997
OT01V3422098260,1776278978208.111,outbound-rtp,COT01_45_level-idx=5;profile=0;tier=0,video,video,3422098260,T01,1838592,2330,true,0,0,654,654,155244,33,5,SV326,0,0,0,4,[object Object],none,2,0,0,208898721,13.387,0,28.216334999999997
OT01V3422098260,1776278978208.111,outbound-rtp,COT01_45_level-idx=5;profile=0;tier=0,video,video,3422098260,T01,1838592,2330,true,0,0,654,654,155244,33,5,SV326,0,0,0,4,[object Object],none,2,0,0,208898721,13.387,0,28.216334999999997
OT01V3422098260,1776278978408.178,outbound-rtp,COT01_45_level-idx=5;profile=0;tier=0,video,video,3422098260,T01,1838592,2330,true,0,0,654,654,155244,33,5,SV326,0,0,0,4,[object Object],none,2,0,0,208898721,13.387,0,28.216334999999997
OT01V3422098260,1776278978408.178,outbound-rtp,COT01_45_level-idx=5;profile=0;tier=0,video,video,3422098260,T01,1838592,2330,true,0,0,654,654,155244,33,5,SV326,0,0,0,4,[object Object],none,2,0,0,208898721,13.387,0,28.216334999999997
OT01V3422098260,1776278978608.189,outbound-rtp,COT01_45_level-idx=5;profile=0;tier=0,video,video,3422098260,T01,1838592,2330,true,0,0,654,654,155244,33,5,SV326,0,0,0,4,[object Object],none,2,0,0,208898721,13.387,0,28.216334999999997
OT01V3422098260,1776278978608.189,outbound-rtp,COT01_45_level-idx=5;profile=0;tier=0,video,video,3422098260,T01,1838592,2330,true,0,0,654,654,155244,33,5,SV326,0,0,0,4,[object Object],none,2,0,0,208898721,13.387,0,28.216334999999997
OT01V3422098260,1776278978808.181,outbound-rtp,COT01_45_level-idx=5;profile=0;tier=0,video,video,3422098260,T01,1838592,2330,true,0,0,654,654,155244,33,5,SV326,0,0,0,4,[object Object],none,2,0,0,208898721,13.387,0,28.216334999999997
OT01V3422098260,1776278978808.181,outbound-rtp,COT01_45_level-idx=5;profile=0;tier=0,video,video,3422098260,T01,1838592,2330,true,0,0,654,654,155244,33,5,SV326,0,0,0,4,[object Object],none,2,0,0,208898721,13.387,0,28.216334999999997
OT01V3422098260,1776278979008.117,outbound-rtp,COT01_45_level-idx=5;profile=0;tier=0,video,video,3422098260,T01,1838592,2330,true,0,0,654,654,155244,33,5,SV326,0,0,0,4,[object Object],none,2,0,0,208898721,13.387,0,28.216334999999997
OT01V3422098260,1776278979008.117,outbound-rtp,COT01_45_level-idx=5;profile=0;tier=0,video,video,3422098260,T01,1838592,2330,true,0,0,654,654,155244,33,5,SV326,0,0,0,4,[object Object],none,2,0,0,208898721,13.387,0,28.216334999999997
OT01V3422098260,1776278979208.116,outbound-rtp,COT01_45_level-idx=5;profile=0;tier=0,video,video,3422098260,T01,1838592,2330,true,0,0,654,654,155244,33,5,SV326,0,0,0,4,[object Object],none,2,0,0,208898721,13.387,0,28.216334999999997
OT01V3422098260,1776278979208.116,outbound-rtp,COT01_45_level-idx=5;profile=0;tier=0,video,video,3422098260,T01,1838592,2330,true,0,0,654,654,155244,33,5,SV326,0,0,0,4,[object Object],none,2,0,0,208898721,13.387,0,28.216334999999997
OT01V3422098260,1776278979408.198,outbound-rtp,COT01_45_level-idx=5;profile=0;tier=0,video,video,3422098260,T01,1838592,2330,true,0,0,654,654,155244,33,5,SV326,0,0,0,4,[object Object],none,2,0,0,208898721,13.387,0,28.216334999999997
OT01V3422098260,1776278979408.198,outbound-rtp,COT01_45_level-idx=5;profile=0;tier=0,video,video,3422098260,T01,1838592,2330,true,0,0,654,654,155244,33,5,SV326,0,0,0,4,[object Object],none,2,0,0,208898721,13.387,0,28.216334999999997
OT01V3422098260,1776278979608.128,outbound-rtp,COT01_45_level-idx=5;profile=0;tier=0,video,video,3422098260,T01,1838592,2330,true,0,0,654,654,155244,33,5,SV326,0,0,0,4,[object Object],none,2,0,0,208898721,13.387,0,28.216334999999997
OT01V3422098260,1776278979608.128,outbound-rtp,COT01_45_level-idx=5;profile=0;tier=0,video,video,3422098260,T01,1838592,2330,true,0,0,654,654,155244,33,5,SV326,0,0,0,4,[object Object],none,2,0,0,208898721,13.387,0,28.216334999999997
OT01V3422098260,1776278979808.294,outbound-rtp,COT01_45_level-idx=5;profile=0;tier=0,video,video,3422098260,T01,1838592,2330,true,0,0,654,654,155244,33,5,SV326,0,0,0,4,[object Object],none,2,0,0,208898721,13.387,0,28.216334999999997
OT01V3422098260,1776278979808.294,outbound-rtp,COT01_45_level-idx=5;profile=0;tier=0,video,video,3422098260,T01,1838592,2330,true,0,0,654,654,155244,33,5,SV326,0,0,0,4,[object Object],none,2,0,0,208898721,13.387,0,28.216334999999997
OT01V3422098260,1776278980008.118,outbound-rtp,COT01_45_level-idx=5;profile=0;tier=0,video,video,3422098260,T01,1838592,2330,true,0,0,654,654,155244,33,5,SV326,0,0,0,4,[object Object],none,2,0,0,208898721,13.387,0,28.216334999999997
OT01V3422098260,1776278980008.118,outbound-rtp,COT01_45_level-idx=5;profile=0;tier=0,video,video,3422098260,T01,1838592,2330,true,0,0,654,654,155244,33,5,SV326,0,0,0,4,[object Object],none,2,0,0,208898721,13.387,0,28.216334999999997
OT01V3422098260,1776278980208.114,outbound-rtp,COT01_45_level-idx=5;profile=0;tier=0,video,video,3422098260,T01,1838592,2330,true,0,0,654,654,155244,33,5,SV326,0,0,0,4,[object Object],none,2,0,0,208898721,13.387,0,28.216334999999997
OT01V3422098260,1776278980208.114,outbound-rtp,COT01_45_level-idx=5;profile=0;tier=0,video,video,3422098260,T01,1838592,2330,true,0,0,654,654,155244,33,5,SV326,0,0,0,4,[object Object],none,2,0,0,208898721,13.387,0,28.216334999999997
OT01V3422098260,1776278980408.189,outbound-rtp,COT01_45_level-idx=5;profile=0;tier=0,video,video,3422098260,T01,1838592,2330,true,0,0,654,654,155244,33,5,SV326,0,0,0,4,[object Object],none,2,0,0,208898721,13.387,0,28.216334999999997
OT01V3422098260,1776278980408.189,outbound-rtp,COT01_45_level-idx=5;profile=0;tier=0,video,video,3422098260,T01,1838592,2330,true,0,0,654,654,155244,33,5,SV326,0,0,0,4,[object Object],none,2,0,0,208898721,13.387,0,28.216334999999997
OT01V3422098260,1776278980608.109,outbound-rtp,COT01_45_level-idx=5;profile=0;tier=0,video,video,3422098260,T01,1838592,2330,true,0,0,654,654,155244,33,5,SV326,0,0,0,4,[object Object],none,2,0,0,208898721,13.387,0,28.216334999999997
OT01V3422098260,1776278980608.109,outbound-rtp,COT01_45_level-idx=5;profile=0;tier=0,video,video,3422098260,T01,1838592,2330,true,0,0,654,654,155244,33,5,SV326,0,0,0,4,[object Object],none,2,0,0,208898721,13.387,0,28.216334999999997
OT01V3422098260,1776278980808.178,outbound-rtp,COT01_45_level-idx=5;profile=0;tier=0,video,video,3422098260,T01,1838592,2330,true,0,0,654,654,155244,33,5,SV326,0,0,0,4,[object Object],none,2,0,0,208898721,13.387,0,28.216334999999997
OT01V3422098260,1776278980808.178,outbound-rtp,COT01_45_level-idx=5;profile=0;tier=0,video,video,3422098260,T01,1838592,2330,true,0,0,654,654,155244,33,5,SV326,0,0,0,4,[object Object],none,2,0,0,208898721,13.387,0,28.216334999999997
OT01V3422098260,1776278981008.165,outbound-rtp,COT01_45_level-idx=5;profile=0;tier=0,video,video,3422098260,T01,1838592,2330,true,0,0,654,654,155244,33,5,SV326,0,0,0,4,[object Object],none,2,0,0,208898721,13.387,0,28.216334999999997
OT01V3422098260,1776278981008.165,outbound-rtp,COT01_45_level-idx=5;profile=0;tier=0,video,video,3422098260,T01,1838592,2330,true,0,0,654,654,155244,33,5,SV326,0,0,0,4,[object Object],none,2,0,0,208898721,13.387,0,28.216334999999997



id,timestamp,type,bytesReceived,bytesSent,dtlsCipher,dtlsRole,dtlsState,iceLocalUsernameFragment,iceRole,iceState,localCertificateId,packetsReceived,packetsSent,remoteCertificateId,selectedCandidatePairChanges,selectedCandidatePairId,srtpCipher,tlsVersion
T01,1776278953007.961,transport,770,755,TLS_ECDHE_ECDSA_WITH_CHACHA20_POLY1305_SHA256,client,connected,d/F8,controlling,connected,CF56:D2:B9:7B:6B:00:C9:4D:56:4E:AF:CF:C5:85:91:5D:4E:AC:42:AA:D5:17:9C:EC:0F:72:34:96:D7:33:D8:4F,2,2,CF97:E8:D9:24:12:8A:BE:18:E8:88:FF:5E:D9:B3:CF:B9:99:49:47:C9:83:30:13:51:D2:43:76:74:68:09:53:D7,1,CPUaaw4hDO_0yqSN/VC,AEAD_AES_256_GCM,FEFD
T01,1776278953007.961,transport,770,755,TLS_ECDHE_ECDSA_WITH_CHACHA20_POLY1305_SHA256,client,connected,d/F8,controlling,connected,CF56:D2:B9:7B:6B:00:C9:4D:56:4E:AF:CF:C5:85:91:5D:4E:AC:42:AA:D5:17:9C:EC:0F:72:34:96:D7:33:D8:4F,2,2,CF97:E8:D9:24:12:8A:BE:18:E8:88:FF:5E:D9:B3:CF:B9:99:49:47:C9:83:30:13:51:D2:43:76:74:68:09:53:D7,1,CPUaaw4hDO_0yqSN/VC,AEAD_AES_256_GCM,FEFD
T01,1776278953208.001,transport,858,11371,TLS_ECDHE_ECDSA_WITH_CHACHA20_POLY1305_SHA256,client,connected,d/F8,controlling,connected,CF56:D2:B9:7B:6B:00:C9:4D:56:4E:AF:CF:C5:85:91:5D:4E:AC:42:AA:D5:17:9C:EC:0F:72:34:96:D7:33:D8:4F,4,15,CF97:E8:D9:24:12:8A:BE:18:E8:88:FF:5E:D9:B3:CF:B9:99:49:47:C9:83:30:13:51:D2:43:76:74:68:09:53:D7,1,CPUaaw4hDO_0yqSN/VC,AEAD_AES_256_GCM,FEFD
T01,1776278953208.001,transport,858,11371,TLS_ECDHE_ECDSA_WITH_CHACHA20_POLY1305_SHA256,client,connected,d/F8,controlling,connected,CF56:D2:B9:7B:6B:00:C9:4D:56:4E:AF:CF:C5:85:91:5D:4E:AC:42:AA:D5:17:9C:EC:0F:72:34:96:D7:33:D8:4F,4,15,CF97:E8:D9:24:12:8A:BE:18:E8:88:FF:5E:D9:B3:CF:B9:99:49:47:C9:83:30:13:51:D2:43:76:74:68:09:53:D7,1,CPUaaw4hDO_0yqSN/VC,AEAD_AES_256_GCM,FEFD
T01,1776278953408.057,transport,902,17542,TLS_ECDHE_ECDSA_WITH_CHACHA20_POLY1305_SHA256,client,connected,d/F8,controlling,connected,CF56:D2:B9:7B:6B:00:C9:4D:56:4E:AF:CF:C5:85:91:5D:4E:AC:42:AA:D5:17:9C:EC:0F:72:34:96:D7:33:D8:4F,5,24,CF97:E8:D9:24:12:8A:BE:18:E8:88:FF:5E:D9:B3:CF:B9:99:49:47:C9:83:30:13:51:D2:43:76:74:68:09:53:D7,1,CPUaaw4hDO_0yqSN/VC,AEAD_AES_256_GCM,FEFD
T01,1776278953408.057,transport,902,17542,TLS_ECDHE_ECDSA_WITH_CHACHA20_POLY1305_SHA256,client,connected,d/F8,controlling,connected,CF56:D2:B9:7B:6B:00:C9:4D:56:4E:AF:CF:C5:85:91:5D:4E:AC:42:AA:D5:17:9C:EC:0F:72:34:96:D7:33:D8:4F,5,24,CF97:E8:D9:24:12:8A:BE:18:E8:88:FF:5E:D9:B3:CF:B9:99:49:47:C9:83:30:13:51:D2:43:76:74:68:09:53:D7,1,CPUaaw4hDO_0yqSN/VC,AEAD_AES_256_GCM,FEFD
T01,1776278953608.277,transport,1098,25850,TLS_ECDHE_ECDSA_WITH_CHACHA20_POLY1305_SHA256,client,connected,d/F8,controlling,connected,CF56:D2:B9:7B:6B:00:C9:4D:56:4E:AF:CF:C5:85:91:5D:4E:AC:42:AA:D5:17:9C:EC:0F:72:34:96:D7:33:D8:4F,8,35,CF97:E8:D9:24:12:8A:BE:18:E8:88:FF:5E:D9:B3:CF:B9:99:49:47:C9:83:30:13:51:D2:43:76:74:68:09:53:D7,1,CPUaaw4hDO_0yqSN/VC,AEAD_AES_256_GCM,FEFD
T01,1776278953608.277,transport,1098,25850,TLS_ECDHE_ECDSA_WITH_CHACHA20_POLY1305_SHA256,client,connected,d/F8,controlling,connected,CF56:D2:B9:7B:6B:00:C9:4D:56:4E:AF:CF:C5:85:91:5D:4E:AC:42:AA:D5:17:9C:EC:0F:72:34:96:D7:33:D8:4F,8,35,CF97:E8:D9:24:12:8A:BE:18:E8:88:FF:5E:D9:B3:CF:B9:99:49:47:C9:83:30:13:51:D2:43:76:74:68:09:53:D7,1,CPUaaw4hDO_0yqSN/VC,AEAD_AES_256_GCM,FEFD
T01,1776278953808.07,transport,1194,31866,TLS_ECDHE_ECDSA_WITH_CHACHA20_POLY1305_SHA256,client,connected,d/F8,controlling,connected,CF56:D2:B9:7B:6B:00:C9:4D:56:4E:AF:CF:C5:85:91:5D:4E:AC:42:AA:D5:17:9C:EC:0F:72:34:96:D7:33:D8:4F,10,44,CF97:E8:D9:24:12:8A:BE:18:E8:88:FF:5E:D9:B3:CF:B9:99:49:47:C9:83:30:13:51:D2:43:76:74:68:09:53:D7,1,CPUaaw4hDO_0yqSN/VC,AEAD_AES_256_GCM,FEFD
T01,1776278953808.07,transport,1194,31866,TLS_ECDHE_ECDSA_WITH_CHACHA20_POLY1305_SHA256,client,connected,d/F8,controlling,connected,CF56:D2:B9:7B:6B:00:C9:4D:56:4E:AF:CF:C5:85:91:5D:4E:AC:42:AA:D5:17:9C:EC:0F:72:34:96:D7:33:D8:4F,10,44,CF97:E8:D9:24:12:8A:BE:18:E8:88:FF:5E:D9:B3:CF:B9:99:49:47:C9:83:30:13:51:D2:43:76:74:68:09:53:D7,1,CPUaaw4hDO_0yqSN/VC,AEAD_AES_256_GCM,FEFD
T01,1776278954008.145,transport,1290,39004,TLS_ECDHE_ECDSA_WITH_CHACHA20_POLY1305_SHA256,client,connected,d/F8,controlling,connected,CF56:D2:B9:7B:6B:00:C9:4D:56:4E:AF:CF:C5:85:91:5D:4E:AC:42:AA:D5:17:9C:EC:0F:72:34:96:D7:33:D8:4F,12,56,CF97:E8:D9:24:12:8A:BE:18:E8:88:FF:5E:D9:B3:CF:B9:99:49:47:C9:83:30:13:51:D2:43:76:74:68:09:53:D7,1,CPUaaw4hDO_0yqSN/VC,AEAD_AES_256_GCM,FEFD
T01,1776278954008.145,transport,1290,39004,TLS_ECDHE_ECDSA_WITH_CHACHA20_POLY1305_SHA256,client,connected,d/F8,controlling,connected,CF56:D2:B9:7B:6B:00:C9:4D:56:4E:AF:CF:C5:85:91:5D:4E:AC:42:AA:D5:17:9C:EC:0F:72:34:96:D7:33:D8:4F,12,56,CF97:E8:D9:24:12:8A:BE:18:E8:88:FF:5E:D9:B3:CF:B9:99:49:47:C9:83:30:13:51:D2:43:76:74:68:09:53:D7,1,CPUaaw4hDO_0yqSN/VC,AEAD_AES_256_GCM,FEFD
T01,1776278954208.144,transport,1430,46723,TLS_ECDHE_ECDSA_WITH_CHACHA20_POLY1305_SHA256,client,connected,d/F8,controlling,connected,CF56:D2:B9:7B:6B:00:C9:4D:56:4E:AF:CF:C5:85:91:5D:4E:AC:42:AA:D5:17:9C:EC:0F:72:34:96:D7:33:D8:4F,15,69,CF97:E8:D9:24:12:8A:BE:18:E8:88:FF:5E:D9:B3:CF:B9:99:49:47:C9:83:30:13:51:D2:43:76:74:68:09:53:D7,1,CPUaaw4hDO_0yqSN/VC,AEAD_AES_256_GCM,FEFD
T01,1776278954208.144,transport,1430,46723,TLS_ECDHE_ECDSA_WITH_CHACHA20_POLY1305_SHA256,client,connected,d/F8,controlling,connected,CF56:D2:B9:7B:6B:00:C9:4D:56:4E:AF:CF:C5:85:91:5D:4E:AC:42:AA:D5:17:9C:EC:0F:72:34:96:D7:33:D8:4F,15,69,CF97:E8:D9:24:12:8A:BE:18:E8:88:FF:5E:D9:B3:CF:B9:99:49:47:C9:83:30:13:51:D2:43:76:74:68:09:53:D7,1,CPUaaw4hDO_0yqSN/VC,AEAD_AES_256_GCM,FEFD
T01,1776278954408.021,transport,1526,55539,TLS_ECDHE_ECDSA_WITH_CHACHA20_POLY1305_SHA256,client,connected,d/F8,controlling,connected,CF56:D2:B9:7B:6B:00:C9:4D:56:4E:AF:CF:C5:85:91:5D:4E:AC:42:AA:D5:17:9C:EC:0F:72:34:96:D7:33:D8:4F,17,79,CF97:E8:D9:24:12:8A:BE:18:E8:88:FF:5E:D9:B3:CF:B9:99:49:47:C9:83:30:13:51:D2:43:76:74:68:09:53:D7,1,CPUaaw4hDO_0yqSN/VC,AEAD_AES_256_GCM,FEFD
T01,1776278954408.021,transport,1526,55539,TLS_ECDHE_ECDSA_WITH_CHACHA20_POLY1305_SHA256,client,connected,d/F8,controlling,connected,CF56:D2:B9:7B:6B:00:C9:4D:56:4E:AF:CF:C5:85:91:5D:4E:AC:42:AA:D5:17:9C:EC:0F:72:34:96:D7:33:D8:4F,17,79,CF97:E8:D9:24:12:8A:BE:18:E8:88:FF:5E:D9:B3:CF:B9:99:49:47:C9:83:30:13:51:D2:43:76:74:68:09:53:D7,1,CPUaaw4hDO_0yqSN/VC,AEAD_AES_256_GCM,FEFD
T01,1776278954608.069,transport,1622,62575,TLS_ECDHE_ECDSA_WITH_CHACHA20_POLY1305_SHA256,client,connected,d/F8,controlling,connected,CF56:D2:B9:7B:6B:00:C9:4D:56:4E:AF:CF:C5:85:91:5D:4E:AC:42:AA:D5:17:9C:EC:0F:72:34:96:D7:33:D8:4F,19,89,CF97:E8:D9:24:12:8A:BE:18:E8:88:FF:5E:D9:B3:CF:B9:99:49:47:C9:83:30:13:51:D2:43:76:74:68:09:53:D7,1,CPUaaw4hDO_0yqSN/VC,AEAD_AES_256_GCM,FEFD
T01,1776278954608.069,transport,1622,62575,TLS_ECDHE_ECDSA_WITH_CHACHA20_POLY1305_SHA256,client,connected,d/F8,controlling,connected,CF56:D2:B9:7B:6B:00:C9:4D:56:4E:AF:CF:C5:85:91:5D:4E:AC:42:AA:D5:17:9C:EC:0F:72:34:96:D7:33:D8:4F,19,89,CF97:E8:D9:24:12:8A:BE:18:E8:88:FF:5E:D9:B3:CF:B9:99:49:47:C9:83:30:13:51:D2:43:76:74:68:09:53:D7,1,CPUaaw4hDO_0yqSN/VC,AEAD_AES_256_GCM,FEFD
T01,1776278954808.075,transport,1722,69911,TLS_ECDHE_ECDSA_WITH_CHACHA20_POLY1305_SHA256,client,connected,d/F8,controlling,connected,CF56:D2:B9:7B:6B:00:C9:4D:56:4E:AF:CF:C5:85:91:5D:4E:AC:42:AA:D5:17:9C:EC:0F:72:34:96:D7:33:D8:4F,21,106,CF97:E8:D9:24:12:8A:BE:18:E8:88:FF:5E:D9:B3:CF:B9:99:49:47:C9:83:30:13:51:D2:43:76:74:68:09:53:D7,1,CPUaaw4hDO_0yqSN/VC,AEAD_AES_256_GCM,FEFD
T01,1776278954808.075,transport,1722,69911,TLS_ECDHE_ECDSA_WITH_CHACHA20_POLY1305_SHA256,client,connected,d/F8,controlling,connected,CF56:D2:B9:7B:6B:00:C9:4D:56:4E:AF:CF:C5:85:91:5D:4E:AC:42:AA:D5:17:9C:EC:0F:72:34:96:D7:33:D8:4F,21,106,CF97:E8:D9:24:12:8A:BE:18:E8:88:FF:5E:D9:B3:CF:B9:99:49:47:C9:83:30:13:51:D2:43:76:74:68:09:53:D7,1,CPUaaw4hDO_0yqSN/VC,AEAD_AES_256_GCM,FEFD
T01,1776278955008.152,transport,1826,80248,TLS_ECDHE_ECDSA_WITH_CHACHA20_POLY1305_SHA256,client,connected,d/F8,controlling,connected,CF56:D2:B9:7B:6B:00:C9:4D:56:4E:AF:CF:C5:85:91:5D:4E:AC:42:AA:D5:17:9C:EC:0F:72:34:96:D7:33:D8:4F,23,129,CF97:E8:D9:24:12:8A:BE:18:E8:88:FF:5E:D9:B3:CF:B9:99:49:47:C9:83:30:13:51:D2:43:76:74:68:09:53:D7,1,CPUaaw4hDO_0yqSN/VC,AEAD_AES_256_GCM,FEFD
T01,1776278955008.152,transport,1826,80248,TLS_ECDHE_ECDSA_WITH_CHACHA20_POLY1305_SHA256,client,connected,d/F8,controlling,connected,CF56:D2:B9:7B:6B:00:C9:4D:56:4E:AF:CF:C5:85:91:5D:4E:AC:42:AA:D5:17:9C:EC:0F:72:34:96:D7:33:D8:4F,23,129,CF97:E8:D9:24:12:8A:BE:18:E8:88:FF:5E:D9:B3:CF:B9:99:49:47:C9:83:30:13:51:D2:43:76:74:68:09:53:D7,1,CPUaaw4hDO_0yqSN/VC,AEAD_AES_256_GCM,FEFD
T01,1776278955208.136,transport,2030,86619,TLS_ECDHE_ECDSA_WITH_CHACHA20_POLY1305_SHA256,client,connected,d/F8,controlling,connected,CF56:D2:B9:7B:6B:00:C9:4D:56:4E:AF:CF:C5:85:91:5D:4E:AC:42:AA:D5:17:9C:EC:0F:72:34:96:D7:33:D8:4F,26,143,CF97:E8:D9:24:12:8A:BE:18:E8:88:FF:5E:D9:B3:CF:B9:99:49:47:C9:83:30:13:51:D2:43:76:74:68:09:53:D7,1,CPUaaw4hDO_0yqSN/VC,AEAD_AES_256_GCM,FEFD
T01,1776278955208.136,transport,2030,86619,TLS_ECDHE_ECDSA_WITH_CHACHA20_POLY1305_SHA256,client,connected,d/F8,controlling,connected,CF56:D2:B9:7B:6B:00:C9:4D:56:4E:AF:CF:C5:85:91:5D:4E:AC:42:AA:D5:17:9C:EC:0F:72:34:96:D7:33:D8:4F,26,143,CF97:E8:D9:24:12:8A:BE:18:E8:88:FF:5E:D9:B3:CF:B9:99:49:47:C9:83:30:13:51:D2:43:76:74:68:09:53:D7,1,CPUaaw4hDO_0yqSN/VC,AEAD_AES_256_GCM,FEFD
T01,1776278955408.104,transport,2138,94918,TLS_ECDHE_ECDSA_WITH_CHACHA20_POLY1305_SHA256,client,connected,d/F8,controlling,connected,CF56:D2:B9:7B:6B:00:C9:4D:56:4E:AF:CF:C5:85:91:5D:4E:AC:42:AA:D5:17:9C:EC:0F:72:34:96:D7:33:D8:4F,28,167,CF97:E8:D9:24:12:8A:BE:18:E8:88:FF:5E:D9:B3:CF:B9:99:49:47:C9:83:30:13:51:D2:43:76:74:68:09:53:D7,1,CPUaaw4hDO_0yqSN/VC,AEAD_AES_256_GCM,FEFD
T01,1776278955408.104,transport,2138,94918,TLS_ECDHE_ECDSA_WITH_CHACHA20_POLY1305_SHA256,client,connected,d/F8,controlling,connected,CF56:D2:B9:7B:6B:00:C9:4D:56:4E:AF:CF:C5:85:91:5D:4E:AC:42:AA:D5:17:9C:EC:0F:72:34:96:D7:33:D8:4F,28,167,CF97:E8:D9:24:12:8A:BE:18:E8:88:FF:5E:D9:B3:CF:B9:99:49:47:C9:83:30:13:51:D2:43:76:74:68:09:53:D7,1,CPUaaw4hDO_0yqSN/VC,AEAD_AES_256_GCM,FEFD
T01,1776278955608.186,transport,2246,103239,TLS_ECDHE_ECDSA_WITH_CHACHA20_POLY1305_SHA256,client,connected,d/F8,controlling,connected,CF56:D2:B9:7B:6B:00:C9:4D:56:4E:AF:CF:C5:85:91:5D:4E:AC:42:AA:D5:17:9C:EC:0F:72:34:96:D7:33:D8:4F,30,189,CF97:E8:D9:24:12:8A:BE:18:E8:88:FF:5E:D9:B3:CF:B9:99:49:47:C9:83:30:13:51:D2:43:76:74:68:09:53:D7,1,CPUaaw4hDO_0yqSN/VC,AEAD_AES_256_GCM,FEFD
T01,1776278955608.186,transport,2246,103239,TLS_ECDHE_ECDSA_WITH_CHACHA20_POLY1305_SHA256,client,connected,d/F8,controlling,connected,CF56:D2:B9:7B:6B:00:C9:4D:56:4E:AF:CF:C5:85:91:5D:4E:AC:42:AA:D5:17:9C:EC:0F:72:34:96:D7:33:D8:4F,30,189,CF97:E8:D9:24:12:8A:BE:18:E8:88:FF:5E:D9:B3:CF:B9:99:49:47:C9:83:30:13:51:D2:43:76:74:68:09:53:D7,1,CPUaaw4hDO_0yqSN/VC,AEAD_AES_256_GCM,FEFD
T01,1776278955808.138,transport,2354,112283,TLS_ECDHE_ECDSA_WITH_CHACHA20_POLY1305_SHA256,client,connected,d/F8,controlling,connected,CF56:D2:B9:7B:6B:00:C9:4D:56:4E:AF:CF:C5:85:91:5D:4E:AC:42:AA:D5:17:9C:EC:0F:72:34:96:D7:33:D8:4F,32,210,CF97:E8:D9:24:12:8A:BE:18:E8:88:FF:5E:D9:B3:CF:B9:99:49:47:C9:83:30:13:51:D2:43:76:74:68:09:53:D7,1,CPUaaw4hDO_0yqSN/VC,AEAD_AES_256_GCM,FEFD
T01,1776278955808.138,transport,2354,112283,TLS_ECDHE_ECDSA_WITH_CHACHA20_POLY1305_SHA256,client,connected,d/F8,controlling,connected,CF56:D2:B9:7B:6B:00:C9:4D:56:4E:AF:CF:C5:85:91:5D:4E:AC:42:AA:D5:17:9C:EC:0F:72:34:96:D7:33:D8:4F,32,210,CF97:E8:D9:24:12:8A:BE:18:E8:88:FF:5E:D9:B3:CF:B9:99:49:47:C9:83:30:13:51:D2:43:76:74:68:09:53:D7,1,CPUaaw4hDO_0yqSN/VC,AEAD_AES_256_GCM,FEFD
T01,1776278956008.088,transport,2466,120833,TLS_ECDHE_ECDSA_WITH_CHACHA20_POLY1305_SHA256,client,connected,d/F8,controlling,connected,CF56:D2:B9:7B:6B:00:C9:4D:56:4E:AF:CF:C5:85:91:5D:4E:AC:42:AA:D5:17:9C:EC:0F:72:34:96:D7:33:D8:4F,34,233,CF97:E8:D9:24:12:8A:BE:18:E8:88:FF:5E:D9:B3:CF:B9:99:49:47:C9:83:30:13:51:D2:43:76:74:68:09:53:D7,1,CPUaaw4hDO_0yqSN/VC,AEAD_AES_256_GCM,FEFD
T01,1776278956008.088,transport,2466,120833,TLS_ECDHE_ECDSA_WITH_CHACHA20_POLY1305_SHA256,client,connected,d/F8,controlling,connected,CF56:D2:B9:7B:6B:00:C9:4D:56:4E:AF:CF:C5:85:91:5D:4E:AC:42:AA:D5:17:9C:EC:0F:72:34:96:D7:33:D8:4F,34,233,CF97:E8:D9:24:12:8A:BE:18:E8:88:FF:5E:D9:B3:CF:B9:99:49:47:C9:83:30:13:51:D2:43:76:74:68:09:53:D7,1,CPUaaw4hDO_0yqSN/VC,AEAD_AES_256_GCM,FEFD
T01,1776278956208.052,transport,2666,131552,TLS_ECDHE_ECDSA_WITH_CHACHA20_POLY1305_SHA256,client,connected,d/F8,controlling,connected,CF56:D2:B9:7B:6B:00:C9:4D:56:4E:AF:CF:C5:85:91:5D:4E:AC:42:AA:D5:17:9C:EC:0F:72:34:96:D7:33:D8:4F,37,255,CF97:E8:D9:24:12:8A:BE:18:E8:88:FF:5E:D9:B3:CF:B9:99:49:47:C9:83:30:13:51:D2:43:76:74:68:09:53:D7,1,CPUaaw4hDO_0yqSN/VC,AEAD_AES_256_GCM,FEFD
T01,1776278956208.052,transport,2666,131552,TLS_ECDHE_ECDSA_WITH_CHACHA20_POLY1305_SHA256,client,connected,d/F8,controlling,connected,CF56:D2:B9:7B:6B:00:C9:4D:56:4E:AF:CF:C5:85:91:5D:4E:AC:42:AA:D5:17:9C:EC:0F:72:34:96:D7:33:D8:4F,37,255,CF97:E8:D9:24:12:8A:BE:18:E8:88:FF:5E:D9:B3:CF:B9:99:49:47:C9:83:30:13:51:D2:43:76:74:68:09:53:D7,1,CPUaaw4hDO_0yqSN/VC,AEAD_AES_256_GCM,FEFD
T01,1776278956408.057,transport,2778,139313,TLS_ECDHE_ECDSA_WITH_CHACHA20_POLY1305_SHA256,client,connected,d/F8,controlling,connected,CF56:D2:B9:7B:6B:00:C9:4D:56:4E:AF:CF:C5:85:91:5D:4E:AC:42:AA:D5:17:9C:EC:0F:72:34:96:D7:33:D8:4F,39,274,CF97:E8:D9:24:12:8A:BE:18:E8:88:FF:5E:D9:B3:CF:B9:99:49:47:C9:83:30:13:51:D2:43:76:74:68:09:53:D7,1,CPUaaw4hDO_0yqSN/VC,AEAD_AES_256_GCM,FEFD
T01,1776278956408.057,transport,2778,139313,TLS_ECDHE_ECDSA_WITH_CHACHA20_POLY1305_SHA256,client,connected,d/F8,controlling,connected,CF56:D2:B9:7B:6B:00:C9:4D:56:4E:AF:CF:C5:85:91:5D:4E:AC:42:AA:D5:17:9C:EC:0F:72:34:96:D7:33:D8:4F,39,274,CF97:E8:D9:24:12:8A:BE:18:E8:88:FF:5E:D9:B3:CF:B9:99:49:47:C9:83:30:13:51:D2:43:76:74:68:09:53:D7,1,CPUaaw4hDO_0yqSN/VC,AEAD_AES_256_GCM,FEFD
T01,1776278956608.137,transport,2886,148310,TLS_ECDHE_ECDSA_WITH_CHACHA20_POLY1305_SHA256,client,connected,d/F8,controlling,connected,CF56:D2:B9:7B:6B:00:C9:4D:56:4E:AF:CF:C5:85:91:5D:4E:AC:42:AA:D5:17:9C:EC:0F:72:34:96:D7:33:D8:4F,41,300,CF97:E8:D9:24:12:8A:BE:18:E8:88:FF:5E:D9:B3:CF:B9:99:49:47:C9:83:30:13:51:D2:43:76:74:68:09:53:D7,1,CPUaaw4hDO_0yqSN/VC,AEAD_AES_256_GCM,FEFD
T01,1776278956608.137,transport,2886,148310,TLS_ECDHE_ECDSA_WITH_CHACHA20_POLY1305_SHA256,client,connected,d/F8,controlling,connected,CF56:D2:B9:7B:6B:00:C9:4D:56:4E:AF:CF:C5:85:91:5D:4E:AC:42:AA:D5:17:9C:EC:0F:72:34:96:D7:33:D8:4F,41,300,CF97:E8:D9:24:12:8A:BE:18:E8:88:FF:5E:D9:B3:CF:B9:99:49:47:C9:83:30:13:51:D2:43:76:74:68:09:53:D7,1,CPUaaw4hDO_0yqSN/VC,AEAD_AES_256_GCM,FEFD
T01,1776278956808.032,transport,2998,158633,TLS_ECDHE_ECDSA_WITH_CHACHA20_POLY1305_SHA256,client,connected,d/F8,controlling,connected,CF56:D2:B9:7B:6B:00:C9:4D:56:4E:AF:CF:C5:85:91:5D:4E:AC:42:AA:D5:17:9C:EC:0F:72:34:96:D7:33:D8:4F,43,323,CF97:E8:D9:24:12:8A:BE:18:E8:88:FF:5E:D9:B3:CF:B9:99:49:47:C9:83:30:13:51:D2:43:76:74:68:09:53:D7,1,CPUaaw4hDO_0yqSN/VC,AEAD_AES_256_GCM,FEFD
T01,1776278956808.032,transport,2998,158633,TLS_ECDHE_ECDSA_WITH_CHACHA20_POLY1305_SHA256,client,connected,d/F8,controlling,connected,CF56:D2:B9:7B:6B:00:C9:4D:56:4E:AF:CF:C5:85:91:5D:4E:AC:42:AA:D5:17:9C:EC:0F:72:34:96:D7:33:D8:4F,43,323,CF97:E8:D9:24:12:8A:BE:18:E8:88:FF:5E:D9:B3:CF:B9:99:49:47:C9:83:30:13:51:D2:43:76:74:68:09:53:D7,1,CPUaaw4hDO_0yqSN/VC,AEAD_AES_256_GCM,FEFD
T01,1776278957008.18,transport,3106,167427,TLS_ECDHE_ECDSA_WITH_CHACHA20_POLY1305_SHA256,client,connected,d/F8,controlling,connected,CF56:D2:B9:7B:6B:00:C9:4D:56:4E:AF:CF:C5:85:91:5D:4E:AC:42:AA:D5:17:9C:EC:0F:72:34:96:D7:33:D8:4F,45,349,CF97:E8:D9:24:12:8A:BE:18:E8:88:FF:5E:D9:B3:CF:B9:99:49:47:C9:83:30:13:51:D2:43:76:74:68:09:53:D7,1,CPUaaw4hDO_0yqSN/VC,AEAD_AES_256_GCM,FEFD
T01,1776278957008.18,transport,3106,167427,TLS_ECDHE_ECDSA_WITH_CHACHA20_POLY1305_SHA256,client,connected,d/F8,controlling,connected,CF56:D2:B9:7B:6B:00:C9:4D:56:4E:AF:CF:C5:85:91:5D:4E:AC:42:AA:D5:17:9C:EC:0F:72:34:96:D7:33:D8:4F,45,349,CF97:E8:D9:24:12:8A:BE:18:E8:88:FF:5E:D9:B3:CF:B9:99:49:47:C9:83:30:13:51:D2:43:76:74:68:09:53:D7,1,CPUaaw4hDO_0yqSN/VC,AEAD_AES_256_GCM,FEFD
T01,1776278957208.131,transport,3218,177962,TLS_ECDHE_ECDSA_WITH_CHACHA20_POLY1305_SHA256,client,connected,d/F8,controlling,connected,CF56:D2:B9:7B:6B:00:C9:4D:56:4E:AF:CF:C5:85:91:5D:4E:AC:42:AA:D5:17:9C:EC:0F:72:34:96:D7:33:D8:4F,47,375,CF97:E8:D9:24:12:8A:BE:18:E8:88:FF:5E:D9:B3:CF:B9:99:49:47:C9:83:30:13:51:D2:43:76:74:68:09:53:D7,1,CPUaaw4hDO_0yqSN/VC,AEAD_AES_256_GCM,FEFD
T01,1776278957208.131,transport,3218,177962,TLS_ECDHE_ECDSA_WITH_CHACHA20_POLY1305_SHA256,client,connected,d/F8,controlling,connected,CF56:D2:B9:7B:6B:00:C9:4D:56:4E:AF:CF:C5:85:91:5D:4E:AC:42:AA:D5:17:9C:EC:0F:72:34:96:D7:33:D8:4F,47,375,CF97:E8:D9:24:12:8A:BE:18:E8:88:FF:5E:D9:B3:CF:B9:99:49:47:C9:83:30:13:51:D2:43:76:74:68:09:53:D7,1,CPUaaw4hDO_0yqSN/VC,AEAD_AES_256_GCM,FEFD
T01,1776278957408.018,transport,3330,188565,TLS_ECDHE_ECDSA_WITH_CHACHA20_POLY1305_SHA256,client,connected,d/F8,controlling,connected,CF56:D2:B9:7B:6B:00:C9:4D:56:4E:AF:CF:C5:85:91:5D:4E:AC:42:AA:D5:17:9C:EC:0F:72:34:96:D7:33:D8:4F,49,393,CF97:E8:D9:24:12:8A:BE:18:E8:88:FF:5E:D9:B3:CF:B9:99:49:47:C9:83:30:13:51:D2:43:76:74:68:09:53:D7,1,CPUaaw4hDO_0yqSN/VC,AEAD_AES_256_GCM,FEFD
T01,1776278957408.018,transport,3330,188565,TLS_ECDHE_ECDSA_WITH_CHACHA20_POLY1305_SHA256,client,connected,d/F8,controlling,connected,CF56:D2:B9:7B:6B:00:C9:4D:56:4E:AF:CF:C5:85:91:5D:4E:AC:42:AA:D5:17:9C:EC:0F:72:34:96:D7:33:D8:4F,49,393,CF97:E8:D9:24:12:8A:BE:18:E8:88:FF:5E:D9:B3:CF:B9:99:49:47:C9:83:30:13:51:D2:43:76:74:68:09:53:D7,1,CPUaaw4hDO_0yqSN/VC,AEAD_AES_256_GCM,FEFD
T01,1776278957608.047,transport,3426,198507,TLS_ECDHE_ECDSA_WITH_CHACHA20_POLY1305_SHA256,client,connected,d/F8,controlling,connected,CF56:D2:B9:7B:6B:00:C9:4D:56:4E:AF:CF:C5:85:91:5D:4E:AC:42:AA:D5:17:9C:EC:0F:72:34:96:D7:33:D8:4F,51,404,CF97:E8:D9:24:12:8A:BE:18:E8:88:FF:5E:D9:B3:CF:B9:99:49:47:C9:83:30:13:51:D2:43:76:74:68:09:53:D7,1,CPUaaw4hDO_0yqSN/VC,AEAD_AES_256_GCM,FEFD
T01,1776278957608.047,transport,3426,198507,TLS_ECDHE_ECDSA_WITH_CHACHA20_POLY1305_SHA256,client,connected,d/F8,controlling,connected,CF56:D2:B9:7B:6B:00:C9:4D:56:4E:AF:CF:C5:85:91:5D:4E:AC:42:AA:D5:17:9C:EC:0F:72:34:96:D7:33:D8:4F,51,404,CF97:E8:D9:24:12:8A:BE:18:E8:88:FF:5E:D9:B3:CF:B9:99:49:47:C9:83:30:13:51:D2:43:76:74:68:09:53:D7,1,CPUaaw4hDO_0yqSN/VC,AEAD_AES_256_GCM,FEFD
T01,1776278957808.107,transport,3622,209560,TLS_ECDHE_ECDSA_WITH_CHACHA20_POLY1305_SHA256,client,connected,d/F8,controlling,connected,CF56:D2:B9:7B:6B:00:C9:4D:56:4E:AF:CF:C5:85:91:5D:4E:AC:42:AA:D5:17:9C:EC:0F:72:34:96:D7:33:D8:4F,54,420,CF97:E8:D9:24:12:8A:BE:18:E8:88:FF:5E:D9:B3:CF:B9:99:49:47:C9:83:30:13:51:D2:43:76:74:68:09:53:D7,1,CPUaaw4hDO_0yqSN/VC,AEAD_AES_256_GCM,FEFD
T01,1776278957808.107,transport,3622,209560,TLS_ECDHE_ECDSA_WITH_CHACHA20_POLY1305_SHA256,client,connected,d/F8,controlling,connected,CF56:D2:B9:7B:6B:00:C9:4D:56:4E:AF:CF:C5:85:91:5D:4E:AC:42:AA:D5:17:9C:EC:0F:72:34:96:D7:33:D8:4F,54,420,CF97:E8:D9:24:12:8A:BE:18:E8:88:FF:5E:D9:B3:CF:B9:99:49:47:C9:83:30:13:51:D2:43:76:74:68:09:53:D7,1,CPUaaw4hDO_0yqSN/VC,AEAD_AES_256_GCM,FEFD
T01,1776278958008.13,transport,3722,217579,TLS_ECDHE_ECDSA_WITH_CHACHA20_POLY1305_SHA256,client,connected,d/F8,controlling,connected,CF56:D2:B9:7B:6B:00:C9:4D:56:4E:AF:CF:C5:85:91:5D:4E:AC:42:AA:D5:17:9C:EC:0F:72:34:96:D7:33:D8:4F,56,431,CF97:E8:D9:24:12:8A:BE:18:E8:88:FF:5E:D9:B3:CF:B9:99:49:47:C9:83:30:13:51:D2:43:76:74:68:09:53:D7,1,CPUaaw4hDO_0yqSN/VC,AEAD_AES_256_GCM,FEFD
T01,1776278958008.13,transport,3722,217579,TLS_ECDHE_ECDSA_WITH_CHACHA20_POLY1305_SHA256,client,connected,d/F8,controlling,connected,CF56:D2:B9:7B:6B:00:C9:4D:56:4E:AF:CF:C5:85:91:5D:4E:AC:42:AA:D5:17:9C:EC:0F:72:34:96:D7:33:D8:4F,56,431,CF97:E8:D9:24:12:8A:BE:18:E8:88:FF:5E:D9:B3:CF:B9:99:49:47:C9:83:30:13:51:D2:43:76:74:68:09:53:D7,1,CPUaaw4hDO_0yqSN/VC,AEAD_AES_256_GCM,FEFD
T01,1776278958208.053,transport,3822,231261,TLS_ECDHE_ECDSA_WITH_CHACHA20_POLY1305_SHA256,client,connected,d/F8,controlling,connected,CF56:D2:B9:7B:6B:00:C9:4D:56:4E:AF:CF:C5:85:91:5D:4E:AC:42:AA:D5:17:9C:EC:0F:72:34:96:D7:33:D8:4F,58,447,CF97:E8:D9:24:12:8A:BE:18:E8:88:FF:5E:D9:B3:CF:B9:99:49:47:C9:83:30:13:51:D2:43:76:74:68:09:53:D7,1,CPUaaw4hDO_0yqSN/VC,AEAD_AES_256_GCM,FEFD
T01,1776278958208.053,transport,3822,231261,TLS_ECDHE_ECDSA_WITH_CHACHA20_POLY1305_SHA256,client,connected,d/F8,controlling,connected,CF56:D2:B9:7B:6B:00:C9:4D:56:4E:AF:CF:C5:85:91:5D:4E:AC:42:AA:D5:17:9C:EC:0F:72:34:96:D7:33:D8:4F,58,447,CF97:E8:D9:24:12:8A:BE:18:E8:88:FF:5E:D9:B3:CF:B9:99:49:47:C9:83:30:13:51:D2:43:76:74:68:09:53:D7,1,CPUaaw4hDO_0yqSN/VC,AEAD_AES_256_GCM,FEFD
T01,1776278958408.007,transport,3918,242548,TLS_ECDHE_ECDSA_WITH_CHACHA20_POLY1305_SHA256,client,connected,d/F8,controlling,connected,CF56:D2:B9:7B:6B:00:C9:4D:56:4E:AF:CF:C5:85:91:5D:4E:AC:42:AA:D5:17:9C:EC:0F:72:34:96:D7:33:D8:4F,60,460,CF97:E8:D9:24:12:8A:BE:18:E8:88:FF:5E:D9:B3:CF:B9:99:49:47:C9:83:30:13:51:D2:43:76:74:68:09:53:D7,1,CPUaaw4hDO_0yqSN/VC,AEAD_AES_256_GCM,FEFD
T01,1776278958408.007,transport,3918,242548,TLS_ECDHE_ECDSA_WITH_CHACHA20_POLY1305_SHA256,client,connected,d/F8,controlling,connected,CF56:D2:B9:7B:6B:00:C9:4D:56:4E:AF:CF:C5:85:91:5D:4E:AC:42:AA:D5:17:9C:EC:0F:72:34:96:D7:33:D8:4F,60,460,CF97:E8:D9:24:12:8A:BE:18:E8:88:FF:5E:D9:B3:CF:B9:99:49:47:C9:83:30:13:51:D2:43:76:74:68:09:53:D7,1,CPUaaw4hDO_0yqSN/VC,AEAD_AES_256_GCM,FEFD
T01,1776278958608.073,transport,4022,255896,TLS_ECDHE_ECDSA_WITH_CHACHA20_POLY1305_SHA256,client,connected,d/F8,controlling,connected,CF56:D2:B9:7B:6B:00:C9:4D:56:4E:AF:CF:C5:85:91:5D:4E:AC:42:AA:D5:17:9C:EC:0F:72:34:96:D7:33:D8:4F,62,474,CF97:E8:D9:24:12:8A:BE:18:E8:88:FF:5E:D9:B3:CF:B9:99:49:47:C9:83:30:13:51:D2:43:76:74:68:09:53:D7,1,CPUaaw4hDO_0yqSN/VC,AEAD_AES_256_GCM,FEFD
T01,1776278958608.073,transport,4022,255896,TLS_ECDHE_ECDSA_WITH_CHACHA20_POLY1305_SHA256,client,connected,d/F8,controlling,connected,CF56:D2:B9:7B:6B:00:C9:4D:56:4E:AF:CF:C5:85:91:5D:4E:AC:42:AA:D5:17:9C:EC:0F:72:34:96:D7:33:D8:4F,62,474,CF97:E8:D9:24:12:8A:BE:18:E8:88:FF:5E:D9:B3:CF:B9:99:49:47:C9:83:30:13:51:D2:43:76:74:68:09:53:D7,1,CPUaaw4hDO_0yqSN/VC,AEAD_AES_256_GCM,FEFD
T01,1776278958808.136,transport,4218,265106,TLS_ECDHE_ECDSA_WITH_CHACHA20_POLY1305_SHA256,client,connected,d/F8,controlling,connected,CF56:D2:B9:7B:6B:00:C9:4D:56:4E:AF:CF:C5:85:91:5D:4E:AC:42:AA:D5:17:9C:EC:0F:72:34:96:D7:33:D8:4F,65,489,CF97:E8:D9:24:12:8A:BE:18:E8:88:FF:5E:D9:B3:CF:B9:99:49:47:C9:83:30:13:51:D2:43:76:74:68:09:53:D7,1,CPUaaw4hDO_0yqSN/VC,AEAD_AES_256_GCM,FEFD
T01,1776278958808.136,transport,4218,265106,TLS_ECDHE_ECDSA_WITH_CHACHA20_POLY1305_SHA256,client,connected,d/F8,controlling,connected,CF56:D2:B9:7B:6B:00:C9:4D:56:4E:AF:CF:C5:85:91:5D:4E:AC:42:AA:D5:17:9C:EC:0F:72:34:96:D7:33:D8:4F,65,489,CF97:E8:D9:24:12:8A:BE:18:E8:88:FF:5E:D9:B3:CF:B9:99:49:47:C9:83:30:13:51:D2:43:76:74:68:09:53:D7,1,CPUaaw4hDO_0yqSN/VC,AEAD_AES_256_GCM,FEFD
T01,1776278959008.06,transport,4318,273702,TLS_ECDHE_ECDSA_WITH_CHACHA20_POLY1305_SHA256,client,connected,d/F8,controlling,connected,CF56:D2:B9:7B:6B:00:C9:4D:56:4E:AF:CF:C5:85:91:5D:4E:AC:42:AA:D5:17:9C:EC:0F:72:34:96:D7:33:D8:4F,67,503,CF97:E8:D9:24:12:8A:BE:18:E8:88:FF:5E:D9:B3:CF:B9:99:49:47:C9:83:30:13:51:D2:43:76:74:68:09:53:D7,1,CPUaaw4hDO_0yqSN/VC,AEAD_AES_256_GCM,FEFD
T01,1776278959008.06,transport,4318,273702,TLS_ECDHE_ECDSA_WITH_CHACHA20_POLY1305_SHA256,client,connected,d/F8,controlling,connected,CF56:D2:B9:7B:6B:00:C9:4D:56:4E:AF:CF:C5:85:91:5D:4E:AC:42:AA:D5:17:9C:EC:0F:72:34:96:D7:33:D8:4F,67,503,CF97:E8:D9:24:12:8A:BE:18:E8:88:FF:5E:D9:B3:CF:B9:99:49:47:C9:83:30:13:51:D2:43:76:74:68:09:53:D7,1,CPUaaw4hDO_0yqSN/VC,AEAD_AES_256_GCM,FEFD
T01,1776278959207.937,transport,4422,286385,TLS_ECDHE_ECDSA_WITH_CHACHA20_POLY1305_SHA256,client,connected,d/F8,controlling,connected,CF56:D2:B9:7B:6B:00:C9:4D:56:4E:AF:CF:C5:85:91:5D:4E:AC:42:AA:D5:17:9C:EC:0F:72:34:96:D7:33:D8:4F,69,516,CF97:E8:D9:24:12:8A:BE:18:E8:88:FF:5E:D9:B3:CF:B9:99:49:47:C9:83:30:13:51:D2:43:76:74:68:09:53:D7,1,CPUaaw4hDO_0yqSN/VC,AEAD_AES_256_GCM,FEFD
T01,1776278959207.937,transport,4422,286385,TLS_ECDHE_ECDSA_WITH_CHACHA20_POLY1305_SHA256,client,connected,d/F8,controlling,connected,CF56:D2:B9:7B:6B:00:C9:4D:56:4E:AF:CF:C5:85:91:5D:4E:AC:42:AA:D5:17:9C:EC:0F:72:34:96:D7:33:D8:4F,69,516,CF97:E8:D9:24:12:8A:BE:18:E8:88:FF:5E:D9:B3:CF:B9:99:49:47:C9:83:30:13:51:D2:43:76:74:68:09:53:D7,1,CPUaaw4hDO_0yqSN/VC,AEAD_AES_256_GCM,FEFD
T01,1776278959407.979,transport,4526,298648,TLS_ECDHE_ECDSA_WITH_CHACHA20_POLY1305_SHA256,client,connected,d/F8,controlling,connected,CF56:D2:B9:7B:6B:00:C9:4D:56:4E:AF:CF:C5:85:91:5D:4E:AC:42:AA:D5:17:9C:EC:0F:72:34:96:D7:33:D8:4F,71,533,CF97:E8:D9:24:12:8A:BE:18:E8:88:FF:5E:D9:B3:CF:B9:99:49:47:C9:83:30:13:51:D2:43:76:74:68:09:53:D7,1,CPUaaw4hDO_0yqSN/VC,AEAD_AES_256_GCM,FEFD
T01,1776278959407.979,transport,4526,298648,TLS_ECDHE_ECDSA_WITH_CHACHA20_POLY1305_SHA256,client,connected,d/F8,controlling,connected,CF56:D2:B9:7B:6B:00:C9:4D:56:4E:AF:CF:C5:85:91:5D:4E:AC:42:AA:D5:17:9C:EC:0F:72:34:96:D7:33:D8:4F,71,533,CF97:E8:D9:24:12:8A:BE:18:E8:88:FF:5E:D9:B3:CF:B9:99:49:47:C9:83:30:13:51:D2:43:76:74:68:09:53:D7,1,CPUaaw4hDO_0yqSN/VC,AEAD_AES_256_GCM,FEFD
T01,1776278959607.964,transport,4634,308293,TLS_ECDHE_ECDSA_WITH_CHACHA20_POLY1305_SHA256,client,connected,d/F8,controlling,connected,CF56:D2:B9:7B:6B:00:C9:4D:56:4E:AF:CF:C5:85:91:5D:4E:AC:42:AA:D5:17:9C:EC:0F:72:34:96:D7:33:D8:4F,73,551,CF97:E8:D9:24:12:8A:BE:18:E8:88:FF:5E:D9:B3:CF:B9:99:49:47:C9:83:30:13:51:D2:43:76:74:68:09:53:D7,1,CPUaaw4hDO_0yqSN/VC,AEAD_AES_256_GCM,FEFD
T01,1776278959607.964,transport,4634,308293,TLS_ECDHE_ECDSA_WITH_CHACHA20_POLY1305_SHA256,client,connected,d/F8,controlling,connected,CF56:D2:B9:7B:6B:00:C9:4D:56:4E:AF:CF:C5:85:91:5D:4E:AC:42:AA:D5:17:9C:EC:0F:72:34:96:D7:33:D8:4F,73,551,CF97:E8:D9:24:12:8A:BE:18:E8:88:FF:5E:D9:B3:CF:B9:99:49:47:C9:83:30:13:51:D2:43:76:74:68:09:53:D7,1,CPUaaw4hDO_0yqSN/VC,AEAD_AES_256_GCM,FEFD
T01,1776278959808.072,transport,4738,321950,TLS_ECDHE_ECDSA_WITH_CHACHA20_POLY1305_SHA256,client,connected,d/F8,controlling,connected,CF56:D2:B9:7B:6B:00:C9:4D:56:4E:AF:CF:C5:85:91:5D:4E:AC:42:AA:D5:17:9C:EC:0F:72:34:96:D7:33:D8:4F,75,566,CF97:E8:D9:24:12:8A:BE:18:E8:88:FF:5E:D9:B3:CF:B9:99:49:47:C9:83:30:13:51:D2:43:76:74:68:09:53:D7,1,CPUaaw4hDO_0yqSN/VC,AEAD_AES_256_GCM,FEFD
T01,1776278959808.072,transport,4738,321950,TLS_ECDHE_ECDSA_WITH_CHACHA20_POLY1305_SHA256,client,connected,d/F8,controlling,connected,CF56:D2:B9:7B:6B:00:C9:4D:56:4E:AF:CF:C5:85:91:5D:4E:AC:42:AA:D5:17:9C:EC:0F:72:34:96:D7:33:D8:4F,75,566,CF97:E8:D9:24:12:8A:BE:18:E8:88:FF:5E:D9:B3:CF:B9:99:49:47:C9:83:30:13:51:D2:43:76:74:68:09:53:D7,1,CPUaaw4hDO_0yqSN/VC,AEAD_AES_256_GCM,FEFD
T01,1776278960008.074,transport,4938,332788,TLS_ECDHE_ECDSA_WITH_CHACHA20_POLY1305_SHA256,client,connected,d/F8,controlling,connected,CF56:D2:B9:7B:6B:00:C9:4D:56:4E:AF:CF:C5:85:91:5D:4E:AC:42:AA:D5:17:9C:EC:0F:72:34:96:D7:33:D8:4F,78,580,CF97:E8:D9:24:12:8A:BE:18:E8:88:FF:5E:D9:B3:CF:B9:99:49:47:C9:83:30:13:51:D2:43:76:74:68:09:53:D7,1,CPUaaw4hDO_0yqSN/VC,AEAD_AES_256_GCM,FEFD
T01,1776278960008.074,transport,4938,332788,TLS_ECDHE_ECDSA_WITH_CHACHA20_POLY1305_SHA256,client,connected,d/F8,controlling,connected,CF56:D2:B9:7B:6B:00:C9:4D:56:4E:AF:CF:C5:85:91:5D:4E:AC:42:AA:D5:17:9C:EC:0F:72:34:96:D7:33:D8:4F,78,580,CF97:E8:D9:24:12:8A:BE:18:E8:88:FF:5E:D9:B3:CF:B9:99:49:47:C9:83:30:13:51:D2:43:76:74:68:09:53:D7,1,CPUaaw4hDO_0yqSN/VC,AEAD_AES_256_GCM,FEFD
T01,1776278960208.154,transport,5046,347749,TLS_ECDHE_ECDSA_WITH_CHACHA20_POLY1305_SHA256,client,connected,d/F8,controlling,connected,CF56:D2:B9:7B:6B:00:C9:4D:56:4E:AF:CF:C5:85:91:5D:4E:AC:42:AA:D5:17:9C:EC:0F:72:34:96:D7:33:D8:4F,80,606,CF97:E8:D9:24:12:8A:BE:18:E8:88:FF:5E:D9:B3:CF:B9:99:49:47:C9:83:30:13:51:D2:43:76:74:68:09:53:D7,1,CPUaaw4hDO_0yqSN/VC,AEAD_AES_256_GCM,FEFD
T01,1776278960208.154,transport,5046,347749,TLS_ECDHE_ECDSA_WITH_CHACHA20_POLY1305_SHA256,client,connected,d/F8,controlling,connected,CF56:D2:B9:7B:6B:00:C9:4D:56:4E:AF:CF:C5:85:91:5D:4E:AC:42:AA:D5:17:9C:EC:0F:72:34:96:D7:33:D8:4F,80,606,CF97:E8:D9:24:12:8A:BE:18:E8:88:FF:5E:D9:B3:CF:B9:99:49:47:C9:83:30:13:51:D2:43:76:74:68:09:53:D7,1,CPUaaw4hDO_0yqSN/VC,AEAD_AES_256_GCM,FEFD
T01,1776278960408.104,transport,5150,357326,TLS_ECDHE_ECDSA_WITH_CHACHA20_POLY1305_SHA256,client,connected,d/F8,controlling,connected,CF56:D2:B9:7B:6B:00:C9:4D:56:4E:AF:CF:C5:85:91:5D:4E:AC:42:AA:D5:17:9C:EC:0F:72:34:96:D7:33:D8:4F,82,619,CF97:E8:D9:24:12:8A:BE:18:E8:88:FF:5E:D9:B3:CF:B9:99:49:47:C9:83:30:13:51:D2:43:76:74:68:09:53:D7,1,CPUaaw4hDO_0yqSN/VC,AEAD_AES_256_GCM,FEFD
T01,1776278960408.104,transport,5150,357326,TLS_ECDHE_ECDSA_WITH_CHACHA20_POLY1305_SHA256,client,connected,d/F8,controlling,connected,CF56:D2:B9:7B:6B:00:C9:4D:56:4E:AF:CF:C5:85:91:5D:4E:AC:42:AA:D5:17:9C:EC:0F:72:34:96:D7:33:D8:4F,82,619,CF97:E8:D9:24:12:8A:BE:18:E8:88:FF:5E:D9:B3:CF:B9:99:49:47:C9:83:30:13:51:D2:43:76:74:68:09:53:D7,1,CPUaaw4hDO_0yqSN/VC,AEAD_AES_256_GCM,FEFD
T01,1776278960608.024,transport,5262,372873,TLS_ECDHE_ECDSA_WITH_CHACHA20_POLY1305_SHA256,client,connected,d/F8,controlling,connected,CF56:D2:B9:7B:6B:00:C9:4D:56:4E:AF:CF:C5:85:91:5D:4E:AC:42:AA:D5:17:9C:EC:0F:72:34:96:D7:33:D8:4F,84,655,CF97:E8:D9:24:12:8A:BE:18:E8:88:FF:5E:D9:B3:CF:B9:99:49:47:C9:83:30:13:51:D2:43:76:74:68:09:53:D7,1,CPUaaw4hDO_0yqSN/VC,AEAD_AES_256_GCM,FEFD
T01,1776278960608.024,transport,5262,372873,TLS_ECDHE_ECDSA_WITH_CHACHA20_POLY1305_SHA256,client,connected,d/F8,controlling,connected,CF56:D2:B9:7B:6B:00:C9:4D:56:4E:AF:CF:C5:85:91:5D:4E:AC:42:AA:D5:17:9C:EC:0F:72:34:96:D7:33:D8:4F,84,655,CF97:E8:D9:24:12:8A:BE:18:E8:88:FF:5E:D9:B3:CF:B9:99:49:47:C9:83:30:13:51:D2:43:76:74:68:09:53:D7,1,CPUaaw4hDO_0yqSN/VC,AEAD_AES_256_GCM,FEFD
T01,1776278960808.07,transport,5374,386932,TLS_ECDHE_ECDSA_WITH_CHACHA20_POLY1305_SHA256,client,connected,d/F8,controlling,connected,CF56:D2:B9:7B:6B:00:C9:4D:56:4E:AF:CF:C5:85:91:5D:4E:AC:42:AA:D5:17:9C:EC:0F:72:34:96:D7:33:D8:4F,86,670,CF97:E8:D9:24:12:8A:BE:18:E8:88:FF:5E:D9:B3:CF:B9:99:49:47:C9:83:30:13:51:D2:43:76:74:68:09:53:D7,1,CPUaaw4hDO_0yqSN/VC,AEAD_AES_256_GCM,FEFD
T01,1776278960808.07,transport,5374,386932,TLS_ECDHE_ECDSA_WITH_CHACHA20_POLY1305_SHA256,client,connected,d/F8,controlling,connected,CF56:D2:B9:7B:6B:00:C9:4D:56:4E:AF:CF:C5:85:91:5D:4E:AC:42:AA:D5:17:9C:EC:0F:72:34:96:D7:33:D8:4F,86,670,CF97:E8:D9:24:12:8A:BE:18:E8:88:FF:5E:D9:B3:CF:B9:99:49:47:C9:83:30:13:51:D2:43:76:74:68:09:53:D7,1,CPUaaw4hDO_0yqSN/VC,AEAD_AES_256_GCM,FEFD
T01,1776278961008.149,transport,5478,396082,TLS_ECDHE_ECDSA_WITH_CHACHA20_POLY1305_SHA256,client,connected,d/F8,controlling,connected,CF56:D2:B9:7B:6B:00:C9:4D:56:4E:AF:CF:C5:85:91:5D:4E:AC:42:AA:D5:17:9C:EC:0F:72:34:96:D7:33:D8:4F,88,684,CF97:E8:D9:24:12:8A:BE:18:E8:88:FF:5E:D9:B3:CF:B9:99:49:47:C9:83:30:13:51:D2:43:76:74:68:09:53:D7,1,CPUaaw4hDO_0yqSN/VC,AEAD_AES_256_GCM,FEFD
T01,1776278961008.149,transport,5478,396082,TLS_ECDHE_ECDSA_WITH_CHACHA20_POLY1305_SHA256,client,connected,d/F8,controlling,connected,CF56:D2:B9:7B:6B:00:C9:4D:56:4E:AF:CF:C5:85:91:5D:4E:AC:42:AA:D5:17:9C:EC:0F:72:34:96:D7:33:D8:4F,88,684,CF97:E8:D9:24:12:8A:BE:18:E8:88:FF:5E:D9:B3:CF:B9:99:49:47:C9:83:30:13:51:D2:43:76:74:68:09:53:D7,1,CPUaaw4hDO_0yqSN/VC,AEAD_AES_256_GCM,FEFD
T01,1776278961208.126,transport,5586,409764,TLS_ECDHE_ECDSA_WITH_CHACHA20_POLY1305_SHA256,client,connected,d/F8,controlling,connected,CF56:D2:B9:7B:6B:00:C9:4D:56:4E:AF:CF:C5:85:91:5D:4E:AC:42:AA:D5:17:9C:EC:0F:72:34:96:D7:33:D8:4F,90,705,CF97:E8:D9:24:12:8A:BE:18:E8:88:FF:5E:D9:B3:CF:B9:99:49:47:C9:83:30:13:51:D2:43:76:74:68:09:53:D7,1,CPUaaw4hDO_0yqSN/VC,AEAD_AES_256_GCM,FEFD
T01,1776278961208.126,transport,5586,409764,TLS_ECDHE_ECDSA_WITH_CHACHA20_POLY1305_SHA256,client,connected,d/F8,controlling,connected,CF56:D2:B9:7B:6B:00:C9:4D:56:4E:AF:CF:C5:85:91:5D:4E:AC:42:AA:D5:17:9C:EC:0F:72:34:96:D7:33:D8:4F,90,705,CF97:E8:D9:24:12:8A:BE:18:E8:88:FF:5E:D9:B3:CF:B9:99:49:47:C9:83:30:13:51:D2:43:76:74:68:09:53:D7,1,CPUaaw4hDO_0yqSN/VC,AEAD_AES_256_GCM,FEFD
T01,1776278961408.103,transport,5786,424939,TLS_ECDHE_ECDSA_WITH_CHACHA20_POLY1305_SHA256,client,connected,d/F8,controlling,connected,CF56:D2:B9:7B:6B:00:C9:4D:56:4E:AF:CF:C5:85:91:5D:4E:AC:42:AA:D5:17:9C:EC:0F:72:34:96:D7:33:D8:4F,93,724,CF97:E8:D9:24:12:8A:BE:18:E8:88:FF:5E:D9:B3:CF:B9:99:49:47:C9:83:30:13:51:D2:43:76:74:68:09:53:D7,1,CPUaaw4hDO_0yqSN/VC,AEAD_AES_256_GCM,FEFD
T01,1776278961408.103,transport,5786,424939,TLS_ECDHE_ECDSA_WITH_CHACHA20_POLY1305_SHA256,client,connected,d/F8,controlling,connected,CF56:D2:B9:7B:6B:00:C9:4D:56:4E:AF:CF:C5:85:91:5D:4E:AC:42:AA:D5:17:9C:EC:0F:72:34:96:D7:33:D8:4F,93,724,CF97:E8:D9:24:12:8A:BE:18:E8:88:FF:5E:D9:B3:CF:B9:99:49:47:C9:83:30:13:51:D2:43:76:74:68:09:53:D7,1,CPUaaw4hDO_0yqSN/VC,AEAD_AES_256_GCM,FEFD
T01,1776278961608.138,transport,5890,436779,TLS_ECDHE_ECDSA_WITH_CHACHA20_POLY1305_SHA256,client,connected,d/F8,controlling,connected,CF56:D2:B9:7B:6B:00:C9:4D:56:4E:AF:CF:C5:85:91:5D:4E:AC:42:AA:D5:17:9C:EC:0F:72:34:96:D7:33:D8:4F,95,739,CF97:E8:D9:24:12:8A:BE:18:E8:88:FF:5E:D9:B3:CF:B9:99:49:47:C9:83:30:13:51:D2:43:76:74:68:09:53:D7,1,CPUaaw4hDO_0yqSN/VC,AEAD_AES_256_GCM,FEFD
T01,1776278961608.138,transport,5890,436779,TLS_ECDHE_ECDSA_WITH_CHACHA20_POLY1305_SHA256,client,connected,d/F8,controlling,connected,CF56:D2:B9:7B:6B:00:C9:4D:56:4E:AF:CF:C5:85:91:5D:4E:AC:42:AA:D5:17:9C:EC:0F:72:34:96:D7:33:D8:4F,95,739,CF97:E8:D9:24:12:8A:BE:18:E8:88:FF:5E:D9:B3:CF:B9:99:49:47:C9:83:30:13:51:D2:43:76:74:68:09:53:D7,1,CPUaaw4hDO_0yqSN/VC,AEAD_AES_256_GCM,FEFD
T01,1776278961808.1,transport,5998,451542,TLS_ECDHE_ECDSA_WITH_CHACHA20_POLY1305_SHA256,client,connected,d/F8,controlling,connected,CF56:D2:B9:7B:6B:00:C9:4D:56:4E:AF:CF:C5:85:91:5D:4E:AC:42:AA:D5:17:9C:EC:0F:72:34:96:D7:33:D8:4F,97,761,CF97:E8:D9:24:12:8A:BE:18:E8:88:FF:5E:D9:B3:CF:B9:99:49:47:C9:83:30:13:51:D2:43:76:74:68:09:53:D7,1,CPUaaw4hDO_0yqSN/VC,AEAD_AES_256_GCM,FEFD
T01,1776278961808.1,transport,5998,451542,TLS_ECDHE_ECDSA_WITH_CHACHA20_POLY1305_SHA256,client,connected,d/F8,controlling,connected,CF56:D2:B9:7B:6B:00:C9:4D:56:4E:AF:CF:C5:85:91:5D:4E:AC:42:AA:D5:17:9C:EC:0F:72:34:96:D7:33:D8:4F,97,761,CF97:E8:D9:24:12:8A:BE:18:E8:88:FF:5E:D9:B3:CF:B9:99:49:47:C9:83:30:13:51:D2:43:76:74:68:09:53:D7,1,CPUaaw4hDO_0yqSN/VC,AEAD_AES_256_GCM,FEFD
T01,1776278962008.091,transport,6098,465408,TLS_ECDHE_ECDSA_WITH_CHACHA20_POLY1305_SHA256,client,connected,d/F8,controlling,connected,CF56:D2:B9:7B:6B:00:C9:4D:56:4E:AF:CF:C5:85:91:5D:4E:AC:42:AA:D5:17:9C:EC:0F:72:34:96:D7:33:D8:4F,99,779,CF97:E8:D9:24:12:8A:BE:18:E8:88:FF:5E:D9:B3:CF:B9:99:49:47:C9:83:30:13:51:D2:43:76:74:68:09:53:D7,1,CPUaaw4hDO_0yqSN/VC,AEAD_AES_256_GCM,FEFD
T01,1776278962008.091,transport,6098,465408,TLS_ECDHE_ECDSA_WITH_CHACHA20_POLY1305_SHA256,client,connected,d/F8,controlling,connected,CF56:D2:B9:7B:6B:00:C9:4D:56:4E:AF:CF:C5:85:91:5D:4E:AC:42:AA:D5:17:9C:EC:0F:72:34:96:D7:33:D8:4F,99,779,CF97:E8:D9:24:12:8A:BE:18:E8:88:FF:5E:D9:B3:CF:B9:99:49:47:C9:83:30:13:51:D2:43:76:74:68:09:53:D7,1,CPUaaw4hDO_0yqSN/VC,AEAD_AES_256_GCM,FEFD
T01,1776278962208.122,transport,6214,479078,TLS_ECDHE_ECDSA_WITH_CHACHA20_POLY1305_SHA256,client,connected,d/F8,controlling,connected,CF56:D2:B9:7B:6B:00:C9:4D:56:4E:AF:CF:C5:85:91:5D:4E:AC:42:AA:D5:17:9C:EC:0F:72:34:96:D7:33:D8:4F,101,815,CF97:E8:D9:24:12:8A:BE:18:E8:88:FF:5E:D9:B3:CF:B9:99:49:47:C9:83:30:13:51:D2:43:76:74:68:09:53:D7,1,CPUaaw4hDO_0yqSN/VC,AEAD_AES_256_GCM,FEFD
T01,1776278962208.122,transport,6214,479078,TLS_ECDHE_ECDSA_WITH_CHACHA20_POLY1305_SHA256,client,connected,d/F8,controlling,connected,CF56:D2:B9:7B:6B:00:C9:4D:56:4E:AF:CF:C5:85:91:5D:4E:AC:42:AA:D5:17:9C:EC:0F:72:34:96:D7:33:D8:4F,101,815,CF97:E8:D9:24:12:8A:BE:18:E8:88:FF:5E:D9:B3:CF:B9:99:49:47:C9:83:30:13:51:D2:43:76:74:68:09:53:D7,1,CPUaaw4hDO_0yqSN/VC,AEAD_AES_256_GCM,FEFD
T01,1776278962408.099,transport,6334,494895,TLS_ECDHE_ECDSA_WITH_CHACHA20_POLY1305_SHA256,client,connected,d/F8,controlling,connected,CF56:D2:B9:7B:6B:00:C9:4D:56:4E:AF:CF:C5:85:91:5D:4E:AC:42:AA:D5:17:9C:EC:0F:72:34:96:D7:33:D8:4F,103,841,CF97:E8:D9:24:12:8A:BE:18:E8:88:FF:5E:D9:B3:CF:B9:99:49:47:C9:83:30:13:51:D2:43:76:74:68:09:53:D7,1,CPUaaw4hDO_0yqSN/VC,AEAD_AES_256_GCM,FEFD
T01,1776278962408.099,transport,6334,494895,TLS_ECDHE_ECDSA_WITH_CHACHA20_POLY1305_SHA256,client,connected,d/F8,controlling,connected,CF56:D2:B9:7B:6B:00:C9:4D:56:4E:AF:CF:C5:85:91:5D:4E:AC:42:AA:D5:17:9C:EC:0F:72:34:96:D7:33:D8:4F,103,841,CF97:E8:D9:24:12:8A:BE:18:E8:88:FF:5E:D9:B3:CF:B9:99:49:47:C9:83:30:13:51:D2:43:76:74:68:09:53:D7,1,CPUaaw4hDO_0yqSN/VC,AEAD_AES_256_GCM,FEFD
T01,1776278962608.207,transport,6534,511082,TLS_ECDHE_ECDSA_WITH_CHACHA20_POLY1305_SHA256,client,connected,d/F8,controlling,connected,CF56:D2:B9:7B:6B:00:C9:4D:56:4E:AF:CF:C5:85:91:5D:4E:AC:42:AA:D5:17:9C:EC:0F:72:34:96:D7:33:D8:4F,106,860,CF97:E8:D9:24:12:8A:BE:18:E8:88:FF:5E:D9:B3:CF:B9:99:49:47:C9:83:30:13:51:D2:43:76:74:68:09:53:D7,1,CPUaaw4hDO_0yqSN/VC,AEAD_AES_256_GCM,FEFD
T01,1776278962608.207,transport,6534,511082,TLS_ECDHE_ECDSA_WITH_CHACHA20_POLY1305_SHA256,client,connected,d/F8,controlling,connected,CF56:D2:B9:7B:6B:00:C9:4D:56:4E:AF:CF:C5:85:91:5D:4E:AC:42:AA:D5:17:9C:EC:0F:72:34:96:D7:33:D8:4F,106,860,CF97:E8:D9:24:12:8A:BE:18:E8:88:FF:5E:D9:B3:CF:B9:99:49:47:C9:83:30:13:51:D2:43:76:74:68:09:53:D7,1,CPUaaw4hDO_0yqSN/VC,AEAD_AES_256_GCM,FEFD
T01,1776278962808.12,transport,6638,523921,TLS_ECDHE_ECDSA_WITH_CHACHA20_POLY1305_SHA256,client,connected,d/F8,controlling,connected,CF56:D2:B9:7B:6B:00:C9:4D:56:4E:AF:CF:C5:85:91:5D:4E:AC:42:AA:D5:17:9C:EC:0F:72:34:96:D7:33:D8:4F,108,875,CF97:E8:D9:24:12:8A:BE:18:E8:88:FF:5E:D9:B3:CF:B9:99:49:47:C9:83:30:13:51:D2:43:76:74:68:09:53:D7,1,CPUaaw4hDO_0yqSN/VC,AEAD_AES_256_GCM,FEFD
T01,1776278962808.12,transport,6638,523921,TLS_ECDHE_ECDSA_WITH_CHACHA20_POLY1305_SHA256,client,connected,d/F8,controlling,connected,CF56:D2:B9:7B:6B:00:C9:4D:56:4E:AF:CF:C5:85:91:5D:4E:AC:42:AA:D5:17:9C:EC:0F:72:34:96:D7:33:D8:4F,108,875,CF97:E8:D9:24:12:8A:BE:18:E8:88:FF:5E:D9:B3:CF:B9:99:49:47:C9:83:30:13:51:D2:43:76:74:68:09:53:D7,1,CPUaaw4hDO_0yqSN/VC,AEAD_AES_256_GCM,FEFD
T01,1776278963008.064,transport,6742,540206,TLS_ECDHE_ECDSA_WITH_CHACHA20_POLY1305_SHA256,client,connected,d/F8,controlling,connected,CF56:D2:B9:7B:6B:00:C9:4D:56:4E:AF:CF:C5:85:91:5D:4E:AC:42:AA:D5:17:9C:EC:0F:72:34:96:D7:33:D8:4F,110,892,CF97:E8:D9:24:12:8A:BE:18:E8:88:FF:5E:D9:B3:CF:B9:99:49:47:C9:83:30:13:51:D2:43:76:74:68:09:53:D7,1,CPUaaw4hDO_0yqSN/VC,AEAD_AES_256_GCM,FEFD
T01,1776278963008.064,transport,6742,540206,TLS_ECDHE_ECDSA_WITH_CHACHA20_POLY1305_SHA256,client,connected,d/F8,controlling,connected,CF56:D2:B9:7B:6B:00:C9:4D:56:4E:AF:CF:C5:85:91:5D:4E:AC:42:AA:D5:17:9C:EC:0F:72:34:96:D7:33:D8:4F,110,892,CF97:E8:D9:24:12:8A:BE:18:E8:88:FF:5E:D9:B3:CF:B9:99:49:47:C9:83:30:13:51:D2:43:76:74:68:09:53:D7,1,CPUaaw4hDO_0yqSN/VC,AEAD_AES_256_GCM,FEFD
T01,1776278963208.07,transport,6846,554385,TLS_ECDHE_ECDSA_WITH_CHACHA20_POLY1305_SHA256,client,connected,d/F8,controlling,connected,CF56:D2:B9:7B:6B:00:C9:4D:56:4E:AF:CF:C5:85:91:5D:4E:AC:42:AA:D5:17:9C:EC:0F:72:34:96:D7:33:D8:4F,112,909,CF97:E8:D9:24:12:8A:BE:18:E8:88:FF:5E:D9:B3:CF:B9:99:49:47:C9:83:30:13:51:D2:43:76:74:68:09:53:D7,1,CPUaaw4hDO_0yqSN/VC,AEAD_AES_256_GCM,FEFD
T01,1776278963208.07,transport,6846,554385,TLS_ECDHE_ECDSA_WITH_CHACHA20_POLY1305_SHA256,client,connected,d/F8,controlling,connected,CF56:D2:B9:7B:6B:00:C9:4D:56:4E:AF:CF:C5:85:91:5D:4E:AC:42:AA:D5:17:9C:EC:0F:72:34:96:D7:33:D8:4F,112,909,CF97:E8:D9:24:12:8A:BE:18:E8:88:FF:5E:D9:B3:CF:B9:99:49:47:C9:83:30:13:51:D2:43:76:74:68:09:53:D7,1,CPUaaw4hDO_0yqSN/VC,AEAD_AES_256_GCM,FEFD
T01,1776278963407.956,transport,6950,574141,TLS_ECDHE_ECDSA_WITH_CHACHA20_POLY1305_SHA256,client,connected,d/F8,controlling,connected,CF56:D2:B9:7B:6B:00:C9:4D:56:4E:AF:CF:C5:85:91:5D:4E:AC:42:AA:D5:17:9C:EC:0F:72:34:96:D7:33:D8:4F,114,930,CF97:E8:D9:24:12:8A:BE:18:E8:88:FF:5E:D9:B3:CF:B9:99:49:47:C9:83:30:13:51:D2:43:76:74:68:09:53:D7,1,CPUaaw4hDO_0yqSN/VC,AEAD_AES_256_GCM,FEFD
T01,1776278963407.956,transport,6950,574141,TLS_ECDHE_ECDSA_WITH_CHACHA20_POLY1305_SHA256,client,connected,d/F8,controlling,connected,CF56:D2:B9:7B:6B:00:C9:4D:56:4E:AF:CF:C5:85:91:5D:4E:AC:42:AA:D5:17:9C:EC:0F:72:34:96:D7:33:D8:4F,114,930,CF97:E8:D9:24:12:8A:BE:18:E8:88:FF:5E:D9:B3:CF:B9:99:49:47:C9:83:30:13:51:D2:43:76:74:68:09:53:D7,1,CPUaaw4hDO_0yqSN/VC,AEAD_AES_256_GCM,FEFD
T01,1776278963608.094,transport,7054,591309,TLS_ECDHE_ECDSA_WITH_CHACHA20_POLY1305_SHA256,client,connected,d/F8,controlling,connected,CF56:D2:B9:7B:6B:00:C9:4D:56:4E:AF:CF:C5:85:91:5D:4E:AC:42:AA:D5:17:9C:EC:0F:72:34:96:D7:33:D8:4F,116,948,CF97:E8:D9:24:12:8A:BE:18:E8:88:FF:5E:D9:B3:CF:B9:99:49:47:C9:83:30:13:51:D2:43:76:74:68:09:53:D7,1,CPUaaw4hDO_0yqSN/VC,AEAD_AES_256_GCM,FEFD
T01,1776278963608.094,transport,7054,591309,TLS_ECDHE_ECDSA_WITH_CHACHA20_POLY1305_SHA256,client,connected,d/F8,controlling,connected,CF56:D2:B9:7B:6B:00:C9:4D:56:4E:AF:CF:C5:85:91:5D:4E:AC:42:AA:D5:17:9C:EC:0F:72:34:96:D7:33:D8:4F,116,948,CF97:E8:D9:24:12:8A:BE:18:E8:88:FF:5E:D9:B3:CF:B9:99:49:47:C9:83:30:13:51:D2:43:76:74:68:09:53:D7,1,CPUaaw4hDO_0yqSN/VC,AEAD_AES_256_GCM,FEFD
T01,1776278963808.095,transport,7162,603539,TLS_ECDHE_ECDSA_WITH_CHACHA20_POLY1305_SHA256,client,connected,d/F8,controlling,connected,CF56:D2:B9:7B:6B:00:C9:4D:56:4E:AF:CF:C5:85:91:5D:4E:AC:42:AA:D5:17:9C:EC:0F:72:34:96:D7:33:D8:4F,118,963,CF97:E8:D9:24:12:8A:BE:18:E8:88:FF:5E:D9:B3:CF:B9:99:49:47:C9:83:30:13:51:D2:43:76:74:68:09:53:D7,1,CPUaaw4hDO_0yqSN/VC,AEAD_AES_256_GCM,FEFD
T01,1776278963808.095,transport,7162,603539,TLS_ECDHE_ECDSA_WITH_CHACHA20_POLY1305_SHA256,client,connected,d/F8,controlling,connected,CF56:D2:B9:7B:6B:00:C9:4D:56:4E:AF:CF:C5:85:91:5D:4E:AC:42:AA:D5:17:9C:EC:0F:72:34:96:D7:33:D8:4F,118,963,CF97:E8:D9:24:12:8A:BE:18:E8:88:FF:5E:D9:B3:CF:B9:99:49:47:C9:83:30:13:51:D2:43:76:74:68:09:53:D7,1,CPUaaw4hDO_0yqSN/VC,AEAD_AES_256_GCM,FEFD
T01,1776278964008.092,transport,7266,620251,TLS_ECDHE_ECDSA_WITH_CHACHA20_POLY1305_SHA256,client,connected,d/F8,controlling,connected,CF56:D2:B9:7B:6B:00:C9:4D:56:4E:AF:CF:C5:85:91:5D:4E:AC:42:AA:D5:17:9C:EC:0F:72:34:96:D7:33:D8:4F,120,980,CF97:E8:D9:24:12:8A:BE:18:E8:88:FF:5E:D9:B3:CF:B9:99:49:47:C9:83:30:13:51:D2:43:76:74:68:09:53:D7,1,CPUaaw4hDO_0yqSN/VC,AEAD_AES_256_GCM,FEFD
T01,1776278964008.092,transport,7266,620251,TLS_ECDHE_ECDSA_WITH_CHACHA20_POLY1305_SHA256,client,connected,d/F8,controlling,connected,CF56:D2:B9:7B:6B:00:C9:4D:56:4E:AF:CF:C5:85:91:5D:4E:AC:42:AA:D5:17:9C:EC:0F:72:34:96:D7:33:D8:4F,120,980,CF97:E8:D9:24:12:8A:BE:18:E8:88:FF:5E:D9:B3:CF:B9:99:49:47:C9:83:30:13:51:D2:43:76:74:68:09:53:D7,1,CPUaaw4hDO_0yqSN/VC,AEAD_AES_256_GCM,FEFD
T01,1776278964208.091,transport,7470,638997,TLS_ECDHE_ECDSA_WITH_CHACHA20_POLY1305_SHA256,client,connected,d/F8,controlling,connected,CF56:D2:B9:7B:6B:00:C9:4D:56:4E:AF:CF:C5:85:91:5D:4E:AC:42:AA:D5:17:9C:EC:0F:72:34:96:D7:33:D8:4F,123,1002,CF97:E8:D9:24:12:8A:BE:18:E8:88:FF:5E:D9:B3:CF:B9:99:49:47:C9:83:30:13:51:D2:43:76:74:68:09:53:D7,1,CPUaaw4hDO_0yqSN/VC,AEAD_AES_256_GCM,FEFD
T01,1776278964208.091,transport,7470,638997,TLS_ECDHE_ECDSA_WITH_CHACHA20_POLY1305_SHA256,client,connected,d/F8,controlling,connected,CF56:D2:B9:7B:6B:00:C9:4D:56:4E:AF:CF:C5:85:91:5D:4E:AC:42:AA:D5:17:9C:EC:0F:72:34:96:D7:33:D8:4F,123,1002,CF97:E8:D9:24:12:8A:BE:18:E8:88:FF:5E:D9:B3:CF:B9:99:49:47:C9:83:30:13:51:D2:43:76:74:68:09:53:D7,1,CPUaaw4hDO_0yqSN/VC,AEAD_AES_256_GCM,FEFD
T01,1776278964408.017,transport,7574,654292,TLS_ECDHE_ECDSA_WITH_CHACHA20_POLY1305_SHA256,client,connected,d/F8,controlling,connected,CF56:D2:B9:7B:6B:00:C9:4D:56:4E:AF:CF:C5:85:91:5D:4E:AC:42:AA:D5:17:9C:EC:0F:72:34:96:D7:33:D8:4F,125,1018,CF97:E8:D9:24:12:8A:BE:18:E8:88:FF:5E:D9:B3:CF:B9:99:49:47:C9:83:30:13:51:D2:43:76:74:68:09:53:D7,1,CPUaaw4hDO_0yqSN/VC,AEAD_AES_256_GCM,FEFD
T01,1776278964408.017,transport,7574,654292,TLS_ECDHE_ECDSA_WITH_CHACHA20_POLY1305_SHA256,client,connected,d/F8,controlling,connected,CF56:D2:B9:7B:6B:00:C9:4D:56:4E:AF:CF:C5:85:91:5D:4E:AC:42:AA:D5:17:9C:EC:0F:72:34:96:D7:33:D8:4F,125,1018,CF97:E8:D9:24:12:8A:BE:18:E8:88:FF:5E:D9:B3:CF:B9:99:49:47:C9:83:30:13:51:D2:43:76:74:68:09:53:D7,1,CPUaaw4hDO_0yqSN/VC,AEAD_AES_256_GCM,FEFD
T01,1776278964608.141,transport,7678,674460,TLS_ECDHE_ECDSA_WITH_CHACHA20_POLY1305_SHA256,client,connected,d/F8,controlling,connected,CF56:D2:B9:7B:6B:00:C9:4D:56:4E:AF:CF:C5:85:91:5D:4E:AC:42:AA:D5:17:9C:EC:0F:72:34:96:D7:33:D8:4F,127,1039,CF97:E8:D9:24:12:8A:BE:18:E8:88:FF:5E:D9:B3:CF:B9:99:49:47:C9:83:30:13:51:D2:43:76:74:68:09:53:D7,1,CPUaaw4hDO_0yqSN/VC,AEAD_AES_256_GCM,FEFD
T01,1776278964608.141,transport,7678,674460,TLS_ECDHE_ECDSA_WITH_CHACHA20_POLY1305_SHA256,client,connected,d/F8,controlling,connected,CF56:D2:B9:7B:6B:00:C9:4D:56:4E:AF:CF:C5:85:91:5D:4E:AC:42:AA:D5:17:9C:EC:0F:72:34:96:D7:33:D8:4F,127,1039,CF97:E8:D9:24:12:8A:BE:18:E8:88:FF:5E:D9:B3:CF:B9:99:49:47:C9:83:30:13:51:D2:43:76:74:68:09:53:D7,1,CPUaaw4hDO_0yqSN/VC,AEAD_AES_256_GCM,FEFD
T01,1776278964808.012,transport,7786,689769,TLS_ECDHE_ECDSA_WITH_CHACHA20_POLY1305_SHA256,client,connected,d/F8,controlling,connected,CF56:D2:B9:7B:6B:00:C9:4D:56:4E:AF:CF:C5:85:91:5D:4E:AC:42:AA:D5:17:9C:EC:0F:72:34:96:D7:33:D8:4F,129,1058,CF97:E8:D9:24:12:8A:BE:18:E8:88:FF:5E:D9:B3:CF:B9:99:49:47:C9:83:30:13:51:D2:43:76:74:68:09:53:D7,1,CPUaaw4hDO_0yqSN/VC,AEAD_AES_256_GCM,FEFD
T01,1776278964808.012,transport,7786,689769,TLS_ECDHE_ECDSA_WITH_CHACHA20_POLY1305_SHA256,client,connected,d/F8,controlling,connected,CF56:D2:B9:7B:6B:00:C9:4D:56:4E:AF:CF:C5:85:91:5D:4E:AC:42:AA:D5:17:9C:EC:0F:72:34:96:D7:33:D8:4F,129,1058,CF97:E8:D9:24:12:8A:BE:18:E8:88:FF:5E:D9:B3:CF:B9:99:49:47:C9:83:30:13:51:D2:43:76:74:68:09:53:D7,1,CPUaaw4hDO_0yqSN/VC,AEAD_AES_256_GCM,FEFD
T01,1776278965008.026,transport,7894,709198,TLS_ECDHE_ECDSA_WITH_CHACHA20_POLY1305_SHA256,client,connected,d/F8,controlling,connected,CF56:D2:B9:7B:6B:00:C9:4D:56:4E:AF:CF:C5:85:91:5D:4E:AC:42:AA:D5:17:9C:EC:0F:72:34:96:D7:33:D8:4F,131,1077,CF97:E8:D9:24:12:8A:BE:18:E8:88:FF:5E:D9:B3:CF:B9:99:49:47:C9:83:30:13:51:D2:43:76:74:68:09:53:D7,1,CPUaaw4hDO_0yqSN/VC,AEAD_AES_256_GCM,FEFD
T01,1776278965008.026,transport,7894,709198,TLS_ECDHE_ECDSA_WITH_CHACHA20_POLY1305_SHA256,client,connected,d/F8,controlling,connected,CF56:D2:B9:7B:6B:00:C9:4D:56:4E:AF:CF:C5:85:91:5D:4E:AC:42:AA:D5:17:9C:EC:0F:72:34:96:D7:33:D8:4F,131,1077,CF97:E8:D9:24:12:8A:BE:18:E8:88:FF:5E:D9:B3:CF:B9:99:49:47:C9:83:30:13:51:D2:43:76:74:68:09:53:D7,1,CPUaaw4hDO_0yqSN/VC,AEAD_AES_256_GCM,FEFD
T01,1776278965208.111,transport,8002,726751,TLS_ECDHE_ECDSA_WITH_CHACHA20_POLY1305_SHA256,client,connected,d/F8,controlling,connected,CF56:D2:B9:7B:6B:00:C9:4D:56:4E:AF:CF:C5:85:91:5D:4E:AC:42:AA:D5:17:9C:EC:0F:72:34:96:D7:33:D8:4F,133,1097,CF97:E8:D9:24:12:8A:BE:18:E8:88:FF:5E:D9:B3:CF:B9:99:49:47:C9:83:30:13:51:D2:43:76:74:68:09:53:D7,1,CPUaaw4hDO_0yqSN/VC,AEAD_AES_256_GCM,FEFD
T01,1776278965208.111,transport,8002,726751,TLS_ECDHE_ECDSA_WITH_CHACHA20_POLY1305_SHA256,client,connected,d/F8,controlling,connected,CF56:D2:B9:7B:6B:00:C9:4D:56:4E:AF:CF:C5:85:91:5D:4E:AC:42:AA:D5:17:9C:EC:0F:72:34:96:D7:33:D8:4F,133,1097,CF97:E8:D9:24:12:8A:BE:18:E8:88:FF:5E:D9:B3:CF:B9:99:49:47:C9:83:30:13:51:D2:43:76:74:68:09:53:D7,1,CPUaaw4hDO_0yqSN/VC,AEAD_AES_256_GCM,FEFD
T01,1776278965407.995,transport,8106,744049,TLS_ECDHE_ECDSA_WITH_CHACHA20_POLY1305_SHA256,client,connected,d/F8,controlling,connected,CF56:D2:B9:7B:6B:00:C9:4D:56:4E:AF:CF:C5:85:91:5D:4E:AC:42:AA:D5:17:9C:EC:0F:72:34:96:D7:33:D8:4F,135,1117,CF97:E8:D9:24:12:8A:BE:18:E8:88:FF:5E:D9:B3:CF:B9:99:49:47:C9:83:30:13:51:D2:43:76:74:68:09:53:D7,1,CPUaaw4hDO_0yqSN/VC,AEAD_AES_256_GCM,FEFD
T01,1776278965407.995,transport,8106,744049,TLS_ECDHE_ECDSA_WITH_CHACHA20_POLY1305_SHA256,client,connected,d/F8,controlling,connected,CF56:D2:B9:7B:6B:00:C9:4D:56:4E:AF:CF:C5:85:91:5D:4E:AC:42:AA:D5:17:9C:EC:0F:72:34:96:D7:33:D8:4F,135,1117,CF97:E8:D9:24:12:8A:BE:18:E8:88:FF:5E:D9:B3:CF:B9:99:49:47:C9:83:30:13:51:D2:43:76:74:68:09:53:D7,1,CPUaaw4hDO_0yqSN/VC,AEAD_AES_256_GCM,FEFD
T01,1776278965608.117,transport,8310,764229,TLS_ECDHE_ECDSA_WITH_CHACHA20_POLY1305_SHA256,client,connected,d/F8,controlling,connected,CF56:D2:B9:7B:6B:00:C9:4D:56:4E:AF:CF:C5:85:91:5D:4E:AC:42:AA:D5:17:9C:EC:0F:72:34:96:D7:33:D8:4F,138,1139,CF97:E8:D9:24:12:8A:BE:18:E8:88:FF:5E:D9:B3:CF:B9:99:49:47:C9:83:30:13:51:D2:43:76:74:68:09:53:D7,1,CPUaaw4hDO_0yqSN/VC,AEAD_AES_256_GCM,FEFD
T01,1776278965608.117,transport,8310,764229,TLS_ECDHE_ECDSA_WITH_CHACHA20_POLY1305_SHA256,client,connected,d/F8,controlling,connected,CF56:D2:B9:7B:6B:00:C9:4D:56:4E:AF:CF:C5:85:91:5D:4E:AC:42:AA:D5:17:9C:EC:0F:72:34:96:D7:33:D8:4F,138,1139,CF97:E8:D9:24:12:8A:BE:18:E8:88:FF:5E:D9:B3:CF:B9:99:49:47:C9:83:30:13:51:D2:43:76:74:68:09:53:D7,1,CPUaaw4hDO_0yqSN/VC,AEAD_AES_256_GCM,FEFD
T01,1776278965808.107,transport,8418,781458,TLS_ECDHE_ECDSA_WITH_CHACHA20_POLY1305_SHA256,client,connected,d/F8,controlling,connected,CF56:D2:B9:7B:6B:00:C9:4D:56:4E:AF:CF:C5:85:91:5D:4E:AC:42:AA:D5:17:9C:EC:0F:72:34:96:D7:33:D8:4F,140,1157,CF97:E8:D9:24:12:8A:BE:18:E8:88:FF:5E:D9:B3:CF:B9:99:49:47:C9:83:30:13:51:D2:43:76:74:68:09:53:D7,1,CPUaaw4hDO_0yqSN/VC,AEAD_AES_256_GCM,FEFD
T01,1776278965808.107,transport,8418,781458,TLS_ECDHE_ECDSA_WITH_CHACHA20_POLY1305_SHA256,client,connected,d/F8,controlling,connected,CF56:D2:B9:7B:6B:00:C9:4D:56:4E:AF:CF:C5:85:91:5D:4E:AC:42:AA:D5:17:9C:EC:0F:72:34:96:D7:33:D8:4F,140,1157,CF97:E8:D9:24:12:8A:BE:18:E8:88:FF:5E:D9:B3:CF:B9:99:49:47:C9:83:30:13:51:D2:43:76:74:68:09:53:D7,1,CPUaaw4hDO_0yqSN/VC,AEAD_AES_256_GCM,FEFD
T01,1776278966008.103,transport,8526,803541,TLS_ECDHE_ECDSA_WITH_CHACHA20_POLY1305_SHA256,client,connected,d/F8,controlling,connected,CF56:D2:B9:7B:6B:00:C9:4D:56:4E:AF:CF:C5:85:91:5D:4E:AC:42:AA:D5:17:9C:EC:0F:72:34:96:D7:33:D8:4F,142,1179,CF97:E8:D9:24:12:8A:BE:18:E8:88:FF:5E:D9:B3:CF:B9:99:49:47:C9:83:30:13:51:D2:43:76:74:68:09:53:D7,1,CPUaaw4hDO_0yqSN/VC,AEAD_AES_256_GCM,FEFD
T01,1776278966008.103,transport,8526,803541,TLS_ECDHE_ECDSA_WITH_CHACHA20_POLY1305_SHA256,client,connected,d/F8,controlling,connected,CF56:D2:B9:7B:6B:00:C9:4D:56:4E:AF:CF:C5:85:91:5D:4E:AC:42:AA:D5:17:9C:EC:0F:72:34:96:D7:33:D8:4F,142,1179,CF97:E8:D9:24:12:8A:BE:18:E8:88:FF:5E:D9:B3:CF:B9:99:49:47:C9:83:30:13:51:D2:43:76:74:68:09:53:D7,1,CPUaaw4hDO_0yqSN/VC,AEAD_AES_256_GCM,FEFD
T01,1776278966208.156,transport,8634,821356,TLS_ECDHE_ECDSA_WITH_CHACHA20_POLY1305_SHA256,client,connected,d/F8,controlling,connected,CF56:D2:B9:7B:6B:00:C9:4D:56:4E:AF:CF:C5:85:91:5D:4E:AC:42:AA:D5:17:9C:EC:0F:72:34:96:D7:33:D8:4F,144,1199,CF97:E8:D9:24:12:8A:BE:18:E8:88:FF:5E:D9:B3:CF:B9:99:49:47:C9:83:30:13:51:D2:43:76:74:68:09:53:D7,1,CPUaaw4hDO_0yqSN/VC,AEAD_AES_256_GCM,FEFD
T01,1776278966208.156,transport,8634,821356,TLS_ECDHE_ECDSA_WITH_CHACHA20_POLY1305_SHA256,client,connected,d/F8,controlling,connected,CF56:D2:B9:7B:6B:00:C9:4D:56:4E:AF:CF:C5:85:91:5D:4E:AC:42:AA:D5:17:9C:EC:0F:72:34:96:D7:33:D8:4F,144,1199,CF97:E8:D9:24:12:8A:BE:18:E8:88:FF:5E:D9:B3:CF:B9:99:49:47:C9:83:30:13:51:D2:43:76:74:68:09:53:D7,1,CPUaaw4hDO_0yqSN/VC,AEAD_AES_256_GCM,FEFD
T01,1776278966408.181,transport,8742,841249,TLS_ECDHE_ECDSA_WITH_CHACHA20_POLY1305_SHA256,client,connected,d/F8,controlling,connected,CF56:D2:B9:7B:6B:00:C9:4D:56:4E:AF:CF:C5:85:91:5D:4E:AC:42:AA:D5:17:9C:EC:0F:72:34:96:D7:33:D8:4F,146,1221,CF97:E8:D9:24:12:8A:BE:18:E8:88:FF:5E:D9:B3:CF:B9:99:49:47:C9:83:30:13:51:D2:43:76:74:68:09:53:D7,1,CPUaaw4hDO_0yqSN/VC,AEAD_AES_256_GCM,FEFD
T01,1776278966408.181,transport,8742,841249,TLS_ECDHE_ECDSA_WITH_CHACHA20_POLY1305_SHA256,client,connected,d/F8,controlling,connected,CF56:D2:B9:7B:6B:00:C9:4D:56:4E:AF:CF:C5:85:91:5D:4E:AC:42:AA:D5:17:9C:EC:0F:72:34:96:D7:33:D8:4F,146,1221,CF97:E8:D9:24:12:8A:BE:18:E8:88:FF:5E:D9:B3:CF:B9:99:49:47:C9:83:30:13:51:D2:43:76:74:68:09:53:D7,1,CPUaaw4hDO_0yqSN/VC,AEAD_AES_256_GCM,FEFD
T01,1776278966608.025,transport,8854,865539,TLS_ECDHE_ECDSA_WITH_CHACHA20_POLY1305_SHA256,client,connected,d/F8,controlling,connected,CF56:D2:B9:7B:6B:00:C9:4D:56:4E:AF:CF:C5:85:91:5D:4E:AC:42:AA:D5:17:9C:EC:0F:72:34:96:D7:33:D8:4F,148,1247,CF97:E8:D9:24:12:8A:BE:18:E8:88:FF:5E:D9:B3:CF:B9:99:49:47:C9:83:30:13:51:D2:43:76:74:68:09:53:D7,1,CPUaaw4hDO_0yqSN/VC,AEAD_AES_256_GCM,FEFD
T01,1776278966608.025,transport,8854,865539,TLS_ECDHE_ECDSA_WITH_CHACHA20_POLY1305_SHA256,client,connected,d/F8,controlling,connected,CF56:D2:B9:7B:6B:00:C9:4D:56:4E:AF:CF:C5:85:91:5D:4E:AC:42:AA:D5:17:9C:EC:0F:72:34:96:D7:33:D8:4F,148,1247,CF97:E8:D9:24:12:8A:BE:18:E8:88:FF:5E:D9:B3:CF:B9:99:49:47:C9:83:30:13:51:D2:43:76:74:68:09:53:D7,1,CPUaaw4hDO_0yqSN/VC,AEAD_AES_256_GCM,FEFD
T01,1776278966808.088,transport,8962,885727,TLS_ECDHE_ECDSA_WITH_CHACHA20_POLY1305_SHA256,client,connected,d/F8,controlling,connected,CF56:D2:B9:7B:6B:00:C9:4D:56:4E:AF:CF:C5:85:91:5D:4E:AC:42:AA:D5:17:9C:EC:0F:72:34:96:D7:33:D8:4F,150,1269,CF97:E8:D9:24:12:8A:BE:18:E8:88:FF:5E:D9:B3:CF:B9:99:49:47:C9:83:30:13:51:D2:43:76:74:68:09:53:D7,1,CPUaaw4hDO_0yqSN/VC,AEAD_AES_256_GCM,FEFD
T01,1776278966808.088,transport,8962,885727,TLS_ECDHE_ECDSA_WITH_CHACHA20_POLY1305_SHA256,client,connected,d/F8,controlling,connected,CF56:D2:B9:7B:6B:00:C9:4D:56:4E:AF:CF:C5:85:91:5D:4E:AC:42:AA:D5:17:9C:EC:0F:72:34:96:D7:33:D8:4F,150,1269,CF97:E8:D9:24:12:8A:BE:18:E8:88:FF:5E:D9:B3:CF:B9:99:49:47:C9:83:30:13:51:D2:43:76:74:68:09:53:D7,1,CPUaaw4hDO_0yqSN/VC,AEAD_AES_256_GCM,FEFD
T01,1776278967008.06,transport,9170,904971,TLS_ECDHE_ECDSA_WITH_CHACHA20_POLY1305_SHA256,client,connected,d/F8,controlling,connected,CF56:D2:B9:7B:6B:00:C9:4D:56:4E:AF:CF:C5:85:91:5D:4E:AC:42:AA:D5:17:9C:EC:0F:72:34:96:D7:33:D8:4F,153,1290,CF97:E8:D9:24:12:8A:BE:18:E8:88:FF:5E:D9:B3:CF:B9:99:49:47:C9:83:30:13:51:D2:43:76:74:68:09:53:D7,1,CPUaaw4hDO_0yqSN/VC,AEAD_AES_256_GCM,FEFD
T01,1776278967008.06,transport,9170,904971,TLS_ECDHE_ECDSA_WITH_CHACHA20_POLY1305_SHA256,client,connected,d/F8,controlling,connected,CF56:D2:B9:7B:6B:00:C9:4D:56:4E:AF:CF:C5:85:91:5D:4E:AC:42:AA:D5:17:9C:EC:0F:72:34:96:D7:33:D8:4F,153,1290,CF97:E8:D9:24:12:8A:BE:18:E8:88:FF:5E:D9:B3:CF:B9:99:49:47:C9:83:30:13:51:D2:43:76:74:68:09:53:D7,1,CPUaaw4hDO_0yqSN/VC,AEAD_AES_256_GCM,FEFD
T01,1776278967208.063,transport,9278,926422,TLS_ECDHE_ECDSA_WITH_CHACHA20_POLY1305_SHA256,client,connected,d/F8,controlling,connected,CF56:D2:B9:7B:6B:00:C9:4D:56:4E:AF:CF:C5:85:91:5D:4E:AC:42:AA:D5:17:9C:EC:0F:72:34:96:D7:33:D8:4F,155,1312,CF97:E8:D9:24:12:8A:BE:18:E8:88:FF:5E:D9:B3:CF:B9:99:49:47:C9:83:30:13:51:D2:43:76:74:68:09:53:D7,1,CPUaaw4hDO_0yqSN/VC,AEAD_AES_256_GCM,FEFD
T01,1776278967208.063,transport,9278,926422,TLS_ECDHE_ECDSA_WITH_CHACHA20_POLY1305_SHA256,client,connected,d/F8,controlling,connected,CF56:D2:B9:7B:6B:00:C9:4D:56:4E:AF:CF:C5:85:91:5D:4E:AC:42:AA:D5:17:9C:EC:0F:72:34:96:D7:33:D8:4F,155,1312,CF97:E8:D9:24:12:8A:BE:18:E8:88:FF:5E:D9:B3:CF:B9:99:49:47:C9:83:30:13:51:D2:43:76:74:68:09:53:D7,1,CPUaaw4hDO_0yqSN/VC,AEAD_AES_256_GCM,FEFD
T01,1776278967408.157,transport,9386,947064,TLS_ECDHE_ECDSA_WITH_CHACHA20_POLY1305_SHA256,client,connected,d/F8,controlling,connected,CF56:D2:B9:7B:6B:00:C9:4D:56:4E:AF:CF:C5:85:91:5D:4E:AC:42:AA:D5:17:9C:EC:0F:72:34:96:D7:33:D8:4F,157,1332,CF97:E8:D9:24:12:8A:BE:18:E8:88:FF:5E:D9:B3:CF:B9:99:49:47:C9:83:30:13:51:D2:43:76:74:68:09:53:D7,1,CPUaaw4hDO_0yqSN/VC,AEAD_AES_256_GCM,FEFD
T01,1776278967408.157,transport,9386,947064,TLS_ECDHE_ECDSA_WITH_CHACHA20_POLY1305_SHA256,client,connected,d/F8,controlling,connected,CF56:D2:B9:7B:6B:00:C9:4D:56:4E:AF:CF:C5:85:91:5D:4E:AC:42:AA:D5:17:9C:EC:0F:72:34:96:D7:33:D8:4F,157,1332,CF97:E8:D9:24:12:8A:BE:18:E8:88:FF:5E:D9:B3:CF:B9:99:49:47:C9:83:30:13:51:D2:43:76:74:68:09:53:D7,1,CPUaaw4hDO_0yqSN/VC,AEAD_AES_256_GCM,FEFD
T01,1776278967608.134,transport,9494,971017,TLS_ECDHE_ECDSA_WITH_CHACHA20_POLY1305_SHA256,client,connected,d/F8,controlling,connected,CF56:D2:B9:7B:6B:00:C9:4D:56:4E:AF:CF:C5:85:91:5D:4E:AC:42:AA:D5:17:9C:EC:0F:72:34:96:D7:33:D8:4F,159,1357,CF97:E8:D9:24:12:8A:BE:18:E8:88:FF:5E:D9:B3:CF:B9:99:49:47:C9:83:30:13:51:D2:43:76:74:68:09:53:D7,1,CPUaaw4hDO_0yqSN/VC,AEAD_AES_256_GCM,FEFD
T01,1776278967608.134,transport,9494,971017,TLS_ECDHE_ECDSA_WITH_CHACHA20_POLY1305_SHA256,client,connected,d/F8,controlling,connected,CF56:D2:B9:7B:6B:00:C9:4D:56:4E:AF:CF:C5:85:91:5D:4E:AC:42:AA:D5:17:9C:EC:0F:72:34:96:D7:33:D8:4F,159,1357,CF97:E8:D9:24:12:8A:BE:18:E8:88:FF:5E:D9:B3:CF:B9:99:49:47:C9:83:30:13:51:D2:43:76:74:68:09:53:D7,1,CPUaaw4hDO_0yqSN/VC,AEAD_AES_256_GCM,FEFD
T01,1776278967808.124,transport,9606,991035,TLS_ECDHE_ECDSA_WITH_CHACHA20_POLY1305_SHA256,client,connected,d/F8,controlling,connected,CF56:D2:B9:7B:6B:00:C9:4D:56:4E:AF:CF:C5:85:91:5D:4E:AC:42:AA:D5:17:9C:EC:0F:72:34:96:D7:33:D8:4F,161,1377,CF97:E8:D9:24:12:8A:BE:18:E8:88:FF:5E:D9:B3:CF:B9:99:49:47:C9:83:30:13:51:D2:43:76:74:68:09:53:D7,1,CPUaaw4hDO_0yqSN/VC,AEAD_AES_256_GCM,FEFD
T01,1776278967808.124,transport,9606,991035,TLS_ECDHE_ECDSA_WITH_CHACHA20_POLY1305_SHA256,client,connected,d/F8,controlling,connected,CF56:D2:B9:7B:6B:00:C9:4D:56:4E:AF:CF:C5:85:91:5D:4E:AC:42:AA:D5:17:9C:EC:0F:72:34:96:D7:33:D8:4F,161,1377,CF97:E8:D9:24:12:8A:BE:18:E8:88:FF:5E:D9:B3:CF:B9:99:49:47:C9:83:30:13:51:D2:43:76:74:68:09:53:D7,1,CPUaaw4hDO_0yqSN/VC,AEAD_AES_256_GCM,FEFD
T01,1776278968008.146,transport,9722,1016833,TLS_ECDHE_ECDSA_WITH_CHACHA20_POLY1305_SHA256,client,connected,d/F8,controlling,connected,CF56:D2:B9:7B:6B:00:C9:4D:56:4E:AF:CF:C5:85:91:5D:4E:AC:42:AA:D5:17:9C:EC:0F:72:34:96:D7:33:D8:4F,163,1406,CF97:E8:D9:24:12:8A:BE:18:E8:88:FF:5E:D9:B3:CF:B9:99:49:47:C9:83:30:13:51:D2:43:76:74:68:09:53:D7,1,CPUaaw4hDO_0yqSN/VC,AEAD_AES_256_GCM,FEFD
T01,1776278968008.146,transport,9722,1016833,TLS_ECDHE_ECDSA_WITH_CHACHA20_POLY1305_SHA256,client,connected,d/F8,controlling,connected,CF56:D2:B9:7B:6B:00:C9:4D:56:4E:AF:CF:C5:85:91:5D:4E:AC:42:AA:D5:17:9C:EC:0F:72:34:96:D7:33:D8:4F,163,1406,CF97:E8:D9:24:12:8A:BE:18:E8:88:FF:5E:D9:B3:CF:B9:99:49:47:C9:83:30:13:51:D2:43:76:74:68:09:53:D7,1,CPUaaw4hDO_0yqSN/VC,AEAD_AES_256_GCM,FEFD
T01,1776278968208.241,transport,9830,1038806,TLS_ECDHE_ECDSA_WITH_CHACHA20_POLY1305_SHA256,client,connected,d/F8,controlling,connected,CF56:D2:B9:7B:6B:00:C9:4D:56:4E:AF:CF:C5:85:91:5D:4E:AC:42:AA:D5:17:9C:EC:0F:72:34:96:D7:33:D8:4F,165,1429,CF97:E8:D9:24:12:8A:BE:18:E8:88:FF:5E:D9:B3:CF:B9:99:49:47:C9:83:30:13:51:D2:43:76:74:68:09:53:D7,1,CPUaaw4hDO_0yqSN/VC,AEAD_AES_256_GCM,FEFD
T01,1776278968208.241,transport,9830,1038806,TLS_ECDHE_ECDSA_WITH_CHACHA20_POLY1305_SHA256,client,connected,d/F8,controlling,connected,CF56:D2:B9:7B:6B:00:C9:4D:56:4E:AF:CF:C5:85:91:5D:4E:AC:42:AA:D5:17:9C:EC:0F:72:34:96:D7:33:D8:4F,165,1429,CF97:E8:D9:24:12:8A:BE:18:E8:88:FF:5E:D9:B3:CF:B9:99:49:47:C9:83:30:13:51:D2:43:76:74:68:09:53:D7,1,CPUaaw4hDO_0yqSN/VC,AEAD_AES_256_GCM,FEFD
T01,1776278968408.042,transport,9942,1058199,TLS_ECDHE_ECDSA_WITH_CHACHA20_POLY1305_SHA256,client,connected,d/F8,controlling,connected,CF56:D2:B9:7B:6B:00:C9:4D:56:4E:AF:CF:C5:85:91:5D:4E:AC:42:AA:D5:17:9C:EC:0F:72:34:96:D7:33:D8:4F,167,1450,CF97:E8:D9:24:12:8A:BE:18:E8:88:FF:5E:D9:B3:CF:B9:99:49:47:C9:83:30:13:51:D2:43:76:74:68:09:53:D7,1,CPUaaw4hDO_0yqSN/VC,AEAD_AES_256_GCM,FEFD
T01,1776278968408.042,transport,9942,1058199,TLS_ECDHE_ECDSA_WITH_CHACHA20_POLY1305_SHA256,client,connected,d/F8,controlling,connected,CF56:D2:B9:7B:6B:00:C9:4D:56:4E:AF:CF:C5:85:91:5D:4E:AC:42:AA:D5:17:9C:EC:0F:72:34:96:D7:33:D8:4F,167,1450,CF97:E8:D9:24:12:8A:BE:18:E8:88:FF:5E:D9:B3:CF:B9:99:49:47:C9:83:30:13:51:D2:43:76:74:68:09:53:D7,1,CPUaaw4hDO_0yqSN/VC,AEAD_AES_256_GCM,FEFD
T01,1776278968608.154,transport,10150,1085028,TLS_ECDHE_ECDSA_WITH_CHACHA20_POLY1305_SHA256,client,connected,d/F8,controlling,connected,CF56:D2:B9:7B:6B:00:C9:4D:56:4E:AF:CF:C5:85:91:5D:4E:AC:42:AA:D5:17:9C:EC:0F:72:34:96:D7:33:D8:4F,170,1479,CF97:E8:D9:24:12:8A:BE:18:E8:88:FF:5E:D9:B3:CF:B9:99:49:47:C9:83:30:13:51:D2:43:76:74:68:09:53:D7,1,CPUaaw4hDO_0yqSN/VC,AEAD_AES_256_GCM,FEFD
T01,1776278968608.154,transport,10150,1085028,TLS_ECDHE_ECDSA_WITH_CHACHA20_POLY1305_SHA256,client,connected,d/F8,controlling,connected,CF56:D2:B9:7B:6B:00:C9:4D:56:4E:AF:CF:C5:85:91:5D:4E:AC:42:AA:D5:17:9C:EC:0F:72:34:96:D7:33:D8:4F,170,1479,CF97:E8:D9:24:12:8A:BE:18:E8:88:FF:5E:D9:B3:CF:B9:99:49:47:C9:83:30:13:51:D2:43:76:74:68:09:53:D7,1,CPUaaw4hDO_0yqSN/VC,AEAD_AES_256_GCM,FEFD
T01,1776278968808.085,transport,10262,1108053,TLS_ECDHE_ECDSA_WITH_CHACHA20_POLY1305_SHA256,client,connected,d/F8,controlling,connected,CF56:D2:B9:7B:6B:00:C9:4D:56:4E:AF:CF:C5:85:91:5D:4E:AC:42:AA:D5:17:9C:EC:0F:72:34:96:D7:33:D8:4F,172,1504,CF97:E8:D9:24:12:8A:BE:18:E8:88:FF:5E:D9:B3:CF:B9:99:49:47:C9:83:30:13:51:D2:43:76:74:68:09:53:D7,1,CPUaaw4hDO_0yqSN/VC,AEAD_AES_256_GCM,FEFD
T01,1776278968808.085,transport,10262,1108053,TLS_ECDHE_ECDSA_WITH_CHACHA20_POLY1305_SHA256,client,connected,d/F8,controlling,connected,CF56:D2:B9:7B:6B:00:C9:4D:56:4E:AF:CF:C5:85:91:5D:4E:AC:42:AA:D5:17:9C:EC:0F:72:34:96:D7:33:D8:4F,172,1504,CF97:E8:D9:24:12:8A:BE:18:E8:88:FF:5E:D9:B3:CF:B9:99:49:47:C9:83:30:13:51:D2:43:76:74:68:09:53:D7,1,CPUaaw4hDO_0yqSN/VC,AEAD_AES_256_GCM,FEFD
T01,1776278969008.07,transport,10378,1132058,TLS_ECDHE_ECDSA_WITH_CHACHA20_POLY1305_SHA256,client,connected,d/F8,controlling,connected,CF56:D2:B9:7B:6B:00:C9:4D:56:4E:AF:CF:C5:85:91:5D:4E:AC:42:AA:D5:17:9C:EC:0F:72:34:96:D7:33:D8:4F,174,1530,CF97:E8:D9:24:12:8A:BE:18:E8:88:FF:5E:D9:B3:CF:B9:99:49:47:C9:83:30:13:51:D2:43:76:74:68:09:53:D7,1,CPUaaw4hDO_0yqSN/VC,AEAD_AES_256_GCM,FEFD
T01,1776278969008.07,transport,10378,1132058,TLS_ECDHE_ECDSA_WITH_CHACHA20_POLY1305_SHA256,client,connected,d/F8,controlling,connected,CF56:D2:B9:7B:6B:00:C9:4D:56:4E:AF:CF:C5:85:91:5D:4E:AC:42:AA:D5:17:9C:EC:0F:72:34:96:D7:33:D8:4F,174,1530,CF97:E8:D9:24:12:8A:BE:18:E8:88:FF:5E:D9:B3:CF:B9:99:49:47:C9:83:30:13:51:D2:43:76:74:68:09:53:D7,1,CPUaaw4hDO_0yqSN/VC,AEAD_AES_256_GCM,FEFD
T01,1776278969208.067,transport,10490,1155628,TLS_ECDHE_ECDSA_WITH_CHACHA20_POLY1305_SHA256,client,connected,d/F8,controlling,connected,CF56:D2:B9:7B:6B:00:C9:4D:56:4E:AF:CF:C5:85:91:5D:4E:AC:42:AA:D5:17:9C:EC:0F:72:34:96:D7:33:D8:4F,176,1555,CF97:E8:D9:24:12:8A:BE:18:E8:88:FF:5E:D9:B3:CF:B9:99:49:47:C9:83:30:13:51:D2:43:76:74:68:09:53:D7,1,CPUaaw4hDO_0yqSN/VC,AEAD_AES_256_GCM,FEFD
T01,1776278969208.067,transport,10490,1155628,TLS_ECDHE_ECDSA_WITH_CHACHA20_POLY1305_SHA256,client,connected,d/F8,controlling,connected,CF56:D2:B9:7B:6B:00:C9:4D:56:4E:AF:CF:C5:85:91:5D:4E:AC:42:AA:D5:17:9C:EC:0F:72:34:96:D7:33:D8:4F,176,1555,CF97:E8:D9:24:12:8A:BE:18:E8:88:FF:5E:D9:B3:CF:B9:99:49:47:C9:83:30:13:51:D2:43:76:74:68:09:53:D7,1,CPUaaw4hDO_0yqSN/VC,AEAD_AES_256_GCM,FEFD
T01,1776278969408.142,transport,10602,1182605,TLS_ECDHE_ECDSA_WITH_CHACHA20_POLY1305_SHA256,client,connected,d/F8,controlling,connected,CF56:D2:B9:7B:6B:00:C9:4D:56:4E:AF:CF:C5:85:91:5D:4E:AC:42:AA:D5:17:9C:EC:0F:72:34:96:D7:33:D8:4F,178,1582,CF97:E8:D9:24:12:8A:BE:18:E8:88:FF:5E:D9:B3:CF:B9:99:49:47:C9:83:30:13:51:D2:43:76:74:68:09:53:D7,1,CPUaaw4hDO_0yqSN/VC,AEAD_AES_256_GCM,FEFD
T01,1776278969408.142,transport,10602,1182605,TLS_ECDHE_ECDSA_WITH_CHACHA20_POLY1305_SHA256,client,connected,d/F8,controlling,connected,CF56:D2:B9:7B:6B:00:C9:4D:56:4E:AF:CF:C5:85:91:5D:4E:AC:42:AA:D5:17:9C:EC:0F:72:34:96:D7:33:D8:4F,178,1582,CF97:E8:D9:24:12:8A:BE:18:E8:88:FF:5E:D9:B3:CF:B9:99:49:47:C9:83:30:13:51:D2:43:76:74:68:09:53:D7,1,CPUaaw4hDO_0yqSN/VC,AEAD_AES_256_GCM,FEFD
T01,1776278969608.095,transport,10718,1208372,TLS_ECDHE_ECDSA_WITH_CHACHA20_POLY1305_SHA256,client,connected,d/F8,controlling,connected,CF56:D2:B9:7B:6B:00:C9:4D:56:4E:AF:CF:C5:85:91:5D:4E:AC:42:AA:D5:17:9C:EC:0F:72:34:96:D7:33:D8:4F,180,1609,CF97:E8:D9:24:12:8A:BE:18:E8:88:FF:5E:D9:B3:CF:B9:99:49:47:C9:83:30:13:51:D2:43:76:74:68:09:53:D7,1,CPUaaw4hDO_0yqSN/VC,AEAD_AES_256_GCM,FEFD
T01,1776278969608.095,transport,10718,1208372,TLS_ECDHE_ECDSA_WITH_CHACHA20_POLY1305_SHA256,client,connected,d/F8,controlling,connected,CF56:D2:B9:7B:6B:00:C9:4D:56:4E:AF:CF:C5:85:91:5D:4E:AC:42:AA:D5:17:9C:EC:0F:72:34:96:D7:33:D8:4F,180,1609,CF97:E8:D9:24:12:8A:BE:18:E8:88:FF:5E:D9:B3:CF:B9:99:49:47:C9:83:30:13:51:D2:43:76:74:68:09:53:D7,1,CPUaaw4hDO_0yqSN/VC,AEAD_AES_256_GCM,FEFD
T01,1776278969808.049,transport,10826,1232895,TLS_ECDHE_ECDSA_WITH_CHACHA20_POLY1305_SHA256,client,connected,d/F8,controlling,connected,CF56:D2:B9:7B:6B:00:C9:4D:56:4E:AF:CF:C5:85:91:5D:4E:AC:42:AA:D5:17:9C:EC:0F:72:34:96:D7:33:D8:4F,182,1635,CF97:E8:D9:24:12:8A:BE:18:E8:88:FF:5E:D9:B3:CF:B9:99:49:47:C9:83:30:13:51:D2:43:76:74:68:09:53:D7,1,CPUaaw4hDO_0yqSN/VC,AEAD_AES_256_GCM,FEFD
T01,1776278969808.049,transport,10826,1232895,TLS_ECDHE_ECDSA_WITH_CHACHA20_POLY1305_SHA256,client,connected,d/F8,controlling,connected,CF56:D2:B9:7B:6B:00:C9:4D:56:4E:AF:CF:C5:85:91:5D:4E:AC:42:AA:D5:17:9C:EC:0F:72:34:96:D7:33:D8:4F,182,1635,CF97:E8:D9:24:12:8A:BE:18:E8:88:FF:5E:D9:B3:CF:B9:99:49:47:C9:83:30:13:51:D2:43:76:74:68:09:53:D7,1,CPUaaw4hDO_0yqSN/VC,AEAD_AES_256_GCM,FEFD
T01,1776278970008.104,transport,11046,1259490,TLS_ECDHE_ECDSA_WITH_CHACHA20_POLY1305_SHA256,client,connected,d/F8,controlling,connected,CF56:D2:B9:7B:6B:00:C9:4D:56:4E:AF:CF:C5:85:91:5D:4E:AC:42:AA:D5:17:9C:EC:0F:72:34:96:D7:33:D8:4F,185,1664,CF97:E8:D9:24:12:8A:BE:18:E8:88:FF:5E:D9:B3:CF:B9:99:49:47:C9:83:30:13:51:D2:43:76:74:68:09:53:D7,1,CPUaaw4hDO_0yqSN/VC,AEAD_AES_256_GCM,FEFD
T01,1776278970008.104,transport,11046,1259490,TLS_ECDHE_ECDSA_WITH_CHACHA20_POLY1305_SHA256,client,connected,d/F8,controlling,connected,CF56:D2:B9:7B:6B:00:C9:4D:56:4E:AF:CF:C5:85:91:5D:4E:AC:42:AA:D5:17:9C:EC:0F:72:34:96:D7:33:D8:4F,185,1664,CF97:E8:D9:24:12:8A:BE:18:E8:88:FF:5E:D9:B3:CF:B9:99:49:47:C9:83:30:13:51:D2:43:76:74:68:09:53:D7,1,CPUaaw4hDO_0yqSN/VC,AEAD_AES_256_GCM,FEFD
T01,1776278970207.974,transport,11158,1289100,TLS_ECDHE_ECDSA_WITH_CHACHA20_POLY1305_SHA256,client,connected,d/F8,controlling,connected,CF56:D2:B9:7B:6B:00:C9:4D:56:4E:AF:CF:C5:85:91:5D:4E:AC:42:AA:D5:17:9C:EC:0F:72:34:96:D7:33:D8:4F,187,1696,CF97:E8:D9:24:12:8A:BE:18:E8:88:FF:5E:D9:B3:CF:B9:99:49:47:C9:83:30:13:51:D2:43:76:74:68:09:53:D7,1,CPUaaw4hDO_0yqSN/VC,AEAD_AES_256_GCM,FEFD
T01,1776278970207.974,transport,11158,1289100,TLS_ECDHE_ECDSA_WITH_CHACHA20_POLY1305_SHA256,client,connected,d/F8,controlling,connected,CF56:D2:B9:7B:6B:00:C9:4D:56:4E:AF:CF:C5:85:91:5D:4E:AC:42:AA:D5:17:9C:EC:0F:72:34:96:D7:33:D8:4F,187,1696,CF97:E8:D9:24:12:8A:BE:18:E8:88:FF:5E:D9:B3:CF:B9:99:49:47:C9:83:30:13:51:D2:43:76:74:68:09:53:D7,1,CPUaaw4hDO_0yqSN/VC,AEAD_AES_256_GCM,FEFD
T01,1776278970408.163,transport,11274,1316931,TLS_ECDHE_ECDSA_WITH_CHACHA20_POLY1305_SHA256,client,connected,d/F8,controlling,connected,CF56:D2:B9:7B:6B:00:C9:4D:56:4E:AF:CF:C5:85:91:5D:4E:AC:42:AA:D5:17:9C:EC:0F:72:34:96:D7:33:D8:4F,189,1725,CF97:E8:D9:24:12:8A:BE:18:E8:88:FF:5E:D9:B3:CF:B9:99:49:47:C9:83:30:13:51:D2:43:76:74:68:09:53:D7,1,CPUaaw4hDO_0yqSN/VC,AEAD_AES_256_GCM,FEFD
T01,1776278970408.163,transport,11274,1316931,TLS_ECDHE_ECDSA_WITH_CHACHA20_POLY1305_SHA256,client,connected,d/F8,controlling,connected,CF56:D2:B9:7B:6B:00:C9:4D:56:4E:AF:CF:C5:85:91:5D:4E:AC:42:AA:D5:17:9C:EC:0F:72:34:96:D7:33:D8:4F,189,1725,CF97:E8:D9:24:12:8A:BE:18:E8:88:FF:5E:D9:B3:CF:B9:99:49:47:C9:83:30:13:51:D2:43:76:74:68:09:53:D7,1,CPUaaw4hDO_0yqSN/VC,AEAD_AES_256_GCM,FEFD
T01,1776278970608.025,transport,11386,1342987,TLS_ECDHE_ECDSA_WITH_CHACHA20_POLY1305_SHA256,client,connected,d/F8,controlling,connected,CF56:D2:B9:7B:6B:00:C9:4D:56:4E:AF:CF:C5:85:91:5D:4E:AC:42:AA:D5:17:9C:EC:0F:72:34:96:D7:33:D8:4F,191,1749,CF97:E8:D9:24:12:8A:BE:18:E8:88:FF:5E:D9:B3:CF:B9:99:49:47:C9:83:30:13:51:D2:43:76:74:68:09:53:D7,1,CPUaaw4hDO_0yqSN/VC,AEAD_AES_256_GCM,FEFD
T01,1776278970608.025,transport,11386,1342987,TLS_ECDHE_ECDSA_WITH_CHACHA20_POLY1305_SHA256,client,connected,d/F8,controlling,connected,CF56:D2:B9:7B:6B:00:C9:4D:56:4E:AF:CF:C5:85:91:5D:4E:AC:42:AA:D5:17:9C:EC:0F:72:34:96:D7:33:D8:4F,191,1749,CF97:E8:D9:24:12:8A:BE:18:E8:88:FF:5E:D9:B3:CF:B9:99:49:47:C9:83:30:13:51:D2:43:76:74:68:09:53:D7,1,CPUaaw4hDO_0yqSN/VC,AEAD_AES_256_GCM,FEFD
T01,1776278970808.128,transport,11506,1372348,TLS_ECDHE_ECDSA_WITH_CHACHA20_POLY1305_SHA256,client,connected,d/F8,controlling,connected,CF56:D2:B9:7B:6B:00:C9:4D:56:4E:AF:CF:C5:85:91:5D:4E:AC:42:AA:D5:17:9C:EC:0F:72:34:96:D7:33:D8:4F,193,1781,CF97:E8:D9:24:12:8A:BE:18:E8:88:FF:5E:D9:B3:CF:B9:99:49:47:C9:83:30:13:51:D2:43:76:74:68:09:53:D7,1,CPUaaw4hDO_0yqSN/VC,AEAD_AES_256_GCM,FEFD
T01,1776278970808.128,transport,11506,1372348,TLS_ECDHE_ECDSA_WITH_CHACHA20_POLY1305_SHA256,client,connected,d/F8,controlling,connected,CF56:D2:B9:7B:6B:00:C9:4D:56:4E:AF:CF:C5:85:91:5D:4E:AC:42:AA:D5:17:9C:EC:0F:72:34:96:D7:33:D8:4F,193,1781,CF97:E8:D9:24:12:8A:BE:18:E8:88:FF:5E:D9:B3:CF:B9:99:49:47:C9:83:30:13:51:D2:43:76:74:68:09:53:D7,1,CPUaaw4hDO_0yqSN/VC,AEAD_AES_256_GCM,FEFD
T01,1776278971008.039,transport,11714,1397567,TLS_ECDHE_ECDSA_WITH_CHACHA20_POLY1305_SHA256,client,connected,d/F8,controlling,connected,CF56:D2:B9:7B:6B:00:C9:4D:56:4E:AF:CF:C5:85:91:5D:4E:AC:42:AA:D5:17:9C:EC:0F:72:34:96:D7:33:D8:4F,196,1806,CF97:E8:D9:24:12:8A:BE:18:E8:88:FF:5E:D9:B3:CF:B9:99:49:47:C9:83:30:13:51:D2:43:76:74:68:09:53:D7,1,CPUaaw4hDO_0yqSN/VC,AEAD_AES_256_GCM,FEFD
T01,1776278971008.039,transport,11714,1397567,TLS_ECDHE_ECDSA_WITH_CHACHA20_POLY1305_SHA256,client,connected,d/F8,controlling,connected,CF56:D2:B9:7B:6B:00:C9:4D:56:4E:AF:CF:C5:85:91:5D:4E:AC:42:AA:D5:17:9C:EC:0F:72:34:96:D7:33:D8:4F,196,1806,CF97:E8:D9:24:12:8A:BE:18:E8:88:FF:5E:D9:B3:CF:B9:99:49:47:C9:83:30:13:51:D2:43:76:74:68:09:53:D7,1,CPUaaw4hDO_0yqSN/VC,AEAD_AES_256_GCM,FEFD
T01,1776278971208.125,transport,11830,1431735,TLS_ECDHE_ECDSA_WITH_CHACHA20_POLY1305_SHA256,client,connected,d/F8,controlling,connected,CF56:D2:B9:7B:6B:00:C9:4D:56:4E:AF:CF:C5:85:91:5D:4E:AC:42:AA:D5:17:9C:EC:0F:72:34:96:D7:33:D8:4F,198,1837,CF97:E8:D9:24:12:8A:BE:18:E8:88:FF:5E:D9:B3:CF:B9:99:49:47:C9:83:30:13:51:D2:43:76:74:68:09:53:D7,1,CPUaaw4hDO_0yqSN/VC,AEAD_AES_256_GCM,FEFD
T01,1776278971208.125,transport,11830,1431735,TLS_ECDHE_ECDSA_WITH_CHACHA20_POLY1305_SHA256,client,connected,d/F8,controlling,connected,CF56:D2:B9:7B:6B:00:C9:4D:56:4E:AF:CF:C5:85:91:5D:4E:AC:42:AA:D5:17:9C:EC:0F:72:34:96:D7:33:D8:4F,198,1837,CF97:E8:D9:24:12:8A:BE:18:E8:88:FF:5E:D9:B3:CF:B9:99:49:47:C9:83:30:13:51:D2:43:76:74:68:09:53:D7,1,CPUaaw4hDO_0yqSN/VC,AEAD_AES_256_GCM,FEFD
T01,1776278971408.124,transport,11942,1460563,TLS_ECDHE_ECDSA_WITH_CHACHA20_POLY1305_SHA256,client,connected,d/F8,controlling,connected,CF56:D2:B9:7B:6B:00:C9:4D:56:4E:AF:CF:C5:85:91:5D:4E:AC:42:AA:D5:17:9C:EC:0F:72:34:96:D7:33:D8:4F,200,1862,CF97:E8:D9:24:12:8A:BE:18:E8:88:FF:5E:D9:B3:CF:B9:99:49:47:C9:83:30:13:51:D2:43:76:74:68:09:53:D7,1,CPUaaw4hDO_0yqSN/VC,AEAD_AES_256_GCM,FEFD
T01,1776278971408.124,transport,11942,1460563,TLS_ECDHE_ECDSA_WITH_CHACHA20_POLY1305_SHA256,client,connected,d/F8,controlling,connected,CF56:D2:B9:7B:6B:00:C9:4D:56:4E:AF:CF:C5:85:91:5D:4E:AC:42:AA:D5:17:9C:EC:0F:72:34:96:D7:33:D8:4F,200,1862,CF97:E8:D9:24:12:8A:BE:18:E8:88:FF:5E:D9:B3:CF:B9:99:49:47:C9:83:30:13:51:D2:43:76:74:68:09:53:D7,1,CPUaaw4hDO_0yqSN/VC,AEAD_AES_256_GCM,FEFD
T01,1776278971608.177,transport,12050,1485937,TLS_ECDHE_ECDSA_WITH_CHACHA20_POLY1305_SHA256,client,connected,d/F8,controlling,connected,CF56:D2:B9:7B:6B:00:C9:4D:56:4E:AF:CF:C5:85:91:5D:4E:AC:42:AA:D5:17:9C:EC:0F:72:34:96:D7:33:D8:4F,202,1885,CF97:E8:D9:24:12:8A:BE:18:E8:88:FF:5E:D9:B3:CF:B9:99:49:47:C9:83:30:13:51:D2:43:76:74:68:09:53:D7,1,CPUaaw4hDO_0yqSN/VC,AEAD_AES_256_GCM,FEFD
T01,1776278971608.177,transport,12050,1485937,TLS_ECDHE_ECDSA_WITH_CHACHA20_POLY1305_SHA256,client,connected,d/F8,controlling,connected,CF56:D2:B9:7B:6B:00:C9:4D:56:4E:AF:CF:C5:85:91:5D:4E:AC:42:AA:D5:17:9C:EC:0F:72:34:96:D7:33:D8:4F,202,1885,CF97:E8:D9:24:12:8A:BE:18:E8:88:FF:5E:D9:B3:CF:B9:99:49:47:C9:83:30:13:51:D2:43:76:74:68:09:53:D7,1,CPUaaw4hDO_0yqSN/VC,AEAD_AES_256_GCM,FEFD
T01,1776278971808.193,transport,12162,1515837,TLS_ECDHE_ECDSA_WITH_CHACHA20_POLY1305_SHA256,client,connected,d/F8,controlling,connected,CF56:D2:B9:7B:6B:00:C9:4D:56:4E:AF:CF:C5:85:91:5D:4E:AC:42:AA:D5:17:9C:EC:0F:72:34:96:D7:33:D8:4F,204,1911,CF97:E8:D9:24:12:8A:BE:18:E8:88:FF:5E:D9:B3:CF:B9:99:49:47:C9:83:30:13:51:D2:43:76:74:68:09:53:D7,1,CPUaaw4hDO_0yqSN/VC,AEAD_AES_256_GCM,FEFD
T01,1776278971808.193,transport,12162,1515837,TLS_ECDHE_ECDSA_WITH_CHACHA20_POLY1305_SHA256,client,connected,d/F8,controlling,connected,CF56:D2:B9:7B:6B:00:C9:4D:56:4E:AF:CF:C5:85:91:5D:4E:AC:42:AA:D5:17:9C:EC:0F:72:34:96:D7:33:D8:4F,204,1911,CF97:E8:D9:24:12:8A:BE:18:E8:88:FF:5E:D9:B3:CF:B9:99:49:47:C9:83:30:13:51:D2:43:76:74:68:09:53:D7,1,CPUaaw4hDO_0yqSN/VC,AEAD_AES_256_GCM,FEFD
T01,1776278972008.121,transport,12370,1546963,TLS_ECDHE_ECDSA_WITH_CHACHA20_POLY1305_SHA256,client,connected,d/F8,controlling,connected,CF56:D2:B9:7B:6B:00:C9:4D:56:4E:AF:CF:C5:85:91:5D:4E:AC:42:AA:D5:17:9C:EC:0F:72:34:96:D7:33:D8:4F,207,1939,CF97:E8:D9:24:12:8A:BE:18:E8:88:FF:5E:D9:B3:CF:B9:99:49:47:C9:83:30:13:51:D2:43:76:74:68:09:53:D7,1,CPUaaw4hDO_0yqSN/VC,AEAD_AES_256_GCM,FEFD
T01,1776278972008.121,transport,12370,1546963,TLS_ECDHE_ECDSA_WITH_CHACHA20_POLY1305_SHA256,client,connected,d/F8,controlling,connected,CF56:D2:B9:7B:6B:00:C9:4D:56:4E:AF:CF:C5:85:91:5D:4E:AC:42:AA:D5:17:9C:EC:0F:72:34:96:D7:33:D8:4F,207,1939,CF97:E8:D9:24:12:8A:BE:18:E8:88:FF:5E:D9:B3:CF:B9:99:49:47:C9:83:30:13:51:D2:43:76:74:68:09:53:D7,1,CPUaaw4hDO_0yqSN/VC,AEAD_AES_256_GCM,FEFD
T01,1776278972208.18,transport,12482,1578113,TLS_ECDHE_ECDSA_WITH_CHACHA20_POLY1305_SHA256,client,connected,d/F8,controlling,connected,CF56:D2:B9:7B:6B:00:C9:4D:56:4E:AF:CF:C5:85:91:5D:4E:AC:42:AA:D5:17:9C:EC:0F:72:34:96:D7:33:D8:4F,209,1967,CF97:E8:D9:24:12:8A:BE:18:E8:88:FF:5E:D9:B3:CF:B9:99:49:47:C9:83:30:13:51:D2:43:76:74:68:09:53:D7,1,CPUaaw4hDO_0yqSN/VC,AEAD_AES_256_GCM,FEFD
T01,1776278972208.18,transport,12482,1578113,TLS_ECDHE_ECDSA_WITH_CHACHA20_POLY1305_SHA256,client,connected,d/F8,controlling,connected,CF56:D2:B9:7B:6B:00:C9:4D:56:4E:AF:CF:C5:85:91:5D:4E:AC:42:AA:D5:17:9C:EC:0F:72:34:96:D7:33:D8:4F,209,1967,CF97:E8:D9:24:12:8A:BE:18:E8:88:FF:5E:D9:B3:CF:B9:99:49:47:C9:83:30:13:51:D2:43:76:74:68:09:53:D7,1,CPUaaw4hDO_0yqSN/VC,AEAD_AES_256_GCM,FEFD
T01,1776278972408.126,transport,12594,1610313,TLS_ECDHE_ECDSA_WITH_CHACHA20_POLY1305_SHA256,client,connected,d/F8,controlling,connected,CF56:D2:B9:7B:6B:00:C9:4D:56:4E:AF:CF:C5:85:91:5D:4E:AC:42:AA:D5:17:9C:EC:0F:72:34:96:D7:33:D8:4F,211,1995,CF97:E8:D9:24:12:8A:BE:18:E8:88:FF:5E:D9:B3:CF:B9:99:49:47:C9:83:30:13:51:D2:43:76:74:68:09:53:D7,1,CPUaaw4hDO_0yqSN/VC,AEAD_AES_256_GCM,FEFD
T01,1776278972408.126,transport,12594,1610313,TLS_ECDHE_ECDSA_WITH_CHACHA20_POLY1305_SHA256,client,connected,d/F8,controlling,connected,CF56:D2:B9:7B:6B:00:C9:4D:56:4E:AF:CF:C5:85:91:5D:4E:AC:42:AA:D5:17:9C:EC:0F:72:34:96:D7:33:D8:4F,211,1995,CF97:E8:D9:24:12:8A:BE:18:E8:88:FF:5E:D9:B3:CF:B9:99:49:47:C9:83:30:13:51:D2:43:76:74:68:09:53:D7,1,CPUaaw4hDO_0yqSN/VC,AEAD_AES_256_GCM,FEFD
T01,1776278972608.201,transport,12706,1642589,TLS_ECDHE_ECDSA_WITH_CHACHA20_POLY1305_SHA256,client,connected,d/F8,controlling,connected,CF56:D2:B9:7B:6B:00:C9:4D:56:4E:AF:CF:C5:85:91:5D:4E:AC:42:AA:D5:17:9C:EC:0F:72:34:96:D7:33:D8:4F,213,2024,CF97:E8:D9:24:12:8A:BE:18:E8:88:FF:5E:D9:B3:CF:B9:99:49:47:C9:83:30:13:51:D2:43:76:74:68:09:53:D7,1,CPUaaw4hDO_0yqSN/VC,AEAD_AES_256_GCM,FEFD
T01,1776278972608.201,transport,12706,1642589,TLS_ECDHE_ECDSA_WITH_CHACHA20_POLY1305_SHA256,client,connected,d/F8,controlling,connected,CF56:D2:B9:7B:6B:00:C9:4D:56:4E:AF:CF:C5:85:91:5D:4E:AC:42:AA:D5:17:9C:EC:0F:72:34:96:D7:33:D8:4F,213,2024,CF97:E8:D9:24:12:8A:BE:18:E8:88:FF:5E:D9:B3:CF:B9:99:49:47:C9:83:30:13:51:D2:43:76:74:68:09:53:D7,1,CPUaaw4hDO_0yqSN/VC,AEAD_AES_256_GCM,FEFD
T01,1776278972808.123,transport,12822,1674865,TLS_ECDHE_ECDSA_WITH_CHACHA20_POLY1305_SHA256,client,connected,d/F8,controlling,connected,CF56:D2:B9:7B:6B:00:C9:4D:56:4E:AF:CF:C5:85:91:5D:4E:AC:42:AA:D5:17:9C:EC:0F:72:34:96:D7:33:D8:4F,215,2053,CF97:E8:D9:24:12:8A:BE:18:E8:88:FF:5E:D9:B3:CF:B9:99:49:47:C9:83:30:13:51:D2:43:76:74:68:09:53:D7,1,CPUaaw4hDO_0yqSN/VC,AEAD_AES_256_GCM,FEFD
T01,1776278972808.123,transport,12822,1674865,TLS_ECDHE_ECDSA_WITH_CHACHA20_POLY1305_SHA256,client,connected,d/F8,controlling,connected,CF56:D2:B9:7B:6B:00:C9:4D:56:4E:AF:CF:C5:85:91:5D:4E:AC:42:AA:D5:17:9C:EC:0F:72:34:96:D7:33:D8:4F,215,2053,CF97:E8:D9:24:12:8A:BE:18:E8:88:FF:5E:D9:B3:CF:B9:99:49:47:C9:83:30:13:51:D2:43:76:74:68:09:53:D7,1,CPUaaw4hDO_0yqSN/VC,AEAD_AES_256_GCM,FEFD
T01,1776278973008.109,transport,12934,1708215,TLS_ECDHE_ECDSA_WITH_CHACHA20_POLY1305_SHA256,client,connected,d/F8,controlling,connected,CF56:D2:B9:7B:6B:00:C9:4D:56:4E:AF:CF:C5:85:91:5D:4E:AC:42:AA:D5:17:9C:EC:0F:72:34:96:D7:33:D8:4F,217,2082,CF97:E8:D9:24:12:8A:BE:18:E8:88:FF:5E:D9:B3:CF:B9:99:49:47:C9:83:30:13:51:D2:43:76:74:68:09:53:D7,1,CPUaaw4hDO_0yqSN/VC,AEAD_AES_256_GCM,FEFD
T01,1776278973008.109,transport,12934,1708215,TLS_ECDHE_ECDSA_WITH_CHACHA20_POLY1305_SHA256,client,connected,d/F8,controlling,connected,CF56:D2:B9:7B:6B:00:C9:4D:56:4E:AF:CF:C5:85:91:5D:4E:AC:42:AA:D5:17:9C:EC:0F:72:34:96:D7:33:D8:4F,217,2082,CF97:E8:D9:24:12:8A:BE:18:E8:88:FF:5E:D9:B3:CF:B9:99:49:47:C9:83:30:13:51:D2:43:76:74:68:09:53:D7,1,CPUaaw4hDO_0yqSN/VC,AEAD_AES_256_GCM,FEFD
T01,1776278973208.19,transport,13050,1740415,TLS_ECDHE_ECDSA_WITH_CHACHA20_POLY1305_SHA256,client,connected,d/F8,controlling,connected,CF56:D2:B9:7B:6B:00:C9:4D:56:4E:AF:CF:C5:85:91:5D:4E:AC:42:AA:D5:17:9C:EC:0F:72:34:96:D7:33:D8:4F,219,2110,CF97:E8:D9:24:12:8A:BE:18:E8:88:FF:5E:D9:B3:CF:B9:99:49:47:C9:83:30:13:51:D2:43:76:74:68:09:53:D7,1,CPUaaw4hDO_0yqSN/VC,AEAD_AES_256_GCM,FEFD
T01,1776278973208.19,transport,13050,1740415,TLS_ECDHE_ECDSA_WITH_CHACHA20_POLY1305_SHA256,client,connected,d/F8,controlling,connected,CF56:D2:B9:7B:6B:00:C9:4D:56:4E:AF:CF:C5:85:91:5D:4E:AC:42:AA:D5:17:9C:EC:0F:72:34:96:D7:33:D8:4F,219,2110,CF97:E8:D9:24:12:8A:BE:18:E8:88:FF:5E:D9:B3:CF:B9:99:49:47:C9:83:30:13:51:D2:43:76:74:68:09:53:D7,1,CPUaaw4hDO_0yqSN/VC,AEAD_AES_256_GCM,FEFD
T01,1776278973408.106,transport,13262,1773841,TLS_ECDHE_ECDSA_WITH_CHACHA20_POLY1305_SHA256,client,connected,d/F8,controlling,connected,CF56:D2:B9:7B:6B:00:C9:4D:56:4E:AF:CF:C5:85:91:5D:4E:AC:42:AA:D5:17:9C:EC:0F:72:34:96:D7:33:D8:4F,222,2140,CF97:E8:D9:24:12:8A:BE:18:E8:88:FF:5E:D9:B3:CF:B9:99:49:47:C9:83:30:13:51:D2:43:76:74:68:09:53:D7,1,CPUaaw4hDO_0yqSN/VC,AEAD_AES_256_GCM,FEFD
T01,1776278973408.106,transport,13262,1773841,TLS_ECDHE_ECDSA_WITH_CHACHA20_POLY1305_SHA256,client,connected,d/F8,controlling,connected,CF56:D2:B9:7B:6B:00:C9:4D:56:4E:AF:CF:C5:85:91:5D:4E:AC:42:AA:D5:17:9C:EC:0F:72:34:96:D7:33:D8:4F,222,2140,CF97:E8:D9:24:12:8A:BE:18:E8:88:FF:5E:D9:B3:CF:B9:99:49:47:C9:83:30:13:51:D2:43:76:74:68:09:53:D7,1,CPUaaw4hDO_0yqSN/VC,AEAD_AES_256_GCM,FEFD
T01,1776278973608.136,transport,13374,1806141,TLS_ECDHE_ECDSA_WITH_CHACHA20_POLY1305_SHA256,client,connected,d/F8,controlling,connected,CF56:D2:B9:7B:6B:00:C9:4D:56:4E:AF:CF:C5:85:91:5D:4E:AC:42:AA:D5:17:9C:EC:0F:72:34:96:D7:33:D8:4F,224,2169,CF97:E8:D9:24:12:8A:BE:18:E8:88:FF:5E:D9:B3:CF:B9:99:49:47:C9:83:30:13:51:D2:43:76:74:68:09:53:D7,1,CPUaaw4hDO_0yqSN/VC,AEAD_AES_256_GCM,FEFD
T01,1776278973608.136,transport,13374,1806141,TLS_ECDHE_ECDSA_WITH_CHACHA20_POLY1305_SHA256,client,connected,d/F8,controlling,connected,CF56:D2:B9:7B:6B:00:C9:4D:56:4E:AF:CF:C5:85:91:5D:4E:AC:42:AA:D5:17:9C:EC:0F:72:34:96:D7:33:D8:4F,224,2169,CF97:E8:D9:24:12:8A:BE:18:E8:88:FF:5E:D9:B3:CF:B9:99:49:47:C9:83:30:13:51:D2:43:76:74:68:09:53:D7,1,CPUaaw4hDO_0yqSN/VC,AEAD_AES_256_GCM,FEFD
T01,1776278973808.124,transport,13490,1839567,TLS_ECDHE_ECDSA_WITH_CHACHA20_POLY1305_SHA256,client,connected,d/F8,controlling,connected,CF56:D2:B9:7B:6B:00:C9:4D:56:4E:AF:CF:C5:85:91:5D:4E:AC:42:AA:D5:17:9C:EC:0F:72:34:96:D7:33:D8:4F,226,2199,CF97:E8:D9:24:12:8A:BE:18:E8:88:FF:5E:D9:B3:CF:B9:99:49:47:C9:83:30:13:51:D2:43:76:74:68:09:53:D7,1,CPUaaw4hDO_0yqSN/VC,AEAD_AES_256_GCM,FEFD
T01,1776278973808.124,transport,13490,1839567,TLS_ECDHE_ECDSA_WITH_CHACHA20_POLY1305_SHA256,client,connected,d/F8,controlling,connected,CF56:D2:B9:7B:6B:00:C9:4D:56:4E:AF:CF:C5:85:91:5D:4E:AC:42:AA:D5:17:9C:EC:0F:72:34:96:D7:33:D8:4F,226,2199,CF97:E8:D9:24:12:8A:BE:18:E8:88:FF:5E:D9:B3:CF:B9:99:49:47:C9:83:30:13:51:D2:43:76:74:68:09:53:D7,1,CPUaaw4hDO_0yqSN/VC,AEAD_AES_256_GCM,FEFD
T01,1776278974008.128,transport,13602,1871843,TLS_ECDHE_ECDSA_WITH_CHACHA20_POLY1305_SHA256,client,connected,d/F8,controlling,connected,CF56:D2:B9:7B:6B:00:C9:4D:56:4E:AF:CF:C5:85:91:5D:4E:AC:42:AA:D5:17:9C:EC:0F:72:34:96:D7:33:D8:4F,228,2228,CF97:E8:D9:24:12:8A:BE:18:E8:88:FF:5E:D9:B3:CF:B9:99:49:47:C9:83:30:13:51:D2:43:76:74:68:09:53:D7,1,CPUaaw4hDO_0yqSN/VC,AEAD_AES_256_GCM,FEFD
T01,1776278974008.128,transport,13602,1871843,TLS_ECDHE_ECDSA_WITH_CHACHA20_POLY1305_SHA256,client,connected,d/F8,controlling,connected,CF56:D2:B9:7B:6B:00:C9:4D:56:4E:AF:CF:C5:85:91:5D:4E:AC:42:AA:D5:17:9C:EC:0F:72:34:96:D7:33:D8:4F,228,2228,CF97:E8:D9:24:12:8A:BE:18:E8:88:FF:5E:D9:B3:CF:B9:99:49:47:C9:83:30:13:51:D2:43:76:74:68:09:53:D7,1,CPUaaw4hDO_0yqSN/VC,AEAD_AES_256_GCM,FEFD
T01,1776278974208.137,transport,13746,1905269,TLS_ECDHE_ECDSA_WITH_CHACHA20_POLY1305_SHA256,client,connected,d/F8,controlling,connected,CF56:D2:B9:7B:6B:00:C9:4D:56:4E:AF:CF:C5:85:91:5D:4E:AC:42:AA:D5:17:9C:EC:0F:72:34:96:D7:33:D8:4F,231,2258,CF97:E8:D9:24:12:8A:BE:18:E8:88:FF:5E:D9:B3:CF:B9:99:49:47:C9:83:30:13:51:D2:43:76:74:68:09:53:D7,1,CPUaaw4hDO_0yqSN/VC,AEAD_AES_256_GCM,FEFD
T01,1776278974208.137,transport,13746,1905269,TLS_ECDHE_ECDSA_WITH_CHACHA20_POLY1305_SHA256,client,connected,d/F8,controlling,connected,CF56:D2:B9:7B:6B:00:C9:4D:56:4E:AF:CF:C5:85:91:5D:4E:AC:42:AA:D5:17:9C:EC:0F:72:34:96:D7:33:D8:4F,231,2258,CF97:E8:D9:24:12:8A:BE:18:E8:88:FF:5E:D9:B3:CF:B9:99:49:47:C9:83:30:13:51:D2:43:76:74:68:09:53:D7,1,CPUaaw4hDO_0yqSN/VC,AEAD_AES_256_GCM,FEFD
T01,1776278974408.14,transport,13862,1937545,TLS_ECDHE_ECDSA_WITH_CHACHA20_POLY1305_SHA256,client,connected,d/F8,controlling,connected,CF56:D2:B9:7B:6B:00:C9:4D:56:4E:AF:CF:C5:85:91:5D:4E:AC:42:AA:D5:17:9C:EC:0F:72:34:96:D7:33:D8:4F,233,2287,CF97:E8:D9:24:12:8A:BE:18:E8:88:FF:5E:D9:B3:CF:B9:99:49:47:C9:83:30:13:51:D2:43:76:74:68:09:53:D7,1,CPUaaw4hDO_0yqSN/VC,AEAD_AES_256_GCM,FEFD
T01,1776278974408.14,transport,13862,1937545,TLS_ECDHE_ECDSA_WITH_CHACHA20_POLY1305_SHA256,client,connected,d/F8,controlling,connected,CF56:D2:B9:7B:6B:00:C9:4D:56:4E:AF:CF:C5:85:91:5D:4E:AC:42:AA:D5:17:9C:EC:0F:72:34:96:D7:33:D8:4F,233,2287,CF97:E8:D9:24:12:8A:BE:18:E8:88:FF:5E:D9:B3:CF:B9:99:49:47:C9:83:30:13:51:D2:43:76:74:68:09:53:D7,1,CPUaaw4hDO_0yqSN/VC,AEAD_AES_256_GCM,FEFD
T01,1776278974608.175,transport,13974,1970895,TLS_ECDHE_ECDSA_WITH_CHACHA20_POLY1305_SHA256,client,connected,d/F8,controlling,connected,CF56:D2:B9:7B:6B:00:C9:4D:56:4E:AF:CF:C5:85:91:5D:4E:AC:42:AA:D5:17:9C:EC:0F:72:34:96:D7:33:D8:4F,235,2316,CF97:E8:D9:24:12:8A:BE:18:E8:88:FF:5E:D9:B3:CF:B9:99:49:47:C9:83:30:13:51:D2:43:76:74:68:09:53:D7,1,CPUaaw4hDO_0yqSN/VC,AEAD_AES_256_GCM,FEFD
T01,1776278974608.175,transport,13974,1970895,TLS_ECDHE_ECDSA_WITH_CHACHA20_POLY1305_SHA256,client,connected,d/F8,controlling,connected,CF56:D2:B9:7B:6B:00:C9:4D:56:4E:AF:CF:C5:85:91:5D:4E:AC:42:AA:D5:17:9C:EC:0F:72:34:96:D7:33:D8:4F,235,2316,CF97:E8:D9:24:12:8A:BE:18:E8:88:FF:5E:D9:B3:CF:B9:99:49:47:C9:83:30:13:51:D2:43:76:74:68:09:53:D7,1,CPUaaw4hDO_0yqSN/VC,AEAD_AES_256_GCM,FEFD
T01,1776278974808.178,transport,14186,2003195,TLS_ECDHE_ECDSA_WITH_CHACHA20_POLY1305_SHA256,client,connected,d/F8,controlling,connected,CF56:D2:B9:7B:6B:00:C9:4D:56:4E:AF:CF:C5:85:91:5D:4E:AC:42:AA:D5:17:9C:EC:0F:72:34:96:D7:33:D8:4F,238,2345,CF97:E8:D9:24:12:8A:BE:18:E8:88:FF:5E:D9:B3:CF:B9:99:49:47:C9:83:30:13:51:D2:43:76:74:68:09:53:D7,1,CPUaaw4hDO_0yqSN/VC,AEAD_AES_256_GCM,FEFD
T01,1776278974808.178,transport,14186,2003195,TLS_ECDHE_ECDSA_WITH_CHACHA20_POLY1305_SHA256,client,connected,d/F8,controlling,connected,CF56:D2:B9:7B:6B:00:C9:4D:56:4E:AF:CF:C5:85:91:5D:4E:AC:42:AA:D5:17:9C:EC:0F:72:34:96:D7:33:D8:4F,238,2345,CF97:E8:D9:24:12:8A:BE:18:E8:88:FF:5E:D9:B3:CF:B9:99:49:47:C9:83:30:13:51:D2:43:76:74:68:09:53:D7,1,CPUaaw4hDO_0yqSN/VC,AEAD_AES_256_GCM,FEFD
T01,1776278975008.171,transport,14302,2035395,TLS_ECDHE_ECDSA_WITH_CHACHA20_POLY1305_SHA256,client,connected,d/F8,controlling,connected,CF56:D2:B9:7B:6B:00:C9:4D:56:4E:AF:CF:C5:85:91:5D:4E:AC:42:AA:D5:17:9C:EC:0F:72:34:96:D7:33:D8:4F,240,2373,CF97:E8:D9:24:12:8A:BE:18:E8:88:FF:5E:D9:B3:CF:B9:99:49:47:C9:83:30:13:51:D2:43:76:74:68:09:53:D7,1,CPUaaw4hDO_0yqSN/VC,AEAD_AES_256_GCM,FEFD
T01,1776278975008.171,transport,14302,2035395,TLS_ECDHE_ECDSA_WITH_CHACHA20_POLY1305_SHA256,client,connected,d/F8,controlling,connected,CF56:D2:B9:7B:6B:00:C9:4D:56:4E:AF:CF:C5:85:91:5D:4E:AC:42:AA:D5:17:9C:EC:0F:72:34:96:D7:33:D8:4F,240,2373,CF97:E8:D9:24:12:8A:BE:18:E8:88:FF:5E:D9:B3:CF:B9:99:49:47:C9:83:30:13:51:D2:43:76:74:68:09:53:D7,1,CPUaaw4hDO_0yqSN/VC,AEAD_AES_256_GCM,FEFD
T01,1776278975208.176,transport,14382,2035471,TLS_ECDHE_ECDSA_WITH_CHACHA20_POLY1305_SHA256,client,connected,d/F8,controlling,connected,CF56:D2:B9:7B:6B:00:C9:4D:56:4E:AF:CF:C5:85:91:5D:4E:AC:42:AA:D5:17:9C:EC:0F:72:34:96:D7:33:D8:4F,242,2374,CF97:E8:D9:24:12:8A:BE:18:E8:88:FF:5E:D9:B3:CF:B9:99:49:47:C9:83:30:13:51:D2:43:76:74:68:09:53:D7,1,CPUaaw4hDO_0yqSN/VC,AEAD_AES_256_GCM,FEFD
T01,1776278975208.176,transport,14382,2035471,TLS_ECDHE_ECDSA_WITH_CHACHA20_POLY1305_SHA256,client,connected,d/F8,controlling,connected,CF56:D2:B9:7B:6B:00:C9:4D:56:4E:AF:CF:C5:85:91:5D:4E:AC:42:AA:D5:17:9C:EC:0F:72:34:96:D7:33:D8:4F,242,2374,CF97:E8:D9:24:12:8A:BE:18:E8:88:FF:5E:D9:B3:CF:B9:99:49:47:C9:83:30:13:51:D2:43:76:74:68:09:53:D7,1,CPUaaw4hDO_0yqSN/VC,AEAD_AES_256_GCM,FEFD
T01,1776278975408.168,transport,14382,2035471,TLS_ECDHE_ECDSA_WITH_CHACHA20_POLY1305_SHA256,client,connected,d/F8,controlling,connected,CF56:D2:B9:7B:6B:00:C9:4D:56:4E:AF:CF:C5:85:91:5D:4E:AC:42:AA:D5:17:9C:EC:0F:72:34:96:D7:33:D8:4F,242,2374,CF97:E8:D9:24:12:8A:BE:18:E8:88:FF:5E:D9:B3:CF:B9:99:49:47:C9:83:30:13:51:D2:43:76:74:68:09:53:D7,1,CPUaaw4hDO_0yqSN/VC,AEAD_AES_256_GCM,FEFD
T01,1776278975408.168,transport,14382,2035471,TLS_ECDHE_ECDSA_WITH_CHACHA20_POLY1305_SHA256,client,connected,d/F8,controlling,connected,CF56:D2:B9:7B:6B:00:C9:4D:56:4E:AF:CF:C5:85:91:5D:4E:AC:42:AA:D5:17:9C:EC:0F:72:34:96:D7:33:D8:4F,242,2374,CF97:E8:D9:24:12:8A:BE:18:E8:88:FF:5E:D9:B3:CF:B9:99:49:47:C9:83:30:13:51:D2:43:76:74:68:09:53:D7,1,CPUaaw4hDO_0yqSN/VC,AEAD_AES_256_GCM,FEFD
T01,1776278975608.182,transport,14382,2035547,TLS_ECDHE_ECDSA_WITH_CHACHA20_POLY1305_SHA256,client,connected,d/F8,controlling,connected,CF56:D2:B9:7B:6B:00:C9:4D:56:4E:AF:CF:C5:85:91:5D:4E:AC:42:AA:D5:17:9C:EC:0F:72:34:96:D7:33:D8:4F,242,2375,CF97:E8:D9:24:12:8A:BE:18:E8:88:FF:5E:D9:B3:CF:B9:99:49:47:C9:83:30:13:51:D2:43:76:74:68:09:53:D7,1,CPUaaw4hDO_0yqSN/VC,AEAD_AES_256_GCM,FEFD
T01,1776278975608.182,transport,14382,2035547,TLS_ECDHE_ECDSA_WITH_CHACHA20_POLY1305_SHA256,client,connected,d/F8,controlling,connected,CF56:D2:B9:7B:6B:00:C9:4D:56:4E:AF:CF:C5:85:91:5D:4E:AC:42:AA:D5:17:9C:EC:0F:72:34:96:D7:33:D8:4F,242,2375,CF97:E8:D9:24:12:8A:BE:18:E8:88:FF:5E:D9:B3:CF:B9:99:49:47:C9:83:30:13:51:D2:43:76:74:68:09:53:D7,1,CPUaaw4hDO_0yqSN/VC,AEAD_AES_256_GCM,FEFD
T01,1776278975808.112,transport,14382,2035547,TLS_ECDHE_ECDSA_WITH_CHACHA20_POLY1305_SHA256,client,connected,d/F8,controlling,connected,CF56:D2:B9:7B:6B:00:C9:4D:56:4E:AF:CF:C5:85:91:5D:4E:AC:42:AA:D5:17:9C:EC:0F:72:34:96:D7:33:D8:4F,242,2375,CF97:E8:D9:24:12:8A:BE:18:E8:88:FF:5E:D9:B3:CF:B9:99:49:47:C9:83:30:13:51:D2:43:76:74:68:09:53:D7,1,CPUaaw4hDO_0yqSN/VC,AEAD_AES_256_GCM,FEFD
T01,1776278975808.112,transport,14382,2035547,TLS_ECDHE_ECDSA_WITH_CHACHA20_POLY1305_SHA256,client,connected,d/F8,controlling,connected,CF56:D2:B9:7B:6B:00:C9:4D:56:4E:AF:CF:C5:85:91:5D:4E:AC:42:AA:D5:17:9C:EC:0F:72:34:96:D7:33:D8:4F,242,2375,CF97:E8:D9:24:12:8A:BE:18:E8:88:FF:5E:D9:B3:CF:B9:99:49:47:C9:83:30:13:51:D2:43:76:74:68:09:53:D7,1,CPUaaw4hDO_0yqSN/VC,AEAD_AES_256_GCM,FEFD
T01,1776278976008.104,transport,14478,2035547,TLS_ECDHE_ECDSA_WITH_CHACHA20_POLY1305_SHA256,client,connected,d/F8,controlling,connected,CF56:D2:B9:7B:6B:00:C9:4D:56:4E:AF:CF:C5:85:91:5D:4E:AC:42:AA:D5:17:9C:EC:0F:72:34:96:D7:33:D8:4F,243,2375,CF97:E8:D9:24:12:8A:BE:18:E8:88:FF:5E:D9:B3:CF:B9:99:49:47:C9:83:30:13:51:D2:43:76:74:68:09:53:D7,1,CPUaaw4hDO_0yqSN/VC,AEAD_AES_256_GCM,FEFD
T01,1776278976008.104,transport,14478,2035547,TLS_ECDHE_ECDSA_WITH_CHACHA20_POLY1305_SHA256,client,connected,d/F8,controlling,connected,CF56:D2:B9:7B:6B:00:C9:4D:56:4E:AF:CF:C5:85:91:5D:4E:AC:42:AA:D5:17:9C:EC:0F:72:34:96:D7:33:D8:4F,243,2375,CF97:E8:D9:24:12:8A:BE:18:E8:88:FF:5E:D9:B3:CF:B9:99:49:47:C9:83:30:13:51:D2:43:76:74:68:09:53:D7,1,CPUaaw4hDO_0yqSN/VC,AEAD_AES_256_GCM,FEFD
T01,1776278976208.194,transport,14478,2035647,TLS_ECDHE_ECDSA_WITH_CHACHA20_POLY1305_SHA256,client,connected,d/F8,controlling,connected,CF56:D2:B9:7B:6B:00:C9:4D:56:4E:AF:CF:C5:85:91:5D:4E:AC:42:AA:D5:17:9C:EC:0F:72:34:96:D7:33:D8:4F,243,2376,CF97:E8:D9:24:12:8A:BE:18:E8:88:FF:5E:D9:B3:CF:B9:99:49:47:C9:83:30:13:51:D2:43:76:74:68:09:53:D7,1,CPUaaw4hDO_0yqSN/VC,AEAD_AES_256_GCM,FEFD
T01,1776278976208.194,transport,14478,2035647,TLS_ECDHE_ECDSA_WITH_CHACHA20_POLY1305_SHA256,client,connected,d/F8,controlling,connected,CF56:D2:B9:7B:6B:00:C9:4D:56:4E:AF:CF:C5:85:91:5D:4E:AC:42:AA:D5:17:9C:EC:0F:72:34:96:D7:33:D8:4F,243,2376,CF97:E8:D9:24:12:8A:BE:18:E8:88:FF:5E:D9:B3:CF:B9:99:49:47:C9:83:30:13:51:D2:43:76:74:68:09:53:D7,1,CPUaaw4hDO_0yqSN/VC,AEAD_AES_256_GCM,FEFD
T01,1776278976408.118,transport,14478,2035647,TLS_ECDHE_ECDSA_WITH_CHACHA20_POLY1305_SHA256,client,connected,d/F8,controlling,connected,CF56:D2:B9:7B:6B:00:C9:4D:56:4E:AF:CF:C5:85:91:5D:4E:AC:42:AA:D5:17:9C:EC:0F:72:34:96:D7:33:D8:4F,243,2376,CF97:E8:D9:24:12:8A:BE:18:E8:88:FF:5E:D9:B3:CF:B9:99:49:47:C9:83:30:13:51:D2:43:76:74:68:09:53:D7,1,CPUaaw4hDO_0yqSN/VC,AEAD_AES_256_GCM,FEFD
T01,1776278976408.118,transport,14478,2035647,TLS_ECDHE_ECDSA_WITH_CHACHA20_POLY1305_SHA256,client,connected,d/F8,controlling,connected,CF56:D2:B9:7B:6B:00:C9:4D:56:4E:AF:CF:C5:85:91:5D:4E:AC:42:AA:D5:17:9C:EC:0F:72:34:96:D7:33:D8:4F,243,2376,CF97:E8:D9:24:12:8A:BE:18:E8:88:FF:5E:D9:B3:CF:B9:99:49:47:C9:83:30:13:51:D2:43:76:74:68:09:53:D7,1,CPUaaw4hDO_0yqSN/VC,AEAD_AES_256_GCM,FEFD
T01,1776278976608.179,transport,14478,2035647,TLS_ECDHE_ECDSA_WITH_CHACHA20_POLY1305_SHA256,client,connected,d/F8,controlling,connected,CF56:D2:B9:7B:6B:00:C9:4D:56:4E:AF:CF:C5:85:91:5D:4E:AC:42:AA:D5:17:9C:EC:0F:72:34:96:D7:33:D8:4F,243,2376,CF97:E8:D9:24:12:8A:BE:18:E8:88:FF:5E:D9:B3:CF:B9:99:49:47:C9:83:30:13:51:D2:43:76:74:68:09:53:D7,1,CPUaaw4hDO_0yqSN/VC,AEAD_AES_256_GCM,FEFD
T01,1776278976608.179,transport,14478,2035647,TLS_ECDHE_ECDSA_WITH_CHACHA20_POLY1305_SHA256,client,connected,d/F8,controlling,connected,CF56:D2:B9:7B:6B:00:C9:4D:56:4E:AF:CF:C5:85:91:5D:4E:AC:42:AA:D5:17:9C:EC:0F:72:34:96:D7:33:D8:4F,243,2376,CF97:E8:D9:24:12:8A:BE:18:E8:88:FF:5E:D9:B3:CF:B9:99:49:47:C9:83:30:13:51:D2:43:76:74:68:09:53:D7,1,CPUaaw4hDO_0yqSN/VC,AEAD_AES_256_GCM,FEFD
T01,1776278976808.113,transport,14478,2035647,TLS_ECDHE_ECDSA_WITH_CHACHA20_POLY1305_SHA256,client,connected,d/F8,controlling,connected,CF56:D2:B9:7B:6B:00:C9:4D:56:4E:AF:CF:C5:85:91:5D:4E:AC:42:AA:D5:17:9C:EC:0F:72:34:96:D7:33:D8:4F,243,2376,CF97:E8:D9:24:12:8A:BE:18:E8:88:FF:5E:D9:B3:CF:B9:99:49:47:C9:83:30:13:51:D2:43:76:74:68:09:53:D7,1,CPUaaw4hDO_0yqSN/VC,AEAD_AES_256_GCM,FEFD
T01,1776278976808.113,transport,14478,2035647,TLS_ECDHE_ECDSA_WITH_CHACHA20_POLY1305_SHA256,client,connected,d/F8,controlling,connected,CF56:D2:B9:7B:6B:00:C9:4D:56:4E:AF:CF:C5:85:91:5D:4E:AC:42:AA:D5:17:9C:EC:0F:72:34:96:D7:33:D8:4F,243,2376,CF97:E8:D9:24:12:8A:BE:18:E8:88:FF:5E:D9:B3:CF:B9:99:49:47:C9:83:30:13:51:D2:43:76:74:68:09:53:D7,1,CPUaaw4hDO_0yqSN/VC,AEAD_AES_256_GCM,FEFD
T01,1776278977008.111,transport,14574,2035647,TLS_ECDHE_ECDSA_WITH_CHACHA20_POLY1305_SHA256,client,connected,d/F8,controlling,connected,CF56:D2:B9:7B:6B:00:C9:4D:56:4E:AF:CF:C5:85:91:5D:4E:AC:42:AA:D5:17:9C:EC:0F:72:34:96:D7:33:D8:4F,244,2376,CF97:E8:D9:24:12:8A:BE:18:E8:88:FF:5E:D9:B3:CF:B9:99:49:47:C9:83:30:13:51:D2:43:76:74:68:09:53:D7,1,CPUaaw4hDO_0yqSN/VC,AEAD_AES_256_GCM,FEFD
T01,1776278977008.111,transport,14574,2035647,TLS_ECDHE_ECDSA_WITH_CHACHA20_POLY1305_SHA256,client,connected,d/F8,controlling,connected,CF56:D2:B9:7B:6B:00:C9:4D:56:4E:AF:CF:C5:85:91:5D:4E:AC:42:AA:D5:17:9C:EC:0F:72:34:96:D7:33:D8:4F,244,2376,CF97:E8:D9:24:12:8A:BE:18:E8:88:FF:5E:D9:B3:CF:B9:99:49:47:C9:83:30:13:51:D2:43:76:74:68:09:53:D7,1,CPUaaw4hDO_0yqSN/VC,AEAD_AES_256_GCM,FEFD
T01,1776278977208.176,transport,14574,2035747,TLS_ECDHE_ECDSA_WITH_CHACHA20_POLY1305_SHA256,client,connected,d/F8,controlling,connected,CF56:D2:B9:7B:6B:00:C9:4D:56:4E:AF:CF:C5:85:91:5D:4E:AC:42:AA:D5:17:9C:EC:0F:72:34:96:D7:33:D8:4F,244,2377,CF97:E8:D9:24:12:8A:BE:18:E8:88:FF:5E:D9:B3:CF:B9:99:49:47:C9:83:30:13:51:D2:43:76:74:68:09:53:D7,1,CPUaaw4hDO_0yqSN/VC,AEAD_AES_256_GCM,FEFD
T01,1776278977208.176,transport,14574,2035747,TLS_ECDHE_ECDSA_WITH_CHACHA20_POLY1305_SHA256,client,connected,d/F8,controlling,connected,CF56:D2:B9:7B:6B:00:C9:4D:56:4E:AF:CF:C5:85:91:5D:4E:AC:42:AA:D5:17:9C:EC:0F:72:34:96:D7:33:D8:4F,244,2377,CF97:E8:D9:24:12:8A:BE:18:E8:88:FF:5E:D9:B3:CF:B9:99:49:47:C9:83:30:13:51:D2:43:76:74:68:09:53:D7,1,CPUaaw4hDO_0yqSN/VC,AEAD_AES_256_GCM,FEFD
T01,1776278977408.174,transport,14574,2035747,TLS_ECDHE_ECDSA_WITH_CHACHA20_POLY1305_SHA256,client,connected,d/F8,controlling,connected,CF56:D2:B9:7B:6B:00:C9:4D:56:4E:AF:CF:C5:85:91:5D:4E:AC:42:AA:D5:17:9C:EC:0F:72:34:96:D7:33:D8:4F,244,2377,CF97:E8:D9:24:12:8A:BE:18:E8:88:FF:5E:D9:B3:CF:B9:99:49:47:C9:83:30:13:51:D2:43:76:74:68:09:53:D7,1,CPUaaw4hDO_0yqSN/VC,AEAD_AES_256_GCM,FEFD
T01,1776278977408.174,transport,14574,2035747,TLS_ECDHE_ECDSA_WITH_CHACHA20_POLY1305_SHA256,client,connected,d/F8,controlling,connected,CF56:D2:B9:7B:6B:00:C9:4D:56:4E:AF:CF:C5:85:91:5D:4E:AC:42:AA:D5:17:9C:EC:0F:72:34:96:D7:33:D8:4F,244,2377,CF97:E8:D9:24:12:8A:BE:18:E8:88:FF:5E:D9:B3:CF:B9:99:49:47:C9:83:30:13:51:D2:43:76:74:68:09:53:D7,1,CPUaaw4hDO_0yqSN/VC,AEAD_AES_256_GCM,FEFD
T01,1776278977608.182,transport,14574,2035747,TLS_ECDHE_ECDSA_WITH_CHACHA20_POLY1305_SHA256,client,connected,d/F8,controlling,connected,CF56:D2:B9:7B:6B:00:C9:4D:56:4E:AF:CF:C5:85:91:5D:4E:AC:42:AA:D5:17:9C:EC:0F:72:34:96:D7:33:D8:4F,244,2377,CF97:E8:D9:24:12:8A:BE:18:E8:88:FF:5E:D9:B3:CF:B9:99:49:47:C9:83:30:13:51:D2:43:76:74:68:09:53:D7,1,CPUaaw4hDO_0yqSN/VC,AEAD_AES_256_GCM,FEFD
T01,1776278977608.182,transport,14574,2035747,TLS_ECDHE_ECDSA_WITH_CHACHA20_POLY1305_SHA256,client,connected,d/F8,controlling,connected,CF56:D2:B9:7B:6B:00:C9:4D:56:4E:AF:CF:C5:85:91:5D:4E:AC:42:AA:D5:17:9C:EC:0F:72:34:96:D7:33:D8:4F,244,2377,CF97:E8:D9:24:12:8A:BE:18:E8:88:FF:5E:D9:B3:CF:B9:99:49:47:C9:83:30:13:51:D2:43:76:74:68:09:53:D7,1,CPUaaw4hDO_0yqSN/VC,AEAD_AES_256_GCM,FEFD
T01,1776278977808.179,transport,14574,2035747,TLS_ECDHE_ECDSA_WITH_CHACHA20_POLY1305_SHA256,client,connected,d/F8,controlling,connected,CF56:D2:B9:7B:6B:00:C9:4D:56:4E:AF:CF:C5:85:91:5D:4E:AC:42:AA:D5:17:9C:EC:0F:72:34:96:D7:33:D8:4F,244,2377,CF97:E8:D9:24:12:8A:BE:18:E8:88:FF:5E:D9:B3:CF:B9:99:49:47:C9:83:30:13:51:D2:43:76:74:68:09:53:D7,1,CPUaaw4hDO_0yqSN/VC,AEAD_AES_256_GCM,FEFD
T01,1776278977808.179,transport,14574,2035747,TLS_ECDHE_ECDSA_WITH_CHACHA20_POLY1305_SHA256,client,connected,d/F8,controlling,connected,CF56:D2:B9:7B:6B:00:C9:4D:56:4E:AF:CF:C5:85:91:5D:4E:AC:42:AA:D5:17:9C:EC:0F:72:34:96:D7:33:D8:4F,244,2377,CF97:E8:D9:24:12:8A:BE:18:E8:88:FF:5E:D9:B3:CF:B9:99:49:47:C9:83:30:13:51:D2:43:76:74:68:09:53:D7,1,CPUaaw4hDO_0yqSN/VC,AEAD_AES_256_GCM,FEFD
T01,1776278978008.129,transport,14574,2035747,TLS_ECDHE_ECDSA_WITH_CHACHA20_POLY1305_SHA256,client,connected,d/F8,controlling,connected,CF56:D2:B9:7B:6B:00:C9:4D:56:4E:AF:CF:C5:85:91:5D:4E:AC:42:AA:D5:17:9C:EC:0F:72:34:96:D7:33:D8:4F,244,2377,CF97:E8:D9:24:12:8A:BE:18:E8:88:FF:5E:D9:B3:CF:B9:99:49:47:C9:83:30:13:51:D2:43:76:74:68:09:53:D7,1,CPUaaw4hDO_0yqSN/VC,AEAD_AES_256_GCM,FEFD
T01,1776278978008.129,transport,14574,2035747,TLS_ECDHE_ECDSA_WITH_CHACHA20_POLY1305_SHA256,client,connected,d/F8,controlling,connected,CF56:D2:B9:7B:6B:00:C9:4D:56:4E:AF:CF:C5:85:91:5D:4E:AC:42:AA:D5:17:9C:EC:0F:72:34:96:D7:33:D8:4F,244,2377,CF97:E8:D9:24:12:8A:BE:18:E8:88:FF:5E:D9:B3:CF:B9:99:49:47:C9:83:30:13:51:D2:43:76:74:68:09:53:D7,1,CPUaaw4hDO_0yqSN/VC,AEAD_AES_256_GCM,FEFD
T01,1776278978208.111,transport,14574,2035823,TLS_ECDHE_ECDSA_WITH_CHACHA20_POLY1305_SHA256,client,connected,d/F8,controlling,connected,CF56:D2:B9:7B:6B:00:C9:4D:56:4E:AF:CF:C5:85:91:5D:4E:AC:42:AA:D5:17:9C:EC:0F:72:34:96:D7:33:D8:4F,244,2378,CF97:E8:D9:24:12:8A:BE:18:E8:88:FF:5E:D9:B3:CF:B9:99:49:47:C9:83:30:13:51:D2:43:76:74:68:09:53:D7,1,CPUaaw4hDO_0yqSN/VC,AEAD_AES_256_GCM,FEFD
T01,1776278978208.111,transport,14574,2035823,TLS_ECDHE_ECDSA_WITH_CHACHA20_POLY1305_SHA256,client,connected,d/F8,controlling,connected,CF56:D2:B9:7B:6B:00:C9:4D:56:4E:AF:CF:C5:85:91:5D:4E:AC:42:AA:D5:17:9C:EC:0F:72:34:96:D7:33:D8:4F,244,2378,CF97:E8:D9:24:12:8A:BE:18:E8:88:FF:5E:D9:B3:CF:B9:99:49:47:C9:83:30:13:51:D2:43:76:74:68:09:53:D7,1,CPUaaw4hDO_0yqSN/VC,AEAD_AES_256_GCM,FEFD
T01,1776278978408.178,transport,14574,2035823,TLS_ECDHE_ECDSA_WITH_CHACHA20_POLY1305_SHA256,client,connected,d/F8,controlling,connected,CF56:D2:B9:7B:6B:00:C9:4D:56:4E:AF:CF:C5:85:91:5D:4E:AC:42:AA:D5:17:9C:EC:0F:72:34:96:D7:33:D8:4F,244,2378,CF97:E8:D9:24:12:8A:BE:18:E8:88:FF:5E:D9:B3:CF:B9:99:49:47:C9:83:30:13:51:D2:43:76:74:68:09:53:D7,1,CPUaaw4hDO_0yqSN/VC,AEAD_AES_256_GCM,FEFD
T01,1776278978408.178,transport,14574,2035823,TLS_ECDHE_ECDSA_WITH_CHACHA20_POLY1305_SHA256,client,connected,d/F8,controlling,connected,CF56:D2:B9:7B:6B:00:C9:4D:56:4E:AF:CF:C5:85:91:5D:4E:AC:42:AA:D5:17:9C:EC:0F:72:34:96:D7:33:D8:4F,244,2378,CF97:E8:D9:24:12:8A:BE:18:E8:88:FF:5E:D9:B3:CF:B9:99:49:47:C9:83:30:13:51:D2:43:76:74:68:09:53:D7,1,CPUaaw4hDO_0yqSN/VC,AEAD_AES_256_GCM,FEFD
T01,1776278978608.189,transport,14670,2035823,TLS_ECDHE_ECDSA_WITH_CHACHA20_POLY1305_SHA256,client,connected,d/F8,controlling,connected,CF56:D2:B9:7B:6B:00:C9:4D:56:4E:AF:CF:C5:85:91:5D:4E:AC:42:AA:D5:17:9C:EC:0F:72:34:96:D7:33:D8:4F,245,2378,CF97:E8:D9:24:12:8A:BE:18:E8:88:FF:5E:D9:B3:CF:B9:99:49:47:C9:83:30:13:51:D2:43:76:74:68:09:53:D7,1,CPUaaw4hDO_0yqSN/VC,AEAD_AES_256_GCM,FEFD
T01,1776278978608.189,transport,14670,2035823,TLS_ECDHE_ECDSA_WITH_CHACHA20_POLY1305_SHA256,client,connected,d/F8,controlling,connected,CF56:D2:B9:7B:6B:00:C9:4D:56:4E:AF:CF:C5:85:91:5D:4E:AC:42:AA:D5:17:9C:EC:0F:72:34:96:D7:33:D8:4F,245,2378,CF97:E8:D9:24:12:8A:BE:18:E8:88:FF:5E:D9:B3:CF:B9:99:49:47:C9:83:30:13:51:D2:43:76:74:68:09:53:D7,1,CPUaaw4hDO_0yqSN/VC,AEAD_AES_256_GCM,FEFD
T01,1776278978808.181,transport,14670,2035823,TLS_ECDHE_ECDSA_WITH_CHACHA20_POLY1305_SHA256,client,connected,d/F8,controlling,connected,CF56:D2:B9:7B:6B:00:C9:4D:56:4E:AF:CF:C5:85:91:5D:4E:AC:42:AA:D5:17:9C:EC:0F:72:34:96:D7:33:D8:4F,245,2378,CF97:E8:D9:24:12:8A:BE:18:E8:88:FF:5E:D9:B3:CF:B9:99:49:47:C9:83:30:13:51:D2:43:76:74:68:09:53:D7,1,CPUaaw4hDO_0yqSN/VC,AEAD_AES_256_GCM,FEFD
T01,1776278978808.181,transport,14670,2035823,TLS_ECDHE_ECDSA_WITH_CHACHA20_POLY1305_SHA256,client,connected,d/F8,controlling,connected,CF56:D2:B9:7B:6B:00:C9:4D:56:4E:AF:CF:C5:85:91:5D:4E:AC:42:AA:D5:17:9C:EC:0F:72:34:96:D7:33:D8:4F,245,2378,CF97:E8:D9:24:12:8A:BE:18:E8:88:FF:5E:D9:B3:CF:B9:99:49:47:C9:83:30:13:51:D2:43:76:74:68:09:53:D7,1,CPUaaw4hDO_0yqSN/VC,AEAD_AES_256_GCM,FEFD
T01,1776278979008.117,transport,14670,2035923,TLS_ECDHE_ECDSA_WITH_CHACHA20_POLY1305_SHA256,client,connected,d/F8,controlling,connected,CF56:D2:B9:7B:6B:00:C9:4D:56:4E:AF:CF:C5:85:91:5D:4E:AC:42:AA:D5:17:9C:EC:0F:72:34:96:D7:33:D8:4F,245,2379,CF97:E8:D9:24:12:8A:BE:18:E8:88:FF:5E:D9:B3:CF:B9:99:49:47:C9:83:30:13:51:D2:43:76:74:68:09:53:D7,1,CPUaaw4hDO_0yqSN/VC,AEAD_AES_256_GCM,FEFD
T01,1776278979008.117,transport,14670,2035923,TLS_ECDHE_ECDSA_WITH_CHACHA20_POLY1305_SHA256,client,connected,d/F8,controlling,connected,CF56:D2:B9:7B:6B:00:C9:4D:56:4E:AF:CF:C5:85:91:5D:4E:AC:42:AA:D5:17:9C:EC:0F:72:34:96:D7:33:D8:4F,245,2379,CF97:E8:D9:24:12:8A:BE:18:E8:88:FF:5E:D9:B3:CF:B9:99:49:47:C9:83:30:13:51:D2:43:76:74:68:09:53:D7,1,CPUaaw4hDO_0yqSN/VC,AEAD_AES_256_GCM,FEFD
T01,1776278979208.116,transport,14670,2035923,TLS_ECDHE_ECDSA_WITH_CHACHA20_POLY1305_SHA256,client,connected,d/F8,controlling,connected,CF56:D2:B9:7B:6B:00:C9:4D:56:4E:AF:CF:C5:85:91:5D:4E:AC:42:AA:D5:17:9C:EC:0F:72:34:96:D7:33:D8:4F,245,2379,CF97:E8:D9:24:12:8A:BE:18:E8:88:FF:5E:D9:B3:CF:B9:99:49:47:C9:83:30:13:51:D2:43:76:74:68:09:53:D7,1,CPUaaw4hDO_0yqSN/VC,AEAD_AES_256_GCM,FEFD
T01,1776278979208.116,transport,14670,2035923,TLS_ECDHE_ECDSA_WITH_CHACHA20_POLY1305_SHA256,client,connected,d/F8,controlling,connected,CF56:D2:B9:7B:6B:00:C9:4D:56:4E:AF:CF:C5:85:91:5D:4E:AC:42:AA:D5:17:9C:EC:0F:72:34:96:D7:33:D8:4F,245,2379,CF97:E8:D9:24:12:8A:BE:18:E8:88:FF:5E:D9:B3:CF:B9:99:49:47:C9:83:30:13:51:D2:43:76:74:68:09:53:D7,1,CPUaaw4hDO_0yqSN/VC,AEAD_AES_256_GCM,FEFD
T01,1776278979408.198,transport,14670,2035999,TLS_ECDHE_ECDSA_WITH_CHACHA20_POLY1305_SHA256,client,connected,d/F8,controlling,connected,CF56:D2:B9:7B:6B:00:C9:4D:56:4E:AF:CF:C5:85:91:5D:4E:AC:42:AA:D5:17:9C:EC:0F:72:34:96:D7:33:D8:4F,245,2380,CF97:E8:D9:24:12:8A:BE:18:E8:88:FF:5E:D9:B3:CF:B9:99:49:47:C9:83:30:13:51:D2:43:76:74:68:09:53:D7,1,CPUaaw4hDO_0yqSN/VC,AEAD_AES_256_GCM,FEFD
T01,1776278979408.198,transport,14670,2035999,TLS_ECDHE_ECDSA_WITH_CHACHA20_POLY1305_SHA256,client,connected,d/F8,controlling,connected,CF56:D2:B9:7B:6B:00:C9:4D:56:4E:AF:CF:C5:85:91:5D:4E:AC:42:AA:D5:17:9C:EC:0F:72:34:96:D7:33:D8:4F,245,2380,CF97:E8:D9:24:12:8A:BE:18:E8:88:FF:5E:D9:B3:CF:B9:99:49:47:C9:83:30:13:51:D2:43:76:74:68:09:53:D7,1,CPUaaw4hDO_0yqSN/VC,AEAD_AES_256_GCM,FEFD
T01,1776278979608.128,transport,14670,2035999,TLS_ECDHE_ECDSA_WITH_CHACHA20_POLY1305_SHA256,client,connected,d/F8,controlling,connected,CF56:D2:B9:7B:6B:00:C9:4D:56:4E:AF:CF:C5:85:91:5D:4E:AC:42:AA:D5:17:9C:EC:0F:72:34:96:D7:33:D8:4F,245,2380,CF97:E8:D9:24:12:8A:BE:18:E8:88:FF:5E:D9:B3:CF:B9:99:49:47:C9:83:30:13:51:D2:43:76:74:68:09:53:D7,1,CPUaaw4hDO_0yqSN/VC,AEAD_AES_256_GCM,FEFD
T01,1776278979608.128,transport,14670,2035999,TLS_ECDHE_ECDSA_WITH_CHACHA20_POLY1305_SHA256,client,connected,d/F8,controlling,connected,CF56:D2:B9:7B:6B:00:C9:4D:56:4E:AF:CF:C5:85:91:5D:4E:AC:42:AA:D5:17:9C:EC:0F:72:34:96:D7:33:D8:4F,245,2380,CF97:E8:D9:24:12:8A:BE:18:E8:88:FF:5E:D9:B3:CF:B9:99:49:47:C9:83:30:13:51:D2:43:76:74:68:09:53:D7,1,CPUaaw4hDO_0yqSN/VC,AEAD_AES_256_GCM,FEFD
T01,1776278979808.294,transport,14670,2035999,TLS_ECDHE_ECDSA_WITH_CHACHA20_POLY1305_SHA256,client,connected,d/F8,controlling,connected,CF56:D2:B9:7B:6B:00:C9:4D:56:4E:AF:CF:C5:85:91:5D:4E:AC:42:AA:D5:17:9C:EC:0F:72:34:96:D7:33:D8:4F,245,2380,CF97:E8:D9:24:12:8A:BE:18:E8:88:FF:5E:D9:B3:CF:B9:99:49:47:C9:83:30:13:51:D2:43:76:74:68:09:53:D7,1,CPUaaw4hDO_0yqSN/VC,AEAD_AES_256_GCM,FEFD
T01,1776278979808.294,transport,14670,2035999,TLS_ECDHE_ECDSA_WITH_CHACHA20_POLY1305_SHA256,client,connected,d/F8,controlling,connected,CF56:D2:B9:7B:6B:00:C9:4D:56:4E:AF:CF:C5:85:91:5D:4E:AC:42:AA:D5:17:9C:EC:0F:72:34:96:D7:33:D8:4F,245,2380,CF97:E8:D9:24:12:8A:BE:18:E8:88:FF:5E:D9:B3:CF:B9:99:49:47:C9:83:30:13:51:D2:43:76:74:68:09:53:D7,1,CPUaaw4hDO_0yqSN/VC,AEAD_AES_256_GCM,FEFD
T01,1776278980008.118,transport,14766,2035999,TLS_ECDHE_ECDSA_WITH_CHACHA20_POLY1305_SHA256,client,connected,d/F8,controlling,connected,CF56:D2:B9:7B:6B:00:C9:4D:56:4E:AF:CF:C5:85:91:5D:4E:AC:42:AA:D5:17:9C:EC:0F:72:34:96:D7:33:D8:4F,246,2380,CF97:E8:D9:24:12:8A:BE:18:E8:88:FF:5E:D9:B3:CF:B9:99:49:47:C9:83:30:13:51:D2:43:76:74:68:09:53:D7,1,CPUaaw4hDO_0yqSN/VC,AEAD_AES_256_GCM,FEFD
T01,1776278980008.118,transport,14766,2035999,TLS_ECDHE_ECDSA_WITH_CHACHA20_POLY1305_SHA256,client,connected,d/F8,controlling,connected,CF56:D2:B9:7B:6B:00:C9:4D:56:4E:AF:CF:C5:85:91:5D:4E:AC:42:AA:D5:17:9C:EC:0F:72:34:96:D7:33:D8:4F,246,2380,CF97:E8:D9:24:12:8A:BE:18:E8:88:FF:5E:D9:B3:CF:B9:99:49:47:C9:83:30:13:51:D2:43:76:74:68:09:53:D7,1,CPUaaw4hDO_0yqSN/VC,AEAD_AES_256_GCM,FEFD
T01,1776278980208.114,transport,14766,2035999,TLS_ECDHE_ECDSA_WITH_CHACHA20_POLY1305_SHA256,client,connected,d/F8,controlling,connected,CF56:D2:B9:7B:6B:00:C9:4D:56:4E:AF:CF:C5:85:91:5D:4E:AC:42:AA:D5:17:9C:EC:0F:72:34:96:D7:33:D8:4F,246,2380,CF97:E8:D9:24:12:8A:BE:18:E8:88:FF:5E:D9:B3:CF:B9:99:49:47:C9:83:30:13:51:D2:43:76:74:68:09:53:D7,1,CPUaaw4hDO_0yqSN/VC,AEAD_AES_256_GCM,FEFD
T01,1776278980208.114,transport,14766,2035999,TLS_ECDHE_ECDSA_WITH_CHACHA20_POLY1305_SHA256,client,connected,d/F8,controlling,connected,CF56:D2:B9:7B:6B:00:C9:4D:56:4E:AF:CF:C5:85:91:5D:4E:AC:42:AA:D5:17:9C:EC:0F:72:34:96:D7:33:D8:4F,246,2380,CF97:E8:D9:24:12:8A:BE:18:E8:88:FF:5E:D9:B3:CF:B9:99:49:47:C9:83:30:13:51:D2:43:76:74:68:09:53:D7,1,CPUaaw4hDO_0yqSN/VC,AEAD_AES_256_GCM,FEFD
T01,1776278980408.189,transport,14766,2035999,TLS_ECDHE_ECDSA_WITH_CHACHA20_POLY1305_SHA256,client,connected,d/F8,controlling,connected,CF56:D2:B9:7B:6B:00:C9:4D:56:4E:AF:CF:C5:85:91:5D:4E:AC:42:AA:D5:17:9C:EC:0F:72:34:96:D7:33:D8:4F,246,2380,CF97:E8:D9:24:12:8A:BE:18:E8:88:FF:5E:D9:B3:CF:B9:99:49:47:C9:83:30:13:51:D2:43:76:74:68:09:53:D7,1,CPUaaw4hDO_0yqSN/VC,AEAD_AES_256_GCM,FEFD
T01,1776278980408.189,transport,14766,2035999,TLS_ECDHE_ECDSA_WITH_CHACHA20_POLY1305_SHA256,client,connected,d/F8,controlling,connected,CF56:D2:B9:7B:6B:00:C9:4D:56:4E:AF:CF:C5:85:91:5D:4E:AC:42:AA:D5:17:9C:EC:0F:72:34:96:D7:33:D8:4F,246,2380,CF97:E8:D9:24:12:8A:BE:18:E8:88:FF:5E:D9:B3:CF:B9:99:49:47:C9:83:30:13:51:D2:43:76:74:68:09:53:D7,1,CPUaaw4hDO_0yqSN/VC,AEAD_AES_256_GCM,FEFD
T01,1776278980608.109,transport,14766,2036099,TLS_ECDHE_ECDSA_WITH_CHACHA20_POLY1305_SHA256,client,connected,d/F8,controlling,connected,CF56:D2:B9:7B:6B:00:C9:4D:56:4E:AF:CF:C5:85:91:5D:4E:AC:42:AA:D5:17:9C:EC:0F:72:34:96:D7:33:D8:4F,246,2381,CF97:E8:D9:24:12:8A:BE:18:E8:88:FF:5E:D9:B3:CF:B9:99:49:47:C9:83:30:13:51:D2:43:76:74:68:09:53:D7,1,CPUaaw4hDO_0yqSN/VC,AEAD_AES_256_GCM,FEFD
T01,1776278980608.109,transport,14766,2036099,TLS_ECDHE_ECDSA_WITH_CHACHA20_POLY1305_SHA256,client,connected,d/F8,controlling,connected,CF56:D2:B9:7B:6B:00:C9:4D:56:4E:AF:CF:C5:85:91:5D:4E:AC:42:AA:D5:17:9C:EC:0F:72:34:96:D7:33:D8:4F,246,2381,CF97:E8:D9:24:12:8A:BE:18:E8:88:FF:5E:D9:B3:CF:B9:99:49:47:C9:83:30:13:51:D2:43:76:74:68:09:53:D7,1,CPUaaw4hDO_0yqSN/VC,AEAD_AES_256_GCM,FEFD
T01,1776278980808.178,transport,14766,2036099,TLS_ECDHE_ECDSA_WITH_CHACHA20_POLY1305_SHA256,client,connected,d/F8,controlling,connected,CF56:D2:B9:7B:6B:00:C9:4D:56:4E:AF:CF:C5:85:91:5D:4E:AC:42:AA:D5:17:9C:EC:0F:72:34:96:D7:33:D8:4F,246,2381,CF97:E8:D9:24:12:8A:BE:18:E8:88:FF:5E:D9:B3:CF:B9:99:49:47:C9:83:30:13:51:D2:43:76:74:68:09:53:D7,1,CPUaaw4hDO_0yqSN/VC,AEAD_AES_256_GCM,FEFD
T01,1776278980808.178,transport,14766,2036099,TLS_ECDHE_ECDSA_WITH_CHACHA20_POLY1305_SHA256,client,connected,d/F8,controlling,connected,CF56:D2:B9:7B:6B:00:C9:4D:56:4E:AF:CF:C5:85:91:5D:4E:AC:42:AA:D5:17:9C:EC:0F:72:34:96:D7:33:D8:4F,246,2381,CF97:E8:D9:24:12:8A:BE:18:E8:88:FF:5E:D9:B3:CF:B9:99:49:47:C9:83:30:13:51:D2:43:76:74:68:09:53:D7,1,CPUaaw4hDO_0yqSN/VC,AEAD_AES_256_GCM,FEFD
T01,1776278981008.165,transport,14766,2036099,TLS_ECDHE_ECDSA_WITH_CHACHA20_POLY1305_SHA256,client,connected,d/F8,controlling,connected,CF56:D2:B9:7B:6B:00:C9:4D:56:4E:AF:CF:C5:85:91:5D:4E:AC:42:AA:D5:17:9C:EC:0F:72:34:96:D7:33:D8:4F,246,2381,CF97:E8:D9:24:12:8A:BE:18:E8:88:FF:5E:D9:B3:CF:B9:99:49:47:C9:83:30:13:51:D2:43:76:74:68:09:53:D7,1,CPUaaw4hDO_0yqSN/VC,AEAD_AES_256_GCM,FEFD
T01,1776278981008.165,transport,14766,2036099,TLS_ECDHE_ECDSA_WITH_CHACHA20_POLY1305_SHA256,client,connected,d/F8,controlling,connected,CF56:D2:B9:7B:6B:00:C9:4D:56:4E:AF:CF:C5:85:91:5D:4E:AC:42:AA:D5:17:9C:EC:0F:72:34:96:D7:33:D8:4F,246,2381,CF97:E8:D9:24:12:8A:BE:18:E8:88:FF:5E:D9:B3:CF:B9:99:49:47:C9:83:30:13:51:D2:43:76:74:68:09:53:D7,1,CPUaaw4hDO_0yqSN/VC,AEAD_AES_256_GCM,FEFD

track,timestamp,framerate,width,height
0,1776278953008,30,1920,1080
0,1776278953208,30,1920,1080
0,1776278953408,30,1920,1080
0,1776278953609,30,1920,1080
0,1776278953808,30,1920,1080
0,1776278954009,30,1920,1080
0,1776278954209,30,1920,1080
0,1776278954408,30,1920,1080
0,1776278954608,30,1920,1080
0,1776278954808,30,1920,1080
0,1776278955009,30,1920,1080
0,1776278955209,30,1920,1080
0,1776278955408,30,1920,1080
0,1776278955609,30,1920,1080
0,1776278955808,30,1920,1080
0,1776278956008,30,1920,1080
0,1776278956208,30,1920,1080
0,1776278956408,30,1920,1080
0,1776278956609,30,1920,1080
0,1776278956808,30,1920,1080
0,1776278957009,30,1920,1080
0,1776278957209,30,1920,1080
0,1776278957408,30,1920,1080
0,1776278957608,30,1920,1080
0,1776278957808,30,1920,1080
0,1776278958008,30,1920,1080
0,1776278958208,30,1920,1080
0,1776278958408,30,1920,1080
0,1776278958608,30,1920,1080
0,1776278958808,30,1920,1080
0,1776278959009,30,1920,1080
0,1776278959208,30,1920,1080
0,1776278959408,30,1920,1080
0,1776278959608,30,1920,1080
0,1776278959809,30,1920,1080
0,1776278960008,30,1920,1080
0,1776278960208,30,1920,1080
0,1776278960408,30,1920,1080
0,1776278960608,30,1920,1080
0,1776278960808,30,1920,1080
0,1776278961008,30,1920,1080
0,1776278961209,30,1920,1080
0,1776278961408,30,1920,1080
0,1776278961609,30,1920,1080
0,1776278961808,30,1920,1080
0,1776278962009,30,1920,1080
0,1776278962209,30,1920,1080
0,1776278962408,30,1920,1080
0,1776278962609,30,1920,1080
0,1776278962809,30,1920,1080
0,1776278963009,30,1920,1080
0,1776278963208,30,1920,1080
0,1776278963408,30,1920,1080
0,1776278963609,30,1920,1080
0,1776278963808,30,1920,1080
0,1776278964008,30,1920,1080
0,1776278964209,30,1920,1080
0,1776278964408,30,1920,1080
0,1776278964609,30,1920,1080
0,1776278964808,30,1920,1080
0,1776278965008,30,1920,1080
0,1776278965208,30,1920,1080
0,1776278965408,30,1920,1080
0,1776278965609,30,1920,1080
0,1776278965809,30,1920,1080
0,1776278966008,30,1920,1080
0,1776278966208,30,1920,1080
0,1776278966409,30,1920,1080
0,1776278966608,30,1920,1080
0,1776278966808,30,1920,1080
0,1776278967008,30,1920,1080
0,1776278967208,30,1920,1080
0,1776278967409,30,1920,1080
0,1776278967608,30,1920,1080
0,1776278967808,30,1920,1080
0,1776278968009,30,1920,1080
0,1776278968209,30,1920,1080
0,1776278968408,30,1920,1080
0,1776278968609,30,1920,1080
0,1776278968808,30,1920,1080
0,1776278969008,30,1920,1080
0,1776278969209,30,1920,1080
0,1776278969408,30,1920,1080
0,1776278969608,30,1920,1080
0,1776278969808,30,1920,1080
0,1776278970008,30,1920,1080
0,1776278970208,30,1920,1080
0,1776278970408,30,1920,1080
0,1776278970608,30,1920,1080
0,1776278970809,30,1920,1080
0,1776278971009,30,1920,1080
0,1776278971208,30,1920,1080
0,1776278971409,30,1920,1080
0,1776278971609,30,1920,1080
0,1776278971809,30,1920,1080
0,1776278972009,30,1920,1080
0,1776278972209,30,1920,1080
0,1776278972409,30,1920,1080
0,1776278972609,30,1920,1080
0,1776278972809,30,1920,1080
0,1776278973008,30,1920,1080
0,1776278973209,30,1920,1080
0,1776278973408,30,1920,1080
0,1776278973609,30,1920,1080
0,1776278973809,30,1920,1080
0,1776278974009,30,1920,1080
0,1776278974209,30,1920,1080
0,1776278974409,30,1920,1080
0,1776278974609,30,1920,1080
0,1776278974809,30,1920,1080
0,1776278975009,30,1920,1080
0,1776278975209,30,1920,1080
0,1776278975409,30,1920,1080
0,1776278975609,30,1920,1080
0,1776278975809,30,1920,1080
0,1776278976008,30,1920,1080
0,1776278976209,30,1920,1080
0,1776278976408,30,1920,1080
0,1776278976609,30,1920,1080
0,1776278976809,30,1920,1080
0,1776278977008,30,1920,1080
0,1776278977209,30,1920,1080
0,1776278977409,30,1920,1080
0,1776278977609,30,1920,1080
0,1776278977809,30,1920,1080
0,1776278978009,30,1920,1080
0,1776278978209,30,1920,1080
0,1776278978409,30,1920,1080
0,1776278978609,30,1920,1080
0,1776278978809,30,1920,1080
0,1776278979009,30,1920,1080
0,1776278979209,30,1920,1080
0,1776278979409,30,1920,1080
0,1776278979609,30,1920,1080
0,1776278979809,30,1920,1080
0,1776278980008,30,1920,1080
0,1776278980209,30,1920,1080
0,1776278980409,30,1920,1080
0,1776278980609,30,1920,1080
0,1776278980809,30,1920,1080
0,1776278981009,30,1920,1080