id,timestamp,type,codecId,kind,mediaType,ssrc,transportId,bytesSent,packetsSent,active,encodingIndex,firCount,framesEncoded,framesSent,headerBytesSent,hugeFramesSent,keyFramesEncoded,mediaSourceId,mid,nackCount,packetsSentWithEct1,pliCount,qualityLimitationDurations,qualityLimitationReason,qualityLimitationResolutionChanges,retransmittedBytesSent,retransmittedPacketsSent,rid,rtxSsrc,totalEncodeTime,totalEncodedBytesTarget,totalPacketSendDelay
OT01V1534352440,1776279354300.996,outbound-rtp,COT01_45_level-idx=5;profile=0;tier=0,video,video,1534352440,T01,0,0,true,1,0,0,0,0,0,0,SV338,0,0,0,0,[object Object],bandwidth,0,0,0,r1,4225779776,0,0,0
OT01V348136763,1776279354300.996,outbound-rtp,COT01_45_level-idx=5;profile=0;tier=0,video,video,348136763,T01,0,0,true,2,0,0,0,0,0,0,SV338,0,0,0,0,[object Object],bandwidth,0,0,0,r2,1753397338,0,0,0
OT01V915022925,1776279354300.996,outbound-rtp,COT01_45_level-idx=5;profile=0;tier=0,video,video,915022925,T01,0,0,true,0,0,0,0,0,0,0,SV338,0,0,0,0,[object Object],bandwidth,0,0,0,r0,3068579184,0,0,0
OT01V1534352440,1776279354300.996,outbound-rtp,COT01_45_level-idx=5;profile=0;tier=0,video,video,1534352440,T01,0,0,true,1,0,0,0,0,0,0,SV338,0,0,0,0,[object Object],bandwidth,0,0,0,r1,4225779776,0,0,0
OT01V348136763,1776279354300.996,outbound-rtp,COT01_45_level-idx=5;profile=0;tier=0,video,video,348136763,T01,0,0,true,2,0,0,0,0,0,0,SV338,0,0,0,0,[object Object],bandwidth,0,0,0,r2,1753397338,0,0,0
OT01V915022925,1776279354300.996,outbound-rtp,COT01_45_level-idx=5;profile=0;tier=0,video,video,915022925,T01,0,0,true,0,0,0,0,0,0,0,SV338,0,0,0,0,[object Object],bandwidth,0,0,0,r0,3068579184,0,0,0
OT01V1534352440,1776279354500.982,outbound-rtp,COT01_45_level-idx=5;profile=0;tier=0,video,video,1534352440,T01,0,0,true,1,0,0,0,0,0,0,SV338,0,0,0,0,[object Object],bandwidth,0,0,0,r1,4225779776,0,0,0
OT01V348136763,1776279354500.982,outbound-rtp,COT01_45_level-idx=5;profile=0;tier=0,video,video,348136763,T01,0,1,true,2,0,0,0,283,0,0,SV338,0,0,0,0,[object Object],bandwidth,0,0,0,r2,1753397338,0,0,0
OT01V915022925,1776279354500.982,outbound-rtp,COT01_45_level-idx=5;profile=0;tier=0,video,video,915022925,T01,8015,11,true,0,0,4,4,890,1,1,SV338,0,0,0,0,[object Object],bandwidth,0,0,0,r0,3068579184,0.161,0,0.12081199999999999
OT01V1534352440,1776279354500.982,outbound-rtp,COT01_45_level-idx=5;profile=0;tier=0,video,video,1534352440,T01,0,0,true,1,0,0,0,0,0,0,SV338,0,0,0,0,[object Object],bandwidth,0,0,0,r1,4225779776,0,0,0
OT01V348136763,1776279354500.982,outbound-rtp,COT01_45_level-idx=5;profile=0;tier=0,video,video,348136763,T01,0,1,true,2,0,0,0,283,0,0,SV338,0,0,0,0,[object Object],bandwidth,0,0,0,r2,1753397338,0,0,0
OT01V915022925,1776279354500.982,outbound-rtp,COT01_45_level-idx=5;profile=0;tier=0,video,video,915022925,T01,8015,11,true,0,0,4,4,890,1,1,SV338,0,0,0,0,[object Object],bandwidth,0,0,0,r0,3068579184,0.161,0,0.12081199999999999
OT01V1534352440,1776279354701.166,outbound-rtp,COT01_45_level-idx=5;profile=0;tier=0,video,video,1534352440,T01,0,0,true,1,0,0,0,0,0,0,SV338,0,0,0,0,[object Object],bandwidth,0,0,0,r1,4225779776,0,0,0
OT01V348136763,1776279354701.166,outbound-rtp,COT01_45_level-idx=5;profile=0;tier=0,video,video,348136763,T01,0,1,true,2,0,0,0,283,0,0,SV338,0,0,0,0,[object Object],bandwidth,0,0,0,r2,1753397338,0,0,0
OT01V915022925,1776279354701.166,outbound-rtp,COT01_45_level-idx=5;profile=0;tier=0,video,video,915022925,T01,11829,18,true,0,0,10,10,1114,1,1,SV338,0,0,0,1,[object Object],bandwidth,0,0,0,r0,3068579184,0.305,0,0.774629
OT01V1534352440,1776279354701.166,outbound-rtp,COT01_45_level-idx=5;profile=0;tier=0,video,video,1534352440,T01,0,0,true,1,0,0,0,0,0,0,SV338,0,0,0,0,[object Object],bandwidth,0,0,0,r1,4225779776,0,0,0
OT01V348136763,1776279354701.166,outbound-rtp,COT01_45_level-idx=5;profile=0;tier=0,video,video,348136763,T01,0,1,true,2,0,0,0,283,0,0,SV338,0,0,0,0,[object Object],bandwidth,0,0,0,r2,1753397338,0,0,0
OT01V915022925,1776279354701.166,outbound-rtp,COT01_45_level-idx=5;profile=0;tier=0,video,video,915022925,T01,11829,18,true,0,0,10,10,1114,1,1,SV338,0,0,0,1,[object Object],bandwidth,0,0,0,r0,3068579184,0.305,0,0.774629
OT01V1534352440,1776279354901.243,outbound-rtp,COT01_45_level-idx=5;profile=0;tier=0,video,video,1534352440,T01,0,0,true,1,0,0,0,0,0,0,SV338,0,0,0,0,[object Object],bandwidth,0,0,0,r1,4225779776,0,0,0
OT01V348136763,1776279354901.243,outbound-rtp,COT01_45_level-idx=5;profile=0;tier=0,video,video,348136763,T01,0,1,true,2,0,0,0,283,0,0,SV338,0,0,0,0,[object Object],bandwidth,0,0,0,r2,1753397338,0,0,0
OT01V915022925,1776279354901.243,outbound-rtp,COT01_45_level-idx=5;profile=0;tier=0,video,video,915022925,T01,20087,27,true,0,0,14,14,1430,2,2,SV338,0,0,0,1,[object Object],bandwidth,0,0,0,r0,3068579184,0.407,0,1.5115079999999999
OT01V1534352440,1776279354901.243,outbound-rtp,COT01_45_level-idx=5;profile=0;tier=0,video,video,1534352440,T01,0,0,true,1,0,0,0,0,0,0,SV338,0,0,0,0,[object Object],bandwidth,0,0,0,r1,4225779776,0,0,0
OT01V348136763,1776279354901.243,outbound-rtp,COT01_45_level-idx=5;profile=0;tier=0,video,video,348136763,T01,0,1,true,2,0,0,0,283,0,0,SV338,0,0,0,0,[object Object],bandwidth,0,0,0,r2,1753397338,0,0,0
OT01V915022925,1776279354901.243,outbound-rtp,COT01_45_level-idx=5;profile=0;tier=0,video,video,915022925,T01,20087,27,true,0,0,14,14,1430,2,2,SV338,0,0,0,1,[object Object],bandwidth,0,0,0,r0,3068579184,0.407,0,1.5115079999999999
OT01V1534352440,1776279355101.121,outbound-rtp,COT01_45_level-idx=5;profile=0;tier=0,video,video,1534352440,T01,0,0,true,1,0,0,0,0,0,0,SV338,0,0,0,0,[object Object],bandwidth,0,0,0,r1,4225779776,0,0,0
OT01V348136763,1776279355101.121,outbound-rtp,COT01_45_level-idx=5;profile=0;tier=0,video,video,348136763,T01,0,1,true,2,0,0,0,283,0,0,SV338,0,0,0,0,[object Object],bandwidth,0,0,0,r2,1753397338,0,0,0
OT01V915022925,1776279355101.121,outbound-rtp,COT01_45_level-idx=5;profile=0;tier=0,video,video,915022925,T01,27690,38,true,0,0,18,18,1758,2,2,SV338,0,0,0,1,[object Object],bandwidth,0,0,0,r0,3068579184,0.484,0,2.499577
OT01V1534352440,1776279355101.121,outbound-rtp,COT01_45_level-idx=5;profile=0;tier=0,video,video,1534352440,T01,0,0,true,1,0,0,0,0,0,0,SV338,0,0,0,0,[object Object],bandwidth,0,0,0,r1,4225779776,0,0,0
OT01V348136763,1776279355101.121,outbound-rtp,COT01_45_level-idx=5;profile=0;tier=0,video,video,348136763,T01,0,1,true,2,0,0,0,283,0,0,SV338,0,0,0,0,[object Object],bandwidth,0,0,0,r2,1753397338,0,0,0
OT01V915022925,1776279355101.121,outbound-rtp,COT01_45_level-idx=5;profile=0;tier=0,video,video,915022925,T01,27690,38,true,0,0,18,18,1758,2,2,SV338,0,0,0,1,[object Object],bandwidth,0,0,0,r0,3068579184,0.484,0,2.499577
OT01V1534352440,1776279355301.125,outbound-rtp,COT01_45_level-idx=5;profile=0;tier=0,video,video,1534352440,T01,0,0,true,1,0,0,0,0,0,0,SV338,0,0,0,0,[object Object],bandwidth,0,0,0,r1,4225779776,0,0,0
OT01V348136763,1776279355301.125,outbound-rtp,COT01_45_level-idx=5;profile=0;tier=0,video,video,348136763,T01,0,1,true,2,0,0,0,283,0,0,SV338,0,0,0,0,[object Object],bandwidth,0,0,0,r2,1753397338,0,0,0
OT01V915022925,1776279355301.125,outbound-rtp,COT01_45_level-idx=5;profile=0;tier=0,video,video,915022925,T01,32285,44,true,0,0,21,21,1926,2,2,SV338,0,0,0,1,[object Object],bandwidth,0,0,0,r0,3068579184,0.524,0,2.62654
OT01V1534352440,1776279355301.125,outbound-rtp,COT01_45_level-idx=5;profile=0;tier=0,video,video,1534352440,T01,0,0,true,1,0,0,0,0,0,0,SV338,0,0,0,0,[object Object],bandwidth,0,0,0,r1,4225779776,0,0,0
OT01V348136763,1776279355301.125,outbound-rtp,COT01_45_level-idx=5;profile=0;tier=0,video,video,348136763,T01,0,1,true,2,0,0,0,283,0,0,SV338,0,0,0,0,[object Object],bandwidth,0,0,0,r2,1753397338,0,0,0
OT01V915022925,1776279355301.125,outbound-rtp,COT01_45_level-idx=5;profile=0;tier=0,video,video,915022925,T01,32285,44,true,0,0,21,21,1926,2,2,SV338,0,0,0,1,[object Object],bandwidth,0,0,0,r0,3068579184,0.524,0,2.62654
OT01V1534352440,1776279355501.068,outbound-rtp,COT01_45_level-idx=5;profile=0;tier=0,video,video,1534352440,T01,0,0,true,1,0,0,0,0,0,0,SV338,0,0,0,0,[object Object],bandwidth,0,0,0,r1,4225779776,0,0,0
OT01V348136763,1776279355501.068,outbound-rtp,COT01_45_level-idx=5;profile=0;tier=0,video,video,348136763,T01,0,1,true,2,0,0,0,283,0,0,SV338,0,0,0,0,[object Object],bandwidth,0,0,0,r2,1753397338,0,0,0
OT01V915022925,1776279355501.068,outbound-rtp,COT01_45_level-idx=5;profile=0;tier=0,video,video,915022925,T01,35320,65,true,0,0,26,26,6279,2,2,SV338,0,0,0,1,[object Object],bandwidth,0,0,0,r0,3068579184,0.621,0,2.6265449999999997
OT01V1534352440,1776279355501.068,outbound-rtp,COT01_45_level-idx=5;profile=0;tier=0,video,video,1534352440,T01,0,0,true,1,0,0,0,0,0,0,SV338,0,0,0,0,[object Object],bandwidth,0,0,0,r1,4225779776,0,0,0
OT01V348136763,1776279355501.068,outbound-rtp,COT01_45_level-idx=5;profile=0;tier=0,video,video,348136763,T01,0,1,true,2,0,0,0,283,0,0,SV338,0,0,0,0,[object Object],bandwidth,0,0,0,r2,1753397338,0,0,0
OT01V915022925,1776279355501.068,outbound-rtp,COT01_45_level-idx=5;profile=0;tier=0,video,video,915022925,T01,35320,65,true,0,0,26,26,6279,2,2,SV338,0,0,0,1,[object Object],bandwidth,0,0,0,r0,3068579184,0.621,0,2.6265449999999997
OT01V1534352440,1776279355701.127,outbound-rtp,COT01_45_level-idx=5;profile=0;tier=0,video,video,1534352440,T01,0,0,true,1,0,0,0,0,0,0,SV338,0,0,0,0,[object Object],bandwidth,0,0,0,r1,4225779776,0,0,0
OT01V348136763,1776279355701.127,outbound-rtp,COT01_45_level-idx=5;profile=0;tier=0,video,video,348136763,T01,0,1,true,2,0,0,0,283,0,0,SV338,0,0,0,0,[object Object],bandwidth,0,0,0,r2,1753397338,0,0,0
OT01V915022925,1776279355701.127,outbound-rtp,COT01_45_level-idx=5;profile=0;tier=0,video,video,915022925,T01,42237,78,true,0,0,32,32,7647,2,2,SV338,0,0,0,1,[object Object],bandwidth,0,0,0,r0,3068579184,0.722,0,2.658068
OT01V1534352440,1776279355701.127,outbound-rtp,COT01_45_level-idx=5;profile=0;tier=0,video,video,1534352440,T01,0,0,true,1,0,0,0,0,0,0,SV338,0,0,0,0,[object Object],bandwidth,0,0,0,r1,4225779776,0,0,0
OT01V348136763,1776279355701.127,outbound-rtp,COT01_45_level-idx=5;profile=0;tier=0,video,video,348136763,T01,0,1,true,2,0,0,0,283,0,0,SV338,0,0,0,0,[object Object],bandwidth,0,0,0,r2,1753397338,0,0,0
OT01V915022925,1776279355701.127,outbound-rtp,COT01_45_level-idx=5;profile=0;tier=0,video,video,915022925,T01,42237,78,true,0,0,32,32,7647,2,2,SV338,0,0,0,1,[object Object],bandwidth,0,0,0,r0,3068579184,0.722,0,2.658068
OT01V1534352440,1776279355901.074,outbound-rtp,COT01_45_level-idx=5;profile=0;tier=0,video,video,1534352440,T01,0,0,true,1,0,0,0,0,0,0,SV338,0,0,0,0,[object Object],bandwidth,0,0,0,r1,4225779776,0,0,0
OT01V348136763,1776279355901.074,outbound-rtp,COT01_45_level-idx=5;profile=0;tier=0,video,video,348136763,T01,0,1,true,2,0,0,0,283,0,0,SV338,0,0,0,0,[object Object],bandwidth,0,0,0,r2,1753397338,0,0,0
OT01V915022925,1776279355901.074,outbound-rtp,COT01_45_level-idx=5;profile=0;tier=0,video,video,915022925,T01,46887,96,true,0,0,37,37,11163,2,2,SV338,0,0,0,1,[object Object],bandwidth,0,0,0,r0,3068579184,0.796,0,2.6912
OT01V1534352440,1776279355901.074,outbound-rtp,COT01_45_level-idx=5;profile=0;tier=0,video,video,1534352440,T01,0,0,true,1,0,0,0,0,0,0,SV338,0,0,0,0,[object Object],bandwidth,0,0,0,r1,4225779776,0,0,0
OT01V348136763,1776279355901.074,outbound-rtp,COT01_45_level-idx=5;profile=0;tier=0,video,video,348136763,T01,0,1,true,2,0,0,0,283,0,0,SV338,0,0,0,0,[object Object],bandwidth,0,0,0,r2,1753397338,0,0,0
OT01V915022925,1776279355901.074,outbound-rtp,COT01_45_level-idx=5;profile=0;tier=0,video,video,915022925,T01,46887,96,true,0,0,37,37,11163,2,2,SV338,0,0,0,1,[object Object],bandwidth,0,0,0,r0,3068579184,0.796,0,2.6912
OT01V1534352440,1776279356101.153,outbound-rtp,COT01_45_level-idx=5;profile=0;tier=0,video,video,1534352440,T01,0,0,true,1,0,0,0,0,0,0,SV338,0,0,0,0,[object Object],bandwidth,0,0,0,r1,4225779776,0,0,0
OT01V348136763,1776279356101.153,outbound-rtp,COT01_45_level-idx=5;profile=0;tier=0,video,video,348136763,T01,0,1,true,2,0,0,0,283,0,0,SV338,0,0,0,0,[object Object],bandwidth,0,0,0,r2,1753397338,0,0,0
OT01V915022925,1776279356101.153,outbound-rtp,COT01_45_level-idx=5;profile=0;tier=0,video,video,915022925,T01,52424,108,true,0,0,42,42,12252,2,2,SV338,0,0,0,1,[object Object],bandwidth,0,0,0,r0,3068579184,0.881,0,2.746612
OT01V1534352440,1776279356101.153,outbound-rtp,COT01_45_level-idx=5;profile=0;tier=0,video,video,1534352440,T01,0,0,true,1,0,0,0,0,0,0,SV338,0,0,0,0,[object Object],bandwidth,0,0,0,r1,4225779776,0,0,0
OT01V348136763,1776279356101.153,outbound-rtp,COT01_45_level-idx=5;profile=0;tier=0,video,video,348136763,T01,0,1,true,2,0,0,0,283,0,0,SV338,0,0,0,0,[object Object],bandwidth,0,0,0,r2,1753397338,0,0,0
OT01V915022925,1776279356101.153,outbound-rtp,COT01_45_level-idx=5;profile=0;tier=0,video,video,915022925,T01,52424,108,true,0,0,42,42,12252,2,2,SV338,0,0,0,1,[object Object],bandwidth,0,0,0,r0,3068579184,0.881,0,2.746612
OT01V1534352440,1776279356301.043,outbound-rtp,COT01_45_level-idx=5;profile=0;tier=0,video,video,1534352440,T01,0,0,true,1,0,0,0,0,0,0,SV338,0,0,0,0,[object Object],bandwidth,0,0,0,r1,4225779776,0,0,0
OT01V348136763,1776279356301.043,outbound-rtp,COT01_45_level-idx=5;profile=0;tier=0,video,video,348136763,T01,0,1,true,2,0,0,0,283,0,0,SV338,0,0,0,0,[object Object],bandwidth,0,0,0,r2,1753397338,0,0,0
OT01V915022925,1776279356301.043,outbound-rtp,COT01_45_level-idx=5;profile=0;tier=0,video,video,915022925,T01,55427,131,true,0,0,46,46,17163,2,2,SV338,0,0,0,1,[object Object],bandwidth,0,0,0,r0,3068579184,0.937,0,2.746613
OT01V1534352440,1776279356301.043,outbound-rtp,COT01_45_level-idx=5;profile=0;tier=0,video,video,1534352440,T01,0,0,true,1,0,0,0,0,0,0,SV338,0,0,0,0,[object Object],bandwidth,0,0,0,r1,4225779776,0,0,0
OT01V348136763,1776279356301.043,outbound-rtp,COT01_45_level-idx=5;profile=0;tier=0,video,video,348136763,T01,0,1,true,2,0,0,0,283,0,0,SV338,0,0,0,0,[object Object],bandwidth,0,0,0,r2,1753397338,0,0,0
OT01V915022925,1776279356301.043,outbound-rtp,COT01_45_level-idx=5;profile=0;tier=0,video,video,915022925,T01,55427,131,true,0,0,46,46,17163,2,2,SV338,0,0,0,1,[object Object],bandwidth,0,0,0,r0,3068579184,0.937,0,2.746613
OT01V1534352440,1776279356501.192,outbound-rtp,COT01_45_level-idx=5;profile=0;tier=0,video,video,1534352440,T01,0,0,true,1,0,0,0,0,0,0,SV338,0,0,0,0,[object Object],bandwidth,0,0,0,r1,4225779776,0,0,0
OT01V348136763,1776279356501.192,outbound-rtp,COT01_45_level-idx=5;profile=0;tier=0,video,video,348136763,T01,0,1,true,2,0,0,0,283,0,0,SV338,0,0,0,0,[object Object],bandwidth,0,0,0,r2,1753397338,0,0,0
OT01V915022925,1776279356501.192,outbound-rtp,COT01_45_level-idx=5;profile=0;tier=0,video,video,915022925,T01,60099,151,true,0,0,52,52,20986,2,2,SV338,0,0,0,1,[object Object],bandwidth,0,0,0,r0,3068579184,1.051,0,2.746618
OT01V1534352440,1776279356501.192,outbound-rtp,COT01_45_level-idx=5;profile=0;tier=0,video,video,1534352440,T01,0,0,true,1,0,0,0,0,0,0,SV338,0,0,0,0,[object Object],bandwidth,0,0,0,r1,4225779776,0,0,0
OT01V348136763,1776279356501.192,outbound-rtp,COT01_45_level-idx=5;profile=0;tier=0,video,video,348136763,T01,0,1,true,2,0,0,0,283,0,0,SV338,0,0,0,0,[object Object],bandwidth,0,0,0,r2,1753397338,0,0,0
OT01V915022925,1776279356501.192,outbound-rtp,COT01_45_level-idx=5;profile=0;tier=0,video,video,915022925,T01,60099,151,true,0,0,52,52,20986,2,2,SV338,0,0,0,1,[object Object],bandwidth,0,0,0,r0,3068579184,1.051,0,2.746618
OT01V1534352440,1776279356701.125,outbound-rtp,COT01_45_level-idx=5;profile=0;tier=0,video,video,1534352440,T01,0,0,true,1,0,0,0,0,0,0,SV338,0,0,0,0,[object Object],bandwidth,0,0,0,r1,4225779776,0,0,0
OT01V348136763,1776279356701.125,outbound-rtp,COT01_45_level-idx=5;profile=0;tier=0,video,video,348136763,T01,0,1,true,2,0,0,0,283,0,0,SV338,0,0,0,0,[object Object],bandwidth,0,0,0,r2,1753397338,0,0,0
OT01V915022925,1776279356701.125,outbound-rtp,COT01_45_level-idx=5;profile=0;tier=0,video,video,915022925,T01,64374,170,true,0,0,58,58,24028,2,2,SV338,0,0,0,1,[object Object],bandwidth,0,0,0,r0,3068579184,1.148,0,2.766216
OT01V1534352440,1776279356701.125,outbound-rtp,COT01_45_level-idx=5;profile=0;tier=0,video,video,1534352440,T01,0,0,true,1,0,0,0,0,0,0,SV338,0,0,0,0,[object Object],bandwidth,0,0,0,r1,4225779776,0,0,0
OT01V348136763,1776279356701.125,outbound-rtp,COT01_45_level-idx=5;profile=0;tier=0,video,video,348136763,T01,0,1,true,2,0,0,0,283,0,0,SV338,0,0,0,0,[object Object],bandwidth,0,0,0,r2,1753397338,0,0,0
OT01V915022925,1776279356701.125,outbound-rtp,COT01_45_level-idx=5;profile=0;tier=0,video,video,915022925,T01,64374,170,true,0,0,58,58,24028,2,2,SV338,0,0,0,1,[object Object],bandwidth,0,0,0,r0,3068579184,1.148,0,2.766216
OT01V1534352440,1776279356901.223,outbound-rtp,COT01_45_level-idx=5;profile=0;tier=0,video,video,1534352440,T01,0,0,true,1,0,0,0,0,0,0,SV338,0,0,0,0,[object Object],bandwidth,0,0,0,r1,4225779776,0,0,0
OT01V348136763,1776279356901.223,outbound-rtp,COT01_45_level-idx=5;profile=0;tier=0,video,video,348136763,T01,0,1,true,2,0,0,0,283,0,0,SV338,0,0,0,0,[object Object],bandwidth,0,0,0,r2,1753397338,0,0,0
OT01V915022925,1776279356901.223,outbound-rtp,COT01_45_level-idx=5;profile=0;tier=0,video,video,915022925,T01,69219,188,true,0,0,62,62,27544,2,2,SV338,0,0,0,1,[object Object],bandwidth,0,0,0,r0,3068579184,1.212,0,2.809567
OT01V1534352440,1776279356901.223,outbound-rtp,COT01_45_level-idx=5;profile=0;tier=0,video,video,1534352440,T01,0,0,true,1,0,0,0,0,0,0,SV338,0,0,0,0,[object Object],bandwidth,0,0,0,r1,4225779776,0,0,0
OT01V348136763,1776279356901.223,outbound-rtp,COT01_45_level-idx=5;profile=0;tier=0,video,video,348136763,T01,0,1,true,2,0,0,0,283,0,0,SV338,0,0,0,0,[object Object],bandwidth,0,0,0,r2,1753397338,0,0,0
OT01V915022925,1776279356901.223,outbound-rtp,COT01_45_level-idx=5;profile=0;tier=0,video,video,915022925,T01,69219,188,true,0,0,62,62,27544,2,2,SV338,0,0,0,1,[object Object],bandwidth,0,0,0,r0,3068579184,1.212,0,2.809567
OT01V1534352440,1776279357101.225,outbound-rtp,COT01_45_level-idx=5;profile=0;tier=0,video,video,1534352440,T01,0,0,true,1,0,0,0,0,0,0,SV338,0,0,0,0,[object Object],bandwidth,0,0,0,r1,4225779776,0,0,0
OT01V348136763,1776279357101.225,outbound-rtp,COT01_45_level-idx=5;profile=0;tier=0,video,video,348136763,T01,0,1,true,2,0,0,0,283,0,0,SV338,0,0,0,0,[object Object],bandwidth,0,0,0,r2,1753397338,0,0,0
OT01V915022925,1776279357101.225,outbound-rtp,COT01_45_level-idx=5;profile=0;tier=0,video,video,915022925,T01,72316,211,true,0,0,67,67,32706,2,2,SV338,0,0,0,1,[object Object],bandwidth,0,0,0,r0,3068579184,1.305,0,2.8095719999999997
OT01V1534352440,1776279357101.225,outbound-rtp,COT01_45_level-idx=5;profile=0;tier=0,video,video,1534352440,T01,0,0,true,1,0,0,0,0,0,0,SV338,0,0,0,0,[object Object],bandwidth,0,0,0,r1,4225779776,0,0,0
OT01V348136763,1776279357101.225,outbound-rtp,COT01_45_level-idx=5;profile=0;tier=0,video,video,348136763,T01,0,1,true,2,0,0,0,283,0,0,SV338,0,0,0,0,[object Object],bandwidth,0,0,0,r2,1753397338,0,0,0
OT01V915022925,1776279357101.225,outbound-rtp,COT01_45_level-idx=5;profile=0;tier=0,video,video,915022925,T01,72316,211,true,0,0,67,67,32706,2,2,SV338,0,0,0,1,[object Object],bandwidth,0,0,0,r0,3068579184,1.305,0,2.8095719999999997
OT01V1534352440,1776279357301.194,outbound-rtp,COT01_45_level-idx=5;profile=0;tier=0,video,video,1534352440,T01,0,0,true,1,0,0,0,0,0,0,SV338,0,0,0,0,[object Object],bandwidth,0,0,0,r1,4225779776,0,0,0
OT01V348136763,1776279357301.194,outbound-rtp,COT01_45_level-idx=5;profile=0;tier=0,video,video,348136763,T01,0,1,true,2,0,0,0,283,0,0,SV338,0,0,0,0,[object Object],bandwidth,0,0,0,r2,1753397338,0,0,0
OT01V915022925,1776279357301.194,outbound-rtp,COT01_45_level-idx=5;profile=0;tier=0,video,video,915022925,T01,77098,232,true,0,0,72,72,36557,2,2,SV338,0,0,0,1,[object Object],bandwidth,0,0,0,r0,3068579184,1.398,0,2.809582
OT01V1534352440,1776279357301.194,outbound-rtp,COT01_45_level-idx=5;profile=0;tier=0,video,video,1534352440,T01,0,0,true,1,0,0,0,0,0,0,SV338,0,0,0,0,[object Object],bandwidth,0,0,0,r1,4225779776,0,0,0
OT01V348136763,1776279357301.194,outbound-rtp,COT01_45_level-idx=5;profile=0;tier=0,video,video,348136763,T01,0,1,true,2,0,0,0,283,0,0,SV338,0,0,0,0,[object Object],bandwidth,0,0,0,r2,1753397338,0,0,0
OT01V915022925,1776279357301.194,outbound-rtp,COT01_45_level-idx=5;profile=0;tier=0,video,video,915022925,T01,77098,232,true,0,0,72,72,36557,2,2,SV338,0,0,0,1,[object Object],bandwidth,0,0,0,r0,3068579184,1.398,0,2.809582
OT01V1534352440,1776279357501.082,outbound-rtp,COT01_45_level-idx=5;profile=0;tier=0,video,video,1534352440,T01,0,0,true,1,0,0,0,0,0,0,SV338,0,0,0,0,[object Object],bandwidth,0,0,0,r1,4225779776,0,0,0
OT01V348136763,1776279357501.082,outbound-rtp,COT01_45_level-idx=5;profile=0;tier=0,video,video,348136763,T01,0,1,true,2,0,0,0,283,0,0,SV338,0,0,0,0,[object Object],bandwidth,0,0,0,r2,1753397338,0,0,0
OT01V915022925,1776279357501.082,outbound-rtp,COT01_45_level-idx=5;profile=0;tier=0,video,video,915022925,T01,80280,256,true,0,0,77,77,41747,2,2,SV338,0,0,0,1,[object Object],bandwidth,0,0,0,r0,3068579184,1.513,0,2.8095849999999998
OT01V1534352440,1776279357501.082,outbound-rtp,COT01_45_level-idx=5;profile=0;tier=0,video,video,1534352440,T01,0,0,true,1,0,0,0,0,0,0,SV338,0,0,0,0,[object Object],bandwidth,0,0,0,r1,4225779776,0,0,0
OT01V348136763,1776279357501.082,outbound-rtp,COT01_45_level-idx=5;profile=0;tier=0,video,video,348136763,T01,0,1,true,2,0,0,0,283,0,0,SV338,0,0,0,0,[object Object],bandwidth,0,0,0,r2,1753397338,0,0,0
OT01V915022925,1776279357501.082,outbound-rtp,COT01_45_level-idx=5;profile=0;tier=0,video,video,915022925,T01,80280,256,true,0,0,77,77,41747,2,2,SV338,0,0,0,1,[object Object],bandwidth,0,0,0,r0,3068579184,1.513,0,2.8095849999999998
OT01V1534352440,1776279357701.178,outbound-rtp,COT01_45_level-idx=5;profile=0;tier=0,video,video,1534352440,T01,0,0,true,1,0,0,0,0,0,0,SV338,0,0,0,0,[object Object],bandwidth,0,0,0,r1,4225779776,0,0,0
OT01V348136763,1776279357701.178,outbound-rtp,COT01_45_level-idx=5;profile=0;tier=0,video,video,348136763,T01,0,1,true,2,0,0,0,283,0,0,SV338,0,0,0,0,[object Object],bandwidth,0,0,0,r2,1753397338,0,0,0
OT01V915022925,1776279357701.178,outbound-rtp,COT01_45_level-idx=5;profile=0;tier=0,video,video,915022925,T01,86728,275,true,0,0,84,84,44789,2,2,SV338,0,0,0,1,[object Object],bandwidth,0,0,0,r0,3068579184,1.633,0,2.8095909999999997
OT01V1534352440,1776279357701.178,outbound-rtp,COT01_45_level-idx=5;profile=0;tier=0,video,video,1534352440,T01,0,0,true,1,0,0,0,0,0,0,SV338,0,0,0,0,[object Object],bandwidth,0,0,0,r1,4225779776,0,0,0
OT01V348136763,1776279357701.178,outbound-rtp,COT01_45_level-idx=5;profile=0;tier=0,video,video,348136763,T01,0,1,true,2,0,0,0,283,0,0,SV338,0,0,0,0,[object Object],bandwidth,0,0,0,r2,1753397338,0,0,0
OT01V915022925,1776279357701.178,outbound-rtp,COT01_45_level-idx=5;profile=0;tier=0,video,video,915022925,T01,86728,275,true,0,0,84,84,44789,2,2,SV338,0,0,0,1,[object Object],bandwidth,0,0,0,r0,3068579184,1.633,0,2.8095909999999997
OT01V1534352440,1776279357900.99,outbound-rtp,COT01_45_level-idx=5;profile=0;tier=0,video,video,1534352440,T01,0,0,true,1,0,0,0,0,0,0,SV338,0,0,0,0,[object Object],bandwidth,0,0,0,r1,4225779776,0,0,0
OT01V348136763,1776279357900.99,outbound-rtp,COT01_45_level-idx=5;profile=0;tier=0,video,video,348136763,T01,0,1,true,2,0,0,0,283,0,0,SV338,0,0,0,0,[object Object],bandwidth,0,0,0,r2,1753397338,0,0,0
OT01V915022925,1776279357900.99,outbound-rtp,COT01_45_level-idx=5;profile=0;tier=0,video,video,915022925,T01,90350,301,true,0,0,90,90,49784,2,2,SV338,0,0,0,1,[object Object],bandwidth,0,0,0,r0,3068579184,1.735,0,2.839997
OT01V1534352440,1776279357900.99,outbound-rtp,COT01_45_level-idx=5;profile=0;tier=0,video,video,1534352440,T01,0,0,true,1,0,0,0,0,0,0,SV338,0,0,0,0,[object Object],bandwidth,0,0,0,r1,4225779776,0,0,0
OT01V348136763,1776279357900.99,outbound-rtp,COT01_45_level-idx=5;profile=0;tier=0,video,video,348136763,T01,0,1,true,2,0,0,0,283,0,0,SV338,0,0,0,0,[object Object],bandwidth,0,0,0,r2,1753397338,0,0,0
OT01V915022925,1776279357900.99,outbound-rtp,COT01_45_level-idx=5;profile=0;tier=0,video,video,915022925,T01,90350,301,true,0,0,90,90,49784,2,2,SV338,0,0,0,1,[object Object],bandwidth,0,0,0,r0,3068579184,1.735,0,2.839997
OT01V1534352440,1776279358101.086,outbound-rtp,COT01_45_level-idx=5;profile=0;tier=0,video,video,1534352440,T01,0,0,true,1,0,0,0,0,0,0,SV338,0,0,0,0,[object Object],bandwidth,0,0,0,r1,4225779776,0,0,0
OT01V348136763,1776279358101.086,outbound-rtp,COT01_45_level-idx=5;profile=0;tier=0,video,video,348136763,T01,0,1,true,2,0,0,0,283,0,0,SV338,0,0,0,0,[object Object],bandwidth,0,0,0,r2,1753397338,0,0,0
OT01V915022925,1776279358101.086,outbound-rtp,COT01_45_level-idx=5;profile=0;tier=0,video,video,915022925,T01,94523,324,true,0,0,94,94,54695,2,2,SV338,0,0,0,1,[object Object],bandwidth,0,0,0,r0,3068579184,1.812,0,2.8400049999999997
OT01V1534352440,1776279358101.086,outbound-rtp,COT01_45_level-idx=5;profile=0;tier=0,video,video,1534352440,T01,0,0,true,1,0,0,0,0,0,0,SV338,0,0,0,0,[object Object],bandwidth,0,0,0,r1,4225779776,0,0,0
OT01V348136763,1776279358101.086,outbound-rtp,COT01_45_level-idx=5;profile=0;tier=0,video,video,348136763,T01,0,1,true,2,0,0,0,283,0,0,SV338,0,0,0,0,[object Object],bandwidth,0,0,0,r2,1753397338,0,0,0
OT01V915022925,1776279358101.086,outbound-rtp,COT01_45_level-idx=5;profile=0;tier=0,video,video,915022925,T01,94523,324,true,0,0,94,94,54695,2,2,SV338,0,0,0,1,[object Object],bandwidth,0,0,0,r0,3068579184,1.812,0,2.8400049999999997
OT01V1534352440,1776279358301.115,outbound-rtp,COT01_45_level-idx=5;profile=0;tier=0,video,video,1534352440,T01,0,0,true,1,0,0,0,0,0,0,SV338,0,0,0,0,[object Object],bandwidth,0,0,0,r1,4225779776,0,0,0
OT01V348136763,1776279358301.115,outbound-rtp,COT01_45_level-idx=5;profile=0;tier=0,video,video,348136763,T01,0,1,true,2,0,0,0,283,0,0,SV338,0,0,0,0,[object Object],bandwidth,0,0,0,r2,1753397338,0,0,0
OT01V915022925,1776279358301.115,outbound-rtp,COT01_45_level-idx=5;profile=0;tier=0,video,video,915022925,T01,100103,343,true,0,0,100,100,57988,2,2,SV338,0,0,0,1,[object Object],bandwidth,0,0,0,r0,3068579184,1.921,0,2.840013
OT01V1534352440,1776279358301.115,outbound-rtp,COT01_45_level-idx=5;profile=0;tier=0,video,video,1534352440,T01,0,0,true,1,0,0,0,0,0,0,SV338,0,0,0,0,[object Object],bandwidth,0,0,0,r1,4225779776,0,0,0
OT01V348136763,1776279358301.115,outbound-rtp,COT01_45_level-idx=5;profile=0;tier=0,video,video,348136763,T01,0,1,true,2,0,0,0,283,0,0,SV338,0,0,0,0,[object Object],bandwidth,0,0,0,r2,1753397338,0,0,0
OT01V915022925,1776279358301.115,outbound-rtp,COT01_45_level-idx=5;profile=0;tier=0,video,video,915022925,T01,100103,343,true,0,0,100,100,57988,2,2,SV338,0,0,0,1,[object Object],bandwidth,0,0,0,r0,3068579184,1.921,0,2.840013
OT01V1534352440,1776279358501.158,outbound-rtp,COT01_45_level-idx=5;profile=0;tier=0,video,video,1534352440,T01,0,0,true,1,0,0,0,0,0,0,SV338,0,0,0,0,[object Object],bandwidth,0,0,0,r1,4225779776,0,0,0
OT01V348136763,1776279358501.158,outbound-rtp,COT01_45_level-idx=5;profile=0;tier=0,video,video,348136763,T01,0,1,true,2,0,0,0,283,0,0,SV338,0,0,0,0,[object Object],bandwidth,0,0,0,r2,1753397338,0,0,0
OT01V915022925,1776279358501.158,outbound-rtp,COT01_45_level-idx=5;profile=0;tier=0,video,video,915022925,T01,107151,362,true,0,0,106,106,61030,2,2,SV338,0,0,0,1,[object Object],bandwidth,0,0,0,r0,3068579184,2.048,0,2.840026
OT01V1534352440,1776279358501.158,outbound-rtp,COT01_45_level-idx=5;profile=0;tier=0,video,video,1534352440,T01,0,0,true,1,0,0,0,0,0,0,SV338,0,0,0,0,[object Object],bandwidth,0,0,0,r1,4225779776,0,0,0
OT01V348136763,1776279358501.158,outbound-rtp,COT01_45_level-idx=5;profile=0;tier=0,video,video,348136763,T01,0,1,true,2,0,0,0,283,0,0,SV338,0,0,0,0,[object Object],bandwidth,0,0,0,r2,1753397338,0,0,0
OT01V915022925,1776279358501.158,outbound-rtp,COT01_45_level-idx=5;profile=0;tier=0,video,video,915022925,T01,107151,362,true,0,0,106,106,61030,2,2,SV338,0,0,0,1,[object Object],bandwidth,0,0,0,r0,3068579184,2.048,0,2.840026
OT01V1534352440,1776279358701.226,outbound-rtp,COT01_45_level-idx=5;profile=0;tier=0,video,video,1534352440,T01,0,0,true,1,0,0,0,0,0,0,SV338,0,0,0,0,[object Object],bandwidth,0,0,0,r1,4225779776,0,0,0
OT01V348136763,1776279358701.226,outbound-rtp,COT01_45_level-idx=5;profile=0;tier=0,video,video,348136763,T01,0,1,true,2,0,0,0,283,0,0,SV338,0,0,0,0,[object Object],bandwidth,0,0,0,r2,1753397338,0,0,0
OT01V915022925,1776279358701.226,outbound-rtp,COT01_45_level-idx=5;profile=0;tier=0,video,video,915022925,T01,113653,379,true,0,0,113,113,63263,2,2,SV338,0,0,0,1,[object Object],bandwidth,0,0,0,r0,3068579184,2.168,0,2.866875
OT01V1534352440,1776279358701.226,outbound-rtp,COT01_45_level-idx=5;profile=0;tier=0,video,video,1534352440,T01,0,0,true,1,0,0,0,0,0,0,SV338,0,0,0,0,[object Object],bandwidth,0,0,0,r1,4225779776,0,0,0
OT01V348136763,1776279358701.226,outbound-rtp,COT01_45_level-idx=5;profile=0;tier=0,video,video,348136763,T01,0,1,true,2,0,0,0,283,0,0,SV338,0,0,0,0,[object Object],bandwidth,0,0,0,r2,1753397338,0,0,0
OT01V915022925,1776279358701.226,outbound-rtp,COT01_45_level-idx=5;profile=0;tier=0,video,video,915022925,T01,113653,379,true,0,0,113,113,63263,2,2,SV338,0,0,0,1,[object Object],bandwidth,0,0,0,r0,3068579184,2.168,0,2.866875
OT01V1534352440,1776279358901.179,outbound-rtp,COT01_45_level-idx=5;profile=0;tier=0,video,video,1534352440,T01,0,0,true,1,0,0,0,0,0,0,SV338,0,0,0,0,[object Object],bandwidth,0,0,0,r1,4225779776,0,0,0
OT01V348136763,1776279358901.179,outbound-rtp,COT01_45_level-idx=5;profile=0;tier=0,video,video,348136763,T01,0,1,true,2,0,0,0,283,0,0,SV338,0,0,0,0,[object Object],bandwidth,0,0,0,r2,1753397338,0,0,0
OT01V915022925,1776279358901.179,outbound-rtp,COT01_45_level-idx=5;profile=0;tier=0,video,video,915022925,T01,119581,406,true,0,0,118,118,69039,2,2,SV338,0,0,0,1,[object Object],bandwidth,0,0,0,r0,3068579184,2.272,0,2.866899
OT01V1534352440,1776279358901.179,outbound-rtp,COT01_45_level-idx=5;profile=0;tier=0,video,video,1534352440,T01,0,0,true,1,0,0,0,0,0,0,SV338,0,0,0,0,[object Object],bandwidth,0,0,0,r1,4225779776,0,0,0
OT01V348136763,1776279358901.179,outbound-rtp,COT01_45_level-idx=5;profile=0;tier=0,video,video,348136763,T01,0,1,true,2,0,0,0,283,0,0,SV338,0,0,0,0,[object Object],bandwidth,0,0,0,r2,1753397338,0,0,0
OT01V915022925,1776279358901.179,outbound-rtp,COT01_45_level-idx=5;profile=0;tier=0,video,video,915022925,T01,119581,406,true,0,0,118,118,69039,2,2,SV338,0,0,0,1,[object Object],bandwidth,0,0,0,r0,3068579184,2.272,0,2.866899
OT01V1534352440,1776279359101.158,outbound-rtp,COT01_45_level-idx=5;profile=0;tier=0,video,video,1534352440,T01,0,0,true,1,0,0,0,0,0,0,SV338,0,0,0,0,[object Object],bandwidth,0,0,0,r1,4225779776,0,0,0
OT01V348136763,1776279359101.158,outbound-rtp,COT01_45_level-idx=5;profile=0;tier=0,video,video,348136763,T01,0,1,true,2,0,0,0,283,0,0,SV338,0,0,0,0,[object Object],bandwidth,0,0,0,r2,1753397338,0,0,0
OT01V915022925,1776279359101.158,outbound-rtp,COT01_45_level-idx=5;profile=0;tier=0,video,video,915022925,T01,126783,421,true,0,0,124,124,70965,2,2,SV338,0,0,0,1,[object Object],bandwidth,0,0,0,r0,3068579184,2.373,0,2.9021459999999997
OT01V1534352440,1776279359101.158,outbound-rtp,COT01_45_level-idx=5;profile=0;tier=0,video,video,1534352440,T01,0,0,true,1,0,0,0,0,0,0,SV338,0,0,0,0,[object Object],bandwidth,0,0,0,r1,4225779776,0,0,0
OT01V348136763,1776279359101.158,outbound-rtp,COT01_45_level-idx=5;profile=0;tier=0,video,video,348136763,T01,0,1,true,2,0,0,0,283,0,0,SV338,0,0,0,0,[object Object],bandwidth,0,0,0,r2,1753397338,0,0,0
OT01V915022925,1776279359101.158,outbound-rtp,COT01_45_level-idx=5;profile=0;tier=0,video,video,915022925,T01,126783,421,true,0,0,124,124,70965,2,2,SV338,0,0,0,1,[object Object],bandwidth,0,0,0,r0,3068579184,2.373,0,2.9021459999999997
OT01V1534352440,1776279359301.036,outbound-rtp,COT01_45_level-idx=5;profile=0;tier=0,video,video,1534352440,T01,0,0,true,1,0,0,0,0,0,0,SV338,0,0,0,0,[object Object],bandwidth,0,0,0,r1,4225779776,0,0,0
OT01V348136763,1776279359301.036,outbound-rtp,COT01_45_level-idx=5;profile=0;tier=0,video,video,348136763,T01,0,1,true,2,0,0,0,283,0,0,SV338,0,0,0,0,[object Object],bandwidth,0,0,0,r2,1753397338,0,0,0
OT01V915022925,1776279359301.036,outbound-rtp,COT01_45_level-idx=5;profile=0;tier=0,video,video,915022925,T01,132835,438,true,0,0,129,129,73951,2,2,SV338,0,0,0,1,[object Object],bandwidth,0,0,0,r0,3068579184,2.464,0,2.9021689999999998
OT01V1534352440,1776279359301.036,outbound-rtp,COT01_45_level-idx=5;profile=0;tier=0,video,video,1534352440,T01,0,0,true,1,0,0,0,0,0,0,SV338,0,0,0,0,[object Object],bandwidth,0,0,0,r1,4225779776,0,0,0
OT01V348136763,1776279359301.036,outbound-rtp,COT01_45_level-idx=5;profile=0;tier=0,video,video,348136763,T01,0,1,true,2,0,0,0,283,0,0,SV338,0,0,0,0,[object Object],bandwidth,0,0,0,r2,1753397338,0,0,0
OT01V915022925,1776279359301.036,outbound-rtp,COT01_45_level-idx=5;profile=0;tier=0,video,video,915022925,T01,132835,438,true,0,0,129,129,73951,2,2,SV338,0,0,0,1,[object Object],bandwidth,0,0,0,r0,3068579184,2.464,0,2.9021689999999998
OT01V1534352440,1776279359501.067,outbound-rtp,COT01_45_level-idx=5;profile=0;tier=0,video,video,1534352440,T01,0,0,true,1,0,0,0,0,0,0,SV338,0,0,0,0,[object Object],bandwidth,0,0,0,r1,4225779776,0,0,0
OT01V348136763,1776279359501.067,outbound-rtp,COT01_45_level-idx=5;profile=0;tier=0,video,video,348136763,T01,0,1,true,2,0,0,0,283,0,0,SV338,0,0,0,0,[object Object],bandwidth,0,0,0,r2,1753397338,0,0,0
OT01V915022925,1776279359501.067,outbound-rtp,COT01_45_level-idx=5;profile=0;tier=0,video,video,915022925,T01,140115,461,true,0,0,136,136,77607,2,2,SV338,0,0,0,1,[object Object],bandwidth,0,0,0,r0,3068579184,2.574,0,2.931713
OT01V1534352440,1776279359501.067,outbound-rtp,COT01_45_level-idx=5;profile=0;tier=0,video,video,1534352440,T01,0,0,true,1,0,0,0,0,0,0,SV338,0,0,0,0,[object Object],bandwidth,0,0,0,r1,4225779776,0,0,0
OT01V348136763,1776279359501.067,outbound-rtp,COT01_45_level-idx=5;profile=0;tier=0,video,video,348136763,T01,0,1,true,2,0,0,0,283,0,0,SV338,0,0,0,0,[object Object],bandwidth,0,0,0,r2,1753397338,0,0,0
OT01V915022925,1776279359501.067,outbound-rtp,COT01_45_level-idx=5;profile=0;tier=0,video,video,915022925,T01,140115,461,true,0,0,136,136,77607,2,2,SV338,0,0,0,1,[object Object],bandwidth,0,0,0,r0,3068579184,2.574,0,2.931713
OT01V1534352440,1776279359701.239,outbound-rtp,COT01_45_level-idx=5;profile=0;tier=0,video,video,1534352440,T01,0,0,true,1,0,0,0,0,0,0,SV338,0,0,0,0,[object Object],bandwidth,0,0,0,r1,4225779776,0,0,0
OT01V348136763,1776279359701.239,outbound-rtp,COT01_45_level-idx=5;profile=0;tier=0,video,video,348136763,T01,0,1,true,2,0,0,0,283,0,0,SV338,0,0,0,0,[object Object],bandwidth,0,0,0,r2,1753397338,0,0,0
OT01V915022925,1776279359701.239,outbound-rtp,COT01_45_level-idx=5;profile=0;tier=0,video,video,915022925,T01,144976,486,true,0,0,141,141,82825,2,2,SV338,0,0,0,1,[object Object],bandwidth,0,0,0,r0,3068579184,2.662,0,2.931761
OT01V1534352440,1776279359701.239,outbound-rtp,COT01_45_level-idx=5;profile=0;tier=0,video,video,1534352440,T01,0,0,true,1,0,0,0,0,0,0,SV338,0,0,0,0,[object Object],bandwidth,0,0,0,r1,4225779776,0,0,0
OT01V348136763,1776279359701.239,outbound-rtp,COT01_45_level-idx=5;profile=0;tier=0,video,video,348136763,T01,0,1,true,2,0,0,0,283,0,0,SV338,0,0,0,0,[object Object],bandwidth,0,0,0,r2,1753397338,0,0,0
OT01V915022925,1776279359701.239,outbound-rtp,COT01_45_level-idx=5;profile=0;tier=0,video,video,915022925,T01,144976,486,true,0,0,141,141,82825,2,2,SV338,0,0,0,1,[object Object],bandwidth,0,0,0,r0,3068579184,2.662,0,2.931761
OT01V1534352440,1776279359901.145,outbound-rtp,COT01_45_level-idx=5;profile=0;tier=0,video,video,1534352440,T01,0,0,true,1,0,0,0,0,0,0,SV338,0,0,0,0,[object Object],bandwidth,0,0,0,r1,4225779776,0,0,0
OT01V348136763,1776279359901.145,outbound-rtp,COT01_45_level-idx=5;profile=0;tier=0,video,video,348136763,T01,0,1,true,2,0,0,0,283,0,0,SV338,0,0,0,0,[object Object],bandwidth,0,0,0,r2,1753397338,0,0,0
OT01V915022925,1776279359901.145,outbound-rtp,COT01_45_level-idx=5;profile=0;tier=0,video,video,915022925,T01,150586,507,true,0,0,146,146,86927,2,2,SV338,0,0,0,1,[object Object],bandwidth,0,0,0,r0,3068579184,2.753,0,2.9317979999999997
OT01V1534352440,1776279359901.145,outbound-rtp,COT01_45_level-idx=5;profile=0;tier=0,video,video,1534352440,T01,0,0,true,1,0,0,0,0,0,0,SV338,0,0,0,0,[object Object],bandwidth,0,0,0,r1,4225779776,0,0,0
OT01V348136763,1776279359901.145,outbound-rtp,COT01_45_level-idx=5;profile=0;tier=0,video,video,348136763,T01,0,1,true,2,0,0,0,283,0,0,SV338,0,0,0,0,[object Object],bandwidth,0,0,0,r2,1753397338,0,0,0
OT01V915022925,1776279359901.145,outbound-rtp,COT01_45_level-idx=5;profile=0;tier=0,video,video,915022925,T01,150586,507,true,0,0,146,146,86927,2,2,SV338,0,0,0,1,[object Object],bandwidth,0,0,0,r0,3068579184,2.753,0,2.9317979999999997
OT01V1534352440,1776279360101.191,outbound-rtp,COT01_45_level-idx=5;profile=0;tier=0,video,video,1534352440,T01,0,0,true,1,0,0,0,0,0,0,SV338,0,0,0,0,[object Object],bandwidth,0,0,0,r1,4225779776,0,0,0
OT01V348136763,1776279360101.191,outbound-rtp,COT01_45_level-idx=5;profile=0;tier=0,video,video,348136763,T01,0,1,true,2,0,0,0,283,0,0,SV338,0,0,0,0,[object Object],bandwidth,0,0,0,r2,1753397338,0,0,0
OT01V915022925,1776279360101.191,outbound-rtp,COT01_45_level-idx=5;profile=0;tier=0,video,video,915022925,T01,160024,527,true,0,0,153,153,89495,2,2,SV338,0,0,0,1,[object Object],bandwidth,0,0,0,r0,3068579184,2.881,0,2.931848
OT01V1534352440,1776279360101.191,outbound-rtp,COT01_45_level-idx=5;profile=0;tier=0,video,video,1534352440,T01,0,0,true,1,0,0,0,0,0,0,SV338,0,0,0,0,[object Object],bandwidth,0,0,0,r1,4225779776,0,0,0
OT01V348136763,1776279360101.191,outbound-rtp,COT01_45_level-idx=5;profile=0;tier=0,video,video,348136763,T01,0,1,true,2,0,0,0,283,0,0,SV338,0,0,0,0,[object Object],bandwidth,0,0,0,r2,1753397338,0,0,0
OT01V915022925,1776279360101.191,outbound-rtp,COT01_45_level-idx=5;profile=0;tier=0,video,video,915022925,T01,160024,527,true,0,0,153,153,89495,2,2,SV338,0,0,0,1,[object Object],bandwidth,0,0,0,r0,3068579184,2.881,0,2.931848
OT01V1534352440,1776279360301.016,outbound-rtp,COT01_45_level-idx=5;profile=0;tier=0,video,video,1534352440,T01,0,0,true,1,0,0,0,0,0,0,SV338,0,0,0,0,[object Object],bandwidth,0,0,0,r1,4225779776,0,0,0
OT01V348136763,1776279360301.016,outbound-rtp,COT01_45_level-idx=5;profile=0;tier=0,video,video,348136763,T01,0,1,true,2,0,0,0,283,0,0,SV338,0,0,0,0,[object Object],bandwidth,0,0,0,r2,1753397338,0,0,0
OT01V915022925,1776279360301.016,outbound-rtp,COT01_45_level-idx=5;profile=0;tier=0,video,video,915022925,T01,165260,549,true,0,0,158,158,93625,2,2,SV338,0,0,0,1,[object Object],bandwidth,0,0,0,r0,3068579184,2.974,0,2.960546
OT01V1534352440,1776279360301.016,outbound-rtp,COT01_45_level-idx=5;profile=0;tier=0,video,video,1534352440,T01,0,0,true,1,0,0,0,0,0,0,SV338,0,0,0,0,[object Object],bandwidth,0,0,0,r1,4225779776,0,0,0
OT01V348136763,1776279360301.016,outbound-rtp,COT01_45_level-idx=5;profile=0;tier=0,video,video,348136763,T01,0,1,true,2,0,0,0,283,0,0,SV338,0,0,0,0,[object Object],bandwidth,0,0,0,r2,1753397338,0,0,0
OT01V915022925,1776279360301.016,outbound-rtp,COT01_45_level-idx=5;profile=0;tier=0,video,video,915022925,T01,165260,549,true,0,0,158,158,93625,2,2,SV338,0,0,0,1,[object Object],bandwidth,0,0,0,r0,3068579184,2.974,0,2.960546
OT01V1534352440,1776279360501.078,outbound-rtp,COT01_45_level-idx=5;profile=0;tier=0,video,video,1534352440,T01,0,0,true,1,0,0,0,0,0,0,SV338,0,0,0,0,[object Object],bandwidth,0,0,0,r1,4225779776,0,0,0
OT01V348136763,1776279360501.078,outbound-rtp,COT01_45_level-idx=5;profile=0;tier=0,video,video,348136763,T01,0,1,true,2,0,0,0,283,0,0,SV338,0,0,0,0,[object Object],bandwidth,0,0,0,r2,1753397338,0,0,0
OT01V915022925,1776279360501.078,outbound-rtp,COT01_45_level-idx=5;profile=0;tier=0,video,video,915022925,T01,171774,580,true,0,0,164,164,100015,2,2,SV338,0,0,0,1,[object Object],bandwidth,0,0,0,r0,3068579184,3.081,0,2.960588
OT01V1534352440,1776279360501.078,outbound-rtp,COT01_45_level-idx=5;profile=0;tier=0,video,video,1534352440,T01,0,0,true,1,0,0,0,0,0,0,SV338,0,0,0,0,[object Object],bandwidth,0,0,0,r1,4225779776,0,0,0
OT01V348136763,1776279360501.078,outbound-rtp,COT01_45_level-idx=5;profile=0;tier=0,video,video,348136763,T01,0,1,true,2,0,0,0,283,0,0,SV338,0,0,0,0,[object Object],bandwidth,0,0,0,r2,1753397338,0,0,0
OT01V915022925,1776279360501.078,outbound-rtp,COT01_45_level-idx=5;profile=0;tier=0,video,video,915022925,T01,171774,580,true,0,0,164,164,100015,2,2,SV338,0,0,0,1,[object Object],bandwidth,0,0,0,r0,3068579184,3.081,0,2.960588
OT01V1534352440,1776279360701.119,outbound-rtp,COT01_45_level-idx=5;profile=0;tier=0,video,video,1534352440,T01,0,0,true,1,0,0,0,0,0,0,SV338,0,0,0,0,[object Object],bandwidth,0,0,0,r1,4225779776,0,0,0
OT01V348136763,1776279360701.119,outbound-rtp,COT01_45_level-idx=5;profile=0;tier=0,video,video,348136763,T01,0,1,true,2,0,0,0,283,0,0,SV338,0,0,0,0,[object Object],bandwidth,0,0,0,r2,1753397338,0,0,0
OT01V915022925,1776279360701.119,outbound-rtp,COT01_45_level-idx=5;profile=0;tier=0,video,video,915022925,T01,177687,602,true,0,0,170,170,104145,2,2,SV338,0,0,0,1,[object Object],bandwidth,0,0,0,r0,3068579184,3.177,0,2.9606239999999997
OT01V1534352440,1776279360701.119,outbound-rtp,COT01_45_level-idx=5;profile=0;tier=0,video,video,1534352440,T01,0,0,true,1,0,0,0,0,0,0,SV338,0,0,0,0,[object Object],bandwidth,0,0,0,r1,4225779776,0,0,0
OT01V348136763,1776279360701.119,outbound-rtp,COT01_45_level-idx=5;profile=0;tier=0,video,video,348136763,T01,0,1,true,2,0,0,0,283,0,0,SV338,0,0,0,0,[object Object],bandwidth,0,0,0,r2,1753397338,0,0,0
OT01V915022925,1776279360701.119,outbound-rtp,COT01_45_level-idx=5;profile=0;tier=0,video,video,915022925,T01,177687,602,true,0,0,170,170,104145,2,2,SV338,0,0,0,1,[object Object],bandwidth,0,0,0,r0,3068579184,3.177,0,2.9606239999999997
OT01V1534352440,1776279360901.116,outbound-rtp,COT01_45_level-idx=5;profile=0;tier=0,video,video,1534352440,T01,0,0,true,1,0,0,0,0,0,0,SV338,0,0,0,0,[object Object],bandwidth,0,0,0,r1,4225779776,0,0,0
OT01V348136763,1776279360901.116,outbound-rtp,COT01_45_level-idx=5;profile=0;tier=0,video,video,348136763,T01,0,1,true,2,0,0,0,283,0,0,SV338,0,0,0,0,[object Object],bandwidth,0,0,0,r2,1753397338,0,0,0
OT01V915022925,1776279360901.116,outbound-rtp,COT01_45_level-idx=5;profile=0;tier=0,video,video,915022925,T01,185457,630,true,0,0,176,176,109447,2,2,SV338,0,0,0,1,[object Object],bandwidth,0,0,0,r0,3068579184,3.289,0,2.960668
OT01V1534352440,1776279360901.116,outbound-rtp,COT01_45_level-idx=5;profile=0;tier=0,video,video,1534352440,T01,0,0,true,1,0,0,0,0,0,0,SV338,0,0,0,0,[object Object],bandwidth,0,0,0,r1,4225779776,0,0,0
OT01V348136763,1776279360901.116,outbound-rtp,COT01_45_level-idx=5;profile=0;tier=0,video,video,348136763,T01,0,1,true,2,0,0,0,283,0,0,SV338,0,0,0,0,[object Object],bandwidth,0,0,0,r2,1753397338,0,0,0
OT01V915022925,1776279360901.116,outbound-rtp,COT01_45_level-idx=5;profile=0;tier=0,video,video,915022925,T01,185457,630,true,0,0,176,176,109447,2,2,SV338,0,0,0,1,[object Object],bandwidth,0,0,0,r0,3068579184,3.289,0,2.960668
OT01V1534352440,1776279361101.152,outbound-rtp,COT01_45_level-idx=5;profile=0;tier=0,video,video,1534352440,T01,0,0,true,1,0,0,0,0,0,0,SV338,0,0,0,0,[object Object],bandwidth,0,0,0,r1,4225779776,0,0,0
OT01V348136763,1776279361101.152,outbound-rtp,COT01_45_level-idx=5;profile=0;tier=0,video,video,348136763,T01,0,1,true,2,0,0,0,283,0,0,SV338,0,0,0,0,[object Object],bandwidth,0,0,0,r2,1753397338,0,0,0
OT01V915022925,1776279361101.152,outbound-rtp,COT01_45_level-idx=5;profile=0;tier=0,video,video,915022925,T01,191731,651,true,0,0,182,182,113047,2,2,SV338,0,0,0,1,[object Object],bandwidth,0,0,0,r0,3068579184,3.398,0,2.9969669999999997
OT01V1534352440,1776279361101.152,outbound-rtp,COT01_45_level-idx=5;profile=0;tier=0,video,video,1534352440,T01,0,0,true,1,0,0,0,0,0,0,SV338,0,0,0,0,[object Object],bandwidth,0,0,0,r1,4225779776,0,0,0
OT01V348136763,1776279361101.152,outbound-rtp,COT01_45_level-idx=5;profile=0;tier=0,video,video,348136763,T01,0,1,true,2,0,0,0,283,0,0,SV338,0,0,0,0,[object Object],bandwidth,0,0,0,r2,1753397338,0,0,0
OT01V915022925,1776279361101.152,outbound-rtp,COT01_45_level-idx=5;profile=0;tier=0,video,video,915022925,T01,191731,651,true,0,0,182,182,113047,2,2,SV338,0,0,0,1,[object Object],bandwidth,0,0,0,r0,3068579184,3.398,0,2.9969669999999997
OT01V1534352440,1776279361301.073,outbound-rtp,COT01_45_level-idx=5;profile=0;tier=0,video,video,1534352440,T01,0,0,true,1,0,0,0,0,0,0,SV338,0,0,0,0,[object Object],bandwidth,0,0,0,r1,4225779776,0,0,0
OT01V348136763,1776279361301.073,outbound-rtp,COT01_45_level-idx=5;profile=0;tier=0,video,video,348136763,T01,0,1,true,2,0,0,0,283,0,0,SV338,0,0,0,0,[object Object],bandwidth,0,0,0,r2,1753397338,0,0,0
OT01V915022925,1776279361301.073,outbound-rtp,COT01_45_level-idx=5;profile=0;tier=0,video,video,915022925,T01,195502,681,true,0,0,186,186,119911,2,2,SV338,0,0,0,1,[object Object],bandwidth,0,0,0,r0,3068579184,3.487,0,2.997038
OT01V1534352440,1776279361301.073,outbound-rtp,COT01_45_level-idx=5;profile=0;tier=0,video,video,1534352440,T01,0,0,true,1,0,0,0,0,0,0,SV338,0,0,0,0,[object Object],bandwidth,0,0,0,r1,4225779776,0,0,0
OT01V348136763,1776279361301.073,outbound-rtp,COT01_45_level-idx=5;profile=0;tier=0,video,video,348136763,T01,0,1,true,2,0,0,0,283,0,0,SV338,0,0,0,0,[object Object],bandwidth,0,0,0,r2,1753397338,0,0,0
OT01V915022925,1776279361301.073,outbound-rtp,COT01_45_level-idx=5;profile=0;tier=0,video,video,915022925,T01,195502,681,true,0,0,186,186,119911,2,2,SV338,0,0,0,1,[object Object],bandwidth,0,0,0,r0,3068579184,3.487,0,2.997038
OT01V1534352440,1776279361501.064,outbound-rtp,COT01_45_level-idx=5;profile=0;tier=0,video,video,1534352440,T01,0,0,true,1,0,0,0,0,0,0,SV338,0,0,0,0,[object Object],bandwidth,0,0,0,r1,4225779776,0,0,0
OT01V348136763,1776279361501.064,outbound-rtp,COT01_45_level-idx=5;profile=0;tier=0,video,video,348136763,T01,0,1,true,2,0,0,0,283,0,0,SV338,0,0,0,0,[object Object],bandwidth,0,0,0,r2,1753397338,0,0,0
OT01V915022925,1776279361501.064,outbound-rtp,COT01_45_level-idx=5;profile=0;tier=0,video,video,915022925,T01,204404,707,true,0,0,193,193,124153,2,2,SV338,0,0,0,1,[object Object],bandwidth,0,0,0,r0,3068579184,3.628,0,2.997079
OT01V1534352440,1776279361501.064,outbound-rtp,COT01_45_level-idx=5;profile=0;tier=0,video,video,1534352440,T01,0,0,true,1,0,0,0,0,0,0,SV338,0,0,0,0,[object Object],bandwidth,0,0,0,r1,4225779776,0,0,0
OT01V348136763,1776279361501.064,outbound-rtp,COT01_45_level-idx=5;profile=0;tier=0,video,video,348136763,T01,0,1,true,2,0,0,0,283,0,0,SV338,0,0,0,0,[object Object],bandwidth,0,0,0,r2,1753397338,0,0,0
OT01V915022925,1776279361501.064,outbound-rtp,COT01_45_level-idx=5;profile=0;tier=0,video,video,915022925,T01,204404,707,true,0,0,193,193,124153,2,2,SV338,0,0,0,1,[object Object],bandwidth,0,0,0,r0,3068579184,3.628,0,2.997079
OT01V1534352440,1776279361701.083,outbound-rtp,COT01_45_level-idx=5;profile=0;tier=0,video,video,1534352440,T01,0,0,true,1,0,0,0,0,0,0,SV338,0,0,0,0,[object Object],bandwidth,0,0,0,r1,4225779776,0,0,0
OT01V348136763,1776279361701.083,outbound-rtp,COT01_45_level-idx=5;profile=0;tier=0,video,video,348136763,T01,0,1,true,2,0,0,0,283,0,0,SV338,0,0,0,0,[object Object],bandwidth,0,0,0,r2,1753397338,0,0,0
OT01V915022925,1776279361701.083,outbound-rtp,COT01_45_level-idx=5;profile=0;tier=0,video,video,915022925,T01,209991,737,true,0,0,199,199,130515,2,2,SV338,0,0,0,1,[object Object],bandwidth,0,0,0,r0,3068579184,3.746,0,2.997131
OT01V1534352440,1776279361701.083,outbound-rtp,COT01_45_level-idx=5;profile=0;tier=0,video,video,1534352440,T01,0,0,true,1,0,0,0,0,0,0,SV338,0,0,0,0,[object Object],bandwidth,0,0,0,r1,4225779776,0,0,0
OT01V348136763,1776279361701.083,outbound-rtp,COT01_45_level-idx=5;profile=0;tier=0,video,video,348136763,T01,0,1,true,2,0,0,0,283,0,0,SV338,0,0,0,0,[object Object],bandwidth,0,0,0,r2,1753397338,0,0,0
OT01V915022925,1776279361701.083,outbound-rtp,COT01_45_level-idx=5;profile=0;tier=0,video,video,915022925,T01,209991,737,true,0,0,199,199,130515,2,2,SV338,0,0,0,1,[object Object],bandwidth,0,0,0,r0,3068579184,3.746,0,2.997131
OT01V1534352440,1776279361901.127,outbound-rtp,COT01_45_level-idx=5;profile=0;tier=0,video,video,1534352440,T01,0,0,true,1,0,0,0,0,0,0,SV338,0,0,0,0,[object Object],bandwidth,0,0,0,r1,4225779776,0,0,0
OT01V348136763,1776279361901.127,outbound-rtp,COT01_45_level-idx=5;profile=0;tier=0,video,video,348136763,T01,0,1,true,2,0,0,0,283,0,0,SV338,0,0,0,0,[object Object],bandwidth,0,0,0,r2,1753397338,0,0,0
OT01V915022925,1776279361901.127,outbound-rtp,COT01_45_level-idx=5;profile=0;tier=0,video,video,915022925,T01,217060,759,true,0,0,205,205,134143,2,2,SV338,0,0,0,1,[object Object],bandwidth,0,0,0,r0,3068579184,3.845,0,2.9971729999999996
OT01V1534352440,1776279361901.127,outbound-rtp,COT01_45_level-idx=5;profile=0;tier=0,video,video,1534352440,T01,0,0,true,1,0,0,0,0,0,0,SV338,0,0,0,0,[object Object],bandwidth,0,0,0,r1,4225779776,0,0,0
OT01V348136763,1776279361901.127,outbound-rtp,COT01_45_level-idx=5;profile=0;tier=0,video,video,348136763,T01,0,1,true,2,0,0,0,283,0,0,SV338,0,0,0,0,[object Object],bandwidth,0,0,0,r2,1753397338,0,0,0
OT01V915022925,1776279361901.127,outbound-rtp,COT01_45_level-idx=5;profile=0;tier=0,video,video,915022925,T01,217060,759,true,0,0,205,205,134143,2,2,SV338,0,0,0,1,[object Object],bandwidth,0,0,0,r0,3068579184,3.845,0,2.9971729999999996
OT01V1534352440,1776279362101.094,outbound-rtp,COT01_45_level-idx=5;profile=0;tier=0,video,video,1534352440,T01,0,0,true,1,0,0,0,0,0,0,SV338,0,0,0,0,[object Object],bandwidth,0,0,0,r1,4225779776,0,0,0
OT01V348136763,1776279362101.094,outbound-rtp,COT01_45_level-idx=5;profile=0;tier=0,video,video,348136763,T01,0,1,true,2,0,0,0,283,0,0,SV338,0,0,0,0,[object Object],bandwidth,0,0,0,r2,1753397338,0,0,0
OT01V915022925,1776279362101.094,outbound-rtp,COT01_45_level-idx=5;profile=0;tier=0,video,video,915022925,T01,222753,789,true,0,0,210,210,140505,2,2,SV338,0,0,0,1,[object Object],bandwidth,0,0,0,r0,3068579184,3.942,0,2.997235
OT01V1534352440,1776279362101.094,outbound-rtp,COT01_45_level-idx=5;profile=0;tier=0,video,video,1534352440,T01,0,0,true,1,0,0,0,0,0,0,SV338,0,0,0,0,[object Object],bandwidth,0,0,0,r1,4225779776,0,0,0
OT01V348136763,1776279362101.094,outbound-rtp,COT01_45_level-idx=5;profile=0;tier=0,video,video,348136763,T01,0,1,true,2,0,0,0,283,0,0,SV338,0,0,0,0,[object Object],bandwidth,0,0,0,r2,1753397338,0,0,0
OT01V915022925,1776279362101.094,outbound-rtp,COT01_45_level-idx=5;profile=0;tier=0,video,video,915022925,T01,222753,789,true,0,0,210,210,140505,2,2,SV338,0,0,0,1,[object Object],bandwidth,0,0,0,r0,3068579184,3.942,0,2.997235
OT01V1534352440,1776279362301.087,outbound-rtp,COT01_45_level-idx=5;profile=0;tier=0,video,video,1534352440,T01,0,0,true,1,0,0,0,0,0,0,SV338,0,0,0,0,[object Object],bandwidth,0,0,0,r1,4225779776,0,0,0
OT01V348136763,1776279362301.087,outbound-rtp,COT01_45_level-idx=5;profile=0;tier=0,video,video,348136763,T01,0,1,true,2,0,0,0,283,0,0,SV338,0,0,0,0,[object Object],bandwidth,0,0,0,r2,1753397338,0,0,0
OT01V915022925,1776279362301.087,outbound-rtp,COT01_45_level-idx=5;profile=0;tier=0,video,video,915022925,T01,228923,820,true,0,0,215,215,146895,2,2,SV338,0,0,0,1,[object Object],bandwidth,0,0,0,r0,3068579184,4.033,0,2.997286
OT01V1534352440,1776279362301.087,outbound-rtp,COT01_45_level-idx=5;profile=0;tier=0,video,video,1534352440,T01,0,0,true,1,0,0,0,0,0,0,SV338,0,0,0,0,[object Object],bandwidth,0,0,0,r1,4225779776,0,0,0
OT01V348136763,1776279362301.087,outbound-rtp,COT01_45_level-idx=5;profile=0;tier=0,video,video,348136763,T01,0,1,true,2,0,0,0,283,0,0,SV338,0,0,0,0,[object Object],bandwidth,0,0,0,r2,1753397338,0,0,0
OT01V915022925,1776279362301.087,outbound-rtp,COT01_45_level-idx=5;profile=0;tier=0,video,video,915022925,T01,228923,820,true,0,0,215,215,146895,2,2,SV338,0,0,0,1,[object Object],bandwidth,0,0,0,r0,3068579184,4.033,0,2.997286
OT01V1534352440,1776279362501.1,outbound-rtp,COT01_45_level-idx=5;profile=0;tier=0,video,video,1534352440,T01,0,0,true,1,0,0,0,0,0,0,SV338,0,0,0,0,[object Object],bandwidth,0,0,0,r1,4225779776,0,0,0
OT01V348136763,1776279362501.1,outbound-rtp,COT01_45_level-idx=5;profile=0;tier=0,video,video,348136763,T01,0,1,true,2,0,0,0,283,0,0,SV338,0,0,0,0,[object Object],bandwidth,0,0,0,r2,1753397338,0,0,0
OT01V915022925,1776279362501.1,outbound-rtp,COT01_45_level-idx=5;profile=0;tier=0,video,video,915022925,T01,235336,853,true,0,0,222,222,153843,2,2,SV338,0,0,0,1,[object Object],bandwidth,0,0,0,r0,3068579184,4.172,0,2.997336
OT01V1534352440,1776279362501.1,outbound-rtp,COT01_45_level-idx=5;profile=0;tier=0,video,video,1534352440,T01,0,0,true,1,0,0,0,0,0,0,SV338,0,0,0,0,[object Object],bandwidth,0,0,0,r1,4225779776,0,0,0
OT01V348136763,1776279362501.1,outbound-rtp,COT01_45_level-idx=5;profile=0;tier=0,video,video,348136763,T01,0,1,true,2,0,0,0,283,0,0,SV338,0,0,0,0,[object Object],bandwidth,0,0,0,r2,1753397338,0,0,0
OT01V915022925,1776279362501.1,outbound-rtp,COT01_45_level-idx=5;profile=0;tier=0,video,video,915022925,T01,235336,853,true,0,0,222,222,153843,2,2,SV338,0,0,0,1,[object Object],bandwidth,0,0,0,r0,3068579184,4.172,0,2.997336
OT01V1534352440,1776279362701.173,outbound-rtp,COT01_45_level-idx=5;profile=0;tier=0,video,video,1534352440,T01,0,0,true,1,0,0,0,0,0,0,SV338,0,0,0,0,[object Object],bandwidth,0,0,0,r1,4225779776,0,0,0
OT01V348136763,1776279362701.173,outbound-rtp,COT01_45_level-idx=5;profile=0;tier=0,video,video,348136763,T01,0,1,true,2,0,0,0,283,0,0,SV338,0,0,0,0,[object Object],bandwidth,0,0,0,r2,1753397338,0,0,0
OT01V915022925,1776279362701.173,outbound-rtp,COT01_45_level-idx=5;profile=0;tier=0,video,video,915022925,T01,243534,880,true,0,0,228,228,158615,2,2,SV338,0,0,0,1,[object Object],bandwidth,0,0,0,r0,3068579184,4.276,0,2.997375
OT01V1534352440,1776279362701.173,outbound-rtp,COT01_45_level-idx=5;profile=0;tier=0,video,video,1534352440,T01,0,0,true,1,0,0,0,0,0,0,SV338,0,0,0,0,[object Object],bandwidth,0,0,0,r1,4225779776,0,0,0
OT01V348136763,1776279362701.173,outbound-rtp,COT01_45_level-idx=5;profile=0;tier=0,video,video,348136763,T01,0,1,true,2,0,0,0,283,0,0,SV338,0,0,0,0,[object Object],bandwidth,0,0,0,r2,1753397338,0,0,0
OT01V915022925,1776279362701.173,outbound-rtp,COT01_45_level-idx=5;profile=0;tier=0,video,video,915022925,T01,243534,880,true,0,0,228,228,158615,2,2,SV338,0,0,0,1,[object Object],bandwidth,0,0,0,r0,3068579184,4.276,0,2.997375
OT01V1534352440,1776279362901.189,outbound-rtp,COT01_45_level-idx=5;profile=0;tier=0,video,video,1534352440,T01,0,0,true,1,0,0,0,0,0,0,SV338,0,0,0,0,[object Object],bandwidth,0,0,0,r1,4225779776,0,0,0
OT01V348136763,1776279362901.189,outbound-rtp,COT01_45_level-idx=5;profile=0;tier=0,video,video,348136763,T01,0,1,true,2,0,0,0,283,0,0,SV338,0,0,0,0,[object Object],bandwidth,0,0,0,r2,1753397338,0,0,0
OT01V915022925,1776279362901.189,outbound-rtp,COT01_45_level-idx=5;profile=0;tier=0,video,video,915022925,T01,257431,896,true,0,0,234,234,159063,2,2,SV338,0,0,0,1,[object Object],bandwidth,0,0,0,r0,3068579184,4.387,0,2.997378
OT01V1534352440,1776279362901.189,outbound-rtp,COT01_45_level-idx=5;profile=0;tier=0,video,video,1534352440,T01,0,0,true,1,0,0,0,0,0,0,SV338,0,0,0,0,[object Object],bandwidth,0,0,0,r1,4225779776,0,0,0
OT01V348136763,1776279362901.189,outbound-rtp,COT01_45_level-idx=5;profile=0;tier=0,video,video,348136763,T01,0,1,true,2,0,0,0,283,0,0,SV338,0,0,0,0,[object Object],bandwidth,0,0,0,r2,1753397338,0,0,0
OT01V915022925,1776279362901.189,outbound-rtp,COT01_45_level-idx=5;profile=0;tier=0,video,video,915022925,T01,257431,896,true,0,0,234,234,159063,2,2,SV338,0,0,0,1,[object Object],bandwidth,0,0,0,r0,3068579184,4.387,0,2.997378
OT01V1534352440,1776279363101.025,outbound-rtp,COT01_45_level-idx=5;profile=0;tier=0,video,video,1534352440,T01,0,0,true,1,0,0,0,0,0,0,SV338,0,0,0,0,[object Object],bandwidth,0,0,0,r1,4225779776,0,0,0
OT01V348136763,1776279363101.025,outbound-rtp,COT01_45_level-idx=5;profile=0;tier=0,video,video,348136763,T01,0,1,true,2,0,0,0,283,0,0,SV338,0,0,0,0,[object Object],bandwidth,0,0,0,r2,1753397338,0,0,0
OT01V915022925,1776279363101.025,outbound-rtp,COT01_45_level-idx=5;profile=0;tier=0,video,video,915022925,T01,264256,927,true,0,0,239,239,165453,2,2,SV338,0,0,0,1,[object Object],bandwidth,0,0,0,r0,3068579184,4.489,0,2.9974309999999997
OT01V1534352440,1776279363101.025,outbound-rtp,COT01_45_level-idx=5;profile=0;tier=0,video,video,1534352440,T01,0,0,true,1,0,0,0,0,0,0,SV338,0,0,0,0,[object Object],bandwidth,0,0,0,r1,4225779776,0,0,0
OT01V348136763,1776279363101.025,outbound-rtp,COT01_45_level-idx=5;profile=0;tier=0,video,video,348136763,T01,0,1,true,2,0,0,0,283,0,0,SV338,0,0,0,0,[object Object],bandwidth,0,0,0,r2,1753397338,0,0,0
OT01V915022925,1776279363101.025,outbound-rtp,COT01_45_level-idx=5;profile=0;tier=0,video,video,915022925,T01,264256,927,true,0,0,239,239,165453,2,2,SV338,0,0,0,1,[object Object],bandwidth,0,0,0,r0,3068579184,4.489,0,2.9974309999999997
OT01V1534352440,1776279363301.173,outbound-rtp,COT01_45_level-idx=5;profile=0;tier=0,video,video,1534352440,T01,0,0,true,1,0,0,0,0,0,0,SV338,0,0,0,0,[object Object],bandwidth,0,0,0,r1,4225779776,0,0,0
OT01V348136763,1776279363301.173,outbound-rtp,COT01_45_level-idx=5;profile=0;tier=0,video,video,348136763,T01,0,1,true,2,0,0,0,283,0,0,SV338,0,0,0,0,[object Object],bandwidth,0,0,0,r2,1753397338,0,0,0
OT01V915022925,1776279363301.173,outbound-rtp,COT01_45_level-idx=5;profile=0;tier=0,video,video,915022925,T01,268877,960,true,0,0,244,244,172903,2,2,SV338,0,0,0,1,[object Object],bandwidth,0,0,0,r0,3068579184,4.577,0,2.997489
OT01V1534352440,1776279363301.173,outbound-rtp,COT01_45_level-idx=5;profile=0;tier=0,video,video,1534352440,T01,0,0,true,1,0,0,0,0,0,0,SV338,0,0,0,0,[object Object],bandwidth,0,0,0,r1,4225779776,0,0,0
OT01V348136763,1776279363301.173,outbound-rtp,COT01_45_level-idx=5;profile=0;tier=0,video,video,348136763,T01,0,1,true,2,0,0,0,283,0,0,SV338,0,0,0,0,[object Object],bandwidth,0,0,0,r2,1753397338,0,0,0
OT01V915022925,1776279363301.173,outbound-rtp,COT01_45_level-idx=5;profile=0;tier=0,video,video,915022925,T01,268877,960,true,0,0,244,244,172903,2,2,SV338,0,0,0,1,[object Object],bandwidth,0,0,0,r0,3068579184,4.577,0,2.997489
OT01V1534352440,1776279363501.072,outbound-rtp,COT01_45_level-idx=5;profile=0;tier=0,video,video,1534352440,T01,0,0,true,1,0,0,0,0,0,0,SV338,0,0,0,0,[object Object],bandwidth,0,0,0,r1,4225779776,0,0,0
OT01V348136763,1776279363501.072,outbound-rtp,COT01_45_level-idx=5;profile=0;tier=0,video,video,348136763,T01,0,1,true,2,0,0,0,283,0,0,SV338,0,0,0,0,[object Object],bandwidth,0,0,0,r2,1753397338,0,0,0
OT01V915022925,1776279363501.072,outbound-rtp,COT01_45_level-idx=5;profile=0;tier=0,video,video,915022925,T01,281338,990,true,0,0,251,251,177759,2,2,SV338,0,0,0,1,[object Object],bandwidth,0,0,0,r0,3068579184,4.719,0,2.997553
OT01V1534352440,1776279363501.072,outbound-rtp,COT01_45_level-idx=5;profile=0;tier=0,video,video,1534352440,T01,0,0,true,1,0,0,0,0,0,0,SV338,0,0,0,0,[object Object],bandwidth,0,0,0,r1,4225779776,0,0,0
OT01V348136763,1776279363501.072,outbound-rtp,COT01_45_level-idx=5;profile=0;tier=0,video,video,348136763,T01,0,1,true,2,0,0,0,283,0,0,SV338,0,0,0,0,[object Object],bandwidth,0,0,0,r2,1753397338,0,0,0
OT01V915022925,1776279363501.072,outbound-rtp,COT01_45_level-idx=5;profile=0;tier=0,video,video,915022925,T01,281338,990,true,0,0,251,251,177759,2,2,SV338,0,0,0,1,[object Object],bandwidth,0,0,0,r0,3068579184,4.719,0,2.997553
OT01V1534352440,1776279363701.141,outbound-rtp,COT01_45_level-idx=5;profile=0;tier=0,video,video,1534352440,T01,0,0,true,1,0,0,0,0,0,0,SV338,0,0,0,0,[object Object],bandwidth,0,0,0,r1,4225779776,0,0,0
OT01V348136763,1776279363701.141,outbound-rtp,COT01_45_level-idx=5;profile=0;tier=0,video,video,348136763,T01,0,1,true,2,0,0,0,283,0,0,SV338,0,0,0,0,[object Object],bandwidth,0,0,0,r2,1753397338,0,0,0
OT01V915022925,1776279363701.141,outbound-rtp,COT01_45_level-idx=5;profile=0;tier=0,video,video,915022925,T01,292028,1003,true,0,0,257,257,178123,2,2,SV338,0,0,0,1,[object Object],bandwidth,0,0,0,r0,3068579184,4.827,0,3.031932
OT01V1534352440,1776279363701.141,outbound-rtp,COT01_45_level-idx=5;profile=0;tier=0,video,video,1534352440,T01,0,0,true,1,0,0,0,0,0,0,SV338,0,0,0,0,[object Object],bandwidth,0,0,0,r1,4225779776,0,0,0
OT01V348136763,1776279363701.141,outbound-rtp,COT01_45_level-idx=5;profile=0;tier=0,video,video,348136763,T01,0,1,true,2,0,0,0,283,0,0,SV338,0,0,0,0,[object Object],bandwidth,0,0,0,r2,1753397338,0,0,0
OT01V915022925,1776279363701.141,outbound-rtp,COT01_45_level-idx=5;profile=0;tier=0,video,video,915022925,T01,292028,1003,true,0,0,257,257,178123,2,2,SV338,0,0,0,1,[object Object],bandwidth,0,0,0,r0,3068579184,4.827,0,3.031932
OT01V1534352440,1776279363901,outbound-rtp,COT01_45_level-idx=5;profile=0;tier=0,video,video,1534352440,T01,0,0,true,1,0,0,0,0,0,0,SV338,0,0,0,0,[object Object],bandwidth,0,0,0,r1,4225779776,0,0,0
OT01V348136763,1776279363901,outbound-rtp,COT01_45_level-idx=5;profile=0;tier=0,video,video,348136763,T01,0,1,true,2,0,0,0,283,0,0,SV338,0,0,0,0,[object Object],bandwidth,0,0,0,r2,1753397338,0,0,0
OT01V915022925,1776279363901,outbound-rtp,COT01_45_level-idx=5;profile=0;tier=0,video,video,915022925,T01,306372,1020,true,0,0,262,262,178599,2,2,SV338,0,0,0,1,[object Object],bandwidth,0,0,0,r0,3068579184,4.91,0,3.031946
OT01V1534352440,1776279363901,outbound-rtp,COT01_45_level-idx=5;profile=0;tier=0,video,video,1534352440,T01,0,0,true,1,0,0,0,0,0,0,SV338,0,0,0,0,[object Object],bandwidth,0,0,0,r1,4225779776,0,0,0
OT01V348136763,1776279363901,outbound-rtp,COT01_45_level-idx=5;profile=0;tier=0,video,video,348136763,T01,0,1,true,2,0,0,0,283,0,0,SV338,0,0,0,0,[object Object],bandwidth,0,0,0,r2,1753397338,0,0,0
OT01V915022925,1776279363901,outbound-rtp,COT01_45_level-idx=5;profile=0;tier=0,video,video,915022925,T01,306372,1020,true,0,0,262,262,178599,2,2,SV338,0,0,0,1,[object Object],bandwidth,0,0,0,r0,3068579184,4.91,0,3.031946
OT01V1534352440,1776279364101.132,outbound-rtp,COT01_45_level-idx=5;profile=0;tier=0,video,video,1534352440,T01,0,0,true,1,0,0,0,0,0,0,SV338,0,0,0,0,[object Object],bandwidth,0,0,0,r1,4225779776,0,0,0
OT01V348136763,1776279364101.132,outbound-rtp,COT01_45_level-idx=5;profile=0;tier=0,video,video,348136763,T01,0,1,true,2,0,0,0,283,0,0,SV338,0,0,0,0,[object Object],bandwidth,0,0,0,r2,1753397338,0,0,0
OT01V915022925,1776279364101.132,outbound-rtp,COT01_45_level-idx=5;profile=0;tier=0,video,video,915022925,T01,320868,1037,true,0,0,268,268,179075,2,2,SV338,0,0,0,1,[object Object],bandwidth,0,0,0,r0,3068579184,5.017,0,3.031961
OT01V1534352440,1776279364101.132,outbound-rtp,COT01_45_level-idx=5;profile=0;tier=0,video,video,1534352440,T01,0,0,true,1,0,0,0,0,0,0,SV338,0,0,0,0,[object Object],bandwidth,0,0,0,r1,4225779776,0,0,0
OT01V348136763,1776279364101.132,outbound-rtp,COT01_45_level-idx=5;profile=0;tier=0,video,video,348136763,T01,0,1,true,2,0,0,0,283,0,0,SV338,0,0,0,0,[object Object],bandwidth,0,0,0,r2,1753397338,0,0,0
OT01V915022925,1776279364101.132,outbound-rtp,COT01_45_level-idx=5;profile=0;tier=0,video,video,915022925,T01,320868,1037,true,0,0,268,268,179075,2,2,SV338,0,0,0,1,[object Object],bandwidth,0,0,0,r0,3068579184,5.017,0,3.031961
OT01V1534352440,1776279364301.067,outbound-rtp,COT01_45_level-idx=5;profile=0;tier=0,video,video,1534352440,T01,0,0,true,1,0,0,0,0,0,0,SV338,0,0,0,0,[object Object],bandwidth,0,0,0,r1,4225779776,0,0,0
OT01V348136763,1776279364301.067,outbound-rtp,COT01_45_level-idx=5;profile=0;tier=0,video,video,348136763,T01,0,1,true,2,0,0,0,283,0,0,SV338,0,0,0,0,[object Object],bandwidth,0,0,0,r2,1753397338,0,0,0
OT01V915022925,1776279364301.067,outbound-rtp,COT01_45_level-idx=5;profile=0;tier=0,video,video,915022925,T01,335954,1054,true,0,0,274,274,179551,2,2,SV338,0,0,0,1,[object Object],bandwidth,0,0,0,r0,3068579184,5.123,0,3.0319749999999996
OT01V1534352440,1776279364301.067,outbound-rtp,COT01_45_level-idx=5;profile=0;tier=0,video,video,1534352440,T01,0,0,true,1,0,0,0,0,0,0,SV338,0,0,0,0,[object Object],bandwidth,0,0,0,r1,4225779776,0,0,0
OT01V348136763,1776279364301.067,outbound-rtp,COT01_45_level-idx=5;profile=0;tier=0,video,video,348136763,T01,0,1,true,2,0,0,0,283,0,0,SV338,0,0,0,0,[object Object],bandwidth,0,0,0,r2,1753397338,0,0,0
OT01V915022925,1776279364301.067,outbound-rtp,COT01_45_level-idx=5;profile=0;tier=0,video,video,915022925,T01,335954,1054,true,0,0,274,274,179551,2,2,SV338,0,0,0,1,[object Object],bandwidth,0,0,0,r0,3068579184,5.123,0,3.0319749999999996
OT01V1534352440,1776279364501.024,outbound-rtp,COT01_45_level-idx=5;profile=0;tier=0,video,video,1534352440,T01,0,0,true,1,0,0,0,0,0,0,SV338,0,0,0,0,[object Object],bandwidth,0,0,0,r1,4225779776,0,0,0
OT01V348136763,1776279364501.024,outbound-rtp,COT01_45_level-idx=5;profile=0;tier=0,video,video,348136763,T01,0,1,true,2,0,0,0,283,0,0,SV338,0,0,0,0,[object Object],bandwidth,0,0,0,r2,1753397338,0,0,0
OT01V915022925,1776279364501.024,outbound-rtp,COT01_45_level-idx=5;profile=0;tier=0,video,video,915022925,T01,349937,1070,true,0,0,280,280,179999,2,2,SV338,0,0,0,1,[object Object],bandwidth,0,0,0,r0,3068579184,5.225,0,3.03198
OT01V1534352440,1776279364501.024,outbound-rtp,COT01_45_level-idx=5;profile=0;tier=0,video,video,1534352440,T01,0,0,true,1,0,0,0,0,0,0,SV338,0,0,0,0,[object Object],bandwidth,0,0,0,r1,4225779776,0,0,0
OT01V348136763,1776279364501.024,outbound-rtp,COT01_45_level-idx=5;profile=0;tier=0,video,video,348136763,T01,0,1,true,2,0,0,0,283,0,0,SV338,0,0,0,0,[object Object],bandwidth,0,0,0,r2,1753397338,0,0,0
OT01V915022925,1776279364501.024,outbound-rtp,COT01_45_level-idx=5;profile=0;tier=0,video,video,915022925,T01,349937,1070,true,0,0,280,280,179999,2,2,SV338,0,0,0,1,[object Object],bandwidth,0,0,0,r0,3068579184,5.225,0,3.03198
OT01V1534352440,1776279364701.148,outbound-rtp,COT01_45_level-idx=5;profile=0;tier=0,video,video,1534352440,T01,0,0,true,1,0,0,0,0,0,0,SV338,0,0,0,0,[object Object],bandwidth,0,0,0,r1,4225779776,0,0,0
OT01V348136763,1776279364701.148,outbound-rtp,COT01_45_level-idx=5;profile=0;tier=0,video,video,348136763,T01,0,1,true,2,0,0,0,283,0,0,SV338,0,0,0,0,[object Object],bandwidth,0,0,0,r2,1753397338,0,0,0
OT01V915022925,1776279364701.148,outbound-rtp,COT01_45_level-idx=5;profile=0;tier=0,video,video,915022925,T01,365390,1087,true,0,0,285,285,180475,2,2,SV338,0,0,0,1,[object Object],bandwidth,0,0,0,r0,3068579184,5.272,0,3.0319819999999997
OT01V1534352440,1776279364701.148,outbound-rtp,COT01_45_level-idx=5;profile=0;tier=0,video,video,1534352440,T01,0,0,true,1,0,0,0,0,0,0,SV338,0,0,0,0,[object Object],bandwidth,0,0,0,r1,4225779776,0,0,0
OT01V348136763,1776279364701.148,outbound-rtp,COT01_45_level-idx=5;profile=0;tier=0,video,video,348136763,T01,0,1,true,2,0,0,0,283,0,0,SV338,0,0,0,0,[object Object],bandwidth,0,0,0,r2,1753397338,0,0,0
OT01V915022925,1776279364701.148,outbound-rtp,COT01_45_level-idx=5;profile=0;tier=0,video,video,915022925,T01,365390,1087,true,0,0,285,285,180475,2,2,SV338,0,0,0,1,[object Object],bandwidth,0,0,0,r0,3068579184,5.272,0,3.0319819999999997
OT01V1534352440,1776279364901.117,outbound-rtp,COT01_45_level-idx=5;profile=0;tier=0,video,video,1534352440,T01,0,0,true,1,0,0,0,0,0,0,SV338,0,0,0,0,[object Object],bandwidth,0,0,0,r1,4225779776,0,0,0
OT01V348136763,1776279364901.117,outbound-rtp,COT01_45_level-idx=5;profile=0;tier=0,video,video,348136763,T01,0,1,true,2,0,0,0,283,0,0,SV338,0,0,0,0,[object Object],bandwidth,0,0,0,r2,1753397338,0,0,0
OT01V915022925,1776279364901.117,outbound-rtp,COT01_45_level-idx=5;profile=0;tier=0,video,video,915022925,T01,382515,1106,true,0,0,291,291,181007,2,2,SV338,0,0,0,1,[object Object],bandwidth,0,0,0,r0,3068579184,5.386,0,3.032003
OT01V1534352440,1776279364901.117,outbound-rtp,COT01_45_level-idx=5;profile=0;tier=0,video,video,1534352440,T01,0,0,true,1,0,0,0,0,0,0,SV338,0,0,0,0,[object Object],bandwidth,0,0,0,r1,4225779776,0,0,0
OT01V348136763,1776279364901.117,outbound-rtp,COT01_45_level-idx=5;profile=0;tier=0,video,video,348136763,T01,0,1,true,2,0,0,0,283,0,0,SV338,0,0,0,0,[object Object],bandwidth,0,0,0,r2,1753397338,0,0,0
OT01V915022925,1776279364901.117,outbound-rtp,COT01_45_level-idx=5;profile=0;tier=0,video,video,915022925,T01,382515,1106,true,0,0,291,291,181007,2,2,SV338,0,0,0,1,[object Object],bandwidth,0,0,0,r0,3068579184,5.386,0,3.032003
OT01V1534352440,1776279365101.294,outbound-rtp,COT01_45_level-idx=5;profile=0;tier=0,video,video,1534352440,T01,0,0,true,1,0,0,0,0,0,0,SV338,0,0,0,0,[object Object],bandwidth,0,0,0,r1,4225779776,0,0,0
OT01V348136763,1776279365101.294,outbound-rtp,COT01_45_level-idx=5;profile=0;tier=0,video,video,348136763,T01,0,1,true,2,0,0,0,283,0,0,SV338,0,0,0,0,[object Object],bandwidth,0,0,0,r2,1753397338,0,0,0
OT01V915022925,1776279365101.294,outbound-rtp,COT01_45_level-idx=5;profile=0;tier=0,video,video,915022925,T01,396728,1121,true,0,0,297,297,181427,2,2,SV338,0,0,0,1,[object Object],bandwidth,0,0,0,r0,3068579184,5.495,0,3.032008
OT01V1534352440,1776279365101.294,outbound-rtp,COT01_45_level-idx=5;profile=0;tier=0,video,video,1534352440,T01,0,0,true,1,0,0,0,0,0,0,SV338,0,0,0,0,[object Object],bandwidth,0,0,0,r1,4225779776,0,0,0
OT01V348136763,1776279365101.294,outbound-rtp,COT01_45_level-idx=5;profile=0;tier=0,video,video,348136763,T01,0,1,true,2,0,0,0,283,0,0,SV338,0,0,0,0,[object Object],bandwidth,0,0,0,r2,1753397338,0,0,0
OT01V915022925,1776279365101.294,outbound-rtp,COT01_45_level-idx=5;profile=0;tier=0,video,video,915022925,T01,396728,1121,true,0,0,297,297,181427,2,2,SV338,0,0,0,1,[object Object],bandwidth,0,0,0,r0,3068579184,5.495,0,3.032008
OT01V1534352440,1776279365301.13,outbound-rtp,COT01_45_level-idx=5;profile=0;tier=0,video,video,1534352440,T01,0,0,true,1,0,0,0,0,0,0,SV338,0,0,0,0,[object Object],bandwidth,0,0,0,r1,4225779776,0,0,0
OT01V348136763,1776279365301.13,outbound-rtp,COT01_45_level-idx=5;profile=0;tier=0,video,video,348136763,T01,0,1,true,2,0,0,0,283,0,0,SV338,0,0,0,0,[object Object],bandwidth,0,0,0,r2,1753397338,0,0,0
OT01V915022925,1776279365301.13,outbound-rtp,COT01_45_level-idx=5;profile=0;tier=0,video,video,915022925,T01,412204,1137,true,0,0,302,302,181875,2,2,SV338,0,0,0,1,[object Object],bandwidth,0,0,0,r0,3068579184,5.585,0,3.032012
OT01V1534352440,1776279365301.13,outbound-rtp,COT01_45_level-idx=5;profile=0;tier=0,video,video,1534352440,T01,0,0,true,1,0,0,0,0,0,0,SV338,0,0,0,0,[object Object],bandwidth,0,0,0,r1,4225779776,0,0,0
OT01V348136763,1776279365301.13,outbound-rtp,COT01_45_level-idx=5;profile=0;tier=0,video,video,348136763,T01,0,1,true,2,0,0,0,283,0,0,SV338,0,0,0,0,[object Object],bandwidth,0,0,0,r2,1753397338,0,0,0
OT01V915022925,1776279365301.13,outbound-rtp,COT01_45_level-idx=5;profile=0;tier=0,video,video,915022925,T01,412204,1137,true,0,0,302,302,181875,2,2,SV338,0,0,0,1,[object Object],bandwidth,0,0,0,r0,3068579184,5.585,0,3.032012
OT01V1534352440,1776279365501.196,outbound-rtp,COT01_45_level-idx=5;profile=0;tier=0,video,video,1534352440,T01,0,0,true,1,0,0,0,0,0,0,SV338,0,0,0,0,[object Object],bandwidth,0,0,0,r1,4225779776,0,0,0
OT01V348136763,1776279365501.196,outbound-rtp,COT01_45_level-idx=5;profile=0;tier=0,video,video,348136763,T01,0,1,true,2,0,0,0,283,0,0,SV338,0,0,0,0,[object Object],bandwidth,0,0,0,r2,1753397338,0,0,0
OT01V915022925,1776279365501.196,outbound-rtp,COT01_45_level-idx=5;profile=0;tier=0,video,video,915022925,T01,428524,1154,true,0,0,307,307,182351,2,2,SV338,0,0,0,1,[object Object],bandwidth,0,0,0,r0,3068579184,5.681,0,3.032032
OT01V1534352440,1776279365501.196,outbound-rtp,COT01_45_level-idx=5;profile=0;tier=0,video,video,1534352440,T01,0,0,true,1,0,0,0,0,0,0,SV338,0,0,0,0,[object Object],bandwidth,0,0,0,r1,4225779776,0,0,0
OT01V348136763,1776279365501.196,outbound-rtp,COT01_45_level-idx=5;profile=0;tier=0,video,video,348136763,T01,0,1,true,2,0,0,0,283,0,0,SV338,0,0,0,0,[object Object],bandwidth,0,0,0,r2,1753397338,0,0,0
OT01V915022925,1776279365501.196,outbound-rtp,COT01_45_level-idx=5;profile=0;tier=0,video,video,915022925,T01,428524,1154,true,0,0,307,307,182351,2,2,SV338,0,0,0,1,[object Object],bandwidth,0,0,0,r0,3068579184,5.681,0,3.032032
OT01V1534352440,1776279365701.023,outbound-rtp,COT01_45_level-idx=5;profile=0;tier=0,video,video,1534352440,T01,0,0,true,1,0,0,0,0,0,0,SV338,0,0,0,0,[object Object],bandwidth,0,0,0,r1,4225779776,0,0,0
OT01V348136763,1776279365701.023,outbound-rtp,COT01_45_level-idx=5;profile=0;tier=0,video,video,348136763,T01,0,1,true,2,0,0,0,283,0,0,SV338,0,0,0,0,[object Object],bandwidth,0,0,0,r2,1753397338,0,0,0
OT01V915022925,1776279365701.023,outbound-rtp,COT01_45_level-idx=5;profile=0;tier=0,video,video,915022925,T01,444584,1173,true,0,0,314,314,182883,2,2,SV338,0,0,0,1,[object Object],bandwidth,0,0,0,r0,3068579184,5.823,0,3.032046
OT01V1534352440,1776279365701.023,outbound-rtp,COT01_45_level-idx=5;profile=0;tier=0,video,video,1534352440,T01,0,0,true,1,0,0,0,0,0,0,SV338,0,0,0,0,[object Object],bandwidth,0,0,0,r1,4225779776,0,0,0
OT01V348136763,1776279365701.023,outbound-rtp,COT01_45_level-idx=5;profile=0;tier=0,video,video,348136763,T01,0,1,true,2,0,0,0,283,0,0,SV338,0,0,0,0,[object Object],bandwidth,0,0,0,r2,1753397338,0,0,0
OT01V915022925,1776279365701.023,outbound-rtp,COT01_45_level-idx=5;profile=0;tier=0,video,video,915022925,T01,444584,1173,true,0,0,314,314,182883,2,2,SV338,0,0,0,1,[object Object],bandwidth,0,0,0,r0,3068579184,5.823,0,3.032046
OT01V1534352440,1776279365901.054,outbound-rtp,COT01_45_level-idx=5;profile=0;tier=0,video,video,1534352440,T01,4524,4,true,1,0,3,3,152,3,1,SV338,0,0,0,0,[object Object],bandwidth,1,0,0,r1,4225779776,0,0,0.164039
OT01V348136763,1776279365901.054,outbound-rtp,COT01_45_level-idx=5;profile=0;tier=0,video,video,348136763,T01,0,1,true,2,0,0,0,283,0,0,SV338,0,0,0,0,[object Object],bandwidth,1,0,0,r2,1753397338,0,0,0
OT01V915022925,1776279365901.054,outbound-rtp,COT01_45_level-idx=5;profile=0;tier=0,video,video,915022925,T01,460506,1189,true,0,0,320,320,183363,4,3,SV338,0,0,0,1,[object Object],bandwidth,1,0,0,r0,3068579184,5.91,0,3.21947
OT01V1534352440,1776279365901.054,outbound-rtp,COT01_45_level-idx=5;profile=0;tier=0,video,video,1534352440,T01,4524,4,true,1,0,3,3,152,3,1,SV338,0,0,0,0,[object Object],bandwidth,1,0,0,r1,4225779776,0,0,0.164039
OT01V348136763,1776279365901.054,outbound-rtp,COT01_45_level-idx=5;profile=0;tier=0,video,video,348136763,T01,0,1,true,2,0,0,0,283,0,0,SV338,0,0,0,0,[object Object],bandwidth,1,0,0,r2,1753397338,0,0,0
OT01V915022925,1776279365901.054,outbound-rtp,COT01_45_level-idx=5;profile=0;tier=0,video,video,915022925,T01,460506,1189,true,0,0,320,320,183363,4,3,SV338,0,0,0,1,[object Object],bandwidth,1,0,0,r0,3068579184,5.91,0,3.21947
OT01V1534352440,1776279366101.136,outbound-rtp,COT01_45_level-idx=5;profile=0;tier=0,video,video,1534352440,T01,14036,13,true,1,0,7,7,448,7,1,SV338,0,0,0,0,[object Object],bandwidth,1,0,0,r1,4225779776,0,0,1.748575
OT01V348136763,1776279366101.136,outbound-rtp,COT01_45_level-idx=5;profile=0;tier=0,video,video,348136763,T01,0,1,true,2,0,0,0,283,0,0,SV338,0,0,0,0,[object Object],bandwidth,1,0,0,r2,1753397338,0,0,0
OT01V915022925,1776279366101.136,outbound-rtp,COT01_45_level-idx=5;profile=0;tier=0,video,video,915022925,T01,467581,1198,true,0,0,324,324,183651,4,3,SV338,0,0,0,1,[object Object],bandwidth,1,0,0,r0,3068579184,5.962,0,4.20235
OT01V1534352440,1776279366101.136,outbound-rtp,COT01_45_level-idx=5;profile=0;tier=0,video,video,1534352440,T01,14036,13,true,1,0,7,7,448,7,1,SV338,0,0,0,0,[object Object],bandwidth,1,0,0,r1,4225779776,0,0,1.748575
OT01V348136763,1776279366101.136,outbound-rtp,COT01_45_level-idx=5;profile=0;tier=0,video,video,348136763,T01,0,1,true,2,0,0,0,283,0,0,SV338,0,0,0,0,[object Object],bandwidth,1,0,0,r2,1753397338,0,0,0
OT01V915022925,1776279366101.136,outbound-rtp,COT01_45_level-idx=5;profile=0;tier=0,video,video,915022925,T01,467581,1198,true,0,0,324,324,183651,4,3,SV338,0,0,0,1,[object Object],bandwidth,1,0,0,r0,3068579184,5.962,0,4.20235
OT01V1534352440,1776279366300.964,outbound-rtp,COT01_45_level-idx=5;profile=0;tier=0,video,video,1534352440,T01,25201,25,true,1,0,10,10,880,9,1,SV338,0,0,0,0,[object Object],bandwidth,1,0,0,r1,4225779776,0.03,0,3.929341
OT01V348136763,1776279366300.964,outbound-rtp,COT01_45_level-idx=5;profile=0;tier=0,video,video,348136763,T01,0,1,true,2,0,0,0,283,0,0,SV338,0,0,0,0,[object Object],bandwidth,1,0,0,r2,1753397338,0,0,0
OT01V915022925,1776279366300.964,outbound-rtp,COT01_45_level-idx=5;profile=0;tier=0,video,video,915022925,T01,473284,1206,true,0,0,329,329,183895,4,3,SV338,0,0,0,1,[object Object],bandwidth,1,0,0,r0,3068579184,6.036,0,4.408609
OT01V1534352440,1776279366300.964,outbound-rtp,COT01_45_level-idx=5;profile=0;tier=0,video,video,1534352440,T01,25201,25,true,1,0,10,10,880,9,1,SV338,0,0,0,0,[object Object],bandwidth,1,0,0,r1,4225779776,0.03,0,3.929341
OT01V348136763,1776279366300.964,outbound-rtp,COT01_45_level-idx=5;profile=0;tier=0,video,video,348136763,T01,0,1,true,2,0,0,0,283,0,0,SV338,0,0,0,0,[object Object],bandwidth,1,0,0,r2,1753397338,0,0,0
OT01V915022925,1776279366300.964,outbound-rtp,COT01_45_level-idx=5;profile=0;tier=0,video,video,915022925,T01,473284,1206,true,0,0,329,329,183895,4,3,SV338,0,0,0,1,[object Object],bandwidth,1,0,0,r0,3068579184,6.036,0,4.408609
OT01V1534352440,1776279366501.063,outbound-rtp,COT01_45_level-idx=5;profile=0;tier=0,video,video,1534352440,T01,41683,41,true,1,0,12,12,1456,10,1,SV338,0,0,0,0,[object Object],bandwidth,1,0,0,r1,4225779776,0.047,0,5.274432
OT01V348136763,1776279366501.063,outbound-rtp,COT01_45_level-idx=5;profile=0;tier=0,video,video,348136763,T01,0,1,true,2,0,0,0,283,0,0,SV338,0,0,0,0,[object Object],bandwidth,1,0,0,r2,1753397338,0,0,0
OT01V915022925,1776279366501.063,outbound-rtp,COT01_45_level-idx=5;profile=0;tier=0,video,video,915022925,T01,478554,1214,true,0,0,334,334,184139,4,3,SV338,0,0,0,1,[object Object],bandwidth,1,0,0,r0,3068579184,6.107,0,4.502681
OT01V1534352440,1776279366501.063,outbound-rtp,COT01_45_level-idx=5;profile=0;tier=0,video,video,1534352440,T01,41683,41,true,1,0,12,12,1456,10,1,SV338,0,0,0,0,[object Object],bandwidth,1,0,0,r1,4225779776,0.047,0,5.274432
OT01V348136763,1776279366501.063,outbound-rtp,COT01_45_level-idx=5;profile=0;tier=0,video,video,348136763,T01,0,1,true,2,0,0,0,283,0,0,SV338,0,0,0,0,[object Object],bandwidth,1,0,0,r2,1753397338,0,0,0
OT01V915022925,1776279366501.063,outbound-rtp,COT01_45_level-idx=5;profile=0;tier=0,video,video,915022925,T01,478554,1214,true,0,0,334,334,184139,4,3,SV338,0,0,0,1,[object Object],bandwidth,1,0,0,r0,3068579184,6.107,0,4.502681
OT01V1534352440,1776279366701.18,outbound-rtp,COT01_45_level-idx=5;profile=0;tier=0,video,video,1534352440,T01,49191,49,true,1,0,16,16,1744,14,1,SV338,0,0,0,0,[object Object],bandwidth,1,0,0,r1,4225779776,0.047,0,5.316527
OT01V348136763,1776279366701.18,outbound-rtp,COT01_45_level-idx=5;profile=0;tier=0,video,video,348136763,T01,0,1,true,2,0,0,0,283,0,0,SV338,0,0,0,0,[object Object],bandwidth,1,0,0,r2,1753397338,0,0,0
OT01V915022925,1776279366701.18,outbound-rtp,COT01_45_level-idx=5;profile=0;tier=0,video,video,915022925,T01,488020,1225,true,0,0,340,340,184479,6,3,SV338,0,0,0,1,[object Object],bandwidth,1,0,0,r0,3068579184,6.2,0,4.6614439999999995
OT01V1534352440,1776279366701.18,outbound-rtp,COT01_45_level-idx=5;profile=0;tier=0,video,video,1534352440,T01,49191,49,true,1,0,16,16,1744,14,1,SV338,0,0,0,0,[object Object],bandwidth,1,0,0,r1,4225779776,0.047,0,5.316527
OT01V348136763,1776279366701.18,outbound-rtp,COT01_45_level-idx=5;profile=0;tier=0,video,video,348136763,T01,0,1,true,2,0,0,0,283,0,0,SV338,0,0,0,0,[object Object],bandwidth,1,0,0,r2,1753397338,0,0,0
OT01V915022925,1776279366701.18,outbound-rtp,COT01_45_level-idx=5;profile=0;tier=0,video,video,915022925,T01,488020,1225,true,0,0,340,340,184479,6,3,SV338,0,0,0,1,[object Object],bandwidth,1,0,0,r0,3068579184,6.2,0,4.6614439999999995
OT01V1534352440,1776279366901.142,outbound-rtp,COT01_45_level-idx=5;profile=0;tier=0,video,video,1534352440,T01,58411,58,true,1,0,20,20,2068,18,1,SV338,0,0,0,0,[object Object],bandwidth,1,0,0,r1,4225779776,0.059,0,5.8294369999999995
OT01V348136763,1776279366901.142,outbound-rtp,COT01_45_level-idx=5;profile=0;tier=0,video,video,348136763,T01,0,1,true,2,0,0,0,283,0,0,SV338,0,0,0,0,[object Object],bandwidth,1,0,0,r2,1753397338,0,0,0
OT01V915022925,1776279366901.142,outbound-rtp,COT01_45_level-idx=5;profile=0;tier=0,video,video,915022925,T01,497529,1236,true,0,0,344,344,184831,7,3,SV338,0,0,0,1,[object Object],bandwidth,1,0,0,r0,3068579184,6.252,0,5.2762459999999995
OT01V1534352440,1776279366901.142,outbound-rtp,COT01_45_level-idx=5;profile=0;tier=0,video,video,1534352440,T01,58411,58,true,1,0,20,20,2068,18,1,SV338,0,0,0,0,[object Object],bandwidth,1,0,0,r1,4225779776,0.059,0,5.8294369999999995
OT01V348136763,1776279366901.142,outbound-rtp,COT01_45_level-idx=5;profile=0;tier=0,video,video,348136763,T01,0,1,true,2,0,0,0,283,0,0,SV338,0,0,0,0,[object Object],bandwidth,1,0,0,r2,1753397338,0,0,0
OT01V915022925,1776279366901.142,outbound-rtp,COT01_45_level-idx=5;profile=0;tier=0,video,video,915022925,T01,497529,1236,true,0,0,344,344,184831,7,3,SV338,0,0,0,1,[object Object],bandwidth,1,0,0,r0,3068579184,6.252,0,5.2762459999999995
OT01V1534352440,1776279367101.061,outbound-rtp,COT01_45_level-idx=5;profile=0;tier=0,video,video,1534352440,T01,73915,75,true,1,0,24,24,2624,22,1,SV338,0,0,0,0,[object Object],bandwidth,1,0,0,r1,4225779776,0.091,0,6.314101
OT01V348136763,1776279367101.061,outbound-rtp,COT01_45_level-idx=5;profile=0;tier=0,video,video,348136763,T01,0,1,true,2,0,0,0,283,0,0,SV338,0,0,0,0,[object Object],bandwidth,1,0,0,r2,1753397338,0,0,0
OT01V915022925,1776279367101.061,outbound-rtp,COT01_45_level-idx=5;profile=0;tier=0,video,video,915022925,T01,502407,1244,true,0,0,348,348,185087,8,3,SV338,0,0,0,1,[object Object],bandwidth,1,0,0,r0,3068579184,6.316,0,5.373244
OT01V1534352440,1776279367101.061,outbound-rtp,COT01_45_level-idx=5;profile=0;tier=0,video,video,1534352440,T01,73915,75,true,1,0,24,24,2624,22,1,SV338,0,0,0,0,[object Object],bandwidth,1,0,0,r1,4225779776,0.091,0,6.314101
OT01V348136763,1776279367101.061,outbound-rtp,COT01_45_level-idx=5;profile=0;tier=0,video,video,348136763,T01,0,1,true,2,0,0,0,283,0,0,SV338,0,0,0,0,[object Object],bandwidth,1,0,0,r2,1753397338,0,0,0
OT01V915022925,1776279367101.061,outbound-rtp,COT01_45_level-idx=5;profile=0;tier=0,video,video,915022925,T01,502407,1244,true,0,0,348,348,185087,8,3,SV338,0,0,0,1,[object Object],bandwidth,1,0,0,r0,3068579184,6.316,0,5.373244
OT01V1534352440,1776279367300.992,outbound-rtp,COT01_45_level-idx=5;profile=0;tier=0,video,video,1534352440,T01,81609,83,true,1,0,28,28,2876,25,1,SV338,0,0,0,0,[object Object],bandwidth,1,0,0,r1,4225779776,0.138,0,6.314107
OT01V348136763,1776279367300.992,outbound-rtp,COT01_45_level-idx=5;profile=0;tier=0,video,video,348136763,T01,0,1,true,2,0,0,0,283,0,0,SV338,0,0,0,0,[object Object],bandwidth,1,0,0,r2,1753397338,0,0,0
OT01V915022925,1776279367300.992,outbound-rtp,COT01_45_level-idx=5;profile=0;tier=0,video,video,915022925,T01,505916,1248,true,0,0,350,350,185215,9,3,SV338,0,0,0,1,[object Object],bandwidth,1,0,0,r0,3068579184,6.335,0,5.373247999999999
OT01V1534352440,1776279367300.992,outbound-rtp,COT01_45_level-idx=5;profile=0;tier=0,video,video,1534352440,T01,81609,83,true,1,0,28,28,2876,25,1,SV338,0,0,0,0,[object Object],bandwidth,1,0,0,r1,4225779776,0.138,0,6.314107
OT01V348136763,1776279367300.992,outbound-rtp,COT01_45_level-idx=5;profile=0;tier=0,video,video,348136763,T01,0,1,true,2,0,0,0,283,0,0,SV338,0,0,0,0,[object Object],bandwidth,1,0,0,r2,1753397338,0,0,0
OT01V915022925,1776279367300.992,outbound-rtp,COT01_45_level-idx=5;profile=0;tier=0,video,video,915022925,T01,505916,1248,true,0,0,350,350,185215,9,3,SV338,0,0,0,1,[object Object],bandwidth,1,0,0,r0,3068579184,6.335,0,5.373247999999999
OT01V1534352440,1776279367501.068,outbound-rtp,COT01_45_level-idx=5;profile=0;tier=0,video,video,1534352440,T01,92718,95,true,1,0,32,32,3256,28,1,SV338,0,0,0,0,[object Object],bandwidth,1,0,0,r1,4225779776,0.178,0,6.31412
OT01V348136763,1776279367501.068,outbound-rtp,COT01_45_level-idx=5;profile=0;tier=0,video,video,348136763,T01,0,1,true,2,0,0,0,283,0,0,SV338,0,0,0,0,[object Object],bandwidth,1,0,0,r2,1753397338,0,0,0
OT01V915022925,1776279367501.068,outbound-rtp,COT01_45_level-idx=5;profile=0;tier=0,video,video,915022925,T01,511973,1256,true,0,0,354,354,185471,9,3,SV338,0,0,0,1,[object Object],bandwidth,1,0,0,r0,3068579184,6.381,0,5.3732489999999995
OT01V1534352440,1776279367501.068,outbound-rtp,COT01_45_level-idx=5;profile=0;tier=0,video,video,1534352440,T01,92718,95,true,1,0,32,32,3256,28,1,SV338,0,0,0,0,[object Object],bandwidth,1,0,0,r1,4225779776,0.178,0,6.31412
OT01V348136763,1776279367501.068,outbound-rtp,COT01_45_level-idx=5;profile=0;tier=0,video,video,348136763,T01,0,1,true,2,0,0,0,283,0,0,SV338,0,0,0,0,[object Object],bandwidth,1,0,0,r2,1753397338,0,0,0
OT01V915022925,1776279367501.068,outbound-rtp,COT01_45_level-idx=5;profile=0;tier=0,video,video,915022925,T01,511973,1256,true,0,0,354,354,185471,9,3,SV338,0,0,0,1,[object Object],bandwidth,1,0,0,r0,3068579184,6.381,0,5.3732489999999995
OT01V1534352440,1776279367701.093,outbound-rtp,COT01_45_level-idx=5;profile=0;tier=0,video,video,1534352440,T01,106226,109,true,1,0,36,36,3720,31,1,SV338,0,0,0,0,[object Object],bandwidth,1,0,0,r1,4225779776,0.198,0,6.348076
OT01V348136763,1776279367701.093,outbound-rtp,COT01_45_level-idx=5;profile=0;tier=0,video,video,348136763,T01,0,1,true,2,0,0,0,283,0,0,SV338,0,0,0,0,[object Object],bandwidth,1,0,0,r2,1753397338,0,0,0
OT01V915022925,1776279367701.093,outbound-rtp,COT01_45_level-idx=5;profile=0;tier=0,video,video,915022925,T01,515706,1261,true,0,0,357,357,185631,9,3,SV338,0,0,0,1,[object Object],bandwidth,1,0,0,r0,3068579184,6.416,0,5.379833
OT01V1534352440,1776279367701.093,outbound-rtp,COT01_45_level-idx=5;profile=0;tier=0,video,video,1534352440,T01,106226,109,true,1,0,36,36,3720,31,1,SV338,0,0,0,0,[object Object],bandwidth,1,0,0,r1,4225779776,0.198,0,6.348076
OT01V348136763,1776279367701.093,outbound-rtp,COT01_45_level-idx=5;profile=0;tier=0,video,video,348136763,T01,0,1,true,2,0,0,0,283,0,0,SV338,0,0,0,0,[object Object],bandwidth,1,0,0,r2,1753397338,0,0,0
OT01V915022925,1776279367701.093,outbound-rtp,COT01_45_level-idx=5;profile=0;tier=0,video,video,915022925,T01,515706,1261,true,0,0,357,357,185631,9,3,SV338,0,0,0,1,[object Object],bandwidth,1,0,0,r0,3068579184,6.416,0,5.379833
OT01V1534352440,1776279367901.123,outbound-rtp,COT01_45_level-idx=5;profile=0;tier=0,video,video,1534352440,T01,114677,118,true,1,0,39,39,4016,33,1,SV338,0,0,0,0,[object Object],bandwidth,1,0,0,r1,4225779776,0.225,0,6.348083
OT01V348136763,1776279367901.123,outbound-rtp,COT01_45_level-idx=5;profile=0;tier=0,video,video,348136763,T01,0,1,true,2,0,0,0,283,0,0,SV338,0,0,0,0,[object Object],bandwidth,1,0,0,r2,1753397338,0,0,0
OT01V915022925,1776279367901.123,outbound-rtp,COT01_45_level-idx=5;profile=0;tier=0,video,video,915022925,T01,526880,1275,true,0,0,363,363,186079,9,3,SV338,0,0,0,1,[object Object],bandwidth,1,0,0,r0,3068579184,6.495,0,5.379833
OT01V1534352440,1776279367901.123,outbound-rtp,COT01_45_level-idx=5;profile=0;tier=0,video,video,1534352440,T01,114677,118,true,1,0,39,39,4016,33,1,SV338,0,0,0,0,[object Object],bandwidth,1,0,0,r1,4225779776,0.225,0,6.348083
OT01V348136763,1776279367901.123,outbound-rtp,COT01_45_level-idx=5;profile=0;tier=0,video,video,348136763,T01,0,1,true,2,0,0,0,283,0,0,SV338,0,0,0,0,[object Object],bandwidth,1,0,0,r2,1753397338,0,0,0
OT01V915022925,1776279367901.123,outbound-rtp,COT01_45_level-idx=5;profile=0;tier=0,video,video,915022925,T01,526880,1275,true,0,0,363,363,186079,9,3,SV338,0,0,0,1,[object Object],bandwidth,1,0,0,r0,3068579184,6.495,0,5.379833
OT01V1534352440,1776279368101.007,outbound-rtp,COT01_45_level-idx=5;profile=0;tier=0,video,video,1534352440,T01,127086,131,true,1,0,43,43,4432,37,1,SV338,0,0,0,0,[object Object],bandwidth,1,0,0,r1,4225779776,0.255,0,6.462611
OT01V348136763,1776279368101.007,outbound-rtp,COT01_45_level-idx=5;profile=0;tier=0,video,video,348136763,T01,0,1,true,2,0,0,0,283,0,0,SV338,0,0,0,0,[object Object],bandwidth,1,0,0,r2,1753397338,0,0,0
OT01V915022925,1776279368101.007,outbound-rtp,COT01_45_level-idx=5;profile=0;tier=0,video,video,915022925,T01,533721,1285,true,0,0,368,368,186399,9,3,SV338,0,0,0,1,[object Object],bandwidth,1,0,0,r0,3068579184,6.547,0,5.437145
OT01V1534352440,1776279368101.007,outbound-rtp,COT01_45_level-idx=5;profile=0;tier=0,video,video,1534352440,T01,127086,131,true,1,0,43,43,4432,37,1,SV338,0,0,0,0,[object Object],bandwidth,1,0,0,r1,4225779776,0.255,0,6.462611
OT01V348136763,1776279368101.007,outbound-rtp,COT01_45_level-idx=5;profile=0;tier=0,video,video,348136763,T01,0,1,true,2,0,0,0,283,0,0,SV338,0,0,0,0,[object Object],bandwidth,1,0,0,r2,1753397338,0,0,0
OT01V915022925,1776279368101.007,outbound-rtp,COT01_45_level-idx=5;profile=0;tier=0,video,video,915022925,T01,533721,1285,true,0,0,368,368,186399,9,3,SV338,0,0,0,1,[object Object],bandwidth,1,0,0,r0,3068579184,6.547,0,5.437145
OT01V1534352440,1776279368301.102,outbound-rtp,COT01_45_level-idx=5;profile=0;tier=0,video,video,1534352440,T01,136289,141,true,1,0,46,46,4756,39,1,SV338,0,0,0,0,[object Object],bandwidth,1,0,0,r1,4225779776,0.295,0,6.462624
OT01V348136763,1776279368301.102,outbound-rtp,COT01_45_level-idx=5;profile=0;tier=0,video,video,348136763,T01,0,1,true,2,0,0,0,283,0,0,SV338,0,0,0,0,[object Object],bandwidth,1,0,0,r2,1753397338,0,0,0
OT01V915022925,1776279368301.102,outbound-rtp,COT01_45_level-idx=5;profile=0;tier=0,video,video,915022925,T01,544167,1298,true,0,0,372,372,186811,9,3,SV338,0,0,0,1,[object Object],bandwidth,1,0,0,r0,3068579184,6.601,0,5.43715
OT01V1534352440,1776279368301.102,outbound-rtp,COT01_45_level-idx=5;profile=0;tier=0,video,video,1534352440,T01,136289,141,true,1,0,46,46,4756,39,1,SV338,0,0,0,0,[object Object],bandwidth,1,0,0,r1,4225779776,0.295,0,6.462624
OT01V348136763,1776279368301.102,outbound-rtp,COT01_45_level-idx=5;profile=0;tier=0,video,video,348136763,T01,0,1,true,2,0,0,0,283,0,0,SV338,0,0,0,0,[object Object],bandwidth,1,0,0,r2,1753397338,0,0,0
OT01V915022925,1776279368301.102,outbound-rtp,COT01_45_level-idx=5;profile=0;tier=0,video,video,915022925,T01,544167,1298,true,0,0,372,372,186811,9,3,SV338,0,0,0,1,[object Object],bandwidth,1,0,0,r0,3068579184,6.601,0,5.43715
OT01V1534352440,1776279368501.008,outbound-rtp,COT01_45_level-idx=5;profile=0;tier=0,video,video,1534352440,T01,154755,158,true,1,0,49,49,5292,42,2,SV338,0,0,0,1,[object Object],bandwidth,1,0,0,r1,4225779776,0.295,0,6.594805999999999
OT01V348136763,1776279368501.008,outbound-rtp,COT01_45_level-idx=5;profile=0;tier=0,video,video,348136763,T01,0,1,true,2,0,0,0,283,0,0,SV338,0,0,0,0,[object Object],bandwidth,1,0,0,r2,1753397338,0,0,0
OT01V915022925,1776279368501.008,outbound-rtp,COT01_45_level-idx=5;profile=0;tier=0,video,video,915022925,T01,550576,1306,true,0,0,376,376,187079,11,4,SV338,0,0,0,1,[object Object],bandwidth,1,0,0,r0,3068579184,6.662,0,5.467928
OT01V1534352440,1776279368501.008,outbound-rtp,COT01_45_level-idx=5;profile=0;tier=0,video,video,1534352440,T01,154755,158,true,1,0,49,49,5292,42,2,SV338,0,0,0,1,[object Object],bandwidth,1,0,0,r1,4225779776,0.295,0,6.594805999999999
OT01V348136763,1776279368501.008,outbound-rtp,COT01_45_level-idx=5;profile=0;tier=0,video,video,348136763,T01,0,1,true,2,0,0,0,283,0,0,SV338,0,0,0,0,[object Object],bandwidth,1,0,0,r2,1753397338,0,0,0
OT01V915022925,1776279368501.008,outbound-rtp,COT01_45_level-idx=5;profile=0;tier=0,video,video,915022925,T01,550576,1306,true,0,0,376,376,187079,11,4,SV338,0,0,0,1,[object Object],bandwidth,1,0,0,r0,3068579184,6.662,0,5.467928
OT01V1534352440,1776279368701.132,outbound-rtp,COT01_45_level-idx=5;profile=0;tier=0,video,video,1534352440,T01,165280,168,true,1,0,50,50,5608,43,2,SV338,0,0,0,1,[object Object],bandwidth,1,0,0,r1,4225779776,0.33,0,6.7386159999999995
OT01V348136763,1776279368701.132,outbound-rtp,COT01_45_level-idx=5;profile=0;tier=0,video,video,348136763,T01,0,1,true,2,0,0,0,283,0,0,SV338,0,0,0,0,[object Object],bandwidth,1,0,0,r2,1753397338,0,0,0
OT01V915022925,1776279368701.132,outbound-rtp,COT01_45_level-idx=5;profile=0;tier=0,video,video,915022925,T01,555520,1311,true,0,0,377,377,187239,11,4,SV338,0,0,0,1,[object Object],bandwidth,1,0,0,r0,3068579184,6.674,0,5.4679329999999995
OT01V1534352440,1776279368701.132,outbound-rtp,COT01_45_level-idx=5;profile=0;tier=0,video,video,1534352440,T01,165280,168,true,1,0,50,50,5608,43,2,SV338,0,0,0,1,[object Object],bandwidth,1,0,0,r1,4225779776,0.33,0,6.7386159999999995
OT01V348136763,1776279368701.132,outbound-rtp,COT01_45_level-idx=5;profile=0;tier=0,video,video,348136763,T01,0,1,true,2,0,0,0,283,0,0,SV338,0,0,0,0,[object Object],bandwidth,1,0,0,r2,1753397338,0,0,0
OT01V915022925,1776279368701.132,outbound-rtp,COT01_45_level-idx=5;profile=0;tier=0,video,video,915022925,T01,555520,1311,true,0,0,377,377,187239,11,4,SV338,0,0,0,1,[object Object],bandwidth,1,0,0,r0,3068579184,6.674,0,5.4679329999999995
OT01V1534352440,1776279368900.995,outbound-rtp,COT01_45_level-idx=5;profile=0;tier=0,video,video,1534352440,T01,176544,179,true,1,0,52,52,5960,44,2,SV338,0,0,0,1,[object Object],bandwidth,1,0,0,r1,4225779776,0.38,0,6.738620999999999
OT01V348136763,1776279368900.995,outbound-rtp,COT01_45_level-idx=5;profile=0;tier=0,video,video,348136763,T01,0,1,true,2,0,0,0,283,0,0,SV338,0,0,0,0,[object Object],bandwidth,1,0,0,r2,1753397338,0,0,0
OT01V915022925,1776279368900.995,outbound-rtp,COT01_45_level-idx=5;profile=0;tier=0,video,video,915022925,T01,565022,1322,true,0,0,379,379,187591,12,4,SV338,0,0,0,1,[object Object],bandwidth,1,0,0,r0,3068579184,6.701,0,5.467936
OT01V1534352440,1776279368900.995,outbound-rtp,COT01_45_level-idx=5;profile=0;tier=0,video,video,1534352440,T01,176544,179,true,1,0,52,52,5960,44,2,SV338,0,0,0,1,[object Object],bandwidth,1,0,0,r1,4225779776,0.38,0,6.738620999999999
OT01V348136763,1776279368900.995,outbound-rtp,COT01_45_level-idx=5;profile=0;tier=0,video,video,348136763,T01,0,1,true,2,0,0,0,283,0,0,SV338,0,0,0,0,[object Object],bandwidth,1,0,0,r2,1753397338,0,0,0
OT01V915022925,1776279368900.995,outbound-rtp,COT01_45_level-idx=5;profile=0;tier=0,video,video,915022925,T01,565022,1322,true,0,0,379,379,187591,12,4,SV338,0,0,0,1,[object Object],bandwidth,1,0,0,r0,3068579184,6.701,0,5.467936
OT01V1534352440,1776279369101.092,outbound-rtp,COT01_45_level-idx=5;profile=0;tier=0,video,video,1534352440,T01,197630,198,true,1,0,54,54,6568,45,2,SV338,0,0,0,1,[object Object],bandwidth,1,0,0,r1,4225779776,0.419,0,6.852981
OT01V348136763,1776279369101.092,outbound-rtp,COT01_45_level-idx=5;profile=0;tier=0,video,video,348136763,T01,0,1,true,2,0,0,0,283,0,0,SV338,0,0,0,0,[object Object],bandwidth,1,0,0,r2,1753397338,0,0,0
OT01V915022925,1776279369101.092,outbound-rtp,COT01_45_level-idx=5;profile=0;tier=0,video,video,915022925,T01,570140,1328,true,0,0,381,381,187783,13,4,SV338,0,0,0,1,[object Object],bandwidth,1,0,0,r0,3068579184,6.732,0,5.467938999999999
OT01V1534352440,1776279369101.092,outbound-rtp,COT01_45_level-idx=5;profile=0;tier=0,video,video,1534352440,T01,197630,198,true,1,0,54,54,6568,45,2,SV338,0,0,0,1,[object Object],bandwidth,1,0,0,r1,4225779776,0.419,0,6.852981
OT01V348136763,1776279369101.092,outbound-rtp,COT01_45_level-idx=5;profile=0;tier=0,video,video,348136763,T01,0,1,true,2,0,0,0,283,0,0,SV338,0,0,0,0,[object Object],bandwidth,1,0,0,r2,1753397338,0,0,0
OT01V915022925,1776279369101.092,outbound-rtp,COT01_45_level-idx=5;profile=0;tier=0,video,video,915022925,T01,570140,1328,true,0,0,381,381,187783,13,4,SV338,0,0,0,1,[object Object],bandwidth,1,0,0,r0,3068579184,6.732,0,5.467938999999999
OT01V1534352440,1776279369301.032,outbound-rtp,COT01_45_level-idx=5;profile=0;tier=0,video,video,1534352440,T01,207757,208,true,1,0,55,55,6888,46,2,SV338,0,0,0,1,[object Object],bandwidth,1,0,0,r1,4225779776,0.419,0,6.852986
OT01V348136763,1776279369301.032,outbound-rtp,COT01_45_level-idx=5;profile=0;tier=0,video,video,348136763,T01,0,1,true,2,0,0,0,283,0,0,SV338,0,0,0,0,[object Object],bandwidth,1,0,0,r2,1753397338,0,0,0
OT01V915022925,1776279369301.032,outbound-rtp,COT01_45_level-idx=5;profile=0;tier=0,video,video,915022925,T01,577177,1336,true,0,0,383,383,188039,13,4,SV338,0,0,0,1,[object Object],bandwidth,1,0,0,r0,3068579184,6.748,0,5.467938999999999
OT01V1534352440,1776279369301.032,outbound-rtp,COT01_45_level-idx=5;profile=0;tier=0,video,video,1534352440,T01,207757,208,true,1,0,55,55,6888,46,2,SV338,0,0,0,1,[object Object],bandwidth,1,0,0,r1,4225779776,0.419,0,6.852986
OT01V348136763,1776279369301.032,outbound-rtp,COT01_45_level-idx=5;profile=0;tier=0,video,video,348136763,T01,0,1,true,2,0,0,0,283,0,0,SV338,0,0,0,0,[object Object],bandwidth,1,0,0,r2,1753397338,0,0,0
OT01V915022925,1776279369301.032,outbound-rtp,COT01_45_level-idx=5;profile=0;tier=0,video,video,915022925,T01,577177,1336,true,0,0,383,383,188039,13,4,SV338,0,0,0,1,[object Object],bandwidth,1,0,0,r0,3068579184,6.748,0,5.467938999999999
OT01V1534352440,1776279369500.996,outbound-rtp,COT01_45_level-idx=5;profile=0;tier=0,video,video,1534352440,T01,226625,226,true,1,0,58,58,7464,48,2,SV338,0,0,0,1,[object Object],bandwidth,1,0,0,r1,4225779776,0.441,0,6.852995
OT01V348136763,1776279369500.996,outbound-rtp,COT01_45_level-idx=5;profile=0;tier=0,video,video,348136763,T01,0,1,true,2,0,0,0,283,0,0,SV338,0,0,0,0,[object Object],bandwidth,1,0,0,r2,1753397338,0,0,0
OT01V915022925,1776279369500.996,outbound-rtp,COT01_45_level-idx=5;profile=0;tier=0,video,video,915022925,T01,581165,1340,true,0,0,385,385,188167,14,4,SV338,0,0,0,1,[object Object],bandwidth,1,0,0,r0,3068579184,6.779,0,5.467944999999999
OT01V1534352440,1776279369500.996,outbound-rtp,COT01_45_level-idx=5;profile=0;tier=0,video,video,1534352440,T01,226625,226,true,1,0,58,58,7464,48,2,SV338,0,0,0,1,[object Object],bandwidth,1,0,0,r1,4225779776,0.441,0,6.852995
OT01V348136763,1776279369500.996,outbound-rtp,COT01_45_level-idx=5;profile=0;tier=0,video,video,348136763,T01,0,1,true,2,0,0,0,283,0,0,SV338,0,0,0,0,[object Object],bandwidth,1,0,0,r2,1753397338,0,0,0
OT01V915022925,1776279369500.996,outbound-rtp,COT01_45_level-idx=5;profile=0;tier=0,video,video,915022925,T01,581165,1340,true,0,0,385,385,188167,14,4,SV338,0,0,0,1,[object Object],bandwidth,1,0,0,r0,3068579184,6.779,0,5.467944999999999
OT01V1534352440,1776279369701.025,outbound-rtp,COT01_45_level-idx=5;profile=0;tier=0,video,video,1534352440,T01,244223,244,true,1,0,60,60,8040,49,2,SV338,0,0,0,1,[object Object],bandwidth,1,0,0,r1,4225779776,0.485,0,6.998504
OT01V348136763,1776279369701.025,outbound-rtp,COT01_45_level-idx=5;profile=0;tier=0,video,video,348136763,T01,0,1,true,2,0,0,0,283,0,0,SV338,0,0,0,0,[object Object],bandwidth,1,0,0,r2,1753397338,0,0,0
OT01V915022925,1776279369701.025,outbound-rtp,COT01_45_level-idx=5;profile=0;tier=0,video,video,915022925,T01,585101,1345,true,0,0,387,387,188327,14,4,SV338,0,0,0,1,[object Object],bandwidth,1,0,0,r0,3068579184,6.806,0,5.473847999999999
OT01V1534352440,1776279369701.025,outbound-rtp,COT01_45_level-idx=5;profile=0;tier=0,video,video,1534352440,T01,244223,244,true,1,0,60,60,8040,49,2,SV338,0,0,0,1,[object Object],bandwidth,1,0,0,r1,4225779776,0.485,0,6.998504
OT01V348136763,1776279369701.025,outbound-rtp,COT01_45_level-idx=5;profile=0;tier=0,video,video,348136763,T01,0,1,true,2,0,0,0,283,0,0,SV338,0,0,0,0,[object Object],bandwidth,1,0,0,r2,1753397338,0,0,0
OT01V915022925,1776279369701.025,outbound-rtp,COT01_45_level-idx=5;profile=0;tier=0,video,video,915022925,T01,585101,1345,true,0,0,387,387,188327,14,4,SV338,0,0,0,1,[object Object],bandwidth,1,0,0,r0,3068579184,6.806,0,5.473847999999999
OT01V1534352440,1776279369901.113,outbound-rtp,COT01_45_level-idx=5;profile=0;tier=0,video,video,1534352440,T01,258491,258,true,1,0,62,62,8488,51,2,SV338,0,0,0,1,[object Object],bandwidth,1,0,0,r1,4225779776,0.485,0,7.123117
OT01V348136763,1776279369901.113,outbound-rtp,COT01_45_level-idx=5;profile=0;tier=0,video,video,348136763,T01,0,1,true,2,0,0,0,283,0,0,SV338,0,0,0,0,[object Object],bandwidth,1,0,0,r2,1753397338,0,0,0
OT01V915022925,1776279369901.113,outbound-rtp,COT01_45_level-idx=5;profile=0;tier=0,video,video,915022925,T01,594869,1356,true,0,0,392,392,188675,14,4,SV338,0,0,0,1,[object Object],bandwidth,1,0,0,r0,3068579184,6.871,0,5.516583
OT01V1534352440,1776279369901.113,outbound-rtp,COT01_45_level-idx=5;profile=0;tier=0,video,video,1534352440,T01,258491,258,true,1,0,62,62,8488,51,2,SV338,0,0,0,1,[object Object],bandwidth,1,0,0,r1,4225779776,0.485,0,7.123117
OT01V348136763,1776279369901.113,outbound-rtp,COT01_45_level-idx=5;profile=0;tier=0,video,video,348136763,T01,0,1,true,2,0,0,0,283,0,0,SV338,0,0,0,0,[object Object],bandwidth,1,0,0,r2,1753397338,0,0,0
OT01V915022925,1776279369901.113,outbound-rtp,COT01_45_level-idx=5;profile=0;tier=0,video,video,915022925,T01,594869,1356,true,0,0,392,392,188675,14,4,SV338,0,0,0,1,[object Object],bandwidth,1,0,0,r0,3068579184,6.871,0,5.516583
OT01V1534352440,1776279370101.037,outbound-rtp,COT01_45_level-idx=5;profile=0;tier=0,video,video,1534352440,T01,270308,270,true,1,0,65,65,8872,54,2,SV338,0,0,0,1,[object Object],bandwidth,1,0,0,r1,4225779776,0.485,0,7.123132999999999
OT01V348136763,1776279370101.037,outbound-rtp,COT01_45_level-idx=5;profile=0;tier=0,video,video,348136763,T01,0,1,true,2,0,0,0,283,0,0,SV338,0,0,0,0,[object Object],bandwidth,1,0,0,r2,1753397338,0,0,0
OT01V915022925,1776279370101.037,outbound-rtp,COT01_45_level-idx=5;profile=0;tier=0,video,video,915022925,T01,607637,1369,true,0,0,397,397,189087,14,4,SV338,0,0,0,1,[object Object],bandwidth,1,0,0,r0,3068579184,6.95,0,5.516592999999999
OT01V1534352440,1776279370101.037,outbound-rtp,COT01_45_level-idx=5;profile=0;tier=0,video,video,1534352440,T01,270308,270,true,1,0,65,65,8872,54,2,SV338,0,0,0,1,[object Object],bandwidth,1,0,0,r1,4225779776,0.485,0,7.123132999999999
OT01V348136763,1776279370101.037,outbound-rtp,COT01_45_level-idx=5;profile=0;tier=0,video,video,348136763,T01,0,1,true,2,0,0,0,283,0,0,SV338,0,0,0,0,[object Object],bandwidth,1,0,0,r2,1753397338,0,0,0
OT01V915022925,1776279370101.037,outbound-rtp,COT01_45_level-idx=5;profile=0;tier=0,video,video,915022925,T01,607637,1369,true,0,0,397,397,189087,14,4,SV338,0,0,0,1,[object Object],bandwidth,1,0,0,r0,3068579184,6.95,0,5.516592999999999
OT01V1534352440,1776279370301.075,outbound-rtp,COT01_45_level-idx=5;profile=0;tier=0,video,video,1534352440,T01,285060,287,true,1,0,70,70,9416,57,2,SV338,0,0,0,1,[object Object],bandwidth,1,0,0,r1,4225779776,0.547,0,7.2707619999999995
OT01V348136763,1776279370301.075,outbound-rtp,COT01_45_level-idx=5;profile=0;tier=0,video,video,348136763,T01,0,1,true,2,0,0,0,283,0,0,SV338,0,0,0,0,[object Object],bandwidth,1,0,0,r2,1753397338,0,0,0
OT01V915022925,1776279370301.075,outbound-rtp,COT01_45_level-idx=5;profile=0;tier=0,video,video,915022925,T01,611590,1375,true,0,0,400,400,189279,14,4,SV338,0,0,0,1,[object Object],bandwidth,1,0,0,r0,3068579184,6.985,0,5.549949
OT01V1534352440,1776279370301.075,outbound-rtp,COT01_45_level-idx=5;profile=0;tier=0,video,video,1534352440,T01,285060,287,true,1,0,70,70,9416,57,2,SV338,0,0,0,1,[object Object],bandwidth,1,0,0,r1,4225779776,0.547,0,7.2707619999999995
OT01V348136763,1776279370301.075,outbound-rtp,COT01_45_level-idx=5;profile=0;tier=0,video,video,348136763,T01,0,1,true,2,0,0,0,283,0,0,SV338,0,0,0,0,[object Object],bandwidth,1,0,0,r2,1753397338,0,0,0
OT01V915022925,1776279370301.075,outbound-rtp,COT01_45_level-idx=5;profile=0;tier=0,video,video,915022925,T01,611590,1375,true,0,0,400,400,189279,14,4,SV338,0,0,0,1,[object Object],bandwidth,1,0,0,r0,3068579184,6.985,0,5.549949
OT01V1534352440,1776279370501.044,outbound-rtp,COT01_45_level-idx=5;profile=0;tier=0,video,video,1534352440,T01,307604,310,true,1,0,74,74,10152,61,2,SV338,0,0,0,1,[object Object],bandwidth,1,0,0,r1,4225779776,0.577,0,7.389977999999999
OT01V348136763,1776279370501.044,outbound-rtp,COT01_45_level-idx=5;profile=0;tier=0,video,video,348136763,T01,0,1,true,2,0,0,0,283,0,0,SV338,0,0,0,0,[object Object],bandwidth,1,0,0,r2,1753397338,0,0,0
OT01V915022925,1776279370501.044,outbound-rtp,COT01_45_level-idx=5;profile=0;tier=0,video,video,915022925,T01,615094,1379,true,0,0,403,403,189407,14,4,SV338,0,0,0,1,[object Object],bandwidth,1,0,0,r0,3068579184,7.032,0,5.549949
OT01V1534352440,1776279370501.044,outbound-rtp,COT01_45_level-idx=5;profile=0;tier=0,video,video,1534352440,T01,307604,310,true,1,0,74,74,10152,61,2,SV338,0,0,0,1,[object Object],bandwidth,1,0,0,r1,4225779776,0.577,0,7.389977999999999
OT01V348136763,1776279370501.044,outbound-rtp,COT01_45_level-idx=5;profile=0;tier=0,video,video,348136763,T01,0,1,true,2,0,0,0,283,0,0,SV338,0,0,0,0,[object Object],bandwidth,1,0,0,r2,1753397338,0,0,0
OT01V915022925,1776279370501.044,outbound-rtp,COT01_45_level-idx=5;profile=0;tier=0,video,video,915022925,T01,615094,1379,true,0,0,403,403,189407,14,4,SV338,0,0,0,1,[object Object],bandwidth,1,0,0,r0,3068579184,7.032,0,5.549949
OT01V1534352440,1776279370701.101,outbound-rtp,COT01_45_level-idx=5;profile=0;tier=0,video,video,1534352440,T01,324474,329,true,1,0,78,78,10760,63,2,SV338,0,0,0,1,[object Object],bandwidth,1,0,0,r1,4225779776,0.62,0,7.389990999999999
OT01V348136763,1776279370701.101,outbound-rtp,COT01_45_level-idx=5;profile=0;tier=0,video,video,348136763,T01,0,1,true,2,0,0,0,283,0,0,SV338,0,0,0,0,[object Object],bandwidth,1,0,0,r2,1753397338,0,0,0
OT01V915022925,1776279370701.101,outbound-rtp,COT01_45_level-idx=5;profile=0;tier=0,video,video,915022925,T01,620185,1385,true,0,0,406,406,189599,15,4,SV338,0,0,0,1,[object Object],bandwidth,1,0,0,r0,3068579184,7.081,0,5.5499529999999995
OT01V1534352440,1776279370701.101,outbound-rtp,COT01_45_level-idx=5;profile=0;tier=0,video,video,1534352440,T01,324474,329,true,1,0,78,78,10760,63,2,SV338,0,0,0,1,[object Object],bandwidth,1,0,0,r1,4225779776,0.62,0,7.389990999999999
OT01V348136763,1776279370701.101,outbound-rtp,COT01_45_level-idx=5;profile=0;tier=0,video,video,348136763,T01,0,1,true,2,0,0,0,283,0,0,SV338,0,0,0,0,[object Object],bandwidth,1,0,0,r2,1753397338,0,0,0
OT01V915022925,1776279370701.101,outbound-rtp,COT01_45_level-idx=5;profile=0;tier=0,video,video,915022925,T01,620185,1385,true,0,0,406,406,189599,15,4,SV338,0,0,0,1,[object Object],bandwidth,1,0,0,r0,3068579184,7.081,0,5.5499529999999995
OT01V1534352440,1776279370900.998,outbound-rtp,COT01_45_level-idx=5;profile=0;tier=0,video,video,1534352440,T01,339067,344,true,1,0,82,82,11240,67,2,SV338,0,0,0,1,[object Object],bandwidth,1,0,0,r1,4225779776,0.62,0,7.4546079999999995
OT01V348136763,1776279370900.998,outbound-rtp,COT01_45_level-idx=5;profile=0;tier=0,video,video,348136763,T01,0,1,true,2,0,0,0,283,0,0,SV338,0,0,0,0,[object Object],bandwidth,1,0,0,r2,1753397338,0,0,0
OT01V915022925,1776279370900.998,outbound-rtp,COT01_45_level-idx=5;profile=0;tier=0,video,video,915022925,T01,629516,1396,true,0,0,411,411,189951,15,4,SV338,0,0,0,1,[object Object],bandwidth,1,0,0,r0,3068579184,7.147,0,5.574824
OT01V1534352440,1776279370900.998,outbound-rtp,COT01_45_level-idx=5;profile=0;tier=0,video,video,1534352440,T01,339067,344,true,1,0,82,82,11240,67,2,SV338,0,0,0,1,[object Object],bandwidth,1,0,0,r1,4225779776,0.62,0,7.4546079999999995
OT01V348136763,1776279370900.998,outbound-rtp,COT01_45_level-idx=5;profile=0;tier=0,video,video,348136763,T01,0,1,true,2,0,0,0,283,0,0,SV338,0,0,0,0,[object Object],bandwidth,1,0,0,r2,1753397338,0,0,0
OT01V915022925,1776279370900.998,outbound-rtp,COT01_45_level-idx=5;profile=0;tier=0,video,video,915022925,T01,629516,1396,true,0,0,411,411,189951,15,4,SV338,0,0,0,1,[object Object],bandwidth,1,0,0,r0,3068579184,7.147,0,5.574824
OT01V1534352440,1776279371100.964,outbound-rtp,COT01_45_level-idx=5;profile=0;tier=0,video,video,1534352440,T01,358706,364,true,1,0,88,88,11880,72,2,SV338,0,0,0,1,[object Object],bandwidth,1,0,0,r1,4225779776,0.632,0,7.454617
OT01V348136763,1776279371100.964,outbound-rtp,COT01_45_level-idx=5;profile=0;tier=0,video,video,348136763,T01,0,1,true,2,0,0,0,283,0,0,SV338,0,0,0,0,[object Object],bandwidth,1,0,0,r2,1753397338,0,0,0
OT01V915022925,1776279371100.964,outbound-rtp,COT01_45_level-idx=5;profile=0;tier=0,video,video,915022925,T01,637195,1405,true,0,0,416,416,190239,15,4,SV338,0,0,0,1,[object Object],bandwidth,1,0,0,r0,3068579184,7.214,0,5.574833
OT01V1534352440,1776279371100.964,outbound-rtp,COT01_45_level-idx=5;profile=0;tier=0,video,video,1534352440,T01,358706,364,true,1,0,88,88,11880,72,2,SV338,0,0,0,1,[object Object],bandwidth,1,0,0,r1,4225779776,0.632,0,7.454617
OT01V348136763,1776279371100.964,outbound-rtp,COT01_45_level-idx=5;profile=0;tier=0,video,video,348136763,T01,0,1,true,2,0,0,0,283,0,0,SV338,0,0,0,0,[object Object],bandwidth,1,0,0,r2,1753397338,0,0,0
OT01V915022925,1776279371100.964,outbound-rtp,COT01_45_level-idx=5;profile=0;tier=0,video,video,915022925,T01,637195,1405,true,0,0,416,416,190239,15,4,SV338,0,0,0,1,[object Object],bandwidth,1,0,0,r0,3068579184,7.214,0,5.574833
OT01V1534352440,1776279371301.01,outbound-rtp,COT01_45_level-idx=5;profile=0;tier=0,video,video,1534352440,T01,375604,382,true,1,0,94,94,12448,75,2,SV338,0,0,0,1,[object Object],bandwidth,1,0,0,r1,4225779776,0.683,0,7.493481999999999
OT01V348136763,1776279371301.01,outbound-rtp,COT01_45_level-idx=5;profile=0;tier=0,video,video,348136763,T01,0,1,true,2,0,0,0,283,0,0,SV338,0,0,0,0,[object Object],bandwidth,1,0,0,r2,1753397338,0,0,0
OT01V915022925,1776279371301.01,outbound-rtp,COT01_45_level-idx=5;profile=0;tier=0,video,video,915022925,T01,643772,1413,true,0,0,419,419,190491,15,4,SV338,0,0,0,1,[object Object],bandwidth,1,0,0,r0,3068579184,7.261,0,5.585423
OT01V1534352440,1776279371301.01,outbound-rtp,COT01_45_level-idx=5;profile=0;tier=0,video,video,1534352440,T01,375604,382,true,1,0,94,94,12448,75,2,SV338,0,0,0,1,[object Object],bandwidth,1,0,0,r1,4225779776,0.683,0,7.493481999999999
OT01V348136763,1776279371301.01,outbound-rtp,COT01_45_level-idx=5;profile=0;tier=0,video,video,348136763,T01,0,1,true,2,0,0,0,283,0,0,SV338,0,0,0,0,[object Object],bandwidth,1,0,0,r2,1753397338,0,0,0
OT01V915022925,1776279371301.01,outbound-rtp,COT01_45_level-idx=5;profile=0;tier=0,video,video,915022925,T01,643772,1413,true,0,0,419,419,190491,15,4,SV338,0,0,0,1,[object Object],bandwidth,1,0,0,r0,3068579184,7.261,0,5.585423
OT01V1534352440,1776279371501.028,outbound-rtp,COT01_45_level-idx=5;profile=0;tier=0,video,video,1534352440,T01,391696,399,true,1,0,98,98,12992,78,2,SV338,0,0,0,1,[object Object],bandwidth,1,0,0,r1,4225779776,0.723,0,7.529862
OT01V348136763,1776279371501.028,outbound-rtp,COT01_45_level-idx=5;profile=0;tier=0,video,video,348136763,T01,0,1,true,2,0,0,0,283,0,0,SV338,0,0,0,0,[object Object],bandwidth,1,0,0,r2,1753397338,0,0,0
OT01V915022925,1776279371501.028,outbound-rtp,COT01_45_level-idx=5;profile=0;tier=0,video,video,915022925,T01,653270,1423,true,0,0,423,423,190811,15,4,SV338,0,0,0,1,[object Object],bandwidth,1,0,0,r0,3068579184,7.315,0,5.591972
OT01V1534352440,1776279371501.028,outbound-rtp,COT01_45_level-idx=5;profile=0;tier=0,video,video,1534352440,T01,391696,399,true,1,0,98,98,12992,78,2,SV338,0,0,0,1,[object Object],bandwidth,1,0,0,r1,4225779776,0.723,0,7.529862
OT01V348136763,1776279371501.028,outbound-rtp,COT01_45_level-idx=5;profile=0;tier=0,video,video,348136763,T01,0,1,true,2,0,0,0,283,0,0,SV338,0,0,0,0,[object Object],bandwidth,1,0,0,r2,1753397338,0,0,0
OT01V915022925,1776279371501.028,outbound-rtp,COT01_45_level-idx=5;profile=0;tier=0,video,video,915022925,T01,653270,1423,true,0,0,423,423,190811,15,4,SV338,0,0,0,1,[object Object],bandwidth,1,0,0,r0,3068579184,7.315,0,5.591972
OT01V1534352440,1776279371701.051,outbound-rtp,COT01_45_level-idx=5;profile=0;tier=0,video,video,1534352440,T01,412883,421,true,1,0,104,104,13696,82,2,SV338,0,0,0,1,[object Object],bandwidth,1,0,0,r1,4225779776,0.775,0,7.553007
OT01V348136763,1776279371701.051,outbound-rtp,COT01_45_level-idx=5;profile=0;tier=0,video,video,348136763,T01,0,1,true,2,0,0,0,283,0,0,SV338,0,0,0,0,[object Object],bandwidth,1,0,0,r2,1753397338,0,0,0
OT01V915022925,1776279371701.051,outbound-rtp,COT01_45_level-idx=5;profile=0;tier=0,video,video,915022925,T01,656005,1428,true,0,0,427,427,190971,15,4,SV338,0,0,0,1,[object Object],bandwidth,1,0,0,r0,3068579184,7.358,0,5.599882
OT01V1534352440,1776279371701.051,outbound-rtp,COT01_45_level-idx=5;profile=0;tier=0,video,video,1534352440,T01,412883,421,true,1,0,104,104,13696,82,2,SV338,0,0,0,1,[object Object],bandwidth,1,0,0,r1,4225779776,0.775,0,7.553007
OT01V348136763,1776279371701.051,outbound-rtp,COT01_45_level-idx=5;profile=0;tier=0,video,video,348136763,T01,0,1,true,2,0,0,0,283,0,0,SV338,0,0,0,0,[object Object],bandwidth,1,0,0,r2,1753397338,0,0,0
OT01V915022925,1776279371701.051,outbound-rtp,COT01_45_level-idx=5;profile=0;tier=0,video,video,915022925,T01,656005,1428,true,0,0,427,427,190971,15,4,SV338,0,0,0,1,[object Object],bandwidth,1,0,0,r0,3068579184,7.358,0,5.599882
OT01V1534352440,1776279371901.172,outbound-rtp,COT01_45_level-idx=5;profile=0;tier=0,video,video,1534352440,T01,431817,439,true,1,0,110,110,14264,87,2,SV338,0,0,0,1,[object Object],bandwidth,1,0,0,r1,4225779776,0.802,0,7.553013
OT01V348136763,1776279371901.172,outbound-rtp,COT01_45_level-idx=5;profile=0;tier=0,video,video,348136763,T01,0,1,true,2,0,0,0,283,0,0,SV338,0,0,0,0,[object Object],bandwidth,1,0,0,r2,1753397338,0,0,0
OT01V915022925,1776279371901.172,outbound-rtp,COT01_45_level-idx=5;profile=0;tier=0,video,video,915022925,T01,666752,1441,true,0,0,432,432,191387,15,4,SV338,0,0,0,1,[object Object],bandwidth,1,0,0,r0,3068579184,7.412,0,5.599883999999999
OT01V1534352440,1776279371901.172,outbound-rtp,COT01_45_level-idx=5;profile=0;tier=0,video,video,1534352440,T01,431817,439,true,1,0,110,110,14264,87,2,SV338,0,0,0,1,[object Object],bandwidth,1,0,0,r1,4225779776,0.802,0,7.553013
OT01V348136763,1776279371901.172,outbound-rtp,COT01_45_level-idx=5;profile=0;tier=0,video,video,348136763,T01,0,1,true,2,0,0,0,283,0,0,SV338,0,0,0,0,[object Object],bandwidth,1,0,0,r2,1753397338,0,0,0
OT01V915022925,1776279371901.172,outbound-rtp,COT01_45_level-idx=5;profile=0;tier=0,video,video,915022925,T01,666752,1441,true,0,0,432,432,191387,15,4,SV338,0,0,0,1,[object Object],bandwidth,1,0,0,r0,3068579184,7.412,0,5.599883999999999
OT01V1534352440,1776279372101.208,outbound-rtp,COT01_45_level-idx=5;profile=0;tier=0,video,video,1534352440,T01,450980,460,true,1,0,116,116,14932,92,2,SV338,0,0,0,1,[object Object],bandwidth,1,0,0,r1,4225779776,0.82,0,7.631135
OT01V348136763,1776279372101.208,outbound-rtp,COT01_45_level-idx=5;profile=0;tier=0,video,video,348136763,T01,0,1,true,2,0,0,0,283,0,0,SV338,0,0,0,0,[object Object],bandwidth,1,0,0,r2,1753397338,0,0,0
OT01V915022925,1776279372101.208,outbound-rtp,COT01_45_level-idx=5;profile=0;tier=0,video,video,915022925,T01,672272,1450,true,0,0,437,437,191675,15,4,SV338,0,0,0,1,[object Object],bandwidth,1,0,0,r0,3068579184,7.472,0,5.612379
OT01V1534352440,1776279372101.208,outbound-rtp,COT01_45_level-idx=5;profile=0;tier=0,video,video,1534352440,T01,450980,460,true,1,0,116,116,14932,92,2,SV338,0,0,0,1,[object Object],bandwidth,1,0,0,r1,4225779776,0.82,0,7.631135
OT01V348136763,1776279372101.208,outbound-rtp,COT01_45_level-idx=5;profile=0;tier=0,video,video,348136763,T01,0,1,true,2,0,0,0,283,0,0,SV338,0,0,0,0,[object Object],bandwidth,1,0,0,r2,1753397338,0,0,0
OT01V915022925,1776279372101.208,outbound-rtp,COT01_45_level-idx=5;profile=0;tier=0,video,video,915022925,T01,672272,1450,true,0,0,437,437,191675,15,4,SV338,0,0,0,1,[object Object],bandwidth,1,0,0,r0,3068579184,7.472,0,5.612379
OT01V1534352440,1776279372301.051,outbound-rtp,COT01_45_level-idx=5;profile=0;tier=0,video,video,1534352440,T01,470938,480,true,1,0,121,121,15572,97,2,SV338,0,0,0,1,[object Object],bandwidth,1,0,0,r1,4225779776,0.832,0,7.631144
OT01V348136763,1776279372301.051,outbound-rtp,COT01_45_level-idx=5;profile=0;tier=0,video,video,348136763,T01,0,1,true,2,0,0,0,283,0,0,SV338,0,0,0,0,[object Object],bandwidth,1,0,0,r2,1753397338,0,0,0
OT01V915022925,1776279372301.051,outbound-rtp,COT01_45_level-idx=5;profile=0;tier=0,video,video,915022925,T01,678883,1458,true,0,0,442,442,191931,15,4,SV338,0,0,0,1,[object Object],bandwidth,1,0,0,r0,3068579184,7.546,0,5.612381
OT01V1534352440,1776279372301.051,outbound-rtp,COT01_45_level-idx=5;profile=0;tier=0,video,video,1534352440,T01,470938,480,true,1,0,121,121,15572,97,2,SV338,0,0,0,1,[object Object],bandwidth,1,0,0,r1,4225779776,0.832,0,7.631144
OT01V348136763,1776279372301.051,outbound-rtp,COT01_45_level-idx=5;profile=0;tier=0,video,video,348136763,T01,0,1,true,2,0,0,0,283,0,0,SV338,0,0,0,0,[object Object],bandwidth,1,0,0,r2,1753397338,0,0,0
OT01V915022925,1776279372301.051,outbound-rtp,COT01_45_level-idx=5;profile=0;tier=0,video,video,915022925,T01,678883,1458,true,0,0,442,442,191931,15,4,SV338,0,0,0,1,[object Object],bandwidth,1,0,0,r0,3068579184,7.546,0,5.612381
OT01V1534352440,1776279372501.02,outbound-rtp,COT01_45_level-idx=5;profile=0;tier=0,video,video,1534352440,T01,493996,504,true,1,0,127,127,16340,102,2,SV338,0,0,0,1,[object Object],bandwidth,1,0,0,r1,4225779776,0.85,0,7.724701
OT01V348136763,1776279372501.02,outbound-rtp,COT01_45_level-idx=5;profile=0;tier=0,video,video,348136763,T01,0,1,true,2,0,0,0,283,0,0,SV338,0,0,0,0,[object Object],bandwidth,1,0,0,r2,1753397338,0,0,0
OT01V915022925,1776279372501.02,outbound-rtp,COT01_45_level-idx=5;profile=0;tier=0,video,video,915022925,T01,683293,1466,true,0,0,447,447,192187,15,4,SV338,0,0,0,1,[object Object],bandwidth,1,0,0,r0,3068579184,7.609,0,5.619644999999999
OT01V1534352440,1776279372501.02,outbound-rtp,COT01_45_level-idx=5;profile=0;tier=0,video,video,1534352440,T01,493996,504,true,1,0,127,127,16340,102,2,SV338,0,0,0,1,[object Object],bandwidth,1,0,0,r1,4225779776,0.85,0,7.724701
OT01V348136763,1776279372501.02,outbound-rtp,COT01_45_level-idx=5;profile=0;tier=0,video,video,348136763,T01,0,1,true,2,0,0,0,283,0,0,SV338,0,0,0,0,[object Object],bandwidth,1,0,0,r2,1753397338,0,0,0
OT01V915022925,1776279372501.02,outbound-rtp,COT01_45_level-idx=5;profile=0;tier=0,video,video,915022925,T01,683293,1466,true,0,0,447,447,192187,15,4,SV338,0,0,0,1,[object Object],bandwidth,1,0,0,r0,3068579184,7.609,0,5.619644999999999
OT01V1534352440,1776279372701.056,outbound-rtp,COT01_45_level-idx=5;profile=0;tier=0,video,video,1534352440,T01,516008,527,true,1,0,132,132,17076,107,2,SV338,0,0,0,1,[object Object],bandwidth,1,0,0,r1,4225779776,0.85,0,7.724711999999999
OT01V348136763,1776279372701.056,outbound-rtp,COT01_45_level-idx=5;profile=0;tier=0,video,video,348136763,T01,0,1,true,2,0,0,0,283,0,0,SV338,0,0,0,0,[object Object],bandwidth,1,0,0,r2,1753397338,0,0,0
OT01V915022925,1776279372701.056,outbound-rtp,COT01_45_level-idx=5;profile=0;tier=0,video,video,915022925,T01,688438,1473,true,0,0,451,451,192411,15,4,SV338,0,0,0,1,[object Object],bandwidth,1,0,0,r0,3068579184,7.658,0,5.619648
OT01V1534352440,1776279372701.056,outbound-rtp,COT01_45_level-idx=5;profile=0;tier=0,video,video,1534352440,T01,516008,527,true,1,0,132,132,17076,107,2,SV338,0,0,0,1,[object Object],bandwidth,1,0,0,r1,4225779776,0.85,0,7.724711999999999
OT01V348136763,1776279372701.056,outbound-rtp,COT01_45_level-idx=5;profile=0;tier=0,video,video,348136763,T01,0,1,true,2,0,0,0,283,0,0,SV338,0,0,0,0,[object Object],bandwidth,1,0,0,r2,1753397338,0,0,0
OT01V915022925,1776279372701.056,outbound-rtp,COT01_45_level-idx=5;profile=0;tier=0,video,video,915022925,T01,688438,1473,true,0,0,451,451,192411,15,4,SV338,0,0,0,1,[object Object],bandwidth,1,0,0,r0,3068579184,7.658,0,5.619648
OT01V1534352440,1776279372901.051,outbound-rtp,COT01_45_level-idx=5;profile=0;tier=0,video,video,1534352440,T01,544383,554,true,1,0,138,138,17940,113,2,SV338,0,0,0,1,[object Object],bandwidth,1,0,0,r1,4225779776,0.874,0,8.014697
OT01V348136763,1776279372901.051,outbound-rtp,COT01_45_level-idx=5;profile=0;tier=0,video,video,348136763,T01,0,1,true,2,0,0,0,283,0,0,SV338,0,0,0,0,[object Object],bandwidth,1,0,0,r2,1753397338,0,0,0
OT01V915022925,1776279372901.051,outbound-rtp,COT01_45_level-idx=5;profile=0;tier=0,video,video,915022925,T01,694390,1480,true,0,0,457,457,192635,15,4,SV338,0,0,0,1,[object Object],bandwidth,1,0,0,r0,3068579184,7.754,0,5.640949
OT01V1534352440,1776279372901.051,outbound-rtp,COT01_45_level-idx=5;profile=0;tier=0,video,video,1534352440,T01,544383,554,true,1,0,138,138,17940,113,2,SV338,0,0,0,1,[object Object],bandwidth,1,0,0,r1,4225779776,0.874,0,8.014697
OT01V348136763,1776279372901.051,outbound-rtp,COT01_45_level-idx=5;profile=0;tier=0,video,video,348136763,T01,0,1,true,2,0,0,0,283,0,0,SV338,0,0,0,0,[object Object],bandwidth,1,0,0,r2,1753397338,0,0,0
OT01V915022925,1776279372901.051,outbound-rtp,COT01_45_level-idx=5;profile=0;tier=0,video,video,915022925,T01,694390,1480,true,0,0,457,457,192635,15,4,SV338,0,0,0,1,[object Object],bandwidth,1,0,0,r0,3068579184,7.754,0,5.640949
OT01V1534352440,1776279373101.208,outbound-rtp,COT01_45_level-idx=5;profile=0;tier=0,video,video,1534352440,T01,561068,573,true,1,0,144,144,18548,119,2,SV338,0,0,0,1,[object Object],bandwidth,1,0,0,r1,4225779776,0.874,0,8.308309999999999
OT01V348136763,1776279373101.208,outbound-rtp,COT01_45_level-idx=5;profile=0;tier=0,video,video,348136763,T01,0,1,true,2,0,0,0,283,0,0,SV338,0,0,0,0,[object Object],bandwidth,1,0,0,r2,1753397338,0,0,0
OT01V915022925,1776279373101.208,outbound-rtp,COT01_45_level-idx=5;profile=0;tier=0,video,video,915022925,T01,701498,1490,true,0,0,463,463,192955,15,4,SV338,0,0,0,1,[object Object],bandwidth,1,0,0,r0,3068579184,7.823,0,5.675047999999999
OT01V1534352440,1776279373101.208,outbound-rtp,COT01_45_level-idx=5;profile=0;tier=0,video,video,1534352440,T01,561068,573,true,1,0,144,144,18548,119,2,SV338,0,0,0,1,[object Object],bandwidth,1,0,0,r1,4225779776,0.874,0,8.308309999999999
OT01V348136763,1776279373101.208,outbound-rtp,COT01_45_level-idx=5;profile=0;tier=0,video,video,348136763,T01,0,1,true,2,0,0,0,283,0,0,SV338,0,0,0,0,[object Object],bandwidth,1,0,0,r2,1753397338,0,0,0
OT01V915022925,1776279373101.208,outbound-rtp,COT01_45_level-idx=5;profile=0;tier=0,video,video,915022925,T01,701498,1490,true,0,0,463,463,192955,15,4,SV338,0,0,0,1,[object Object],bandwidth,1,0,0,r0,3068579184,7.823,0,5.675047999999999
OT01V1534352440,1776279373301.039,outbound-rtp,COT01_45_level-idx=5;profile=0;tier=0,video,video,1534352440,T01,589716,600,true,1,0,149,149,19412,124,2,SV338,0,0,0,1,[object Object],bandwidth,1,0,0,r1,4225779776,0.898,0,8.413283999999999
OT01V348136763,1776279373301.039,outbound-rtp,COT01_45_level-idx=5;profile=0;tier=0,video,video,348136763,T01,0,1,true,2,0,0,0,283,0,0,SV338,0,0,0,0,[object Object],bandwidth,1,0,0,r2,1753397338,0,0,0
OT01V915022925,1776279373301.039,outbound-rtp,COT01_45_level-idx=5;profile=0;tier=0,video,video,915022925,T01,707635,1498,true,0,0,468,468,193211,15,4,SV338,0,0,0,1,[object Object],bandwidth,1,0,0,r0,3068579184,7.892,0,5.684995
OT01V1534352440,1776279373301.039,outbound-rtp,COT01_45_level-idx=5;profile=0;tier=0,video,video,1534352440,T01,589716,600,true,1,0,149,149,19412,124,2,SV338,0,0,0,1,[object Object],bandwidth,1,0,0,r1,4225779776,0.898,0,8.413283999999999
OT01V348136763,1776279373301.039,outbound-rtp,COT01_45_level-idx=5;profile=0;tier=0,video,video,348136763,T01,0,1,true,2,0,0,0,283,0,0,SV338,0,0,0,0,[object Object],bandwidth,1,0,0,r2,1753397338,0,0,0
OT01V915022925,1776279373301.039,outbound-rtp,COT01_45_level-idx=5;profile=0;tier=0,video,video,915022925,T01,707635,1498,true,0,0,468,468,193211,15,4,SV338,0,0,0,1,[object Object],bandwidth,1,0,0,r0,3068579184,7.892,0,5.684995
OT01V1534352440,1776279373501.144,outbound-rtp,COT01_45_level-idx=5;profile=0;tier=0,video,video,1534352440,T01,608800,621,true,1,0,155,155,20076,129,2,SV338,0,0,0,1,[object Object],bandwidth,1,0,0,r1,4225779776,0.912,0,9.104393
OT01V348136763,1776279373501.144,outbound-rtp,COT01_45_level-idx=5;profile=0;tier=0,video,video,348136763,T01,0,1,true,2,0,0,0,283,0,0,SV338,0,0,0,0,[object Object],bandwidth,1,0,0,r2,1753397338,0,0,0
OT01V915022925,1776279373501.144,outbound-rtp,COT01_45_level-idx=5;profile=0;tier=0,video,video,915022925,T01,713170,1506,true,0,0,472,472,193467,15,4,SV338,0,0,0,1,[object Object],bandwidth,1,0,0,r0,3068579184,7.953,0,5.781759999999999
OT01V1534352440,1776279373501.144,outbound-rtp,COT01_45_level-idx=5;profile=0;tier=0,video,video,1534352440,T01,608800,621,true,1,0,155,155,20076,129,2,SV338,0,0,0,1,[object Object],bandwidth,1,0,0,r1,4225779776,0.912,0,9.104393
OT01V348136763,1776279373501.144,outbound-rtp,COT01_45_level-idx=5;profile=0;tier=0,video,video,348136763,T01,0,1,true,2,0,0,0,283,0,0,SV338,0,0,0,0,[object Object],bandwidth,1,0,0,r2,1753397338,0,0,0
OT01V915022925,1776279373501.144,outbound-rtp,COT01_45_level-idx=5;profile=0;tier=0,video,video,915022925,T01,713170,1506,true,0,0,472,472,193467,15,4,SV338,0,0,0,1,[object Object],bandwidth,1,0,0,r0,3068579184,7.953,0,5.781759999999999
OT01V1534352440,1776279373701.034,outbound-rtp,COT01_45_level-idx=5;profile=0;tier=0,video,video,1534352440,T01,637656,649,true,1,0,162,162,20972,136,2,SV338,0,0,0,1,[object Object],bandwidth,1,0,0,r1,4225779776,0.912,0,9.284556
OT01V348136763,1776279373701.034,outbound-rtp,COT01_45_level-idx=5;profile=0;tier=0,video,video,348136763,T01,0,1,true,2,0,0,0,283,0,0,SV338,0,0,0,0,[object Object],bandwidth,1,0,0,r2,1753397338,0,0,0
OT01V915022925,1776279373701.034,outbound-rtp,COT01_45_level-idx=5;profile=0;tier=0,video,video,915022925,T01,719994,1517,true,0,0,479,479,193819,15,4,SV338,0,0,0,1,[object Object],bandwidth,1,0,0,r0,3068579184,8.043,0,5.855951
OT01V1534352440,1776279373701.034,outbound-rtp,COT01_45_level-idx=5;profile=0;tier=0,video,video,1534352440,T01,637656,649,true,1,0,162,162,20972,136,2,SV338,0,0,0,1,[object Object],bandwidth,1,0,0,r1,4225779776,0.912,0,9.284556
OT01V348136763,1776279373701.034,outbound-rtp,COT01_45_level-idx=5;profile=0;tier=0,video,video,348136763,T01,0,1,true,2,0,0,0,283,0,0,SV338,0,0,0,0,[object Object],bandwidth,1,0,0,r2,1753397338,0,0,0
OT01V915022925,1776279373701.034,outbound-rtp,COT01_45_level-idx=5;profile=0;tier=0,video,video,915022925,T01,719994,1517,true,0,0,479,479,193819,15,4,SV338,0,0,0,1,[object Object],bandwidth,1,0,0,r0,3068579184,8.043,0,5.855951
OT01V1534352440,1776279373901,outbound-rtp,COT01_45_level-idx=5;profile=0;tier=0,video,video,1534352440,T01,657826,670,true,1,0,168,168,21644,141,2,SV338,0,0,0,1,[object Object],bandwidth,1,0,0,r1,4225779776,0.933,0,9.432765999999999
OT01V348136763,1776279373901,outbound-rtp,COT01_45_level-idx=5;profile=0;tier=0,video,video,348136763,T01,0,1,true,2,0,0,0,283,0,0,SV338,0,0,0,0,[object Object],bandwidth,1,0,0,r2,1753397338,0,0,0
OT01V915022925,1776279373901,outbound-rtp,COT01_45_level-idx=5;profile=0;tier=0,video,video,915022925,T01,725210,1524,true,0,0,484,484,194043,15,4,SV338,0,0,0,1,[object Object],bandwidth,1,0,0,r0,3068579184,8.114,0,5.888478
OT01V1534352440,1776279373901,outbound-rtp,COT01_45_level-idx=5;profile=0;tier=0,video,video,1534352440,T01,657826,670,true,1,0,168,168,21644,141,2,SV338,0,0,0,1,[object Object],bandwidth,1,0,0,r1,4225779776,0.933,0,9.432765999999999
OT01V348136763,1776279373901,outbound-rtp,COT01_45_level-idx=5;profile=0;tier=0,video,video,348136763,T01,0,1,true,2,0,0,0,283,0,0,SV338,0,0,0,0,[object Object],bandwidth,1,0,0,r2,1753397338,0,0,0
OT01V915022925,1776279373901,outbound-rtp,COT01_45_level-idx=5;profile=0;tier=0,video,video,915022925,T01,725210,1524,true,0,0,484,484,194043,15,4,SV338,0,0,0,1,[object Object],bandwidth,1,0,0,r0,3068579184,8.114,0,5.888478
OT01V1534352440,1776279374101.071,outbound-rtp,COT01_45_level-idx=5;profile=0;tier=0,video,video,1534352440,T01,677706,690,true,1,0,172,172,22284,145,2,SV338,0,0,0,1,[object Object],bandwidth,1,0,0,r1,4225779776,0.933,0,9.432782
OT01V348136763,1776279374101.071,outbound-rtp,COT01_45_level-idx=5;profile=0;tier=0,video,video,348136763,T01,0,1,true,2,0,0,0,283,0,0,SV338,0,0,0,0,[object Object],bandwidth,1,0,0,r2,1753397338,0,0,0
OT01V915022925,1776279374101.071,outbound-rtp,COT01_45_level-idx=5;profile=0;tier=0,video,video,915022925,T01,739412,1541,true,0,0,490,490,194587,15,4,SV338,0,0,0,1,[object Object],bandwidth,1,0,0,r0,3068579184,8.19,0,5.888494
OT01V1534352440,1776279374101.071,outbound-rtp,COT01_45_level-idx=5;profile=0;tier=0,video,video,1534352440,T01,677706,690,true,1,0,172,172,22284,145,2,SV338,0,0,0,1,[object Object],bandwidth,1,0,0,r1,4225779776,0.933,0,9.432782
OT01V348136763,1776279374101.071,outbound-rtp,COT01_45_level-idx=5;profile=0;tier=0,video,video,348136763,T01,0,1,true,2,0,0,0,283,0,0,SV338,0,0,0,0,[object Object],bandwidth,1,0,0,r2,1753397338,0,0,0
OT01V915022925,1776279374101.071,outbound-rtp,COT01_45_level-idx=5;profile=0;tier=0,video,video,915022925,T01,739412,1541,true,0,0,490,490,194587,15,4,SV338,0,0,0,1,[object Object],bandwidth,1,0,0,r0,3068579184,8.19,0,5.888494
OT01V1534352440,1776279374301.053,outbound-rtp,COT01_45_level-idx=5;profile=0;tier=0,video,video,1534352440,T01,700248,713,true,1,0,178,178,23020,151,2,SV338,0,0,0,1,[object Object],bandwidth,1,0,0,r1,4225779776,0.933,0,9.84033
OT01V348136763,1776279374301.053,outbound-rtp,COT01_45_level-idx=5;profile=0;tier=0,video,video,348136763,T01,0,1,true,2,0,0,0,283,0,0,SV338,0,0,0,0,[object Object],bandwidth,1,0,0,r2,1753397338,0,0,0
OT01V915022925,1776279374301.053,outbound-rtp,COT01_45_level-idx=5;profile=0;tier=0,video,video,915022925,T01,742941,1548,true,0,0,495,495,194811,15,4,SV338,0,0,0,1,[object Object],bandwidth,1,0,0,r0,3068579184,8.257,0,5.9725079999999995
OT01V1534352440,1776279374301.053,outbound-rtp,COT01_45_level-idx=5;profile=0;tier=0,video,video,1534352440,T01,700248,713,true,1,0,178,178,23020,151,2,SV338,0,0,0,1,[object Object],bandwidth,1,0,0,r1,4225779776,0.933,0,9.84033
OT01V348136763,1776279374301.053,outbound-rtp,COT01_45_level-idx=5;profile=0;tier=0,video,video,348136763,T01,0,1,true,2,0,0,0,283,0,0,SV338,0,0,0,0,[object Object],bandwidth,1,0,0,r2,1753397338,0,0,0
OT01V915022925,1776279374301.053,outbound-rtp,COT01_45_level-idx=5;profile=0;tier=0,video,video,915022925,T01,742941,1548,true,0,0,495,495,194811,15,4,SV338,0,0,0,1,[object Object],bandwidth,1,0,0,r0,3068579184,8.257,0,5.9725079999999995
OT01V1534352440,1776279374500.984,outbound-rtp,COT01_45_level-idx=5;profile=0;tier=0,video,video,1534352440,T01,722628,735,true,1,0,184,184,23724,156,2,SV338,0,0,0,1,[object Object],bandwidth,1,0,0,r1,4225779776,0.954,0,9.840344
OT01V348136763,1776279374500.984,outbound-rtp,COT01_45_level-idx=5;profile=0;tier=0,video,video,348136763,T01,0,1,true,2,0,0,0,283,0,0,SV338,0,0,0,0,[object Object],bandwidth,1,0,0,r2,1753397338,0,0,0
OT01V915022925,1776279374500.984,outbound-rtp,COT01_45_level-idx=5;profile=0;tier=0,video,video,915022925,T01,758449,1565,true,0,0,501,501,195355,15,4,SV338,0,0,0,1,[object Object],bandwidth,1,0,0,r0,3068579184,8.334,0,5.972516
OT01V1534352440,1776279374500.984,outbound-rtp,COT01_45_level-idx=5;profile=0;tier=0,video,video,1534352440,T01,722628,735,true,1,0,184,184,23724,156,2,SV338,0,0,0,1,[object Object],bandwidth,1,0,0,r1,4225779776,0.954,0,9.840344
OT01V348136763,1776279374500.984,outbound-rtp,COT01_45_level-idx=5;profile=0;tier=0,video,video,348136763,T01,0,1,true,2,0,0,0,283,0,0,SV338,0,0,0,0,[object Object],bandwidth,1,0,0,r2,1753397338,0,0,0
OT01V915022925,1776279374500.984,outbound-rtp,COT01_45_level-idx=5;profile=0;tier=0,video,video,915022925,T01,758449,1565,true,0,0,501,501,195355,15,4,SV338,0,0,0,1,[object Object],bandwidth,1,0,0,r0,3068579184,8.334,0,5.972516
OT01V1534352440,1776279374701.112,outbound-rtp,COT01_45_level-idx=5;profile=0;tier=0,video,video,1534352440,T01,743440,755,true,1,0,189,189,24364,161,2,SV338,0,0,0,1,[object Object],bandwidth,1,0,0,r1,4225779776,0.954,0,9.881136
OT01V348136763,1776279374701.112,outbound-rtp,COT01_45_level-idx=5;profile=0;tier=0,video,video,348136763,T01,0,1,true,2,0,0,0,283,0,0,SV338,0,0,0,0,[object Object],bandwidth,1,0,0,r2,1753397338,0,0,0
OT01V915022925,1776279374701.112,outbound-rtp,COT01_45_level-idx=5;profile=0;tier=0,video,video,915022925,T01,763345,1573,true,0,0,507,507,195611,15,4,SV338,0,0,0,1,[object Object],bandwidth,1,0,0,r0,3068579184,8.411,0,5.986397999999999
OT01V1534352440,1776279374701.112,outbound-rtp,COT01_45_level-idx=5;profile=0;tier=0,video,video,1534352440,T01,743440,755,true,1,0,189,189,24364,161,2,SV338,0,0,0,1,[object Object],bandwidth,1,0,0,r1,4225779776,0.954,0,9.881136
OT01V348136763,1776279374701.112,outbound-rtp,COT01_45_level-idx=5;profile=0;tier=0,video,video,348136763,T01,0,1,true,2,0,0,0,283,0,0,SV338,0,0,0,0,[object Object],bandwidth,1,0,0,r2,1753397338,0,0,0
OT01V915022925,1776279374701.112,outbound-rtp,COT01_45_level-idx=5;profile=0;tier=0,video,video,915022925,T01,763345,1573,true,0,0,507,507,195611,15,4,SV338,0,0,0,1,[object Object],bandwidth,1,0,0,r0,3068579184,8.411,0,5.986397999999999
OT01V1534352440,1776279374900.967,outbound-rtp,COT01_45_level-idx=5;profile=0;tier=0,video,video,1534352440,T01,771709,784,true,1,0,195,195,25292,166,2,SV338,0,0,0,1,[object Object],bandwidth,1,0,0,r1,4225779776,1.006,0,9.881148
OT01V348136763,1776279374900.967,outbound-rtp,COT01_45_level-idx=5;profile=0;tier=0,video,video,348136763,T01,0,1,true,2,0,0,0,283,0,0,SV338,0,0,0,0,[object Object],bandwidth,1,0,0,r2,1753397338,0,0,0
OT01V915022925,1776279374900.967,outbound-rtp,COT01_45_level-idx=5;profile=0;tier=0,video,video,915022925,T01,771338,1582,true,0,0,512,512,195899,15,4,SV338,0,0,0,1,[object Object],bandwidth,1,0,0,r0,3068579184,8.468,0,5.986402
OT01V1534352440,1776279374900.967,outbound-rtp,COT01_45_level-idx=5;profile=0;tier=0,video,video,1534352440,T01,771709,784,true,1,0,195,195,25292,166,2,SV338,0,0,0,1,[object Object],bandwidth,1,0,0,r1,4225779776,1.006,0,9.881148
OT01V348136763,1776279374900.967,outbound-rtp,COT01_45_level-idx=5;profile=0;tier=0,video,video,348136763,T01,0,1,true,2,0,0,0,283,0,0,SV338,0,0,0,0,[object Object],bandwidth,1,0,0,r2,1753397338,0,0,0
OT01V915022925,1776279374900.967,outbound-rtp,COT01_45_level-idx=5;profile=0;tier=0,video,video,915022925,T01,771338,1582,true,0,0,512,512,195899,15,4,SV338,0,0,0,1,[object Object],bandwidth,1,0,0,r0,3068579184,8.468,0,5.986402
OT01V1534352440,1776279375101.09,outbound-rtp,COT01_45_level-idx=5;profile=0;tier=0,video,video,1534352440,T01,800592,813,true,1,0,201,201,26220,172,2,SV338,0,0,0,1,[object Object],bandwidth,1,0,0,r1,4225779776,1.006,0,10.530356
OT01V348136763,1776279375101.09,outbound-rtp,COT01_45_level-idx=5;profile=0;tier=0,video,video,348136763,T01,0,1,true,2,0,0,0,283,0,0,SV338,0,0,0,0,[object Object],bandwidth,1,0,0,r2,1753397338,0,0,0
OT01V915022925,1776279375101.09,outbound-rtp,COT01_45_level-idx=5;profile=0;tier=0,video,video,915022925,T01,774453,1589,true,0,0,518,518,196123,15,4,SV338,0,0,0,1,[object Object],bandwidth,1,0,0,r0,3068579184,8.536,0,6.048731
OT01V1534352440,1776279375101.09,outbound-rtp,COT01_45_level-idx=5;profile=0;tier=0,video,video,1534352440,T01,800592,813,true,1,0,201,201,26220,172,2,SV338,0,0,0,1,[object Object],bandwidth,1,0,0,r1,4225779776,1.006,0,10.530356
OT01V348136763,1776279375101.09,outbound-rtp,COT01_45_level-idx=5;profile=0;tier=0,video,video,348136763,T01,0,1,true,2,0,0,0,283,0,0,SV338,0,0,0,0,[object Object],bandwidth,1,0,0,r2,1753397338,0,0,0
OT01V915022925,1776279375101.09,outbound-rtp,COT01_45_level-idx=5;profile=0;tier=0,video,video,915022925,T01,774453,1589,true,0,0,518,518,196123,15,4,SV338,0,0,0,1,[object Object],bandwidth,1,0,0,r0,3068579184,8.536,0,6.048731
OT01V1534352440,1776279375300.971,outbound-rtp,COT01_45_level-idx=5;profile=0;tier=0,video,video,1534352440,T01,826626,839,true,1,0,206,206,27052,176,2,SV338,0,0,0,1,[object Object],bandwidth,1,0,0,r1,4225779776,1.027,0,10.530372999999999
OT01V348136763,1776279375300.971,outbound-rtp,COT01_45_level-idx=5;profile=0;tier=0,video,video,348136763,T01,0,1,true,2,0,0,0,283,0,0,SV338,0,0,0,0,[object Object],bandwidth,1,0,0,r2,1753397338,0,0,0
OT01V915022925,1776279375300.971,outbound-rtp,COT01_45_level-idx=5;profile=0;tier=0,video,video,915022925,T01,785027,1600,true,0,0,522,522,196475,15,4,SV338,0,0,0,1,[object Object],bandwidth,1,0,0,r0,3068579184,8.617,0,6.048738999999999
OT01V1534352440,1776279375300.971,outbound-rtp,COT01_45_level-idx=5;profile=0;tier=0,video,video,1534352440,T01,826626,839,true,1,0,206,206,27052,176,2,SV338,0,0,0,1,[object Object],bandwidth,1,0,0,r1,4225779776,1.027,0,10.530372999999999
OT01V348136763,1776279375300.971,outbound-rtp,COT01_45_level-idx=5;profile=0;tier=0,video,video,348136763,T01,0,1,true,2,0,0,0,283,0,0,SV338,0,0,0,0,[object Object],bandwidth,1,0,0,r2,1753397338,0,0,0
OT01V915022925,1776279375300.971,outbound-rtp,COT01_45_level-idx=5;profile=0;tier=0,video,video,915022925,T01,785027,1600,true,0,0,522,522,196475,15,4,SV338,0,0,0,1,[object Object],bandwidth,1,0,0,r0,3068579184,8.617,0,6.048738999999999
OT01V1534352440,1776279375500.976,outbound-rtp,COT01_45_level-idx=5;profile=0;tier=0,video,video,1534352440,T01,852442,864,true,1,0,212,212,27852,182,2,SV338,0,0,0,1,[object Object],bandwidth,1,0,0,r1,4225779776,1.027,0,10.809092999999999
OT01V348136763,1776279375500.976,outbound-rtp,COT01_45_level-idx=5;profile=0;tier=0,video,video,348136763,T01,0,1,true,2,0,0,0,283,0,0,SV338,0,0,0,0,[object Object],bandwidth,1,0,0,r2,1753397338,0,0,0
OT01V915022925,1776279375500.976,outbound-rtp,COT01_45_level-idx=5;profile=0;tier=0,video,video,915022925,T01,791784,1609,true,0,0,528,528,196763,15,4,SV338,0,0,0,1,[object Object],bandwidth,1,0,0,r0,3068579184,8.689,0,6.09572
OT01V1534352440,1776279375500.976,outbound-rtp,COT01_45_level-idx=5;profile=0;tier=0,video,video,1534352440,T01,852442,864,true,1,0,212,212,27852,182,2,SV338,0,0,0,1,[object Object],bandwidth,1,0,0,r1,4225779776,1.027,0,10.809092999999999
OT01V348136763,1776279375500.976,outbound-rtp,COT01_45_level-idx=5;profile=0;tier=0,video,video,348136763,T01,0,1,true,2,0,0,0,283,0,0,SV338,0,0,0,0,[object Object],bandwidth,1,0,0,r2,1753397338,0,0,0
OT01V915022925,1776279375500.976,outbound-rtp,COT01_45_level-idx=5;profile=0;tier=0,video,video,915022925,T01,791784,1609,true,0,0,528,528,196763,15,4,SV338,0,0,0,1,[object Object],bandwidth,1,0,0,r0,3068579184,8.689,0,6.09572
OT01V1534352440,1776279375701.156,outbound-rtp,COT01_45_level-idx=5;profile=0;tier=0,video,video,1534352440,T01,879760,891,true,1,0,217,217,28716,187,2,SV338,0,0,0,1,[object Object],bandwidth,1,0,0,r1,4225779776,1.027,0,10.809107
OT01V348136763,1776279375701.156,outbound-rtp,COT01_45_level-idx=5;profile=0;tier=0,video,video,348136763,T01,0,1,true,2,0,0,0,283,0,0,SV338,0,0,0,0,[object Object],bandwidth,1,0,0,r2,1753397338,0,0,0
OT01V915022925,1776279375701.156,outbound-rtp,COT01_45_level-idx=5;profile=0;tier=0,video,video,915022925,T01,801237,1621,true,0,0,534,534,197143,15,4,SV338,0,0,0,1,[object Object],bandwidth,1,0,0,r0,3068579184,8.755,0,6.095721999999999
OT01V1534352440,1776279375701.156,outbound-rtp,COT01_45_level-idx=5;profile=0;tier=0,video,video,1534352440,T01,879760,891,true,1,0,217,217,28716,187,2,SV338,0,0,0,1,[object Object],bandwidth,1,0,0,r1,4225779776,1.027,0,10.809107
OT01V348136763,1776279375701.156,outbound-rtp,COT01_45_level-idx=5;profile=0;tier=0,video,video,348136763,T01,0,1,true,2,0,0,0,283,0,0,SV338,0,0,0,0,[object Object],bandwidth,1,0,0,r2,1753397338,0,0,0
OT01V915022925,1776279375701.156,outbound-rtp,COT01_45_level-idx=5;profile=0;tier=0,video,video,915022925,T01,801237,1621,true,0,0,534,534,197143,15,4,SV338,0,0,0,1,[object Object],bandwidth,1,0,0,r0,3068579184,8.755,0,6.095721999999999
OT01V1534352440,1776279375901.086,outbound-rtp,COT01_45_level-idx=5;profile=0;tier=0,video,video,1534352440,T01,906508,917,true,1,0,223,223,29548,193,2,SV338,0,0,0,1,[object Object],bandwidth,1,0,0,r1,4225779776,1.027,0,10.888287
OT01V348136763,1776279375901.086,outbound-rtp,COT01_45_level-idx=5;profile=0;tier=0,video,video,348136763,T01,0,1,true,2,0,0,0,283,0,0,SV338,0,0,0,0,[object Object],bandwidth,1,0,0,r2,1753397338,0,0,0
OT01V915022925,1776279375901.086,outbound-rtp,COT01_45_level-idx=5;profile=0;tier=0,video,video,915022925,T01,807183,1629,true,0,0,539,539,197399,15,4,SV338,0,0,0,1,[object Object],bandwidth,1,0,0,r0,3068579184,8.839,0,6.1122119999999995
OT01V1534352440,1776279375901.086,outbound-rtp,COT01_45_level-idx=5;profile=0;tier=0,video,video,1534352440,T01,906508,917,true,1,0,223,223,29548,193,2,SV338,0,0,0,1,[object Object],bandwidth,1,0,0,r1,4225779776,1.027,0,10.888287
OT01V348136763,1776279375901.086,outbound-rtp,COT01_45_level-idx=5;profile=0;tier=0,video,video,348136763,T01,0,1,true,2,0,0,0,283,0,0,SV338,0,0,0,0,[object Object],bandwidth,1,0,0,r2,1753397338,0,0,0
OT01V915022925,1776279375901.086,outbound-rtp,COT01_45_level-idx=5;profile=0;tier=0,video,video,915022925,T01,807183,1629,true,0,0,539,539,197399,15,4,SV338,0,0,0,1,[object Object],bandwidth,1,0,0,r0,3068579184,8.839,0,6.1122119999999995
OT01V1534352440,1776279376101.064,outbound-rtp,COT01_45_level-idx=5;profile=0;tier=0,video,video,1534352440,T01,931366,941,true,1,0,228,228,30316,197,2,SV338,0,0,0,1,[object Object],bandwidth,1,0,0,r1,4225779776,1.05,0,10.988832
OT01V348136763,1776279376101.064,outbound-rtp,COT01_45_level-idx=5;profile=0;tier=0,video,video,348136763,T01,0,1,true,2,0,0,0,283,0,0,SV338,0,0,0,0,[object Object],bandwidth,1,0,0,r2,1753397338,0,0,0
OT01V915022925,1776279376101.064,outbound-rtp,COT01_45_level-idx=5;profile=0;tier=0,video,video,915022925,T01,819512,1643,true,0,0,545,545,197839,15,4,SV338,0,0,0,1,[object Object],bandwidth,1,0,0,r0,3068579184,8.912,0,6.14298
OT01V1534352440,1776279376101.064,outbound-rtp,COT01_45_level-idx=5;profile=0;tier=0,video,video,1534352440,T01,931366,941,true,1,0,228,228,30316,197,2,SV338,0,0,0,1,[object Object],bandwidth,1,0,0,r1,4225779776,1.05,0,10.988832
OT01V348136763,1776279376101.064,outbound-rtp,COT01_45_level-idx=5;profile=0;tier=0,video,video,348136763,T01,0,1,true,2,0,0,0,283,0,0,SV338,0,0,0,0,[object Object],bandwidth,1,0,0,r2,1753397338,0,0,0
OT01V915022925,1776279376101.064,outbound-rtp,COT01_45_level-idx=5;profile=0;tier=0,video,video,915022925,T01,819512,1643,true,0,0,545,545,197839,15,4,SV338,0,0,0,1,[object Object],bandwidth,1,0,0,r0,3068579184,8.912,0,6.14298
OT01V1534352440,1776279376300.987,outbound-rtp,COT01_45_level-idx=5;profile=0;tier=0,video,video,1534352440,T01,958162,968,true,1,0,234,234,31180,203,2,SV338,0,0,0,1,[object Object],bandwidth,1,0,0,r1,4225779776,1.05,0,11.233164
OT01V348136763,1776279376300.987,outbound-rtp,COT01_45_level-idx=5;profile=0;tier=0,video,video,348136763,T01,0,1,true,2,0,0,0,283,0,0,SV338,0,0,0,0,[object Object],bandwidth,1,0,0,r2,1753397338,0,0,0
OT01V915022925,1776279376300.987,outbound-rtp,COT01_45_level-idx=5;profile=0;tier=0,video,video,915022925,T01,829522,1655,true,0,0,551,551,198223,15,4,SV338,0,0,0,1,[object Object],bandwidth,1,0,0,r0,3068579184,8.989,0,6.178363999999999
OT01V1534352440,1776279376300.987,outbound-rtp,COT01_45_level-idx=5;profile=0;tier=0,video,video,1534352440,T01,958162,968,true,1,0,234,234,31180,203,2,SV338,0,0,0,1,[object Object],bandwidth,1,0,0,r1,4225779776,1.05,0,11.233164
OT01V348136763,1776279376300.987,outbound-rtp,COT01_45_level-idx=5;profile=0;tier=0,video,video,348136763,T01,0,1,true,2,0,0,0,283,0,0,SV338,0,0,0,0,[object Object],bandwidth,1,0,0,r2,1753397338,0,0,0
OT01V915022925,1776279376300.987,outbound-rtp,COT01_45_level-idx=5;profile=0;tier=0,video,video,915022925,T01,829522,1655,true,0,0,551,551,198223,15,4,SV338,0,0,0,1,[object Object],bandwidth,1,0,0,r0,3068579184,8.989,0,6.178363999999999
OT01V1534352440,1776279376501.023,outbound-rtp,COT01_45_level-idx=5;profile=0;tier=0,video,video,1534352440,T01,979507,989,true,1,0,239,239,31852,208,2,SV338,0,0,0,1,[object Object],bandwidth,1,0,0,r1,4225779776,1.05,0,11.233184
OT01V348136763,1776279376501.023,outbound-rtp,COT01_45_level-idx=5;profile=0;tier=0,video,video,348136763,T01,0,1,true,2,0,0,0,283,0,0,SV338,0,0,0,0,[object Object],bandwidth,1,0,0,r2,1753397338,0,0,0
OT01V915022925,1776279376501.023,outbound-rtp,COT01_45_level-idx=5;profile=0;tier=0,video,video,915022925,T01,848136,1673,true,0,0,557,557,198799,15,4,SV338,0,0,0,1,[object Object],bandwidth,1,0,0,r0,3068579184,9.072,0,6.178376999999999
OT01V1534352440,1776279376501.023,outbound-rtp,COT01_45_level-idx=5;profile=0;tier=0,video,video,1534352440,T01,979507,989,true,1,0,239,239,31852,208,2,SV338,0,0,0,1,[object Object],bandwidth,1,0,0,r1,4225779776,1.05,0,11.233184
OT01V348136763,1776279376501.023,outbound-rtp,COT01_45_level-idx=5;profile=0;tier=0,video,video,348136763,T01,0,1,true,2,0,0,0,283,0,0,SV338,0,0,0,0,[object Object],bandwidth,1,0,0,r2,1753397338,0,0,0
OT01V915022925,1776279376501.023,outbound-rtp,COT01_45_level-idx=5;profile=0;tier=0,video,video,915022925,T01,848136,1673,true,0,0,557,557,198799,15,4,SV338,0,0,0,1,[object Object],bandwidth,1,0,0,r0,3068579184,9.072,0,6.178376999999999
OT01V1534352440,1776279376700.985,outbound-rtp,COT01_45_level-idx=5;profile=0;tier=0,video,video,1534352440,T01,1007843,1018,true,1,0,246,246,32780,214,2,SV338,0,0,0,1,[object Object],bandwidth,1,0,0,r1,4225779776,1.061,0,11.360925
OT01V348136763,1776279376700.985,outbound-rtp,COT01_45_level-idx=5;profile=0;tier=0,video,video,348136763,T01,0,1,true,2,0,0,0,283,0,0,SV338,0,0,0,0,[object Object],bandwidth,1,0,0,r2,1753397338,0,0,0
OT01V915022925,1776279376700.985,outbound-rtp,COT01_45_level-idx=5;profile=0;tier=0,video,video,915022925,T01,855414,1683,true,0,0,562,562,199119,15,4,SV338,0,0,0,1,[object Object],bandwidth,1,0,0,r0,3068579184,9.151,0,6.213087
OT01V1534352440,1776279376700.985,outbound-rtp,COT01_45_level-idx=5;profile=0;tier=0,video,video,1534352440,T01,1007843,1018,true,1,0,246,246,32780,214,2,SV338,0,0,0,1,[object Object],bandwidth,1,0,0,r1,4225779776,1.061,0,11.360925
OT01V348136763,1776279376700.985,outbound-rtp,COT01_45_level-idx=5;profile=0;tier=0,video,video,348136763,T01,0,1,true,2,0,0,0,283,0,0,SV338,0,0,0,0,[object Object],bandwidth,1,0,0,r2,1753397338,0,0,0
OT01V915022925,1776279376700.985,outbound-rtp,COT01_45_level-idx=5;profile=0;tier=0,video,video,915022925,T01,855414,1683,true,0,0,562,562,199119,15,4,SV338,0,0,0,1,[object Object],bandwidth,1,0,0,r0,3068579184,9.151,0,6.213087
OT01V1534352440,1776279376901.174,outbound-rtp,COT01_45_level-idx=5;profile=0;tier=0,video,video,1534352440,T01,1035966,1049,true,1,0,251,251,34513,219,2,SV338,0,0,0,1,[object Object],bandwidth,1,0,0,r1,4225779776,1.061,0,11.360944
OT01V348136763,1776279376901.174,outbound-rtp,COT01_45_level-idx=5;profile=0;tier=0,video,video,348136763,T01,0,1,true,2,0,0,0,283,0,0,SV338,0,0,0,0,[object Object],bandwidth,1,0,0,r2,1753397338,0,0,0
OT01V915022925,1776279376901.174,outbound-rtp,COT01_45_level-idx=5;profile=0;tier=0,video,video,915022925,T01,865209,1696,true,0,0,568,568,199535,15,4,SV338,0,0,0,1,[object Object],bandwidth,1,0,0,r0,3068579184,9.229,0,6.213096999999999
OT01V1534352440,1776279376901.174,outbound-rtp,COT01_45_level-idx=5;profile=0;tier=0,video,video,1534352440,T01,1035966,1049,true,1,0,251,251,34513,219,2,SV338,0,0,0,1,[object Object],bandwidth,1,0,0,r1,4225779776,1.061,0,11.360944
OT01V348136763,1776279376901.174,outbound-rtp,COT01_45_level-idx=5;profile=0;tier=0,video,video,348136763,T01,0,1,true,2,0,0,0,283,0,0,SV338,0,0,0,0,[object Object],bandwidth,1,0,0,r2,1753397338,0,0,0
OT01V915022925,1776279376901.174,outbound-rtp,COT01_45_level-idx=5;profile=0;tier=0,video,video,915022925,T01,865209,1696,true,0,0,568,568,199535,15,4,SV338,0,0,0,1,[object Object],bandwidth,1,0,0,r0,3068579184,9.229,0,6.213096999999999
OT01V1534352440,1776279377100.977,outbound-rtp,COT01_45_level-idx=5;profile=0;tier=0,video,video,1534352440,T01,1057240,1069,true,1,0,256,256,35153,223,2,SV338,0,0,0,1,[object Object],bandwidth,1,0,0,r1,4225779776,1.071,0,11.501686
OT01V348136763,1776279377100.977,outbound-rtp,COT01_45_level-idx=5;profile=0;tier=0,video,video,348136763,T01,0,1,true,2,0,0,0,283,0,0,SV338,0,0,0,0,[object Object],bandwidth,1,0,0,r2,1753397338,0,0,0
OT01V915022925,1776279377100.977,outbound-rtp,COT01_45_level-idx=5;profile=0;tier=0,video,video,915022925,T01,882226,1714,true,0,0,573,573,200107,15,4,SV338,0,0,0,1,[object Object],bandwidth,1,0,0,r0,3068579184,9.289,0,6.320805
OT01V1534352440,1776279377100.977,outbound-rtp,COT01_45_level-idx=5;profile=0;tier=0,video,video,1534352440,T01,1057240,1069,true,1,0,256,256,35153,223,2,SV338,0,0,0,1,[object Object],bandwidth,1,0,0,r1,4225779776,1.071,0,11.501686
OT01V348136763,1776279377100.977,outbound-rtp,COT01_45_level-idx=5;profile=0;tier=0,video,video,348136763,T01,0,1,true,2,0,0,0,283,0,0,SV338,0,0,0,0,[object Object],bandwidth,1,0,0,r2,1753397338,0,0,0
OT01V915022925,1776279377100.977,outbound-rtp,COT01_45_level-idx=5;profile=0;tier=0,video,video,915022925,T01,882226,1714,true,0,0,573,573,200107,15,4,SV338,0,0,0,1,[object Object],bandwidth,1,0,0,r0,3068579184,9.289,0,6.320805
OT01V1534352440,1776279377301.011,outbound-rtp,COT01_45_level-idx=5;profile=0;tier=0,video,video,1534352440,T01,1087302,1099,true,1,0,262,262,36113,229,2,SV338,0,0,0,1,[object Object],bandwidth,1,0,0,r1,4225779776,1.071,0,11.501707999999999
OT01V348136763,1776279377301.011,outbound-rtp,COT01_45_level-idx=5;profile=0;tier=0,video,video,348136763,T01,0,1,true,2,0,0,0,283,0,0,SV338,0,0,0,0,[object Object],bandwidth,1,0,0,r2,1753397338,0,0,0
OT01V915022925,1776279377301.011,outbound-rtp,COT01_45_level-idx=5;profile=0;tier=0,video,video,915022925,T01,894174,1731,true,0,0,579,579,201627,15,4,SV338,0,0,0,1,[object Object],bandwidth,1,0,0,r0,3068579184,9.373,0,6.320816
OT01V1534352440,1776279377301.011,outbound-rtp,COT01_45_level-idx=5;profile=0;tier=0,video,video,1534352440,T01,1087302,1099,true,1,0,262,262,36113,229,2,SV338,0,0,0,1,[object Object],bandwidth,1,0,0,r1,4225779776,1.071,0,11.501707999999999
OT01V348136763,1776279377301.011,outbound-rtp,COT01_45_level-idx=5;profile=0;tier=0,video,video,348136763,T01,0,1,true,2,0,0,0,283,0,0,SV338,0,0,0,0,[object Object],bandwidth,1,0,0,r2,1753397338,0,0,0
OT01V915022925,1776279377301.011,outbound-rtp,COT01_45_level-idx=5;profile=0;tier=0,video,video,915022925,T01,894174,1731,true,0,0,579,579,201627,15,4,SV338,0,0,0,1,[object Object],bandwidth,1,0,0,r0,3068579184,9.373,0,6.320816
OT01V1534352440,1776279377501.003,outbound-rtp,COT01_45_level-idx=5;profile=0;tier=0,video,video,1534352440,T01,1113935,1129,true,1,0,268,268,37814,235,2,SV338,0,0,0,1,[object Object],bandwidth,1,0,0,r1,4225779776,1.071,0,11.523057
OT01V348136763,1776279377501.003,outbound-rtp,COT01_45_level-idx=5;profile=0;tier=0,video,video,348136763,T01,0,1,true,2,0,0,0,283,0,0,SV338,0,0,0,0,[object Object],bandwidth,1,0,0,r2,1753397338,0,0,0
OT01V915022925,1776279377501.003,outbound-rtp,COT01_45_level-idx=5;profile=0;tier=0,video,video,915022925,T01,903768,1743,true,0,0,585,585,202011,15,4,SV338,0,0,0,1,[object Object],bandwidth,1,0,0,r0,3068579184,9.443,0,6.334801
OT01V1534352440,1776279377501.003,outbound-rtp,COT01_45_level-idx=5;profile=0;tier=0,video,video,1534352440,T01,1113935,1129,true,1,0,268,268,37814,235,2,SV338,0,0,0,1,[object Object],bandwidth,1,0,0,r1,4225779776,1.071,0,11.523057
OT01V348136763,1776279377501.003,outbound-rtp,COT01_45_level-idx=5;profile=0;tier=0,video,video,348136763,T01,0,1,true,2,0,0,0,283,0,0,SV338,0,0,0,0,[object Object],bandwidth,1,0,0,r2,1753397338,0,0,0
OT01V915022925,1776279377501.003,outbound-rtp,COT01_45_level-idx=5;profile=0;tier=0,video,video,915022925,T01,903768,1743,true,0,0,585,585,202011,15,4,SV338,0,0,0,1,[object Object],bandwidth,1,0,0,r0,3068579184,9.443,0,6.334801
OT01V1534352440,1776279377701.184,outbound-rtp,COT01_45_level-idx=5;profile=0;tier=0,video,video,1534352440,T01,1146295,1163,true,1,0,274,274,38902,241,2,SV338,0,0,0,1,[object Object],bandwidth,1,0,0,r1,4225779776,1.071,0,11.523079
OT01V348136763,1776279377701.184,outbound-rtp,COT01_45_level-idx=5;profile=0;tier=0,video,video,348136763,T01,0,1,true,2,0,0,0,283,0,0,SV338,0,0,0,0,[object Object],bandwidth,1,0,0,r2,1753397338,0,0,0
OT01V915022925,1776279377701.184,outbound-rtp,COT01_45_level-idx=5;profile=0;tier=0,video,video,915022925,T01,912343,1753,true,0,0,591,591,202331,15,4,SV338,0,0,0,1,[object Object],bandwidth,1,0,0,r0,3068579184,9.519,0,6.334803
OT01V1534352440,1776279377701.184,outbound-rtp,COT01_45_level-idx=5;profile=0;tier=0,video,video,1534352440,T01,1146295,1163,true,1,0,274,274,38902,241,2,SV338,0,0,0,1,[object Object],bandwidth,1,0,0,r1,4225779776,1.071,0,11.523079
OT01V348136763,1776279377701.184,outbound-rtp,COT01_45_level-idx=5;profile=0;tier=0,video,video,348136763,T01,0,1,true,2,0,0,0,283,0,0,SV338,0,0,0,0,[object Object],bandwidth,1,0,0,r2,1753397338,0,0,0
OT01V915022925,1776279377701.184,outbound-rtp,COT01_45_level-idx=5;profile=0;tier=0,video,video,915022925,T01,912343,1753,true,0,0,591,591,202331,15,4,SV338,0,0,0,1,[object Object],bandwidth,1,0,0,r0,3068579184,9.519,0,6.334803
OT01V1534352440,1776279377901.162,outbound-rtp,COT01_45_level-idx=5;profile=0;tier=0,video,video,1534352440,T01,1178749,1194,true,1,0,280,280,39894,247,2,SV338,0,0,0,1,[object Object],bandwidth,1,0,0,r1,4225779776,1.104,0,11.928182999999999
OT01V348136763,1776279377901.162,outbound-rtp,COT01_45_level-idx=5;profile=0;tier=0,video,video,348136763,T01,0,1,true,2,0,0,0,283,0,0,SV338,0,0,0,0,[object Object],bandwidth,1,0,0,r2,1753397338,0,0,0
OT01V915022925,1776279377901.162,outbound-rtp,COT01_45_level-idx=5;profile=0;tier=0,video,video,915022925,T01,922811,1765,true,0,0,596,596,202715,15,4,SV338,0,0,0,1,[object Object],bandwidth,1,0,0,r0,3068579184,9.581,0,6.401463
OT01V1534352440,1776279377901.162,outbound-rtp,COT01_45_level-idx=5;profile=0;tier=0,video,video,1534352440,T01,1178749,1194,true,1,0,280,280,39894,247,2,SV338,0,0,0,1,[object Object],bandwidth,1,0,0,r1,4225779776,1.104,0,11.928182999999999
OT01V348136763,1776279377901.162,outbound-rtp,COT01_45_level-idx=5;profile=0;tier=0,video,video,348136763,T01,0,1,true,2,0,0,0,283,0,0,SV338,0,0,0,0,[object Object],bandwidth,1,0,0,r2,1753397338,0,0,0
OT01V915022925,1776279377901.162,outbound-rtp,COT01_45_level-idx=5;profile=0;tier=0,video,video,915022925,T01,922811,1765,true,0,0,596,596,202715,15,4,SV338,0,0,0,1,[object Object],bandwidth,1,0,0,r0,3068579184,9.581,0,6.401463
OT01V1534352440,1776279378101.005,outbound-rtp,COT01_45_level-idx=5;profile=0;tier=0,video,video,1534352440,T01,1205946,1221,true,1,0,285,285,41252,252,2,SV338,0,0,0,1,[object Object],bandwidth,1,0,0,r1,4225779776,1.104,0,11.928199
OT01V348136763,1776279378101.005,outbound-rtp,COT01_45_level-idx=5;profile=0;tier=0,video,video,348136763,T01,0,1,true,2,0,0,0,283,0,0,SV338,0,0,0,0,[object Object],bandwidth,1,0,0,r2,1753397338,0,0,0
OT01V915022925,1776279378101.005,outbound-rtp,COT01_45_level-idx=5;profile=0;tier=0,video,video,915022925,T01,937456,1780,true,0,0,602,602,203191,15,4,SV338,0,0,0,1,[object Object],bandwidth,1,0,0,r0,3068579184,9.656,0,6.401466
OT01V1534352440,1776279378101.005,outbound-rtp,COT01_45_level-idx=5;profile=0;tier=0,video,video,1534352440,T01,1205946,1221,true,1,0,285,285,41252,252,2,SV338,0,0,0,1,[object Object],bandwidth,1,0,0,r1,4225779776,1.104,0,11.928199
OT01V348136763,1776279378101.005,outbound-rtp,COT01_45_level-idx=5;profile=0;tier=0,video,video,348136763,T01,0,1,true,2,0,0,0,283,0,0,SV338,0,0,0,0,[object Object],bandwidth,1,0,0,r2,1753397338,0,0,0
OT01V915022925,1776279378101.005,outbound-rtp,COT01_45_level-idx=5;profile=0;tier=0,video,video,915022925,T01,937456,1780,true,0,0,602,602,203191,15,4,SV338,0,0,0,1,[object Object],bandwidth,1,0,0,r0,3068579184,9.656,0,6.401466
OT01V1534352440,1776279378301.023,outbound-rtp,COT01_45_level-idx=5;profile=0;tier=0,video,video,1534352440,T01,1239885,1253,true,1,0,291,291,42276,258,2,SV338,0,0,0,1,[object Object],bandwidth,1,0,0,r1,4225779776,1.104,0,11.928232
OT01V348136763,1776279378301.023,outbound-rtp,COT01_45_level-idx=5;profile=0;tier=0,video,video,348136763,T01,0,1,true,2,0,0,0,283,0,0,SV338,0,0,0,0,[object Object],bandwidth,1,0,0,r2,1753397338,0,0,0
OT01V915022925,1776279378301.023,outbound-rtp,COT01_45_level-idx=5;profile=0;tier=0,video,video,915022925,T01,946172,1790,true,0,0,607,607,203511,15,4,SV338,0,0,0,1,[object Object],bandwidth,1,0,0,r0,3068579184,9.721,0,6.401472999999999
OT01V1534352440,1776279378301.023,outbound-rtp,COT01_45_level-idx=5;profile=0;tier=0,video,video,1534352440,T01,1239885,1253,true,1,0,291,291,42276,258,2,SV338,0,0,0,1,[object Object],bandwidth,1,0,0,r1,4225779776,1.104,0,11.928232
OT01V348136763,1776279378301.023,outbound-rtp,COT01_45_level-idx=5;profile=0;tier=0,video,video,348136763,T01,0,1,true,2,0,0,0,283,0,0,SV338,0,0,0,0,[object Object],bandwidth,1,0,0,r2,1753397338,0,0,0
OT01V915022925,1776279378301.023,outbound-rtp,COT01_45_level-idx=5;profile=0;tier=0,video,video,915022925,T01,946172,1790,true,0,0,607,607,203511,15,4,SV338,0,0,0,1,[object Object],bandwidth,1,0,0,r0,3068579184,9.721,0,6.401472999999999
OT01V1534352440,1776279378501.043,outbound-rtp,COT01_45_level-idx=5;profile=0;tier=0,video,video,1534352440,T01,1273241,1286,true,1,0,297,297,43332,263,2,SV338,0,0,0,1,[object Object],bandwidth,1,0,0,r1,4225779776,1.126,0,11.928282999999999
OT01V348136763,1776279378501.043,outbound-rtp,COT01_45_level-idx=5;profile=0;tier=0,video,video,348136763,T01,0,1,true,2,0,0,0,283,0,0,SV338,0,0,0,0,[object Object],bandwidth,1,0,0,r2,1753397338,0,0,0
OT01V915022925,1776279378501.043,outbound-rtp,COT01_45_level-idx=5;profile=0;tier=0,video,video,915022925,T01,958005,1805,true,0,0,613,613,203991,15,4,SV338,0,0,0,1,[object Object],bandwidth,1,0,0,r0,3068579184,9.794,0,6.401491
OT01V1534352440,1776279378501.043,outbound-rtp,COT01_45_level-idx=5;profile=0;tier=0,video,video,1534352440,T01,1273241,1286,true,1,0,297,297,43332,263,2,SV338,0,0,0,1,[object Object],bandwidth,1,0,0,r1,4225779776,1.126,0,11.928282999999999
OT01V348136763,1776279378501.043,outbound-rtp,COT01_45_level-idx=5;profile=0;tier=0,video,video,348136763,T01,0,1,true,2,0,0,0,283,0,0,SV338,0,0,0,0,[object Object],bandwidth,1,0,0,r2,1753397338,0,0,0
OT01V915022925,1776279378501.043,outbound-rtp,COT01_45_level-idx=5;profile=0;tier=0,video,video,915022925,T01,958005,1805,true,0,0,613,613,203991,15,4,SV338,0,0,0,1,[object Object],bandwidth,1,0,0,r0,3068579184,9.794,0,6.401491
OT01V1534352440,1776279378701.012,outbound-rtp,COT01_45_level-idx=5;profile=0;tier=0,video,video,1534352440,T01,1306788,1318,true,1,0,303,303,44356,269,2,SV338,0,0,0,1,[object Object],bandwidth,1,0,0,r1,4225779776,1.142,0,12.584432
OT01V348136763,1776279378701.012,outbound-rtp,COT01_45_level-idx=5;profile=0;tier=0,video,video,348136763,T01,0,1,true,2,0,0,0,283,0,0,SV338,0,0,0,0,[object Object],bandwidth,1,0,0,r2,1753397338,0,0,0
OT01V915022925,1776279378701.012,outbound-rtp,COT01_45_level-idx=5;profile=0;tier=0,video,video,915022925,T01,970547,1820,true,0,0,618,618,204471,15,4,SV338,0,0,0,1,[object Object],bandwidth,1,0,0,r0,3068579184,9.858,0,6.417431
OT01V1534352440,1776279378701.012,outbound-rtp,COT01_45_level-idx=5;profile=0;tier=0,video,video,1534352440,T01,1306788,1318,true,1,0,303,303,44356,269,2,SV338,0,0,0,1,[object Object],bandwidth,1,0,0,r1,4225779776,1.142,0,12.584432
OT01V348136763,1776279378701.012,outbound-rtp,COT01_45_level-idx=5;profile=0;tier=0,video,video,348136763,T01,0,1,true,2,0,0,0,283,0,0,SV338,0,0,0,0,[object Object],bandwidth,1,0,0,r2,1753397338,0,0,0
OT01V915022925,1776279378701.012,outbound-rtp,COT01_45_level-idx=5;profile=0;tier=0,video,video,915022925,T01,970547,1820,true,0,0,618,618,204471,15,4,SV338,0,0,0,1,[object Object],bandwidth,1,0,0,r0,3068579184,9.858,0,6.417431
OT01V1534352440,1776279378901.006,outbound-rtp,COT01_45_level-idx=5;profile=0;tier=0,video,video,1534352440,T01,1331381,1344,true,1,0,308,308,45929,274,2,SV338,0,0,0,1,[object Object],bandwidth,1,0,0,r1,4225779776,1.142,0,12.584451999999999
OT01V348136763,1776279378901.006,outbound-rtp,COT01_45_level-idx=5;profile=0;tier=0,video,video,348136763,T01,0,1,true,2,0,0,0,283,0,0,SV338,0,0,0,0,[object Object],bandwidth,1,0,0,r2,1753397338,0,0,0
OT01V915022925,1776279378901.006,outbound-rtp,COT01_45_level-idx=5;profile=0;tier=0,video,video,915022925,T01,986824,1837,true,0,0,624,624,205015,15,4,SV338,0,0,0,1,[object Object],bandwidth,1,0,0,r0,3068579184,9.925,0,6.41745
OT01V1534352440,1776279378901.006,outbound-rtp,COT01_45_level-idx=5;profile=0;tier=0,video,video,1534352440,T01,1331381,1344,true,1,0,308,308,45929,274,2,SV338,0,0,0,1,[object Object],bandwidth,1,0,0,r1,4225779776,1.142,0,12.584451999999999
OT01V348136763,1776279378901.006,outbound-rtp,COT01_45_level-idx=5;profile=0;tier=0,video,video,348136763,T01,0,1,true,2,0,0,0,283,0,0,SV338,0,0,0,0,[object Object],bandwidth,1,0,0,r2,1753397338,0,0,0
OT01V915022925,1776279378901.006,outbound-rtp,COT01_45_level-idx=5;profile=0;tier=0,video,video,915022925,T01,986824,1837,true,0,0,624,624,205015,15,4,SV338,0,0,0,1,[object Object],bandwidth,1,0,0,r0,3068579184,9.925,0,6.41745
OT01V1534352440,1776279379101.123,outbound-rtp,COT01_45_level-idx=5;profile=0;tier=0,video,video,1534352440,T01,1366103,1377,true,1,0,313,313,46985,279,2,SV338,0,0,0,1,[object Object],bandwidth,1,0,0,r1,4225779776,1.142,0,12.615564
OT01V348136763,1776279379101.123,outbound-rtp,COT01_45_level-idx=5;profile=0;tier=0,video,video,348136763,T01,0,1,true,2,0,0,0,283,0,0,SV338,0,0,0,0,[object Object],bandwidth,1,0,0,r2,1753397338,0,0,0
OT01V915022925,1776279379101.123,outbound-rtp,COT01_45_level-idx=5;profile=0;tier=0,video,video,915022925,T01,999143,1851,true,0,0,629,629,205459,15,4,SV338,0,0,0,1,[object Object],bandwidth,1,0,0,r0,3068579184,9.98,0,6.428077
OT01V1534352440,1776279379101.123,outbound-rtp,COT01_45_level-idx=5;profile=0;tier=0,video,video,1534352440,T01,1366103,1377,true,1,0,313,313,46985,279,2,SV338,0,0,0,1,[object Object],bandwidth,1,0,0,r1,4225779776,1.142,0,12.615564
OT01V348136763,1776279379101.123,outbound-rtp,COT01_45_level-idx=5;profile=0;tier=0,video,video,348136763,T01,0,1,true,2,0,0,0,283,0,0,SV338,0,0,0,0,[object Object],bandwidth,1,0,0,r2,1753397338,0,0,0
OT01V915022925,1776279379101.123,outbound-rtp,COT01_45_level-idx=5;profile=0;tier=0,video,video,915022925,T01,999143,1851,true,0,0,629,629,205459,15,4,SV338,0,0,0,1,[object Object],bandwidth,1,0,0,r0,3068579184,9.98,0,6.428077
OT01V1534352440,1776279379301.005,outbound-rtp,COT01_45_level-idx=5;profile=0;tier=0,video,video,1534352440,T01,1399936,1412,true,1,0,320,320,48105,285,2,SV338,0,0,0,1,[object Object],bandwidth,1,0,0,r1,4225779776,1.16,0,12.615604
OT01V348136763,1776279379301.005,outbound-rtp,COT01_45_level-idx=5;profile=0;tier=0,video,video,348136763,T01,0,1,true,2,0,0,0,283,0,0,SV338,0,0,0,0,[object Object],bandwidth,1,0,0,r2,1753397338,0,0,0
OT01V915022925,1776279379301.005,outbound-rtp,COT01_45_level-idx=5;profile=0;tier=0,video,video,915022925,T01,1012275,1866,true,0,0,635,635,205939,15,4,SV338,0,0,0,1,[object Object],bandwidth,1,0,0,r0,3068579184,10.08,0,6.428096
OT01V1534352440,1776279379301.005,outbound-rtp,COT01_45_level-idx=5;profile=0;tier=0,video,video,1534352440,T01,1399936,1412,true,1,0,320,320,48105,285,2,SV338,0,0,0,1,[object Object],bandwidth,1,0,0,r1,4225779776,1.16,0,12.615604
OT01V348136763,1776279379301.005,outbound-rtp,COT01_45_level-idx=5;profile=0;tier=0,video,video,348136763,T01,0,1,true,2,0,0,0,283,0,0,SV338,0,0,0,0,[object Object],bandwidth,1,0,0,r2,1753397338,0,0,0
OT01V915022925,1776279379301.005,outbound-rtp,COT01_45_level-idx=5;profile=0;tier=0,video,video,915022925,T01,1012275,1866,true,0,0,635,635,205939,15,4,SV338,0,0,0,1,[object Object],bandwidth,1,0,0,r0,3068579184,10.08,0,6.428096
OT01V1534352440,1776279379501.1,outbound-rtp,COT01_45_level-idx=5;profile=0;tier=0,video,video,1534352440,T01,1437756,1447,true,1,0,326,326,49225,291,2,SV338,0,0,0,1,[object Object],bandwidth,1,0,0,r1,4225779776,1.16,0,12.615642
OT01V348136763,1776279379501.1,outbound-rtp,COT01_45_level-idx=5;profile=0;tier=0,video,video,348136763,T01,0,1,true,2,0,0,0,283,0,0,SV338,0,0,0,0,[object Object],bandwidth,1,0,0,r2,1753397338,0,0,0
OT01V915022925,1776279379501.1,outbound-rtp,COT01_45_level-idx=5;profile=0;tier=0,video,video,915022925,T01,1022339,1878,true,0,0,641,641,206323,15,4,SV338,0,0,0,1,[object Object],bandwidth,1,0,0,r0,3068579184,10.154,0,6.428106
OT01V1534352440,1776279379501.1,outbound-rtp,COT01_45_level-idx=5;profile=0;tier=0,video,video,1534352440,T01,1437756,1447,true,1,0,326,326,49225,291,2,SV338,0,0,0,1,[object Object],bandwidth,1,0,0,r1,4225779776,1.16,0,12.615642
OT01V348136763,1776279379501.1,outbound-rtp,COT01_45_level-idx=5;profile=0;tier=0,video,video,348136763,T01,0,1,true,2,0,0,0,283,0,0,SV338,0,0,0,0,[object Object],bandwidth,1,0,0,r2,1753397338,0,0,0
OT01V915022925,1776279379501.1,outbound-rtp,COT01_45_level-idx=5;profile=0;tier=0,video,video,915022925,T01,1022339,1878,true,0,0,641,641,206323,15,4,SV338,0,0,0,1,[object Object],bandwidth,1,0,0,r0,3068579184,10.154,0,6.428106
OT01V1534352440,1776279379701.095,outbound-rtp,COT01_45_level-idx=5;profile=0;tier=0,video,video,1534352440,T01,1474566,1484,true,1,0,331,331,50409,295,2,SV338,0,0,0,1,[object Object],bandwidth,1,0,0,r1,4225779776,1.183,0,12.645546999999999
OT01V348136763,1776279379701.095,outbound-rtp,COT01_45_level-idx=5;profile=0;tier=0,video,video,348136763,T01,0,1,true,2,0,0,0,283,0,0,SV338,0,0,0,0,[object Object],bandwidth,1,0,0,r2,1753397338,0,0,0
OT01V915022925,1776279379701.095,outbound-rtp,COT01_45_level-idx=5;profile=0;tier=0,video,video,915022925,T01,1031661,1890,true,0,0,646,646,206707,15,4,SV338,0,0,0,1,[object Object],bandwidth,1,0,0,r0,3068579184,10.221,0,6.4362699999999995
OT01V1534352440,1776279379701.095,outbound-rtp,COT01_45_level-idx=5;profile=0;tier=0,video,video,1534352440,T01,1474566,1484,true,1,0,331,331,50409,295,2,SV338,0,0,0,1,[object Object],bandwidth,1,0,0,r1,4225779776,1.183,0,12.645546999999999
OT01V348136763,1776279379701.095,outbound-rtp,COT01_45_level-idx=5;profile=0;tier=0,video,video,348136763,T01,0,1,true,2,0,0,0,283,0,0,SV338,0,0,0,0,[object Object],bandwidth,1,0,0,r2,1753397338,0,0,0
OT01V915022925,1776279379701.095,outbound-rtp,COT01_45_level-idx=5;profile=0;tier=0,video,video,915022925,T01,1031661,1890,true,0,0,646,646,206707,15,4,SV338,0,0,0,1,[object Object],bandwidth,1,0,0,r0,3068579184,10.221,0,6.4362699999999995
OT01V1534352440,1776279379900.981,outbound-rtp,COT01_45_level-idx=5;profile=0;tier=0,video,video,1534352440,T01,1503617,1513,true,1,0,336,336,51337,300,2,SV338,0,0,0,1,[object Object],bandwidth,1,0,0,r1,4225779776,1.183,0,12.74148
OT01V348136763,1776279379900.981,outbound-rtp,COT01_45_level-idx=5;profile=0;tier=0,video,video,348136763,T01,0,1,true,2,0,0,0,283,0,0,SV338,0,0,0,0,[object Object],bandwidth,1,0,0,r2,1753397338,0,0,0
OT01V915022925,1776279379900.981,outbound-rtp,COT01_45_level-idx=5;profile=0;tier=0,video,video,915022925,T01,1048956,1910,true,0,0,652,652,207347,15,4,SV338,0,0,0,1,[object Object],bandwidth,1,0,0,r0,3068579184,10.296,0,6.443169
OT01V1534352440,1776279379900.981,outbound-rtp,COT01_45_level-idx=5;profile=0;tier=0,video,video,1534352440,T01,1503617,1513,true,1,0,336,336,51337,300,2,SV338,0,0,0,1,[object Object],bandwidth,1,0,0,r1,4225779776,1.183,0,12.74148
OT01V348136763,1776279379900.981,outbound-rtp,COT01_45_level-idx=5;profile=0;tier=0,video,video,348136763,T01,0,1,true,2,0,0,0,283,0,0,SV338,0,0,0,0,[object Object],bandwidth,1,0,0,r2,1753397338,0,0,0
OT01V915022925,1776279379900.981,outbound-rtp,COT01_45_level-idx=5;profile=0;tier=0,video,video,915022925,T01,1048956,1910,true,0,0,652,652,207347,15,4,SV338,0,0,0,1,[object Object],bandwidth,1,0,0,r0,3068579184,10.296,0,6.443169
OT01V1534352440,1776279380101.052,outbound-rtp,COT01_45_level-idx=5;profile=0;tier=0,video,video,1534352440,T01,1542531,1551,true,1,0,342,342,52553,306,2,SV338,0,0,0,1,[object Object],bandwidth,1,0,0,r1,4225779776,1.183,0,12.741513
OT01V348136763,1776279380101.052,outbound-rtp,COT01_45_level-idx=5;profile=0;tier=0,video,video,348136763,T01,0,1,true,2,0,0,0,283,0,0,SV338,0,0,0,0,[object Object],bandwidth,1,0,0,r2,1753397338,0,0,0
OT01V915022925,1776279380101.052,outbound-rtp,COT01_45_level-idx=5;profile=0;tier=0,video,video,915022925,T01,1059948,1923,true,0,0,657,657,207763,15,4,SV338,0,0,0,1,[object Object],bandwidth,1,0,0,r0,3068579184,10.353,0,6.443179
OT01V1534352440,1776279380101.052,outbound-rtp,COT01_45_level-idx=5;profile=0;tier=0,video,video,1534352440,T01,1542531,1551,true,1,0,342,342,52553,306,2,SV338,0,0,0,1,[object Object],bandwidth,1,0,0,r1,4225779776,1.183,0,12.741513
OT01V348136763,1776279380101.052,outbound-rtp,COT01_45_level-idx=5;profile=0;tier=0,video,video,348136763,T01,0,1,true,2,0,0,0,283,0,0,SV338,0,0,0,0,[object Object],bandwidth,1,0,0,r2,1753397338,0,0,0
OT01V915022925,1776279380101.052,outbound-rtp,COT01_45_level-idx=5;profile=0;tier=0,video,video,915022925,T01,1059948,1923,true,0,0,657,657,207763,15,4,SV338,0,0,0,1,[object Object],bandwidth,1,0,0,r0,3068579184,10.353,0,6.443179
OT01V1534352440,1776279380301.008,outbound-rtp,COT01_45_level-idx=5;profile=0;tier=0,video,video,1534352440,T01,1576843,1586,true,1,0,348,348,53673,312,2,SV338,0,0,0,1,[object Object],bandwidth,1,0,0,r1,4225779776,1.209,0,12.741546999999999
OT01V348136763,1776279380301.008,outbound-rtp,COT01_45_level-idx=5;profile=0;tier=0,video,video,348136763,T01,0,1,true,2,0,0,0,283,0,0,SV338,0,0,0,0,[object Object],bandwidth,1,0,0,r2,1753397338,0,0,0
OT01V915022925,1776279380301.008,outbound-rtp,COT01_45_level-idx=5;profile=0;tier=0,video,video,915022925,T01,1072810,1938,true,0,0,663,663,208243,15,4,SV338,0,0,0,1,[object Object],bandwidth,1,0,0,r0,3068579184,10.441,0,6.4431959999999995
OT01V1534352440,1776279380301.008,outbound-rtp,COT01_45_level-idx=5;profile=0;tier=0,video,video,1534352440,T01,1576843,1586,true,1,0,348,348,53673,312,2,SV338,0,0,0,1,[object Object],bandwidth,1,0,0,r1,4225779776,1.209,0,12.741546999999999
OT01V348136763,1776279380301.008,outbound-rtp,COT01_45_level-idx=5;profile=0;tier=0,video,video,348136763,T01,0,1,true,2,0,0,0,283,0,0,SV338,0,0,0,0,[object Object],bandwidth,1,0,0,r2,1753397338,0,0,0
OT01V915022925,1776279380301.008,outbound-rtp,COT01_45_level-idx=5;profile=0;tier=0,video,video,915022925,T01,1072810,1938,true,0,0,663,663,208243,15,4,SV338,0,0,0,1,[object Object],bandwidth,1,0,0,r0,3068579184,10.441,0,6.4431959999999995
OT01V1534352440,1776279380501.005,outbound-rtp,COT01_45_level-idx=5;profile=0;tier=0,video,video,1534352440,T01,1613155,1623,true,1,0,354,354,54857,318,2,SV338,0,0,0,1,[object Object],none,2,0,0,r1,4225779776,1.209,0,12.741582999999999
OT01V348136763,1776279380501.005,outbound-rtp,COT01_45_level-idx=5;profile=0;tier=0,video,video,348136763,T01,0,1,true,2,0,0,0,283,0,0,SV338,0,0,0,0,[object Object],none,2,0,0,r2,1753397338,0,0,0
OT01V915022925,1776279380501.005,outbound-rtp,COT01_45_level-idx=5;profile=0;tier=0,video,video,915022925,T01,1089514,1955,true,0,0,669,669,208791,16,5,SV338,0,0,0,1,[object Object],none,2,0,0,r0,3068579184,10.517,0,6.443211
OT01V1534352440,1776279380501.005,outbound-rtp,COT01_45_level-idx=5;profile=0;tier=0,video,video,1534352440,T01,1613155,1623,true,1,0,354,354,54857,318,2,SV338,0,0,0,1,[object Object],none,2,0,0,r1,4225779776,1.209,0,12.741582999999999
OT01V348136763,1776279380501.005,outbound-rtp,COT01_45_level-idx=5;profile=0;tier=0,video,video,348136763,T01,0,1,true,2,0,0,0,283,0,0,SV338,0,0,0,0,[object Object],none,2,0,0,r2,1753397338,0,0,0
OT01V915022925,1776279380501.005,outbound-rtp,COT01_45_level-idx=5;profile=0;tier=0,video,video,915022925,T01,1089514,1955,true,0,0,669,669,208791,16,5,SV338,0,0,0,1,[object Object],none,2,0,0,r0,3068579184,10.517,0,6.443211
OT01V1534352440,1776279380701.001,outbound-rtp,COT01_45_level-idx=5;profile=0;tier=0,video,video,1534352440,T01,1637537,1645,true,1,0,357,357,55517,321,3,SV338,0,0,0,1,[object Object],none,2,0,0,r1,4225779776,1.222,0,13.360076999999999
OT01V348136763,1776279380701.001,outbound-rtp,COT01_45_level-idx=5;profile=0;tier=0,video,video,348136763,T01,30058,27,true,2,0,4,4,1139,4,1,SV338,0,0,0,0,[object Object],none,2,0,0,r2,1753397338,0,0,1.817907
OT01V915022925,1776279380701.001,outbound-rtp,COT01_45_level-idx=5;profile=0;tier=0,video,video,915022925,T01,1095407,1962,true,0,0,672,672,209015,16,5,SV338,0,0,0,1,[object Object],none,2,0,0,r0,3068579184,10.546,0,6.489491999999999
OT01V1534352440,1776279380701.001,outbound-rtp,COT01_45_level-idx=5;profile=0;tier=0,video,video,1534352440,T01,1637537,1645,true,1,0,357,357,55517,321,3,SV338,0,0,0,1,[object Object],none,2,0,0,r1,4225779776,1.222,0,13.360076999999999
OT01V348136763,1776279380701.001,outbound-rtp,COT01_45_level-idx=5;profile=0;tier=0,video,video,348136763,T01,30058,27,true,2,0,4,4,1139,4,1,SV338,0,0,0,0,[object Object],none,2,0,0,r2,1753397338,0,0,1.817907
OT01V915022925,1776279380701.001,outbound-rtp,COT01_45_level-idx=5;profile=0;tier=0,video,video,915022925,T01,1095407,1962,true,0,0,672,672,209015,16,5,SV338,0,0,0,1,[object Object],none,2,0,0,r0,3068579184,10.546,0,6.489491999999999
OT01V1534352440,1776279380901.009,outbound-rtp,COT01_45_level-idx=5;profile=0;tier=0,video,video,1534352440,T01,1651231,1657,true,1,0,360,360,55901,323,3,SV338,0,0,0,1,[object Object],none,2,0,0,r1,4225779776,1.256,0,13.722627
OT01V348136763,1776279380901.009,outbound-rtp,COT01_45_level-idx=5;profile=0;tier=0,video,video,348136763,T01,73826,67,true,2,0,5,5,2575,5,1,SV338,0,0,0,0,[object Object],none,2,0,0,r2,1753397338,0,0,8.291684
OT01V915022925,1776279380901.009,outbound-rtp,COT01_45_level-idx=5;profile=0;tier=0,video,video,915022925,T01,1099572,1968,true,0,0,676,676,209207,16,5,SV338,0,0,0,1,[object Object],none,2,0,0,r0,3068579184,10.589,0,6.489494
OT01V1534352440,1776279380901.009,outbound-rtp,COT01_45_level-idx=5;profile=0;tier=0,video,video,1534352440,T01,1651231,1657,true,1,0,360,360,55901,323,3,SV338,0,0,0,1,[object Object],none,2,0,0,r1,4225779776,1.256,0,13.722627
OT01V348136763,1776279380901.009,outbound-rtp,COT01_45_level-idx=5;profile=0;tier=0,video,video,348136763,T01,73826,67,true,2,0,5,5,2575,5,1,SV338,0,0,0,0,[object Object],none,2,0,0,r2,1753397338,0,0,8.291684
OT01V915022925,1776279380901.009,outbound-rtp,COT01_45_level-idx=5;profile=0;tier=0,video,video,915022925,T01,1099572,1968,true,0,0,676,676,209207,16,5,SV338,0,0,0,1,[object Object],none,2,0,0,r0,3068579184,10.589,0,6.489494
OT01V1534352440,1776279381101.022,outbound-rtp,COT01_45_level-idx=5;profile=0;tier=0,video,video,1534352440,T01,1672410,1676,true,1,0,362,362,56501,325,3,SV338,0,0,0,1,[object Object],none,2,0,0,r1,4225779776,1.256,0,15.225888999999999
OT01V348136763,1776279381101.022,outbound-rtp,COT01_45_level-idx=5;profile=0;tier=0,video,video,348136763,T01,95667,86,true,2,0,6,6,3259,6,1,SV338,0,0,0,0,[object Object],none,2,0,0,r2,1753397338,0,0,13.186309
OT01V915022925,1776279381101.022,outbound-rtp,COT01_45_level-idx=5;profile=0;tier=0,video,video,915022925,T01,1105750,1976,true,0,0,681,681,209451,16,5,SV338,0,0,0,1,[object Object],none,2,0,0,r0,3068579184,10.644,0,6.5552079999999995
OT01V1534352440,1776279381101.022,outbound-rtp,COT01_45_level-idx=5;profile=0;tier=0,video,video,1534352440,T01,1672410,1676,true,1,0,362,362,56501,325,3,SV338,0,0,0,1,[object Object],none,2,0,0,r1,4225779776,1.256,0,15.225888999999999
OT01V348136763,1776279381101.022,outbound-rtp,COT01_45_level-idx=5;profile=0;tier=0,video,video,348136763,T01,95667,86,true,2,0,6,6,3259,6,1,SV338,0,0,0,0,[object Object],none,2,0,0,r2,1753397338,0,0,13.186309
OT01V915022925,1776279381101.022,outbound-rtp,COT01_45_level-idx=5;profile=0;tier=0,video,video,915022925,T01,1105750,1976,true,0,0,681,681,209451,16,5,SV338,0,0,0,1,[object Object],none,2,0,0,r0,3068579184,10.644,0,6.5552079999999995
OT01V1534352440,1776279381301.039,outbound-rtp,COT01_45_level-idx=5;profile=0;tier=0,video,video,1534352440,T01,1697216,1699,true,1,0,366,366,57237,328,3,SV338,0,0,0,1,[object Object],none,2,0,0,r1,4225779776,1.277,0,17.098198
OT01V348136763,1776279381301.039,outbound-rtp,COT01_45_level-idx=5;profile=0;tier=0,video,video,348136763,T01,118944,107,true,2,0,8,8,4015,8,1,SV338,0,0,0,0,[object Object],none,2,0,0,r2,1753397338,0,0,14.867338
OT01V915022925,1776279381301.039,outbound-rtp,COT01_45_level-idx=5;profile=0;tier=0,video,video,915022925,T01,1120267,1992,true,0,0,686,686,209959,18,5,SV338,0,0,0,1,[object Object],none,2,0,0,r0,3068579184,10.697,0,6.9492519999999995
OT01V1534352440,1776279381301.039,outbound-rtp,COT01_45_level-idx=5;profile=0;tier=0,video,video,1534352440,T01,1697216,1699,true,1,0,366,366,57237,328,3,SV338,0,0,0,1,[object Object],none,2,0,0,r1,4225779776,1.277,0,17.098198
OT01V348136763,1776279381301.039,outbound-rtp,COT01_45_level-idx=5;profile=0;tier=0,video,video,348136763,T01,118944,107,true,2,0,8,8,4015,8,1,SV338,0,0,0,0,[object Object],none,2,0,0,r2,1753397338,0,0,14.867338
OT01V915022925,1776279381301.039,outbound-rtp,COT01_45_level-idx=5;profile=0;tier=0,video,video,915022925,T01,1120267,1992,true,0,0,686,686,209959,18,5,SV338,0,0,0,1,[object Object],none,2,0,0,r0,3068579184,10.697,0,6.9492519999999995
OT01V1534352440,1776279381501.016,outbound-rtp,COT01_45_level-idx=5;profile=0;tier=0,video,video,1534352440,T01,1745100,1744,true,1,0,370,370,58617,332,3,SV338,0,0,0,1,[object Object],none,2,0,0,r1,4225779776,1.325,0,19.410275
OT01V348136763,1776279381501.016,outbound-rtp,COT01_45_level-idx=5;profile=0;tier=0,video,video,348136763,T01,127988,115,true,2,0,9,9,4303,9,1,SV338,0,0,0,0,[object Object],none,2,0,0,r2,1753397338,0,0,15.413027999999999
OT01V915022925,1776279381501.016,outbound-rtp,COT01_45_level-idx=5;profile=0;tier=0,video,video,915022925,T01,1127015,2000,true,0,0,689,689,210215,19,5,SV338,0,0,0,1,[object Object],none,2,0,0,r0,3068579184,10.728,0,7.047498999999999
OT01V1534352440,1776279381501.016,outbound-rtp,COT01_45_level-idx=5;profile=0;tier=0,video,video,1534352440,T01,1745100,1744,true,1,0,370,370,58617,332,3,SV338,0,0,0,1,[object Object],none,2,0,0,r1,4225779776,1.325,0,19.410275
OT01V348136763,1776279381501.016,outbound-rtp,COT01_45_level-idx=5;profile=0;tier=0,video,video,348136763,T01,127988,115,true,2,0,9,9,4303,9,1,SV338,0,0,0,0,[object Object],none,2,0,0,r2,1753397338,0,0,15.413027999999999
OT01V915022925,1776279381501.016,outbound-rtp,COT01_45_level-idx=5;profile=0;tier=0,video,video,915022925,T01,1127015,2000,true,0,0,689,689,210215,19,5,SV338,0,0,0,1,[object Object],none,2,0,0,r0,3068579184,10.728,0,7.047498999999999
OT01V1534352440,1776279381701.01,outbound-rtp,COT01_45_level-idx=5;profile=0;tier=0,video,video,1534352440,T01,1762736,1761,true,1,0,374,374,59161,334,3,SV338,0,0,0,1,[object Object],none,2,0,0,r1,4225779776,1.358,0,20.068516
OT01V348136763,1776279381701.01,outbound-rtp,COT01_45_level-idx=5;profile=0;tier=0,video,video,348136763,T01,160922,144,true,2,0,10,10,5347,10,1,SV338,0,0,0,0,[object Object],none,2,0,0,r2,1753397338,0,0,18.877392999999998
OT01V915022925,1776279381701.01,outbound-rtp,COT01_45_level-idx=5;profile=0;tier=0,video,video,915022925,T01,1130266,2005,true,0,0,693,693,210371,19,5,SV338,0,0,0,1,[object Object],none,2,0,0,r0,3068579184,10.758,0,7.0642629999999995
OT01V1534352440,1776279381701.01,outbound-rtp,COT01_45_level-idx=5;profile=0;tier=0,video,video,1534352440,T01,1762736,1761,true,1,0,374,374,59161,334,3,SV338,0,0,0,1,[object Object],none,2,0,0,r1,4225779776,1.358,0,20.068516
OT01V348136763,1776279381701.01,outbound-rtp,COT01_45_level-idx=5;profile=0;tier=0,video,video,348136763,T01,160922,144,true,2,0,10,10,5347,10,1,SV338,0,0,0,0,[object Object],none,2,0,0,r2,1753397338,0,0,18.877392999999998
OT01V915022925,1776279381701.01,outbound-rtp,COT01_45_level-idx=5;profile=0;tier=0,video,video,915022925,T01,1130266,2005,true,0,0,693,693,210371,19,5,SV338,0,0,0,1,[object Object],none,2,0,0,r0,3068579184,10.758,0,7.0642629999999995
OT01V1534352440,1776279381900.996,outbound-rtp,COT01_45_level-idx=5;profile=0;tier=0,video,video,1534352440,T01,1776830,1774,true,1,0,377,377,59577,337,3,SV338,0,0,0,1,[object Object],none,2,0,0,r1,4225779776,1.372,0,20.068534
OT01V348136763,1776279381900.996,outbound-rtp,COT01_45_level-idx=5;profile=0;tier=0,video,video,348136763,T01,174134,156,true,2,0,11,11,5731,11,1,SV338,0,0,0,0,[object Object],none,2,0,0,r2,1753397338,0,0,18.877404
OT01V915022925,1776279381900.996,outbound-rtp,COT01_45_level-idx=5;profile=0;tier=0,video,video,915022925,T01,1132213,2008,true,0,0,696,696,210459,19,5,SV338,0,0,0,1,[object Object],none,2,0,0,r0,3068579184,10.808,0,7.0642629999999995
OT01V1534352440,1776279381900.996,outbound-rtp,COT01_45_level-idx=5;profile=0;tier=0,video,video,1534352440,T01,1776830,1774,true,1,0,377,377,59577,337,3,SV338,0,0,0,1,[object Object],none,2,0,0,r1,4225779776,1.372,0,20.068534
OT01V348136763,1776279381900.996,outbound-rtp,COT01_45_level-idx=5;profile=0;tier=0,video,video,348136763,T01,174134,156,true,2,0,11,11,5731,11,1,SV338,0,0,0,0,[object Object],none,2,0,0,r2,1753397338,0,0,18.877404
OT01V915022925,1776279381900.996,outbound-rtp,COT01_45_level-idx=5;profile=0;tier=0,video,video,915022925,T01,1132213,2008,true,0,0,696,696,210459,19,5,SV338,0,0,0,1,[object Object],none,2,0,0,r0,3068579184,10.808,0,7.0642629999999995
OT01V1534352440,1776279382101.039,outbound-rtp,COT01_45_level-idx=5;profile=0;tier=0,video,video,1534352440,T01,1792421,1790,true,1,0,380,380,60089,339,3,SV338,0,0,0,1,[object Object],none,2,0,0,r1,4225779776,1.404,0,20.104767
OT01V348136763,1776279382101.039,outbound-rtp,COT01_45_level-idx=5;profile=0;tier=0,video,video,348136763,T01,182433,164,true,2,0,12,12,5987,12,1,SV338,0,0,0,0,[object Object],none,2,0,0,r2,1753397338,0,0,19.068427
OT01V915022925,1776279382101.039,outbound-rtp,COT01_45_level-idx=5;profile=0;tier=0,video,video,915022925,T01,1137434,2015,true,0,0,700,700,210683,20,5,SV338,0,0,0,1,[object Object],none,2,0,0,r0,3068579184,10.846,0,7.064266
OT01V1534352440,1776279382101.039,outbound-rtp,COT01_45_level-idx=5;profile=0;tier=0,video,video,1534352440,T01,1792421,1790,true,1,0,380,380,60089,339,3,SV338,0,0,0,1,[object Object],none,2,0,0,r1,4225779776,1.404,0,20.104767
OT01V348136763,1776279382101.039,outbound-rtp,COT01_45_level-idx=5;profile=0;tier=0,video,video,348136763,T01,182433,164,true,2,0,12,12,5987,12,1,SV338,0,0,0,0,[object Object],none,2,0,0,r2,1753397338,0,0,19.068427
OT01V915022925,1776279382101.039,outbound-rtp,COT01_45_level-idx=5;profile=0;tier=0,video,video,915022925,T01,1137434,2015,true,0,0,700,700,210683,20,5,SV338,0,0,0,1,[object Object],none,2,0,0,r0,3068579184,10.846,0,7.064266
OT01V1534352440,1776279382301.031,outbound-rtp,COT01_45_level-idx=5;profile=0;tier=0,video,video,1534352440,T01,1798936,1796,true,1,0,382,382,60281,341,3,SV338,0,0,0,1,[object Object],none,2,0,0,r1,4225779776,1.404,0,20.104772
OT01V348136763,1776279382301.031,outbound-rtp,COT01_45_level-idx=5;profile=0;tier=0,video,video,348136763,T01,214761,193,true,2,0,15,15,6903,15,1,SV338,0,0,0,0,[object Object],none,2,0,0,r2,1753397338,0.021,0,19.06867
OT01V915022925,1776279382301.031,outbound-rtp,COT01_45_level-idx=5;profile=0;tier=0,video,video,915022925,T01,1141169,2020,true,0,0,703,703,210843,20,5,SV338,0,0,0,1,[object Object],none,2,0,0,r0,3068579184,10.881,0,7.06427
OT01V1534352440,1776279382301.031,outbound-rtp,COT01_45_level-idx=5;profile=0;tier=0,video,video,1534352440,T01,1798936,1796,true,1,0,382,382,60281,341,3,SV338,0,0,0,1,[object Object],none,2,0,0,r1,4225779776,1.404,0,20.104772
OT01V348136763,1776279382301.031,outbound-rtp,COT01_45_level-idx=5;profile=0;tier=0,video,video,348136763,T01,214761,193,true,2,0,15,15,6903,15,1,SV338,0,0,0,0,[object Object],none,2,0,0,r2,1753397338,0.021,0,19.06867
OT01V915022925,1776279382301.031,outbound-rtp,COT01_45_level-idx=5;profile=0;tier=0,video,video,915022925,T01,1141169,2020,true,0,0,703,703,210843,20,5,SV338,0,0,0,1,[object Object],none,2,0,0,r0,3068579184,10.881,0,7.06427



id,timestamp,type,bytesReceived,bytesSent,dtlsCipher,dtlsRole,dtlsState,iceLocalUsernameFragment,iceRole,iceState,localCertificateId,packetsReceived,packetsSent,remoteCertificateId,selectedCandidatePairChanges,selectedCandidatePairId,srtpCipher,tlsVersion
T01,1776279354300.996,transport,771,753,TLS_ECDHE_ECDSA_WITH_CHACHA20_POLY1305_SHA256,client,connected,knKy,controlling,connected,CFDF:61:C4:43:B6:30:A5:FB:FC:F4:A9:ED:5E:B9:90:75:6F:9D:AF:13:EE:F4:52:53:37:C7:10:89:0A:25:C5:76,2,2,CFA0:A7:0E:D4:22:61:B6:7C:31:F7:9C:6D:78:E3:B6:4B:32:ED:79:5B:EA:8D:0F:6F:BC:A6:EE:8D:23:C8:BC:00,1,CPXuRuRlc/_a/nocLk9,AEAD_AES_256_GCM,FEFD
T01,1776279354300.996,transport,771,753,TLS_ECDHE_ECDSA_WITH_CHACHA20_POLY1305_SHA256,client,connected,knKy,controlling,connected,CFDF:61:C4:43:B6:30:A5:FB:FC:F4:A9:ED:5E:B9:90:75:6F:9D:AF:13:EE:F4:52:53:37:C7:10:89:0A:25:C5:76,2,2,CFA0:A7:0E:D4:22:61:B6:7C:31:F7:9C:6D:78:E3:B6:4B:32:ED:79:5B:EA:8D:0F:6F:BC:A6:EE:8D:23:C8:BC:00,1,CPXuRuRlc/_a/nocLk9,AEAD_AES_256_GCM,FEFD
T01,1776279354500.982,transport,827,10133,TLS_ECDHE_ECDSA_WITH_CHACHA20_POLY1305_SHA256,client,connected,knKy,controlling,connected,CFDF:61:C4:43:B6:30:A5:FB:FC:F4:A9:ED:5E:B9:90:75:6F:9D:AF:13:EE:F4:52:53:37:C7:10:89:0A:25:C5:76,3,14,CFA0:A7:0E:D4:22:61:B6:7C:31:F7:9C:6D:78:E3:B6:4B:32:ED:79:5B:EA:8D:0F:6F:BC:A6:EE:8D:23:C8:BC:00,1,CPXuRuRlc/_a/nocLk9,AEAD_AES_256_GCM,FEFD
T01,1776279354500.982,transport,827,10133,TLS_ECDHE_ECDSA_WITH_CHACHA20_POLY1305_SHA256,client,connected,knKy,controlling,connected,CFDF:61:C4:43:B6:30:A5:FB:FC:F4:A9:ED:5E:B9:90:75:6F:9D:AF:13:EE:F4:52:53:37:C7:10:89:0A:25:C5:76,3,14,CFA0:A7:0E:D4:22:61:B6:7C:31:F7:9C:6D:78:E3:B6:4B:32:ED:79:5B:EA:8D:0F:6F:BC:A6:EE:8D:23:C8:BC:00,1,CPXuRuRlc/_a/nocLk9,AEAD_AES_256_GCM,FEFD
T01,1776279354701.166,transport,907,14283,TLS_ECDHE_ECDSA_WITH_CHACHA20_POLY1305_SHA256,client,connected,knKy,controlling,connected,CFDF:61:C4:43:B6:30:A5:FB:FC:F4:A9:ED:5E:B9:90:75:6F:9D:AF:13:EE:F4:52:53:37:C7:10:89:0A:25:C5:76,5,21,CFA0:A7:0E:D4:22:61:B6:7C:31:F7:9C:6D:78:E3:B6:4B:32:ED:79:5B:EA:8D:0F:6F:BC:A6:EE:8D:23:C8:BC:00,1,CPXuRuRlc/_a/nocLk9,AEAD_AES_256_GCM,FEFD
T01,1776279354701.166,transport,907,14283,TLS_ECDHE_ECDSA_WITH_CHACHA20_POLY1305_SHA256,client,connected,knKy,controlling,connected,CFDF:61:C4:43:B6:30:A5:FB:FC:F4:A9:ED:5E:B9:90:75:6F:9D:AF:13:EE:F4:52:53:37:C7:10:89:0A:25:C5:76,5,21,CFA0:A7:0E:D4:22:61:B6:7C:31:F7:9C:6D:78:E3:B6:4B:32:ED:79:5B:EA:8D:0F:6F:BC:A6:EE:8D:23:C8:BC:00,1,CPXuRuRlc/_a/nocLk9,AEAD_AES_256_GCM,FEFD
T01,1776279354901.243,transport,1099,23061,TLS_ECDHE_ECDSA_WITH_CHACHA20_POLY1305_SHA256,client,connected,knKy,controlling,connected,CFDF:61:C4:43:B6:30:A5:FB:FC:F4:A9:ED:5E:B9:90:75:6F:9D:AF:13:EE:F4:52:53:37:C7:10:89:0A:25:C5:76,8,31,CFA0:A7:0E:D4:22:61:B6:7C:31:F7:9C:6D:78:E3:B6:4B:32:ED:79:5B:EA:8D:0F:6F:BC:A6:EE:8D:23:C8:BC:00,1,CPXuRuRlc/_a/nocLk9,AEAD_AES_256_GCM,FEFD
T01,1776279354901.243,transport,1099,23061,TLS_ECDHE_ECDSA_WITH_CHACHA20_POLY1305_SHA256,client,connected,knKy,controlling,connected,CFDF:61:C4:43:B6:30:A5:FB:FC:F4:A9:ED:5E:B9:90:75:6F:9D:AF:13:EE:F4:52:53:37:C7:10:89:0A:25:C5:76,8,31,CFA0:A7:0E:D4:22:61:B6:7C:31:F7:9C:6D:78:E3:B6:4B:32:ED:79:5B:EA:8D:0F:6F:BC:A6:EE:8D:23:C8:BC:00,1,CPXuRuRlc/_a/nocLk9,AEAD_AES_256_GCM,FEFD
T01,1776279355101.121,transport,1195,31168,TLS_ECDHE_ECDSA_WITH_CHACHA20_POLY1305_SHA256,client,connected,knKy,controlling,connected,CFDF:61:C4:43:B6:30:A5:FB:FC:F4:A9:ED:5E:B9:90:75:6F:9D:AF:13:EE:F4:52:53:37:C7:10:89:0A:25:C5:76,10,42,CFA0:A7:0E:D4:22:61:B6:7C:31:F7:9C:6D:78:E3:B6:4B:32:ED:79:5B:EA:8D:0F:6F:BC:A6:EE:8D:23:C8:BC:00,1,CPXuRuRlc/_a/nocLk9,AEAD_AES_256_GCM,FEFD
T01,1776279355101.121,transport,1195,31168,TLS_ECDHE_ECDSA_WITH_CHACHA20_POLY1305_SHA256,client,connected,knKy,controlling,connected,CFDF:61:C4:43:B6:30:A5:FB:FC:F4:A9:ED:5E:B9:90:75:6F:9D:AF:13:EE:F4:52:53:37:C7:10:89:0A:25:C5:76,10,42,CFA0:A7:0E:D4:22:61:B6:7C:31:F7:9C:6D:78:E3:B6:4B:32:ED:79:5B:EA:8D:0F:6F:BC:A6:EE:8D:23:C8:BC:00,1,CPXuRuRlc/_a/nocLk9,AEAD_AES_256_GCM,FEFD
T01,1776279355301.125,transport,1291,36027,TLS_ECDHE_ECDSA_WITH_CHACHA20_POLY1305_SHA256,client,connected,knKy,controlling,connected,CFDF:61:C4:43:B6:30:A5:FB:FC:F4:A9:ED:5E:B9:90:75:6F:9D:AF:13:EE:F4:52:53:37:C7:10:89:0A:25:C5:76,12,48,CFA0:A7:0E:D4:22:61:B6:7C:31:F7:9C:6D:78:E3:B6:4B:32:ED:79:5B:EA:8D:0F:6F:BC:A6:EE:8D:23:C8:BC:00,1,CPXuRuRlc/_a/nocLk9,AEAD_AES_256_GCM,FEFD
T01,1776279355301.125,transport,1291,36027,TLS_ECDHE_ECDSA_WITH_CHACHA20_POLY1305_SHA256,client,connected,knKy,controlling,connected,CFDF:61:C4:43:B6:30:A5:FB:FC:F4:A9:ED:5E:B9:90:75:6F:9D:AF:13:EE:F4:52:53:37:C7:10:89:0A:25:C5:76,12,48,CFA0:A7:0E:D4:22:61:B6:7C:31:F7:9C:6D:78:E3:B6:4B:32:ED:79:5B:EA:8D:0F:6F:BC:A6:EE:8D:23:C8:BC:00,1,CPXuRuRlc/_a/nocLk9,AEAD_AES_256_GCM,FEFD
T01,1776279355501.068,transport,1391,43751,TLS_ECDHE_ECDSA_WITH_CHACHA20_POLY1305_SHA256,client,connected,knKy,controlling,connected,CFDF:61:C4:43:B6:30:A5:FB:FC:F4:A9:ED:5E:B9:90:75:6F:9D:AF:13:EE:F4:52:53:37:C7:10:89:0A:25:C5:76,14,69,CFA0:A7:0E:D4:22:61:B6:7C:31:F7:9C:6D:78:E3:B6:4B:32:ED:79:5B:EA:8D:0F:6F:BC:A6:EE:8D:23:C8:BC:00,1,CPXuRuRlc/_a/nocLk9,AEAD_AES_256_GCM,FEFD
T01,1776279355501.068,transport,1391,43751,TLS_ECDHE_ECDSA_WITH_CHACHA20_POLY1305_SHA256,client,connected,knKy,controlling,connected,CFDF:61:C4:43:B6:30:A5:FB:FC:F4:A9:ED:5E:B9:90:75:6F:9D:AF:13:EE:F4:52:53:37:C7:10:89:0A:25:C5:76,14,69,CFA0:A7:0E:D4:22:61:B6:7C:31:F7:9C:6D:78:E3:B6:4B:32:ED:79:5B:EA:8D:0F:6F:BC:A6:EE:8D:23:C8:BC:00,1,CPXuRuRlc/_a/nocLk9,AEAD_AES_256_GCM,FEFD
T01,1776279355701.127,transport,1495,52328,TLS_ECDHE_ECDSA_WITH_CHACHA20_POLY1305_SHA256,client,connected,knKy,controlling,connected,CFDF:61:C4:43:B6:30:A5:FB:FC:F4:A9:ED:5E:B9:90:75:6F:9D:AF:13:EE:F4:52:53:37:C7:10:89:0A:25:C5:76,16,83,CFA0:A7:0E:D4:22:61:B6:7C:31:F7:9C:6D:78:E3:B6:4B:32:ED:79:5B:EA:8D:0F:6F:BC:A6:EE:8D:23:C8:BC:00,1,CPXuRuRlc/_a/nocLk9,AEAD_AES_256_GCM,FEFD
T01,1776279355701.127,transport,1495,52328,TLS_ECDHE_ECDSA_WITH_CHACHA20_POLY1305_SHA256,client,connected,knKy,controlling,connected,CFDF:61:C4:43:B6:30:A5:FB:FC:F4:A9:ED:5E:B9:90:75:6F:9D:AF:13:EE:F4:52:53:37:C7:10:89:0A:25:C5:76,16,83,CFA0:A7:0E:D4:22:61:B6:7C:31:F7:9C:6D:78:E3:B6:4B:32:ED:79:5B:EA:8D:0F:6F:BC:A6:EE:8D:23:C8:BC:00,1,CPXuRuRlc/_a/nocLk9,AEAD_AES_256_GCM,FEFD
T01,1776279355901.074,transport,1603,60782,TLS_ECDHE_ECDSA_WITH_CHACHA20_POLY1305_SHA256,client,connected,knKy,controlling,connected,CFDF:61:C4:43:B6:30:A5:FB:FC:F4:A9:ED:5E:B9:90:75:6F:9D:AF:13:EE:F4:52:53:37:C7:10:89:0A:25:C5:76,18,101,CFA0:A7:0E:D4:22:61:B6:7C:31:F7:9C:6D:78:E3:B6:4B:32:ED:79:5B:EA:8D:0F:6F:BC:A6:EE:8D:23:C8:BC:00,1,CPXuRuRlc/_a/nocLk9,AEAD_AES_256_GCM,FEFD
T01,1776279355901.074,transport,1603,60782,TLS_ECDHE_ECDSA_WITH_CHACHA20_POLY1305_SHA256,client,connected,knKy,controlling,connected,CFDF:61:C4:43:B6:30:A5:FB:FC:F4:A9:ED:5E:B9:90:75:6F:9D:AF:13:EE:F4:52:53:37:C7:10:89:0A:25:C5:76,18,101,CFA0:A7:0E:D4:22:61:B6:7C:31:F7:9C:6D:78:E3:B6:4B:32:ED:79:5B:EA:8D:0F:6F:BC:A6:EE:8D:23:C8:BC:00,1,CPXuRuRlc/_a/nocLk9,AEAD_AES_256_GCM,FEFD
T01,1776279356101.153,transport,1795,67600,TLS_ECDHE_ECDSA_WITH_CHACHA20_POLY1305_SHA256,client,connected,knKy,controlling,connected,CFDF:61:C4:43:B6:30:A5:FB:FC:F4:A9:ED:5E:B9:90:75:6F:9D:AF:13:EE:F4:52:53:37:C7:10:89:0A:25:C5:76,21,113,CFA0:A7:0E:D4:22:61:B6:7C:31:F7:9C:6D:78:E3:B6:4B:32:ED:79:5B:EA:8D:0F:6F:BC:A6:EE:8D:23:C8:BC:00,1,CPXuRuRlc/_a/nocLk9,AEAD_AES_256_GCM,FEFD
T01,1776279356101.153,transport,1795,67600,TLS_ECDHE_ECDSA_WITH_CHACHA20_POLY1305_SHA256,client,connected,knKy,controlling,connected,CFDF:61:C4:43:B6:30:A5:FB:FC:F4:A9:ED:5E:B9:90:75:6F:9D:AF:13:EE:F4:52:53:37:C7:10:89:0A:25:C5:76,21,113,CFA0:A7:0E:D4:22:61:B6:7C:31:F7:9C:6D:78:E3:B6:4B:32:ED:79:5B:EA:8D:0F:6F:BC:A6:EE:8D:23:C8:BC:00,1,CPXuRuRlc/_a/nocLk9,AEAD_AES_256_GCM,FEFD
T01,1776279356301.043,transport,1903,75882,TLS_ECDHE_ECDSA_WITH_CHACHA20_POLY1305_SHA256,client,connected,knKy,controlling,connected,CFDF:61:C4:43:B6:30:A5:FB:FC:F4:A9:ED:5E:B9:90:75:6F:9D:AF:13:EE:F4:52:53:37:C7:10:89:0A:25:C5:76,23,136,CFA0:A7:0E:D4:22:61:B6:7C:31:F7:9C:6D:78:E3:B6:4B:32:ED:79:5B:EA:8D:0F:6F:BC:A6:EE:8D:23:C8:BC:00,1,CPXuRuRlc/_a/nocLk9,AEAD_AES_256_GCM,FEFD
T01,1776279356301.043,transport,1903,75882,TLS_ECDHE_ECDSA_WITH_CHACHA20_POLY1305_SHA256,client,connected,knKy,controlling,connected,CFDF:61:C4:43:B6:30:A5:FB:FC:F4:A9:ED:5E:B9:90:75:6F:9D:AF:13:EE:F4:52:53:37:C7:10:89:0A:25:C5:76,23,136,CFA0:A7:0E:D4:22:61:B6:7C:31:F7:9C:6D:78:E3:B6:4B:32:ED:79:5B:EA:8D:0F:6F:BC:A6:EE:8D:23:C8:BC:00,1,CPXuRuRlc/_a/nocLk9,AEAD_AES_256_GCM,FEFD
T01,1776279356501.192,transport,2011,84697,TLS_ECDHE_ECDSA_WITH_CHACHA20_POLY1305_SHA256,client,connected,knKy,controlling,connected,CFDF:61:C4:43:B6:30:A5:FB:FC:F4:A9:ED:5E:B9:90:75:6F:9D:AF:13:EE:F4:52:53:37:C7:10:89:0A:25:C5:76,25,156,CFA0:A7:0E:D4:22:61:B6:7C:31:F7:9C:6D:78:E3:B6:4B:32:ED:79:5B:EA:8D:0F:6F:BC:A6:EE:8D:23:C8:BC:00,1,CPXuRuRlc/_a/nocLk9,AEAD_AES_256_GCM,FEFD
T01,1776279356501.192,transport,2011,84697,TLS_ECDHE_ECDSA_WITH_CHACHA20_POLY1305_SHA256,client,connected,knKy,controlling,connected,CFDF:61:C4:43:B6:30:A5:FB:FC:F4:A9:ED:5E:B9:90:75:6F:9D:AF:13:EE:F4:52:53:37:C7:10:89:0A:25:C5:76,25,156,CFA0:A7:0E:D4:22:61:B6:7C:31:F7:9C:6D:78:E3:B6:4B:32:ED:79:5B:EA:8D:0F:6F:BC:A6:EE:8D:23:C8:BC:00,1,CPXuRuRlc/_a/nocLk9,AEAD_AES_256_GCM,FEFD
T01,1776279356701.125,transport,2115,92613,TLS_ECDHE_ECDSA_WITH_CHACHA20_POLY1305_SHA256,client,connected,knKy,controlling,connected,CFDF:61:C4:43:B6:30:A5:FB:FC:F4:A9:ED:5E:B9:90:75:6F:9D:AF:13:EE:F4:52:53:37:C7:10:89:0A:25:C5:76,27,176,CFA0:A7:0E:D4:22:61:B6:7C:31:F7:9C:6D:78:E3:B6:4B:32:ED:79:5B:EA:8D:0F:6F:BC:A6:EE:8D:23:C8:BC:00,1,CPXuRuRlc/_a/nocLk9,AEAD_AES_256_GCM,FEFD
T01,1776279356701.125,transport,2115,92613,TLS_ECDHE_ECDSA_WITH_CHACHA20_POLY1305_SHA256,client,connected,knKy,controlling,connected,CFDF:61:C4:43:B6:30:A5:FB:FC:F4:A9:ED:5E:B9:90:75:6F:9D:AF:13:EE:F4:52:53:37:C7:10:89:0A:25:C5:76,27,176,CFA0:A7:0E:D4:22:61:B6:7C:31:F7:9C:6D:78:E3:B6:4B:32:ED:79:5B:EA:8D:0F:6F:BC:A6:EE:8D:23:C8:BC:00,1,CPXuRuRlc/_a/nocLk9,AEAD_AES_256_GCM,FEFD
T01,1776279356901.223,transport,2223,100967,TLS_ECDHE_ECDSA_WITH_CHACHA20_POLY1305_SHA256,client,connected,knKy,controlling,connected,CFDF:61:C4:43:B6:30:A5:FB:FC:F4:A9:ED:5E:B9:90:75:6F:9D:AF:13:EE:F4:52:53:37:C7:10:89:0A:25:C5:76,29,193,CFA0:A7:0E:D4:22:61:B6:7C:31:F7:9C:6D:78:E3:B6:4B:32:ED:79:5B:EA:8D:0F:6F:BC:A6:EE:8D:23:C8:BC:00,1,CPXuRuRlc/_a/nocLk9,AEAD_AES_256_GCM,FEFD
T01,1776279356901.223,transport,2223,100967,TLS_ECDHE_ECDSA_WITH_CHACHA20_POLY1305_SHA256,client,connected,knKy,controlling,connected,CFDF:61:C4:43:B6:30:A5:FB:FC:F4:A9:ED:5E:B9:90:75:6F:9D:AF:13:EE:F4:52:53:37:C7:10:89:0A:25:C5:76,29,193,CFA0:A7:0E:D4:22:61:B6:7C:31:F7:9C:6D:78:E3:B6:4B:32:ED:79:5B:EA:8D:0F:6F:BC:A6:EE:8D:23:C8:BC:00,1,CPXuRuRlc/_a/nocLk9,AEAD_AES_256_GCM,FEFD
T01,1776279357101.225,transport,2331,111717,TLS_ECDHE_ECDSA_WITH_CHACHA20_POLY1305_SHA256,client,connected,knKy,controlling,connected,CFDF:61:C4:43:B6:30:A5:FB:FC:F4:A9:ED:5E:B9:90:75:6F:9D:AF:13:EE:F4:52:53:37:C7:10:89:0A:25:C5:76,31,219,CFA0:A7:0E:D4:22:61:B6:7C:31:F7:9C:6D:78:E3:B6:4B:32:ED:79:5B:EA:8D:0F:6F:BC:A6:EE:8D:23:C8:BC:00,1,CPXuRuRlc/_a/nocLk9,AEAD_AES_256_GCM,FEFD
T01,1776279357101.225,transport,2331,111717,TLS_ECDHE_ECDSA_WITH_CHACHA20_POLY1305_SHA256,client,connected,knKy,controlling,connected,CFDF:61:C4:43:B6:30:A5:FB:FC:F4:A9:ED:5E:B9:90:75:6F:9D:AF:13:EE:F4:52:53:37:C7:10:89:0A:25:C5:76,31,219,CFA0:A7:0E:D4:22:61:B6:7C:31:F7:9C:6D:78:E3:B6:4B:32:ED:79:5B:EA:8D:0F:6F:BC:A6:EE:8D:23:C8:BC:00,1,CPXuRuRlc/_a/nocLk9,AEAD_AES_256_GCM,FEFD
T01,1776279357301.194,transport,2543,118647,TLS_ECDHE_ECDSA_WITH_CHACHA20_POLY1305_SHA256,client,connected,knKy,controlling,connected,CFDF:61:C4:43:B6:30:A5:FB:FC:F4:A9:ED:5E:B9:90:75:6F:9D:AF:13:EE:F4:52:53:37:C7:10:89:0A:25:C5:76,34,238,CFA0:A7:0E:D4:22:61:B6:7C:31:F7:9C:6D:78:E3:B6:4B:32:ED:79:5B:EA:8D:0F:6F:BC:A6:EE:8D:23:C8:BC:00,1,CPXuRuRlc/_a/nocLk9,AEAD_AES_256_GCM,FEFD
T01,1776279357301.194,transport,2543,118647,TLS_ECDHE_ECDSA_WITH_CHACHA20_POLY1305_SHA256,client,connected,knKy,controlling,connected,CFDF:61:C4:43:B6:30:A5:FB:FC:F4:A9:ED:5E:B9:90:75:6F:9D:AF:13:EE:F4:52:53:37:C7:10:89:0A:25:C5:76,34,238,CFA0:A7:0E:D4:22:61:B6:7C:31:F7:9C:6D:78:E3:B6:4B:32:ED:79:5B:EA:8D:0F:6F:BC:A6:EE:8D:23:C8:BC:00,1,CPXuRuRlc/_a/nocLk9,AEAD_AES_256_GCM,FEFD
T01,1776279357501.082,transport,2647,127403,TLS_ECDHE_ECDSA_WITH_CHACHA20_POLY1305_SHA256,client,connected,knKy,controlling,connected,CFDF:61:C4:43:B6:30:A5:FB:FC:F4:A9:ED:5E:B9:90:75:6F:9D:AF:13:EE:F4:52:53:37:C7:10:89:0A:25:C5:76,36,262,CFA0:A7:0E:D4:22:61:B6:7C:31:F7:9C:6D:78:E3:B6:4B:32:ED:79:5B:EA:8D:0F:6F:BC:A6:EE:8D:23:C8:BC:00,1,CPXuRuRlc/_a/nocLk9,AEAD_AES_256_GCM,FEFD
T01,1776279357501.082,transport,2647,127403,TLS_ECDHE_ECDSA_WITH_CHACHA20_POLY1305_SHA256,client,connected,knKy,controlling,connected,CFDF:61:C4:43:B6:30:A5:FB:FC:F4:A9:ED:5E:B9:90:75:6F:9D:AF:13:EE:F4:52:53:37:C7:10:89:0A:25:C5:76,36,262,CFA0:A7:0E:D4:22:61:B6:7C:31:F7:9C:6D:78:E3:B6:4B:32:ED:79:5B:EA:8D:0F:6F:BC:A6:EE:8D:23:C8:BC:00,1,CPXuRuRlc/_a/nocLk9,AEAD_AES_256_GCM,FEFD
T01,1776279357701.178,transport,2759,137197,TLS_ECDHE_ECDSA_WITH_CHACHA20_POLY1305_SHA256,client,connected,knKy,controlling,connected,CFDF:61:C4:43:B6:30:A5:FB:FC:F4:A9:ED:5E:B9:90:75:6F:9D:AF:13:EE:F4:52:53:37:C7:10:89:0A:25:C5:76,38,281,CFA0:A7:0E:D4:22:61:B6:7C:31:F7:9C:6D:78:E3:B6:4B:32:ED:79:5B:EA:8D:0F:6F:BC:A6:EE:8D:23:C8:BC:00,1,CPXuRuRlc/_a/nocLk9,AEAD_AES_256_GCM,FEFD
T01,1776279357701.178,transport,2759,137197,TLS_ECDHE_ECDSA_WITH_CHACHA20_POLY1305_SHA256,client,connected,knKy,controlling,connected,CFDF:61:C4:43:B6:30:A5:FB:FC:F4:A9:ED:5E:B9:90:75:6F:9D:AF:13:EE:F4:52:53:37:C7:10:89:0A:25:C5:76,38,281,CFA0:A7:0E:D4:22:61:B6:7C:31:F7:9C:6D:78:E3:B6:4B:32:ED:79:5B:EA:8D:0F:6F:BC:A6:EE:8D:23:C8:BC:00,1,CPXuRuRlc/_a/nocLk9,AEAD_AES_256_GCM,FEFD
T01,1776279357900.99,transport,2863,146314,TLS_ECDHE_ECDSA_WITH_CHACHA20_POLY1305_SHA256,client,connected,knKy,controlling,connected,CFDF:61:C4:43:B6:30:A5:FB:FC:F4:A9:ED:5E:B9:90:75:6F:9D:AF:13:EE:F4:52:53:37:C7:10:89:0A:25:C5:76,40,308,CFA0:A7:0E:D4:22:61:B6:7C:31:F7:9C:6D:78:E3:B6:4B:32:ED:79:5B:EA:8D:0F:6F:BC:A6:EE:8D:23:C8:BC:00,1,CPXuRuRlc/_a/nocLk9,AEAD_AES_256_GCM,FEFD
T01,1776279357900.99,transport,2863,146314,TLS_ECDHE_ECDSA_WITH_CHACHA20_POLY1305_SHA256,client,connected,knKy,controlling,connected,CFDF:61:C4:43:B6:30:A5:FB:FC:F4:A9:ED:5E:B9:90:75:6F:9D:AF:13:EE:F4:52:53:37:C7:10:89:0A:25:C5:76,40,308,CFA0:A7:0E:D4:22:61:B6:7C:31:F7:9C:6D:78:E3:B6:4B:32:ED:79:5B:EA:8D:0F:6F:BC:A6:EE:8D:23:C8:BC:00,1,CPXuRuRlc/_a/nocLk9,AEAD_AES_256_GCM,FEFD
T01,1776279358101.086,transport,2979,157764,TLS_ECDHE_ECDSA_WITH_CHACHA20_POLY1305_SHA256,client,connected,knKy,controlling,connected,CFDF:61:C4:43:B6:30:A5:FB:FC:F4:A9:ED:5E:B9:90:75:6F:9D:AF:13:EE:F4:52:53:37:C7:10:89:0A:25:C5:76,42,333,CFA0:A7:0E:D4:22:61:B6:7C:31:F7:9C:6D:78:E3:B6:4B:32:ED:79:5B:EA:8D:0F:6F:BC:A6:EE:8D:23:C8:BC:00,1,CPXuRuRlc/_a/nocLk9,AEAD_AES_256_GCM,FEFD
T01,1776279358101.086,transport,2979,157764,TLS_ECDHE_ECDSA_WITH_CHACHA20_POLY1305_SHA256,client,connected,knKy,controlling,connected,CFDF:61:C4:43:B6:30:A5:FB:FC:F4:A9:ED:5E:B9:90:75:6F:9D:AF:13:EE:F4:52:53:37:C7:10:89:0A:25:C5:76,42,333,CFA0:A7:0E:D4:22:61:B6:7C:31:F7:9C:6D:78:E3:B6:4B:32:ED:79:5B:EA:8D:0F:6F:BC:A6:EE:8D:23:C8:BC:00,1,CPXuRuRlc/_a/nocLk9,AEAD_AES_256_GCM,FEFD
T01,1776279358301.115,transport,3087,164943,TLS_ECDHE_ECDSA_WITH_CHACHA20_POLY1305_SHA256,client,connected,knKy,controlling,connected,CFDF:61:C4:43:B6:30:A5:FB:FC:F4:A9:ED:5E:B9:90:75:6F:9D:AF:13:EE:F4:52:53:37:C7:10:89:0A:25:C5:76,44,350,CFA0:A7:0E:D4:22:61:B6:7C:31:F7:9C:6D:78:E3:B6:4B:32:ED:79:5B:EA:8D:0F:6F:BC:A6:EE:8D:23:C8:BC:00,1,CPXuRuRlc/_a/nocLk9,AEAD_AES_256_GCM,FEFD
T01,1776279358301.115,transport,3087,164943,TLS_ECDHE_ECDSA_WITH_CHACHA20_POLY1305_SHA256,client,connected,knKy,controlling,connected,CFDF:61:C4:43:B6:30:A5:FB:FC:F4:A9:ED:5E:B9:90:75:6F:9D:AF:13:EE:F4:52:53:37:C7:10:89:0A:25:C5:76,44,350,CFA0:A7:0E:D4:22:61:B6:7C:31:F7:9C:6D:78:E3:B6:4B:32:ED:79:5B:EA:8D:0F:6F:BC:A6:EE:8D:23:C8:BC:00,1,CPXuRuRlc/_a/nocLk9,AEAD_AES_256_GCM,FEFD
T01,1776279358501.158,transport,3191,175397,TLS_ECDHE_ECDSA_WITH_CHACHA20_POLY1305_SHA256,client,connected,knKy,controlling,connected,CFDF:61:C4:43:B6:30:A5:FB:FC:F4:A9:ED:5E:B9:90:75:6F:9D:AF:13:EE:F4:52:53:37:C7:10:89:0A:25:C5:76,46,370,CFA0:A7:0E:D4:22:61:B6:7C:31:F7:9C:6D:78:E3:B6:4B:32:ED:79:5B:EA:8D:0F:6F:BC:A6:EE:8D:23:C8:BC:00,1,CPXuRuRlc/_a/nocLk9,AEAD_AES_256_GCM,FEFD
T01,1776279358501.158,transport,3191,175397,TLS_ECDHE_ECDSA_WITH_CHACHA20_POLY1305_SHA256,client,connected,knKy,controlling,connected,CFDF:61:C4:43:B6:30:A5:FB:FC:F4:A9:ED:5E:B9:90:75:6F:9D:AF:13:EE:F4:52:53:37:C7:10:89:0A:25:C5:76,46,370,CFA0:A7:0E:D4:22:61:B6:7C:31:F7:9C:6D:78:E3:B6:4B:32:ED:79:5B:EA:8D:0F:6F:BC:A6:EE:8D:23:C8:BC:00,1,CPXuRuRlc/_a/nocLk9,AEAD_AES_256_GCM,FEFD
T01,1776279358701.226,transport,3395,184699,TLS_ECDHE_ECDSA_WITH_CHACHA20_POLY1305_SHA256,client,connected,knKy,controlling,connected,CFDF:61:C4:43:B6:30:A5:FB:FC:F4:A9:ED:5E:B9:90:75:6F:9D:AF:13:EE:F4:52:53:37:C7:10:89:0A:25:C5:76,49,388,CFA0:A7:0E:D4:22:61:B6:7C:31:F7:9C:6D:78:E3:B6:4B:32:ED:79:5B:EA:8D:0F:6F:BC:A6:EE:8D:23:C8:BC:00,1,CPXuRuRlc/_a/nocLk9,AEAD_AES_256_GCM,FEFD
T01,1776279358701.226,transport,3395,184699,TLS_ECDHE_ECDSA_WITH_CHACHA20_POLY1305_SHA256,client,connected,knKy,controlling,connected,CFDF:61:C4:43:B6:30:A5:FB:FC:F4:A9:ED:5E:B9:90:75:6F:9D:AF:13:EE:F4:52:53:37:C7:10:89:0A:25:C5:76,49,388,CFA0:A7:0E:D4:22:61:B6:7C:31:F7:9C:6D:78:E3:B6:4B:32:ED:79:5B:EA:8D:0F:6F:BC:A6:EE:8D:23:C8:BC:00,1,CPXuRuRlc/_a/nocLk9,AEAD_AES_256_GCM,FEFD
T01,1776279358901.179,transport,3503,196540,TLS_ECDHE_ECDSA_WITH_CHACHA20_POLY1305_SHA256,client,connected,knKy,controlling,connected,CFDF:61:C4:43:B6:30:A5:FB:FC:F4:A9:ED:5E:B9:90:75:6F:9D:AF:13:EE:F4:52:53:37:C7:10:89:0A:25:C5:76,51,414,CFA0:A7:0E:D4:22:61:B6:7C:31:F7:9C:6D:78:E3:B6:4B:32:ED:79:5B:EA:8D:0F:6F:BC:A6:EE:8D:23:C8:BC:00,1,CPXuRuRlc/_a/nocLk9,AEAD_AES_256_GCM,FEFD
T01,1776279358901.179,transport,3503,196540,TLS_ECDHE_ECDSA_WITH_CHACHA20_POLY1305_SHA256,client,connected,knKy,controlling,connected,CFDF:61:C4:43:B6:30:A5:FB:FC:F4:A9:ED:5E:B9:90:75:6F:9D:AF:13:EE:F4:52:53:37:C7:10:89:0A:25:C5:76,51,414,CFA0:A7:0E:D4:22:61:B6:7C:31:F7:9C:6D:78:E3:B6:4B:32:ED:79:5B:EA:8D:0F:6F:BC:A6:EE:8D:23:C8:BC:00,1,CPXuRuRlc/_a/nocLk9,AEAD_AES_256_GCM,FEFD
T01,1776279359101.158,transport,3607,205908,TLS_ECDHE_ECDSA_WITH_CHACHA20_POLY1305_SHA256,client,connected,knKy,controlling,connected,CFDF:61:C4:43:B6:30:A5:FB:FC:F4:A9:ED:5E:B9:90:75:6F:9D:AF:13:EE:F4:52:53:37:C7:10:89:0A:25:C5:76,53,429,CFA0:A7:0E:D4:22:61:B6:7C:31:F7:9C:6D:78:E3:B6:4B:32:ED:79:5B:EA:8D:0F:6F:BC:A6:EE:8D:23:C8:BC:00,1,CPXuRuRlc/_a/nocLk9,AEAD_AES_256_GCM,FEFD
T01,1776279359101.158,transport,3607,205908,TLS_ECDHE_ECDSA_WITH_CHACHA20_POLY1305_SHA256,client,connected,knKy,controlling,connected,CFDF:61:C4:43:B6:30:A5:FB:FC:F4:A9:ED:5E:B9:90:75:6F:9D:AF:13:EE:F4:52:53:37:C7:10:89:0A:25:C5:76,53,429,CFA0:A7:0E:D4:22:61:B6:7C:31:F7:9C:6D:78:E3:B6:4B:32:ED:79:5B:EA:8D:0F:6F:BC:A6:EE:8D:23:C8:BC:00,1,CPXuRuRlc/_a/nocLk9,AEAD_AES_256_GCM,FEFD
T01,1776279359301.036,transport,3715,215218,TLS_ECDHE_ECDSA_WITH_CHACHA20_POLY1305_SHA256,client,connected,knKy,controlling,connected,CFDF:61:C4:43:B6:30:A5:FB:FC:F4:A9:ED:5E:B9:90:75:6F:9D:AF:13:EE:F4:52:53:37:C7:10:89:0A:25:C5:76,55,446,CFA0:A7:0E:D4:22:61:B6:7C:31:F7:9C:6D:78:E3:B6:4B:32:ED:79:5B:EA:8D:0F:6F:BC:A6:EE:8D:23:C8:BC:00,1,CPXuRuRlc/_a/nocLk9,AEAD_AES_256_GCM,FEFD
T01,1776279359301.036,transport,3715,215218,TLS_ECDHE_ECDSA_WITH_CHACHA20_POLY1305_SHA256,client,connected,knKy,controlling,connected,CFDF:61:C4:43:B6:30:A5:FB:FC:F4:A9:ED:5E:B9:90:75:6F:9D:AF:13:EE:F4:52:53:37:C7:10:89:0A:25:C5:76,55,446,CFA0:A7:0E:D4:22:61:B6:7C:31:F7:9C:6D:78:E3:B6:4B:32:ED:79:5B:EA:8D:0F:6F:BC:A6:EE:8D:23:C8:BC:00,1,CPXuRuRlc/_a/nocLk9,AEAD_AES_256_GCM,FEFD
T01,1776279359501.067,transport,3823,226606,TLS_ECDHE_ECDSA_WITH_CHACHA20_POLY1305_SHA256,client,connected,knKy,controlling,connected,CFDF:61:C4:43:B6:30:A5:FB:FC:F4:A9:ED:5E:B9:90:75:6F:9D:AF:13:EE:F4:52:53:37:C7:10:89:0A:25:C5:76,57,470,CFA0:A7:0E:D4:22:61:B6:7C:31:F7:9C:6D:78:E3:B6:4B:32:ED:79:5B:EA:8D:0F:6F:BC:A6:EE:8D:23:C8:BC:00,1,CPXuRuRlc/_a/nocLk9,AEAD_AES_256_GCM,FEFD
T01,1776279359501.067,transport,3823,226606,TLS_ECDHE_ECDSA_WITH_CHACHA20_POLY1305_SHA256,client,connected,knKy,controlling,connected,CFDF:61:C4:43:B6:30:A5:FB:FC:F4:A9:ED:5E:B9:90:75:6F:9D:AF:13:EE:F4:52:53:37:C7:10:89:0A:25:C5:76,57,470,CFA0:A7:0E:D4:22:61:B6:7C:31:F7:9C:6D:78:E3:B6:4B:32:ED:79:5B:EA:8D:0F:6F:BC:A6:EE:8D:23:C8:BC:00,1,CPXuRuRlc/_a/nocLk9,AEAD_AES_256_GCM,FEFD
T01,1776279359701.239,transport,3939,237085,TLS_ECDHE_ECDSA_WITH_CHACHA20_POLY1305_SHA256,client,connected,knKy,controlling,connected,CFDF:61:C4:43:B6:30:A5:FB:FC:F4:A9:ED:5E:B9:90:75:6F:9D:AF:13:EE:F4:52:53:37:C7:10:89:0A:25:C5:76,59,495,CFA0:A7:0E:D4:22:61:B6:7C:31:F7:9C:6D:78:E3:B6:4B:32:ED:79:5B:EA:8D:0F:6F:BC:A6:EE:8D:23:C8:BC:00,1,CPXuRuRlc/_a/nocLk9,AEAD_AES_256_GCM,FEFD
T01,1776279359701.239,transport,3939,237085,TLS_ECDHE_ECDSA_WITH_CHACHA20_POLY1305_SHA256,client,connected,knKy,controlling,connected,CFDF:61:C4:43:B6:30:A5:FB:FC:F4:A9:ED:5E:B9:90:75:6F:9D:AF:13:EE:F4:52:53:37:C7:10:89:0A:25:C5:76,59,495,CFA0:A7:0E:D4:22:61:B6:7C:31:F7:9C:6D:78:E3:B6:4B:32:ED:79:5B:EA:8D:0F:6F:BC:A6:EE:8D:23:C8:BC:00,1,CPXuRuRlc/_a/nocLk9,AEAD_AES_256_GCM,FEFD
T01,1776279359901.145,transport,4043,250157,TLS_ECDHE_ECDSA_WITH_CHACHA20_POLY1305_SHA256,client,connected,knKy,controlling,connected,CFDF:61:C4:43:B6:30:A5:FB:FC:F4:A9:ED:5E:B9:90:75:6F:9D:AF:13:EE:F4:52:53:37:C7:10:89:0A:25:C5:76,61,519,CFA0:A7:0E:D4:22:61:B6:7C:31:F7:9C:6D:78:E3:B6:4B:32:ED:79:5B:EA:8D:0F:6F:BC:A6:EE:8D:23:C8:BC:00,1,CPXuRuRlc/_a/nocLk9,AEAD_AES_256_GCM,FEFD
T01,1776279359901.145,transport,4043,250157,TLS_ECDHE_ECDSA_WITH_CHACHA20_POLY1305_SHA256,client,connected,knKy,controlling,connected,CFDF:61:C4:43:B6:30:A5:FB:FC:F4:A9:ED:5E:B9:90:75:6F:9D:AF:13:EE:F4:52:53:37:C7:10:89:0A:25:C5:76,61,519,CFA0:A7:0E:D4:22:61:B6:7C:31:F7:9C:6D:78:E3:B6:4B:32:ED:79:5B:EA:8D:0F:6F:BC:A6:EE:8D:23:C8:BC:00,1,CPXuRuRlc/_a/nocLk9,AEAD_AES_256_GCM,FEFD
T01,1776279360101.191,transport,4251,259519,TLS_ECDHE_ECDSA_WITH_CHACHA20_POLY1305_SHA256,client,connected,knKy,controlling,connected,CFDF:61:C4:43:B6:30:A5:FB:FC:F4:A9:ED:5E:B9:90:75:6F:9D:AF:13:EE:F4:52:53:37:C7:10:89:0A:25:C5:76,64,537,CFA0:A7:0E:D4:22:61:B6:7C:31:F7:9C:6D:78:E3:B6:4B:32:ED:79:5B:EA:8D:0F:6F:BC:A6:EE:8D:23:C8:BC:00,1,CPXuRuRlc/_a/nocLk9,AEAD_AES_256_GCM,FEFD
T01,1776279360101.191,transport,4251,259519,TLS_ECDHE_ECDSA_WITH_CHACHA20_POLY1305_SHA256,client,connected,knKy,controlling,connected,CFDF:61:C4:43:B6:30:A5:FB:FC:F4:A9:ED:5E:B9:90:75:6F:9D:AF:13:EE:F4:52:53:37:C7:10:89:0A:25:C5:76,64,537,CFA0:A7:0E:D4:22:61:B6:7C:31:F7:9C:6D:78:E3:B6:4B:32:ED:79:5B:EA:8D:0F:6F:BC:A6:EE:8D:23:C8:BC:00,1,CPXuRuRlc/_a/nocLk9,AEAD_AES_256_GCM,FEFD
T01,1776279360301.016,transport,4355,269237,TLS_ECDHE_ECDSA_WITH_CHACHA20_POLY1305_SHA256,client,connected,knKy,controlling,connected,CFDF:61:C4:43:B6:30:A5:FB:FC:F4:A9:ED:5E:B9:90:75:6F:9D:AF:13:EE:F4:52:53:37:C7:10:89:0A:25:C5:76,66,559,CFA0:A7:0E:D4:22:61:B6:7C:31:F7:9C:6D:78:E3:B6:4B:32:ED:79:5B:EA:8D:0F:6F:BC:A6:EE:8D:23:C8:BC:00,1,CPXuRuRlc/_a/nocLk9,AEAD_AES_256_GCM,FEFD
T01,1776279360301.016,transport,4355,269237,TLS_ECDHE_ECDSA_WITH_CHACHA20_POLY1305_SHA256,client,connected,knKy,controlling,connected,CFDF:61:C4:43:B6:30:A5:FB:FC:F4:A9:ED:5E:B9:90:75:6F:9D:AF:13:EE:F4:52:53:37:C7:10:89:0A:25:C5:76,66,559,CFA0:A7:0E:D4:22:61:B6:7C:31:F7:9C:6D:78:E3:B6:4B:32:ED:79:5B:EA:8D:0F:6F:BC:A6:EE:8D:23:C8:BC:00,1,CPXuRuRlc/_a/nocLk9,AEAD_AES_256_GCM,FEFD
T01,1776279360501.078,transport,4471,282637,TLS_ECDHE_ECDSA_WITH_CHACHA20_POLY1305_SHA256,client,connected,knKy,controlling,connected,CFDF:61:C4:43:B6:30:A5:FB:FC:F4:A9:ED:5E:B9:90:75:6F:9D:AF:13:EE:F4:52:53:37:C7:10:89:0A:25:C5:76,68,590,CFA0:A7:0E:D4:22:61:B6:7C:31:F7:9C:6D:78:E3:B6:4B:32:ED:79:5B:EA:8D:0F:6F:BC:A6:EE:8D:23:C8:BC:00,1,CPXuRuRlc/_a/nocLk9,AEAD_AES_256_GCM,FEFD
T01,1776279360501.078,transport,4471,282637,TLS_ECDHE_ECDSA_WITH_CHACHA20_POLY1305_SHA256,client,connected,knKy,controlling,connected,CFDF:61:C4:43:B6:30:A5:FB:FC:F4:A9:ED:5E:B9:90:75:6F:9D:AF:13:EE:F4:52:53:37:C7:10:89:0A:25:C5:76,68,590,CFA0:A7:0E:D4:22:61:B6:7C:31:F7:9C:6D:78:E3:B6:4B:32:ED:79:5B:EA:8D:0F:6F:BC:A6:EE:8D:23:C8:BC:00,1,CPXuRuRlc/_a/nocLk9,AEAD_AES_256_GCM,FEFD
T01,1776279360701.119,transport,4583,293032,TLS_ECDHE_ECDSA_WITH_CHACHA20_POLY1305_SHA256,client,connected,knKy,controlling,connected,CFDF:61:C4:43:B6:30:A5:FB:FC:F4:A9:ED:5E:B9:90:75:6F:9D:AF:13:EE:F4:52:53:37:C7:10:89:0A:25:C5:76,70,612,CFA0:A7:0E:D4:22:61:B6:7C:31:F7:9C:6D:78:E3:B6:4B:32:ED:79:5B:EA:8D:0F:6F:BC:A6:EE:8D:23:C8:BC:00,1,CPXuRuRlc/_a/nocLk9,AEAD_AES_256_GCM,FEFD
T01,1776279360701.119,transport,4583,293032,TLS_ECDHE_ECDSA_WITH_CHACHA20_POLY1305_SHA256,client,connected,knKy,controlling,connected,CFDF:61:C4:43:B6:30:A5:FB:FC:F4:A9:ED:5E:B9:90:75:6F:9D:AF:13:EE:F4:52:53:37:C7:10:89:0A:25:C5:76,70,612,CFA0:A7:0E:D4:22:61:B6:7C:31:F7:9C:6D:78:E3:B6:4B:32:ED:79:5B:EA:8D:0F:6F:BC:A6:EE:8D:23:C8:BC:00,1,CPXuRuRlc/_a/nocLk9,AEAD_AES_256_GCM,FEFD
T01,1776279360901.116,transport,4699,306552,TLS_ECDHE_ECDSA_WITH_CHACHA20_POLY1305_SHA256,client,connected,knKy,controlling,connected,CFDF:61:C4:43:B6:30:A5:FB:FC:F4:A9:ED:5E:B9:90:75:6F:9D:AF:13:EE:F4:52:53:37:C7:10:89:0A:25:C5:76,72,640,CFA0:A7:0E:D4:22:61:B6:7C:31:F7:9C:6D:78:E3:B6:4B:32:ED:79:5B:EA:8D:0F:6F:BC:A6:EE:8D:23:C8:BC:00,1,CPXuRuRlc/_a/nocLk9,AEAD_AES_256_GCM,FEFD
T01,1776279360901.116,transport,4699,306552,TLS_ECDHE_ECDSA_WITH_CHACHA20_POLY1305_SHA256,client,connected,knKy,controlling,connected,CFDF:61:C4:43:B6:30:A5:FB:FC:F4:A9:ED:5E:B9:90:75:6F:9D:AF:13:EE:F4:52:53:37:C7:10:89:0A:25:C5:76,72,640,CFA0:A7:0E:D4:22:61:B6:7C:31:F7:9C:6D:78:E3:B6:4B:32:ED:79:5B:EA:8D:0F:6F:BC:A6:EE:8D:23:C8:BC:00,1,CPXuRuRlc/_a/nocLk9,AEAD_AES_256_GCM,FEFD
T01,1776279361101.152,transport,4811,316846,TLS_ECDHE_ECDSA_WITH_CHACHA20_POLY1305_SHA256,client,connected,knKy,controlling,connected,CFDF:61:C4:43:B6:30:A5:FB:FC:F4:A9:ED:5E:B9:90:75:6F:9D:AF:13:EE:F4:52:53:37:C7:10:89:0A:25:C5:76,74,662,CFA0:A7:0E:D4:22:61:B6:7C:31:F7:9C:6D:78:E3:B6:4B:32:ED:79:5B:EA:8D:0F:6F:BC:A6:EE:8D:23:C8:BC:00,1,CPXuRuRlc/_a/nocLk9,AEAD_AES_256_GCM,FEFD
T01,1776279361101.152,transport,4811,316846,TLS_ECDHE_ECDSA_WITH_CHACHA20_POLY1305_SHA256,client,connected,knKy,controlling,connected,CFDF:61:C4:43:B6:30:A5:FB:FC:F4:A9:ED:5E:B9:90:75:6F:9D:AF:13:EE:F4:52:53:37:C7:10:89:0A:25:C5:76,74,662,CFA0:A7:0E:D4:22:61:B6:7C:31:F7:9C:6D:78:E3:B6:4B:32:ED:79:5B:EA:8D:0F:6F:BC:A6:EE:8D:23:C8:BC:00,1,CPXuRuRlc/_a/nocLk9,AEAD_AES_256_GCM,FEFD
T01,1776279361301.073,transport,4927,327961,TLS_ECDHE_ECDSA_WITH_CHACHA20_POLY1305_SHA256,client,connected,knKy,controlling,connected,CFDF:61:C4:43:B6:30:A5:FB:FC:F4:A9:ED:5E:B9:90:75:6F:9D:AF:13:EE:F4:52:53:37:C7:10:89:0A:25:C5:76,76,692,CFA0:A7:0E:D4:22:61:B6:7C:31:F7:9C:6D:78:E3:B6:4B:32:ED:79:5B:EA:8D:0F:6F:BC:A6:EE:8D:23:C8:BC:00,1,CPXuRuRlc/_a/nocLk9,AEAD_AES_256_GCM,FEFD
T01,1776279361301.073,transport,4927,327961,TLS_ECDHE_ECDSA_WITH_CHACHA20_POLY1305_SHA256,client,connected,knKy,controlling,connected,CFDF:61:C4:43:B6:30:A5:FB:FC:F4:A9:ED:5E:B9:90:75:6F:9D:AF:13:EE:F4:52:53:37:C7:10:89:0A:25:C5:76,76,692,CFA0:A7:0E:D4:22:61:B6:7C:31:F7:9C:6D:78:E3:B6:4B:32:ED:79:5B:EA:8D:0F:6F:BC:A6:EE:8D:23:C8:BC:00,1,CPXuRuRlc/_a/nocLk9,AEAD_AES_256_GCM,FEFD
T01,1776279361501.064,transport,5135,341605,TLS_ECDHE_ECDSA_WITH_CHACHA20_POLY1305_SHA256,client,connected,knKy,controlling,connected,CFDF:61:C4:43:B6:30:A5:FB:FC:F4:A9:ED:5E:B9:90:75:6F:9D:AF:13:EE:F4:52:53:37:C7:10:89:0A:25:C5:76,79,719,CFA0:A7:0E:D4:22:61:B6:7C:31:F7:9C:6D:78:E3:B6:4B:32:ED:79:5B:EA:8D:0F:6F:BC:A6:EE:8D:23:C8:BC:00,1,CPXuRuRlc/_a/nocLk9,AEAD_AES_256_GCM,FEFD
T01,1776279361501.064,transport,5135,341605,TLS_ECDHE_ECDSA_WITH_CHACHA20_POLY1305_SHA256,client,connected,knKy,controlling,connected,CFDF:61:C4:43:B6:30:A5:FB:FC:F4:A9:ED:5E:B9:90:75:6F:9D:AF:13:EE:F4:52:53:37:C7:10:89:0A:25:C5:76,79,719,CFA0:A7:0E:D4:22:61:B6:7C:31:F7:9C:6D:78:E3:B6:4B:32:ED:79:5B:EA:8D:0F:6F:BC:A6:EE:8D:23:C8:BC:00,1,CPXuRuRlc/_a/nocLk9,AEAD_AES_256_GCM,FEFD
T01,1776279361701.083,transport,5251,354034,TLS_ECDHE_ECDSA_WITH_CHACHA20_POLY1305_SHA256,client,connected,knKy,controlling,connected,CFDF:61:C4:43:B6:30:A5:FB:FC:F4:A9:ED:5E:B9:90:75:6F:9D:AF:13:EE:F4:52:53:37:C7:10:89:0A:25:C5:76,81,749,CFA0:A7:0E:D4:22:61:B6:7C:31:F7:9C:6D:78:E3:B6:4B:32:ED:79:5B:EA:8D:0F:6F:BC:A6:EE:8D:23:C8:BC:00,1,CPXuRuRlc/_a/nocLk9,AEAD_AES_256_GCM,FEFD
T01,1776279361701.083,transport,5251,354034,TLS_ECDHE_ECDSA_WITH_CHACHA20_POLY1305_SHA256,client,connected,knKy,controlling,connected,CFDF:61:C4:43:B6:30:A5:FB:FC:F4:A9:ED:5E:B9:90:75:6F:9D:AF:13:EE:F4:52:53:37:C7:10:89:0A:25:C5:76,81,749,CFA0:A7:0E:D4:22:61:B6:7C:31:F7:9C:6D:78:E3:B6:4B:32:ED:79:5B:EA:8D:0F:6F:BC:A6:EE:8D:23:C8:BC:00,1,CPXuRuRlc/_a/nocLk9,AEAD_AES_256_GCM,FEFD
T01,1776279361901.127,transport,5367,365083,TLS_ECDHE_ECDSA_WITH_CHACHA20_POLY1305_SHA256,client,connected,knKy,controlling,connected,CFDF:61:C4:43:B6:30:A5:FB:FC:F4:A9:ED:5E:B9:90:75:6F:9D:AF:13:EE:F4:52:53:37:C7:10:89:0A:25:C5:76,83,771,CFA0:A7:0E:D4:22:61:B6:7C:31:F7:9C:6D:78:E3:B6:4B:32:ED:79:5B:EA:8D:0F:6F:BC:A6:EE:8D:23:C8:BC:00,1,CPXuRuRlc/_a/nocLk9,AEAD_AES_256_GCM,FEFD
T01,1776279361901.127,transport,5367,365083,TLS_ECDHE_ECDSA_WITH_CHACHA20_POLY1305_SHA256,client,connected,knKy,controlling,connected,CFDF:61:C4:43:B6:30:A5:FB:FC:F4:A9:ED:5E:B9:90:75:6F:9D:AF:13:EE:F4:52:53:37:C7:10:89:0A:25:C5:76,83,771,CFA0:A7:0E:D4:22:61:B6:7C:31:F7:9C:6D:78:E3:B6:4B:32:ED:79:5B:EA:8D:0F:6F:BC:A6:EE:8D:23:C8:BC:00,1,CPXuRuRlc/_a/nocLk9,AEAD_AES_256_GCM,FEFD
T01,1776279362101.094,transport,5479,377618,TLS_ECDHE_ECDSA_WITH_CHACHA20_POLY1305_SHA256,client,connected,knKy,controlling,connected,CFDF:61:C4:43:B6:30:A5:FB:FC:F4:A9:ED:5E:B9:90:75:6F:9D:AF:13:EE:F4:52:53:37:C7:10:89:0A:25:C5:76,85,801,CFA0:A7:0E:D4:22:61:B6:7C:31:F7:9C:6D:78:E3:B6:4B:32:ED:79:5B:EA:8D:0F:6F:BC:A6:EE:8D:23:C8:BC:00,1,CPXuRuRlc/_a/nocLk9,AEAD_AES_256_GCM,FEFD
T01,1776279362101.094,transport,5479,377618,TLS_ECDHE_ECDSA_WITH_CHACHA20_POLY1305_SHA256,client,connected,knKy,controlling,connected,CFDF:61:C4:43:B6:30:A5:FB:FC:F4:A9:ED:5E:B9:90:75:6F:9D:AF:13:EE:F4:52:53:37:C7:10:89:0A:25:C5:76,85,801,CFA0:A7:0E:D4:22:61:B6:7C:31:F7:9C:6D:78:E3:B6:4B:32:ED:79:5B:EA:8D:0F:6F:BC:A6:EE:8D:23:C8:BC:00,1,CPXuRuRlc/_a/nocLk9,AEAD_AES_256_GCM,FEFD
T01,1776279362301.087,transport,5599,390674,TLS_ECDHE_ECDSA_WITH_CHACHA20_POLY1305_SHA256,client,connected,knKy,controlling,connected,CFDF:61:C4:43:B6:30:A5:FB:FC:F4:A9:ED:5E:B9:90:75:6F:9D:AF:13:EE:F4:52:53:37:C7:10:89:0A:25:C5:76,87,832,CFA0:A7:0E:D4:22:61:B6:7C:31:F7:9C:6D:78:E3:B6:4B:32:ED:79:5B:EA:8D:0F:6F:BC:A6:EE:8D:23:C8:BC:00,1,CPXuRuRlc/_a/nocLk9,AEAD_AES_256_GCM,FEFD
T01,1776279362301.087,transport,5599,390674,TLS_ECDHE_ECDSA_WITH_CHACHA20_POLY1305_SHA256,client,connected,knKy,controlling,connected,CFDF:61:C4:43:B6:30:A5:FB:FC:F4:A9:ED:5E:B9:90:75:6F:9D:AF:13:EE:F4:52:53:37:C7:10:89:0A:25:C5:76,87,832,CFA0:A7:0E:D4:22:61:B6:7C:31:F7:9C:6D:78:E3:B6:4B:32:ED:79:5B:EA:8D:0F:6F:BC:A6:EE:8D:23:C8:BC:00,1,CPXuRuRlc/_a/nocLk9,AEAD_AES_256_GCM,FEFD
T01,1776279362501.1,transport,5811,404563,TLS_ECDHE_ECDSA_WITH_CHACHA20_POLY1305_SHA256,client,connected,knKy,controlling,connected,CFDF:61:C4:43:B6:30:A5:FB:FC:F4:A9:ED:5E:B9:90:75:6F:9D:AF:13:EE:F4:52:53:37:C7:10:89:0A:25:C5:76,90,865,CFA0:A7:0E:D4:22:61:B6:7C:31:F7:9C:6D:78:E3:B6:4B:32:ED:79:5B:EA:8D:0F:6F:BC:A6:EE:8D:23:C8:BC:00,1,CPXuRuRlc/_a/nocLk9,AEAD_AES_256_GCM,FEFD
T01,1776279362501.1,transport,5811,404563,TLS_ECDHE_ECDSA_WITH_CHACHA20_POLY1305_SHA256,client,connected,knKy,controlling,connected,CFDF:61:C4:43:B6:30:A5:FB:FC:F4:A9:ED:5E:B9:90:75:6F:9D:AF:13:EE:F4:52:53:37:C7:10:89:0A:25:C5:76,90,865,CFA0:A7:0E:D4:22:61:B6:7C:31:F7:9C:6D:78:E3:B6:4B:32:ED:79:5B:EA:8D:0F:6F:BC:A6:EE:8D:23:C8:BC:00,1,CPXuRuRlc/_a/nocLk9,AEAD_AES_256_GCM,FEFD
T01,1776279362701.173,transport,5927,418049,TLS_ECDHE_ECDSA_WITH_CHACHA20_POLY1305_SHA256,client,connected,knKy,controlling,connected,CFDF:61:C4:43:B6:30:A5:FB:FC:F4:A9:ED:5E:B9:90:75:6F:9D:AF:13:EE:F4:52:53:37:C7:10:89:0A:25:C5:76,92,893,CFA0:A7:0E:D4:22:61:B6:7C:31:F7:9C:6D:78:E3:B6:4B:32:ED:79:5B:EA:8D:0F:6F:BC:A6:EE:8D:23:C8:BC:00,1,CPXuRuRlc/_a/nocLk9,AEAD_AES_256_GCM,FEFD
T01,1776279362701.173,transport,5927,418049,TLS_ECDHE_ECDSA_WITH_CHACHA20_POLY1305_SHA256,client,connected,knKy,controlling,connected,CFDF:61:C4:43:B6:30:A5:FB:FC:F4:A9:ED:5E:B9:90:75:6F:9D:AF:13:EE:F4:52:53:37:C7:10:89:0A:25:C5:76,92,893,CFA0:A7:0E:D4:22:61:B6:7C:31:F7:9C:6D:78:E3:B6:4B:32:ED:79:5B:EA:8D:0F:6F:BC:A6:EE:8D:23:C8:BC:00,1,CPXuRuRlc/_a/nocLk9,AEAD_AES_256_GCM,FEFD
T01,1776279362901.189,transport,6031,432650,TLS_ECDHE_ECDSA_WITH_CHACHA20_POLY1305_SHA256,client,connected,knKy,controlling,connected,CFDF:61:C4:43:B6:30:A5:FB:FC:F4:A9:ED:5E:B9:90:75:6F:9D:AF:13:EE:F4:52:53:37:C7:10:89:0A:25:C5:76,94,909,CFA0:A7:0E:D4:22:61:B6:7C:31:F7:9C:6D:78:E3:B6:4B:32:ED:79:5B:EA:8D:0F:6F:BC:A6:EE:8D:23:C8:BC:00,1,CPXuRuRlc/_a/nocLk9,AEAD_AES_256_GCM,FEFD
T01,1776279362901.189,transport,6031,432650,TLS_ECDHE_ECDSA_WITH_CHACHA20_POLY1305_SHA256,client,connected,knKy,controlling,connected,CFDF:61:C4:43:B6:30:A5:FB:FC:F4:A9:ED:5E:B9:90:75:6F:9D:AF:13:EE:F4:52:53:37:C7:10:89:0A:25:C5:76,94,909,CFA0:A7:0E:D4:22:61:B6:7C:31:F7:9C:6D:78:E3:B6:4B:32:ED:79:5B:EA:8D:0F:6F:BC:A6:EE:8D:23:C8:BC:00,1,CPXuRuRlc/_a/nocLk9,AEAD_AES_256_GCM,FEFD
T01,1776279363101.025,transport,6143,446421,TLS_ECDHE_ECDSA_WITH_CHACHA20_POLY1305_SHA256,client,connected,knKy,controlling,connected,CFDF:61:C4:43:B6:30:A5:FB:FC:F4:A9:ED:5E:B9:90:75:6F:9D:AF:13:EE:F4:52:53:37:C7:10:89:0A:25:C5:76,96,941,CFA0:A7:0E:D4:22:61:B6:7C:31:F7:9C:6D:78:E3:B6:4B:32:ED:79:5B:EA:8D:0F:6F:BC:A6:EE:8D:23:C8:BC:00,1,CPXuRuRlc/_a/nocLk9,AEAD_AES_256_GCM,FEFD
T01,1776279363101.025,transport,6143,446421,TLS_ECDHE_ECDSA_WITH_CHACHA20_POLY1305_SHA256,client,connected,knKy,controlling,connected,CFDF:61:C4:43:B6:30:A5:FB:FC:F4:A9:ED:5E:B9:90:75:6F:9D:AF:13:EE:F4:52:53:37:C7:10:89:0A:25:C5:76,96,941,CFA0:A7:0E:D4:22:61:B6:7C:31:F7:9C:6D:78:E3:B6:4B:32:ED:79:5B:EA:8D:0F:6F:BC:A6:EE:8D:23:C8:BC:00,1,CPXuRuRlc/_a/nocLk9,AEAD_AES_256_GCM,FEFD
T01,1776279363301.173,transport,6267,459020,TLS_ECDHE_ECDSA_WITH_CHACHA20_POLY1305_SHA256,client,connected,knKy,controlling,connected,CFDF:61:C4:43:B6:30:A5:FB:FC:F4:A9:ED:5E:B9:90:75:6F:9D:AF:13:EE:F4:52:53:37:C7:10:89:0A:25:C5:76,98,974,CFA0:A7:0E:D4:22:61:B6:7C:31:F7:9C:6D:78:E3:B6:4B:32:ED:79:5B:EA:8D:0F:6F:BC:A6:EE:8D:23:C8:BC:00,1,CPXuRuRlc/_a/nocLk9,AEAD_AES_256_GCM,FEFD
T01,1776279363301.173,transport,6267,459020,TLS_ECDHE_ECDSA_WITH_CHACHA20_POLY1305_SHA256,client,connected,knKy,controlling,connected,CFDF:61:C4:43:B6:30:A5:FB:FC:F4:A9:ED:5E:B9:90:75:6F:9D:AF:13:EE:F4:52:53:37:C7:10:89:0A:25:C5:76,98,974,CFA0:A7:0E:D4:22:61:B6:7C:31:F7:9C:6D:78:E3:B6:4B:32:ED:79:5B:EA:8D:0F:6F:BC:A6:EE:8D:23:C8:BC:00,1,CPXuRuRlc/_a/nocLk9,AEAD_AES_256_GCM,FEFD
T01,1776279363501.072,transport,6479,476817,TLS_ECDHE_ECDSA_WITH_CHACHA20_POLY1305_SHA256,client,connected,knKy,controlling,connected,CFDF:61:C4:43:B6:30:A5:FB:FC:F4:A9:ED:5E:B9:90:75:6F:9D:AF:13:EE:F4:52:53:37:C7:10:89:0A:25:C5:76,101,1004,CFA0:A7:0E:D4:22:61:B6:7C:31:F7:9C:6D:78:E3:B6:4B:32:ED:79:5B:EA:8D:0F:6F:BC:A6:EE:8D:23:C8:BC:00,1,CPXuRuRlc/_a/nocLk9,AEAD_AES_256_GCM,FEFD
T01,1776279363501.072,transport,6479,476817,TLS_ECDHE_ECDSA_WITH_CHACHA20_POLY1305_SHA256,client,connected,knKy,controlling,connected,CFDF:61:C4:43:B6:30:A5:FB:FC:F4:A9:ED:5E:B9:90:75:6F:9D:AF:13:EE:F4:52:53:37:C7:10:89:0A:25:C5:76,101,1004,CFA0:A7:0E:D4:22:61:B6:7C:31:F7:9C:6D:78:E3:B6:4B:32:ED:79:5B:EA:8D:0F:6F:BC:A6:EE:8D:23:C8:BC:00,1,CPXuRuRlc/_a/nocLk9,AEAD_AES_256_GCM,FEFD
T01,1776279363701.141,transport,6579,488079,TLS_ECDHE_ECDSA_WITH_CHACHA20_POLY1305_SHA256,client,connected,knKy,controlling,connected,CFDF:61:C4:43:B6:30:A5:FB:FC:F4:A9:ED:5E:B9:90:75:6F:9D:AF:13:EE:F4:52:53:37:C7:10:89:0A:25:C5:76,103,1017,CFA0:A7:0E:D4:22:61:B6:7C:31:F7:9C:6D:78:E3:B6:4B:32:ED:79:5B:EA:8D:0F:6F:BC:A6:EE:8D:23:C8:BC:00,1,CPXuRuRlc/_a/nocLk9,AEAD_AES_256_GCM,FEFD
T01,1776279363701.141,transport,6579,488079,TLS_ECDHE_ECDSA_WITH_CHACHA20_POLY1305_SHA256,client,connected,knKy,controlling,connected,CFDF:61:C4:43:B6:30:A5:FB:FC:F4:A9:ED:5E:B9:90:75:6F:9D:AF:13:EE:F4:52:53:37:C7:10:89:0A:25:C5:76,103,1017,CFA0:A7:0E:D4:22:61:B6:7C:31:F7:9C:6D:78:E3:B6:4B:32:ED:79:5B:EA:8D:0F:6F:BC:A6:EE:8D:23:C8:BC:00,1,CPXuRuRlc/_a/nocLk9,AEAD_AES_256_GCM,FEFD
T01,1776279363901,transport,6683,503255,TLS_ECDHE_ECDSA_WITH_CHACHA20_POLY1305_SHA256,client,connected,knKy,controlling,connected,CFDF:61:C4:43:B6:30:A5:FB:FC:F4:A9:ED:5E:B9:90:75:6F:9D:AF:13:EE:F4:52:53:37:C7:10:89:0A:25:C5:76,105,1035,CFA0:A7:0E:D4:22:61:B6:7C:31:F7:9C:6D:78:E3:B6:4B:32:ED:79:5B:EA:8D:0F:6F:BC:A6:EE:8D:23:C8:BC:00,1,CPXuRuRlc/_a/nocLk9,AEAD_AES_256_GCM,FEFD
T01,1776279363901,transport,6683,503255,TLS_ECDHE_ECDSA_WITH_CHACHA20_POLY1305_SHA256,client,connected,knKy,controlling,connected,CFDF:61:C4:43:B6:30:A5:FB:FC:F4:A9:ED:5E:B9:90:75:6F:9D:AF:13:EE:F4:52:53:37:C7:10:89:0A:25:C5:76,105,1035,CFA0:A7:0E:D4:22:61:B6:7C:31:F7:9C:6D:78:E3:B6:4B:32:ED:79:5B:EA:8D:0F:6F:BC:A6:EE:8D:23:C8:BC:00,1,CPXuRuRlc/_a/nocLk9,AEAD_AES_256_GCM,FEFD
T01,1776279364101.132,transport,6787,518499,TLS_ECDHE_ECDSA_WITH_CHACHA20_POLY1305_SHA256,client,connected,knKy,controlling,connected,CFDF:61:C4:43:B6:30:A5:FB:FC:F4:A9:ED:5E:B9:90:75:6F:9D:AF:13:EE:F4:52:53:37:C7:10:89:0A:25:C5:76,107,1052,CFA0:A7:0E:D4:22:61:B6:7C:31:F7:9C:6D:78:E3:B6:4B:32:ED:79:5B:EA:8D:0F:6F:BC:A6:EE:8D:23:C8:BC:00,1,CPXuRuRlc/_a/nocLk9,AEAD_AES_256_GCM,FEFD
T01,1776279364101.132,transport,6787,518499,TLS_ECDHE_ECDSA_WITH_CHACHA20_POLY1305_SHA256,client,connected,knKy,controlling,connected,CFDF:61:C4:43:B6:30:A5:FB:FC:F4:A9:ED:5E:B9:90:75:6F:9D:AF:13:EE:F4:52:53:37:C7:10:89:0A:25:C5:76,107,1052,CFA0:A7:0E:D4:22:61:B6:7C:31:F7:9C:6D:78:E3:B6:4B:32:ED:79:5B:EA:8D:0F:6F:BC:A6:EE:8D:23:C8:BC:00,1,CPXuRuRlc/_a/nocLk9,AEAD_AES_256_GCM,FEFD
T01,1776279364301.067,transport,6891,534333,TLS_ECDHE_ECDSA_WITH_CHACHA20_POLY1305_SHA256,client,connected,knKy,controlling,connected,CFDF:61:C4:43:B6:30:A5:FB:FC:F4:A9:ED:5E:B9:90:75:6F:9D:AF:13:EE:F4:52:53:37:C7:10:89:0A:25:C5:76,109,1069,CFA0:A7:0E:D4:22:61:B6:7C:31:F7:9C:6D:78:E3:B6:4B:32:ED:79:5B:EA:8D:0F:6F:BC:A6:EE:8D:23:C8:BC:00,1,CPXuRuRlc/_a/nocLk9,AEAD_AES_256_GCM,FEFD
T01,1776279364301.067,transport,6891,534333,TLS_ECDHE_ECDSA_WITH_CHACHA20_POLY1305_SHA256,client,connected,knKy,controlling,connected,CFDF:61:C4:43:B6:30:A5:FB:FC:F4:A9:ED:5E:B9:90:75:6F:9D:AF:13:EE:F4:52:53:37:C7:10:89:0A:25:C5:76,109,1069,CFA0:A7:0E:D4:22:61:B6:7C:31:F7:9C:6D:78:E3:B6:4B:32:ED:79:5B:EA:8D:0F:6F:BC:A6:EE:8D:23:C8:BC:00,1,CPXuRuRlc/_a/nocLk9,AEAD_AES_256_GCM,FEFD
T01,1776279364501.024,transport,7091,549020,TLS_ECDHE_ECDSA_WITH_CHACHA20_POLY1305_SHA256,client,connected,knKy,controlling,connected,CFDF:61:C4:43:B6:30:A5:FB:FC:F4:A9:ED:5E:B9:90:75:6F:9D:AF:13:EE:F4:52:53:37:C7:10:89:0A:25:C5:76,112,1085,CFA0:A7:0E:D4:22:61:B6:7C:31:F7:9C:6D:78:E3:B6:4B:32:ED:79:5B:EA:8D:0F:6F:BC:A6:EE:8D:23:C8:BC:00,1,CPXuRuRlc/_a/nocLk9,AEAD_AES_256_GCM,FEFD
T01,1776279364501.024,transport,7091,549020,TLS_ECDHE_ECDSA_WITH_CHACHA20_POLY1305_SHA256,client,connected,knKy,controlling,connected,CFDF:61:C4:43:B6:30:A5:FB:FC:F4:A9:ED:5E:B9:90:75:6F:9D:AF:13:EE:F4:52:53:37:C7:10:89:0A:25:C5:76,112,1085,CFA0:A7:0E:D4:22:61:B6:7C:31:F7:9C:6D:78:E3:B6:4B:32:ED:79:5B:EA:8D:0F:6F:BC:A6:EE:8D:23:C8:BC:00,1,CPXuRuRlc/_a/nocLk9,AEAD_AES_256_GCM,FEFD
T01,1776279364701.148,transport,7195,565221,TLS_ECDHE_ECDSA_WITH_CHACHA20_POLY1305_SHA256,client,connected,knKy,controlling,connected,CFDF:61:C4:43:B6:30:A5:FB:FC:F4:A9:ED:5E:B9:90:75:6F:9D:AF:13:EE:F4:52:53:37:C7:10:89:0A:25:C5:76,114,1102,CFA0:A7:0E:D4:22:61:B6:7C:31:F7:9C:6D:78:E3:B6:4B:32:ED:79:5B:EA:8D:0F:6F:BC:A6:EE:8D:23:C8:BC:00,1,CPXuRuRlc/_a/nocLk9,AEAD_AES_256_GCM,FEFD
T01,1776279364701.148,transport,7195,565221,TLS_ECDHE_ECDSA_WITH_CHACHA20_POLY1305_SHA256,client,connected,knKy,controlling,connected,CFDF:61:C4:43:B6:30:A5:FB:FC:F4:A9:ED:5E:B9:90:75:6F:9D:AF:13:EE:F4:52:53:37:C7:10:89:0A:25:C5:76,114,1102,CFA0:A7:0E:D4:22:61:B6:7C:31:F7:9C:6D:78:E3:B6:4B:32:ED:79:5B:EA:8D:0F:6F:BC:A6:EE:8D:23:C8:BC:00,1,CPXuRuRlc/_a/nocLk9,AEAD_AES_256_GCM,FEFD
T01,1776279364901.117,transport,7299,583266,TLS_ECDHE_ECDSA_WITH_CHACHA20_POLY1305_SHA256,client,connected,knKy,controlling,connected,CFDF:61:C4:43:B6:30:A5:FB:FC:F4:A9:ED:5E:B9:90:75:6F:9D:AF:13:EE:F4:52:53:37:C7:10:89:0A:25:C5:76,116,1122,CFA0:A7:0E:D4:22:61:B6:7C:31:F7:9C:6D:78:E3:B6:4B:32:ED:79:5B:EA:8D:0F:6F:BC:A6:EE:8D:23:C8:BC:00,1,CPXuRuRlc/_a/nocLk9,AEAD_AES_256_GCM,FEFD
T01,1776279364901.117,transport,7299,583266,TLS_ECDHE_ECDSA_WITH_CHACHA20_POLY1305_SHA256,client,connected,knKy,controlling,connected,CFDF:61:C4:43:B6:30:A5:FB:FC:F4:A9:ED:5E:B9:90:75:6F:9D:AF:13:EE:F4:52:53:37:C7:10:89:0A:25:C5:76,116,1122,CFA0:A7:0E:D4:22:61:B6:7C:31:F7:9C:6D:78:E3:B6:4B:32:ED:79:5B:EA:8D:0F:6F:BC:A6:EE:8D:23:C8:BC:00,1,CPXuRuRlc/_a/nocLk9,AEAD_AES_256_GCM,FEFD
T01,1776279365101.294,transport,7403,598139,TLS_ECDHE_ECDSA_WITH_CHACHA20_POLY1305_SHA256,client,connected,knKy,controlling,connected,CFDF:61:C4:43:B6:30:A5:FB:FC:F4:A9:ED:5E:B9:90:75:6F:9D:AF:13:EE:F4:52:53:37:C7:10:89:0A:25:C5:76,118,1137,CFA0:A7:0E:D4:22:61:B6:7C:31:F7:9C:6D:78:E3:B6:4B:32:ED:79:5B:EA:8D:0F:6F:BC:A6:EE:8D:23:C8:BC:00,1,CPXuRuRlc/_a/nocLk9,AEAD_AES_256_GCM,FEFD
T01,1776279365101.294,transport,7403,598139,TLS_ECDHE_ECDSA_WITH_CHACHA20_POLY1305_SHA256,client,connected,knKy,controlling,connected,CFDF:61:C4:43:B6:30:A5:FB:FC:F4:A9:ED:5E:B9:90:75:6F:9D:AF:13:EE:F4:52:53:37:C7:10:89:0A:25:C5:76,118,1137,CFA0:A7:0E:D4:22:61:B6:7C:31:F7:9C:6D:78:E3:B6:4B:32:ED:79:5B:EA:8D:0F:6F:BC:A6:EE:8D:23:C8:BC:00,1,CPXuRuRlc/_a/nocLk9,AEAD_AES_256_GCM,FEFD
T01,1776279365301.13,transport,7507,614319,TLS_ECDHE_ECDSA_WITH_CHACHA20_POLY1305_SHA256,client,connected,knKy,controlling,connected,CFDF:61:C4:43:B6:30:A5:FB:FC:F4:A9:ED:5E:B9:90:75:6F:9D:AF:13:EE:F4:52:53:37:C7:10:89:0A:25:C5:76,120,1153,CFA0:A7:0E:D4:22:61:B6:7C:31:F7:9C:6D:78:E3:B6:4B:32:ED:79:5B:EA:8D:0F:6F:BC:A6:EE:8D:23:C8:BC:00,1,CPXuRuRlc/_a/nocLk9,AEAD_AES_256_GCM,FEFD
T01,1776279365301.13,transport,7507,614319,TLS_ECDHE_ECDSA_WITH_CHACHA20_POLY1305_SHA256,client,connected,knKy,controlling,connected,CFDF:61:C4:43:B6:30:A5:FB:FC:F4:A9:ED:5E:B9:90:75:6F:9D:AF:13:EE:F4:52:53:37:C7:10:89:0A:25:C5:76,120,1153,CFA0:A7:0E:D4:22:61:B6:7C:31:F7:9C:6D:78:E3:B6:4B:32:ED:79:5B:EA:8D:0F:6F:BC:A6:EE:8D:23:C8:BC:00,1,CPXuRuRlc/_a/nocLk9,AEAD_AES_256_GCM,FEFD
T01,1776279365501.196,transport,7611,631447,TLS_ECDHE_ECDSA_WITH_CHACHA20_POLY1305_SHA256,client,connected,knKy,controlling,connected,CFDF:61:C4:43:B6:30:A5:FB:FC:F4:A9:ED:5E:B9:90:75:6F:9D:AF:13:EE:F4:52:53:37:C7:10:89:0A:25:C5:76,122,1171,CFA0:A7:0E:D4:22:61:B6:7C:31:F7:9C:6D:78:E3:B6:4B:32:ED:79:5B:EA:8D:0F:6F:BC:A6:EE:8D:23:C8:BC:00,1,CPXuRuRlc/_a/nocLk9,AEAD_AES_256_GCM,FEFD
T01,1776279365501.196,transport,7611,631447,TLS_ECDHE_ECDSA_WITH_CHACHA20_POLY1305_SHA256,client,connected,knKy,controlling,connected,CFDF:61:C4:43:B6:30:A5:FB:FC:F4:A9:ED:5E:B9:90:75:6F:9D:AF:13:EE:F4:52:53:37:C7:10:89:0A:25:C5:76,122,1171,CFA0:A7:0E:D4:22:61:B6:7C:31:F7:9C:6D:78:E3:B6:4B:32:ED:79:5B:EA:8D:0F:6F:BC:A6:EE:8D:23:C8:BC:00,1,CPXuRuRlc/_a/nocLk9,AEAD_AES_256_GCM,FEFD
T01,1776279365701.023,transport,7715,648343,TLS_ECDHE_ECDSA_WITH_CHACHA20_POLY1305_SHA256,client,connected,knKy,controlling,connected,CFDF:61:C4:43:B6:30:A5:FB:FC:F4:A9:ED:5E:B9:90:75:6F:9D:AF:13:EE:F4:52:53:37:C7:10:89:0A:25:C5:76,124,1190,CFA0:A7:0E:D4:22:61:B6:7C:31:F7:9C:6D:78:E3:B6:4B:32:ED:79:5B:EA:8D:0F:6F:BC:A6:EE:8D:23:C8:BC:00,1,CPXuRuRlc/_a/nocLk9,AEAD_AES_256_GCM,FEFD
T01,1776279365701.023,transport,7715,648343,TLS_ECDHE_ECDSA_WITH_CHACHA20_POLY1305_SHA256,client,connected,knKy,controlling,connected,CFDF:61:C4:43:B6:30:A5:FB:FC:F4:A9:ED:5E:B9:90:75:6F:9D:AF:13:EE:F4:52:53:37:C7:10:89:0A:25:C5:76,124,1190,CFA0:A7:0E:D4:22:61:B6:7C:31:F7:9C:6D:78:E3:B6:4B:32:ED:79:5B:EA:8D:0F:6F:BC:A6:EE:8D:23:C8:BC:00,1,CPXuRuRlc/_a/nocLk9,AEAD_AES_256_GCM,FEFD
T01,1776279365901.054,transport,7919,669825,TLS_ECDHE_ECDSA_WITH_CHACHA20_POLY1305_SHA256,client,connected,knKy,controlling,connected,CFDF:61:C4:43:B6:30:A5:FB:FC:F4:A9:ED:5E:B9:90:75:6F:9D:AF:13:EE:F4:52:53:37:C7:10:89:0A:25:C5:76,127,1211,CFA0:A7:0E:D4:22:61:B6:7C:31:F7:9C:6D:78:E3:B6:4B:32:ED:79:5B:EA:8D:0F:6F:BC:A6:EE:8D:23:C8:BC:00,1,CPXuRuRlc/_a/nocLk9,AEAD_AES_256_GCM,FEFD
T01,1776279365901.054,transport,7919,669825,TLS_ECDHE_ECDSA_WITH_CHACHA20_POLY1305_SHA256,client,connected,knKy,controlling,connected,CFDF:61:C4:43:B6:30:A5:FB:FC:F4:A9:ED:5E:B9:90:75:6F:9D:AF:13:EE:F4:52:53:37:C7:10:89:0A:25:C5:76,127,1211,CFA0:A7:0E:D4:22:61:B6:7C:31:F7:9C:6D:78:E3:B6:4B:32:ED:79:5B:EA:8D:0F:6F:BC:A6:EE:8D:23:C8:BC:00,1,CPXuRuRlc/_a/nocLk9,AEAD_AES_256_GCM,FEFD
T01,1776279366101.136,transport,8023,687284,TLS_ECDHE_ECDSA_WITH_CHACHA20_POLY1305_SHA256,client,connected,knKy,controlling,connected,CFDF:61:C4:43:B6:30:A5:FB:FC:F4:A9:ED:5E:B9:90:75:6F:9D:AF:13:EE:F4:52:53:37:C7:10:89:0A:25:C5:76,129,1229,CFA0:A7:0E:D4:22:61:B6:7C:31:F7:9C:6D:78:E3:B6:4B:32:ED:79:5B:EA:8D:0F:6F:BC:A6:EE:8D:23:C8:BC:00,1,CPXuRuRlc/_a/nocLk9,AEAD_AES_256_GCM,FEFD
T01,1776279366101.136,transport,8023,687284,TLS_ECDHE_ECDSA_WITH_CHACHA20_POLY1305_SHA256,client,connected,knKy,controlling,connected,CFDF:61:C4:43:B6:30:A5:FB:FC:F4:A9:ED:5E:B9:90:75:6F:9D:AF:13:EE:F4:52:53:37:C7:10:89:0A:25:C5:76,129,1229,CFA0:A7:0E:D4:22:61:B6:7C:31:F7:9C:6D:78:E3:B6:4B:32:ED:79:5B:EA:8D:0F:6F:BC:A6:EE:8D:23:C8:BC:00,1,CPXuRuRlc/_a/nocLk9,AEAD_AES_256_GCM,FEFD
T01,1776279366300.964,transport,8131,705232,TLS_ECDHE_ECDSA_WITH_CHACHA20_POLY1305_SHA256,client,connected,knKy,controlling,connected,CFDF:61:C4:43:B6:30:A5:FB:FC:F4:A9:ED:5E:B9:90:75:6F:9D:AF:13:EE:F4:52:53:37:C7:10:89:0A:25:C5:76,131,1250,CFA0:A7:0E:D4:22:61:B6:7C:31:F7:9C:6D:78:E3:B6:4B:32:ED:79:5B:EA:8D:0F:6F:BC:A6:EE:8D:23:C8:BC:00,1,CPXuRuRlc/_a/nocLk9,AEAD_AES_256_GCM,FEFD
T01,1776279366300.964,transport,8131,705232,TLS_ECDHE_ECDSA_WITH_CHACHA20_POLY1305_SHA256,client,connected,knKy,controlling,connected,CFDF:61:C4:43:B6:30:A5:FB:FC:F4:A9:ED:5E:B9:90:75:6F:9D:AF:13:EE:F4:52:53:37:C7:10:89:0A:25:C5:76,131,1250,CFA0:A7:0E:D4:22:61:B6:7C:31:F7:9C:6D:78:E3:B6:4B:32:ED:79:5B:EA:8D:0F:6F:BC:A6:EE:8D:23:C8:BC:00,1,CPXuRuRlc/_a/nocLk9,AEAD_AES_256_GCM,FEFD
T01,1776279366501.063,transport,8243,728248,TLS_ECDHE_ECDSA_WITH_CHACHA20_POLY1305_SHA256,client,connected,knKy,controlling,connected,CFDF:61:C4:43:B6:30:A5:FB:FC:F4:A9:ED:5E:B9:90:75:6F:9D:AF:13:EE:F4:52:53:37:C7:10:89:0A:25:C5:76,133,1275,CFA0:A7:0E:D4:22:61:B6:7C:31:F7:9C:6D:78:E3:B6:4B:32:ED:79:5B:EA:8D:0F:6F:BC:A6:EE:8D:23:C8:BC:00,1,CPXuRuRlc/_a/nocLk9,AEAD_AES_256_GCM,FEFD
T01,1776279366501.063,transport,8243,728248,TLS_ECDHE_ECDSA_WITH_CHACHA20_POLY1305_SHA256,client,connected,knKy,controlling,connected,CFDF:61:C4:43:B6:30:A5:FB:FC:F4:A9:ED:5E:B9:90:75:6F:9D:AF:13:EE:F4:52:53:37:C7:10:89:0A:25:C5:76,133,1275,CFA0:A7:0E:D4:22:61:B6:7C:31:F7:9C:6D:78:E3:B6:4B:32:ED:79:5B:EA:8D:0F:6F:BC:A6:EE:8D:23:C8:BC:00,1,CPXuRuRlc/_a/nocLk9,AEAD_AES_256_GCM,FEFD
T01,1776279366701.18,transport,8351,746154,TLS_ECDHE_ECDSA_WITH_CHACHA20_POLY1305_SHA256,client,connected,knKy,controlling,connected,CFDF:61:C4:43:B6:30:A5:FB:FC:F4:A9:ED:5E:B9:90:75:6F:9D:AF:13:EE:F4:52:53:37:C7:10:89:0A:25:C5:76,135,1294,CFA0:A7:0E:D4:22:61:B6:7C:31:F7:9C:6D:78:E3:B6:4B:32:ED:79:5B:EA:8D:0F:6F:BC:A6:EE:8D:23:C8:BC:00,1,CPXuRuRlc/_a/nocLk9,AEAD_AES_256_GCM,FEFD
T01,1776279366701.18,transport,8351,746154,TLS_ECDHE_ECDSA_WITH_CHACHA20_POLY1305_SHA256,client,connected,knKy,controlling,connected,CFDF:61:C4:43:B6:30:A5:FB:FC:F4:A9:ED:5E:B9:90:75:6F:9D:AF:13:EE:F4:52:53:37:C7:10:89:0A:25:C5:76,135,1294,CFA0:A7:0E:D4:22:61:B6:7C:31:F7:9C:6D:78:E3:B6:4B:32:ED:79:5B:EA:8D:0F:6F:BC:A6:EE:8D:23:C8:BC:00,1,CPXuRuRlc/_a/nocLk9,AEAD_AES_256_GCM,FEFD
T01,1776279366901.142,transport,8575,765963,TLS_ECDHE_ECDSA_WITH_CHACHA20_POLY1305_SHA256,client,connected,knKy,controlling,connected,CFDF:61:C4:43:B6:30:A5:FB:FC:F4:A9:ED:5E:B9:90:75:6F:9D:AF:13:EE:F4:52:53:37:C7:10:89:0A:25:C5:76,138,1315,CFA0:A7:0E:D4:22:61:B6:7C:31:F7:9C:6D:78:E3:B6:4B:32:ED:79:5B:EA:8D:0F:6F:BC:A6:EE:8D:23:C8:BC:00,1,CPXuRuRlc/_a/nocLk9,AEAD_AES_256_GCM,FEFD
T01,1776279366901.142,transport,8575,765963,TLS_ECDHE_ECDSA_WITH_CHACHA20_POLY1305_SHA256,client,connected,knKy,controlling,connected,CFDF:61:C4:43:B6:30:A5:FB:FC:F4:A9:ED:5E:B9:90:75:6F:9D:AF:13:EE:F4:52:53:37:C7:10:89:0A:25:C5:76,138,1315,CFA0:A7:0E:D4:22:61:B6:7C:31:F7:9C:6D:78:E3:B6:4B:32:ED:79:5B:EA:8D:0F:6F:BC:A6:EE:8D:23:C8:BC:00,1,CPXuRuRlc/_a/nocLk9,AEAD_AES_256_GCM,FEFD
T01,1776279367101.061,transport,8687,787557,TLS_ECDHE_ECDSA_WITH_CHACHA20_POLY1305_SHA256,client,connected,knKy,controlling,connected,CFDF:61:C4:43:B6:30:A5:FB:FC:F4:A9:ED:5E:B9:90:75:6F:9D:AF:13:EE:F4:52:53:37:C7:10:89:0A:25:C5:76,140,1340,CFA0:A7:0E:D4:22:61:B6:7C:31:F7:9C:6D:78:E3:B6:4B:32:ED:79:5B:EA:8D:0F:6F:BC:A6:EE:8D:23:C8:BC:00,1,CPXuRuRlc/_a/nocLk9,AEAD_AES_256_GCM,FEFD
T01,1776279367101.061,transport,8687,787557,TLS_ECDHE_ECDSA_WITH_CHACHA20_POLY1305_SHA256,client,connected,knKy,controlling,connected,CFDF:61:C4:43:B6:30:A5:FB:FC:F4:A9:ED:5E:B9:90:75:6F:9D:AF:13:EE:F4:52:53:37:C7:10:89:0A:25:C5:76,140,1340,CFA0:A7:0E:D4:22:61:B6:7C:31:F7:9C:6D:78:E3:B6:4B:32:ED:79:5B:EA:8D:0F:6F:BC:A6:EE:8D:23:C8:BC:00,1,CPXuRuRlc/_a/nocLk9,AEAD_AES_256_GCM,FEFD
T01,1776279367300.992,transport,8787,799332,TLS_ECDHE_ECDSA_WITH_CHACHA20_POLY1305_SHA256,client,connected,knKy,controlling,connected,CFDF:61:C4:43:B6:30:A5:FB:FC:F4:A9:ED:5E:B9:90:75:6F:9D:AF:13:EE:F4:52:53:37:C7:10:89:0A:25:C5:76,142,1352,CFA0:A7:0E:D4:22:61:B6:7C:31:F7:9C:6D:78:E3:B6:4B:32:ED:79:5B:EA:8D:0F:6F:BC:A6:EE:8D:23:C8:BC:00,1,CPXuRuRlc/_a/nocLk9,AEAD_AES_256_GCM,FEFD
T01,1776279367300.992,transport,8787,799332,TLS_ECDHE_ECDSA_WITH_CHACHA20_POLY1305_SHA256,client,connected,knKy,controlling,connected,CFDF:61:C4:43:B6:30:A5:FB:FC:F4:A9:ED:5E:B9:90:75:6F:9D:AF:13:EE:F4:52:53:37:C7:10:89:0A:25:C5:76,142,1352,CFA0:A7:0E:D4:22:61:B6:7C:31:F7:9C:6D:78:E3:B6:4B:32:ED:79:5B:EA:8D:0F:6F:BC:A6:EE:8D:23:C8:BC:00,1,CPXuRuRlc/_a/nocLk9,AEAD_AES_256_GCM,FEFD
T01,1776279367501.068,transport,8891,817454,TLS_ECDHE_ECDSA_WITH_CHACHA20_POLY1305_SHA256,client,connected,knKy,controlling,connected,CFDF:61:C4:43:B6:30:A5:FB:FC:F4:A9:ED:5E:B9:90:75:6F:9D:AF:13:EE:F4:52:53:37:C7:10:89:0A:25:C5:76,144,1372,CFA0:A7:0E:D4:22:61:B6:7C:31:F7:9C:6D:78:E3:B6:4B:32:ED:79:5B:EA:8D:0F:6F:BC:A6:EE:8D:23:C8:BC:00,1,CPXuRuRlc/_a/nocLk9,AEAD_AES_256_GCM,FEFD
T01,1776279367501.068,transport,8891,817454,TLS_ECDHE_ECDSA_WITH_CHACHA20_POLY1305_SHA256,client,connected,knKy,controlling,connected,CFDF:61:C4:43:B6:30:A5:FB:FC:F4:A9:ED:5E:B9:90:75:6F:9D:AF:13:EE:F4:52:53:37:C7:10:89:0A:25:C5:76,144,1372,CFA0:A7:0E:D4:22:61:B6:7C:31:F7:9C:6D:78:E3:B6:4B:32:ED:79:5B:EA:8D:0F:6F:BC:A6:EE:8D:23:C8:BC:00,1,CPXuRuRlc/_a/nocLk9,AEAD_AES_256_GCM,FEFD
T01,1776279367701.093,transport,8999,835707,TLS_ECDHE_ECDSA_WITH_CHACHA20_POLY1305_SHA256,client,connected,knKy,controlling,connected,CFDF:61:C4:43:B6:30:A5:FB:FC:F4:A9:ED:5E:B9:90:75:6F:9D:AF:13:EE:F4:52:53:37:C7:10:89:0A:25:C5:76,146,1392,CFA0:A7:0E:D4:22:61:B6:7C:31:F7:9C:6D:78:E3:B6:4B:32:ED:79:5B:EA:8D:0F:6F:BC:A6:EE:8D:23:C8:BC:00,1,CPXuRuRlc/_a/nocLk9,AEAD_AES_256_GCM,FEFD
T01,1776279367701.093,transport,8999,835707,TLS_ECDHE_ECDSA_WITH_CHACHA20_POLY1305_SHA256,client,connected,knKy,controlling,connected,CFDF:61:C4:43:B6:30:A5:FB:FC:F4:A9:ED:5E:B9:90:75:6F:9D:AF:13:EE:F4:52:53:37:C7:10:89:0A:25:C5:76,146,1392,CFA0:A7:0E:D4:22:61:B6:7C:31:F7:9C:6D:78:E3:B6:4B:32:ED:79:5B:EA:8D:0F:6F:BC:A6:EE:8D:23:C8:BC:00,1,CPXuRuRlc/_a/nocLk9,AEAD_AES_256_GCM,FEFD
T01,1776279367901.123,transport,9111,856528,TLS_ECDHE_ECDSA_WITH_CHACHA20_POLY1305_SHA256,client,connected,knKy,controlling,connected,CFDF:61:C4:43:B6:30:A5:FB:FC:F4:A9:ED:5E:B9:90:75:6F:9D:AF:13:EE:F4:52:53:37:C7:10:89:0A:25:C5:76,148,1416,CFA0:A7:0E:D4:22:61:B6:7C:31:F7:9C:6D:78:E3:B6:4B:32:ED:79:5B:EA:8D:0F:6F:BC:A6:EE:8D:23:C8:BC:00,1,CPXuRuRlc/_a/nocLk9,AEAD_AES_256_GCM,FEFD
T01,1776279367901.123,transport,9111,856528,TLS_ECDHE_ECDSA_WITH_CHACHA20_POLY1305_SHA256,client,connected,knKy,controlling,connected,CFDF:61:C4:43:B6:30:A5:FB:FC:F4:A9:ED:5E:B9:90:75:6F:9D:AF:13:EE:F4:52:53:37:C7:10:89:0A:25:C5:76,148,1416,CFA0:A7:0E:D4:22:61:B6:7C:31:F7:9C:6D:78:E3:B6:4B:32:ED:79:5B:EA:8D:0F:6F:BC:A6:EE:8D:23:C8:BC:00,1,CPXuRuRlc/_a/nocLk9,AEAD_AES_256_GCM,FEFD
T01,1776279368101.007,transport,9219,876882,TLS_ECDHE_ECDSA_WITH_CHACHA20_POLY1305_SHA256,client,connected,knKy,controlling,connected,CFDF:61:C4:43:B6:30:A5:FB:FC:F4:A9:ED:5E:B9:90:75:6F:9D:AF:13:EE:F4:52:53:37:C7:10:89:0A:25:C5:76,150,1439,CFA0:A7:0E:D4:22:61:B6:7C:31:F7:9C:6D:78:E3:B6:4B:32:ED:79:5B:EA:8D:0F:6F:BC:A6:EE:8D:23:C8:BC:00,1,CPXuRuRlc/_a/nocLk9,AEAD_AES_256_GCM,FEFD
T01,1776279368101.007,transport,9219,876882,TLS_ECDHE_ECDSA_WITH_CHACHA20_POLY1305_SHA256,client,connected,knKy,controlling,connected,CFDF:61:C4:43:B6:30:A5:FB:FC:F4:A9:ED:5E:B9:90:75:6F:9D:AF:13:EE:F4:52:53:37:C7:10:89:0A:25:C5:76,150,1439,CFA0:A7:0E:D4:22:61:B6:7C:31:F7:9C:6D:78:E3:B6:4B:32:ED:79:5B:EA:8D:0F:6F:BC:A6:EE:8D:23:C8:BC:00,1,CPXuRuRlc/_a/nocLk9,AEAD_AES_256_GCM,FEFD
T01,1776279368301.102,transport,9471,897719,TLS_ECDHE_ECDSA_WITH_CHACHA20_POLY1305_SHA256,client,connected,knKy,controlling,connected,CFDF:61:C4:43:B6:30:A5:FB:FC:F4:A9:ED:5E:B9:90:75:6F:9D:AF:13:EE:F4:52:53:37:C7:10:89:0A:25:C5:76,153,1463,CFA0:A7:0E:D4:22:61:B6:7C:31:F7:9C:6D:78:E3:B6:4B:32:ED:79:5B:EA:8D:0F:6F:BC:A6:EE:8D:23:C8:BC:00,1,CPXuRuRlc/_a/nocLk9,AEAD_AES_256_GCM,FEFD
T01,1776279368301.102,transport,9471,897719,TLS_ECDHE_ECDSA_WITH_CHACHA20_POLY1305_SHA256,client,connected,knKy,controlling,connected,CFDF:61:C4:43:B6:30:A5:FB:FC:F4:A9:ED:5E:B9:90:75:6F:9D:AF:13:EE:F4:52:53:37:C7:10:89:0A:25:C5:76,153,1463,CFA0:A7:0E:D4:22:61:B6:7C:31:F7:9C:6D:78:E3:B6:4B:32:ED:79:5B:EA:8D:0F:6F:BC:A6:EE:8D:23:C8:BC:00,1,CPXuRuRlc/_a/nocLk9,AEAD_AES_256_GCM,FEFD
T01,1776279368501.008,transport,9615,923798,TLS_ECDHE_ECDSA_WITH_CHACHA20_POLY1305_SHA256,client,connected,knKy,controlling,connected,CFDF:61:C4:43:B6:30:A5:FB:FC:F4:A9:ED:5E:B9:90:75:6F:9D:AF:13:EE:F4:52:53:37:C7:10:89:0A:25:C5:76,156,1488,CFA0:A7:0E:D4:22:61:B6:7C:31:F7:9C:6D:78:E3:B6:4B:32:ED:79:5B:EA:8D:0F:6F:BC:A6:EE:8D:23:C8:BC:00,1,CPXuRuRlc/_a/nocLk9,AEAD_AES_256_GCM,FEFD
T01,1776279368501.008,transport,9615,923798,TLS_ECDHE_ECDSA_WITH_CHACHA20_POLY1305_SHA256,client,connected,knKy,controlling,connected,CFDF:61:C4:43:B6:30:A5:FB:FC:F4:A9:ED:5E:B9:90:75:6F:9D:AF:13:EE:F4:52:53:37:C7:10:89:0A:25:C5:76,156,1488,CFA0:A7:0E:D4:22:61:B6:7C:31:F7:9C:6D:78:E3:B6:4B:32:ED:79:5B:EA:8D:0F:6F:BC:A6:EE:8D:23:C8:BC:00,1,CPXuRuRlc/_a/nocLk9,AEAD_AES_256_GCM,FEFD
T01,1776279368701.132,transport,9719,940067,TLS_ECDHE_ECDSA_WITH_CHACHA20_POLY1305_SHA256,client,connected,knKy,controlling,connected,CFDF:61:C4:43:B6:30:A5:FB:FC:F4:A9:ED:5E:B9:90:75:6F:9D:AF:13:EE:F4:52:53:37:C7:10:89:0A:25:C5:76,158,1504,CFA0:A7:0E:D4:22:61:B6:7C:31:F7:9C:6D:78:E3:B6:4B:32:ED:79:5B:EA:8D:0F:6F:BC:A6:EE:8D:23:C8:BC:00,1,CPXuRuRlc/_a/nocLk9,AEAD_AES_256_GCM,FEFD
T01,1776279368701.132,transport,9719,940067,TLS_ECDHE_ECDSA_WITH_CHACHA20_POLY1305_SHA256,client,connected,knKy,controlling,connected,CFDF:61:C4:43:B6:30:A5:FB:FC:F4:A9:ED:5E:B9:90:75:6F:9D:AF:13:EE:F4:52:53:37:C7:10:89:0A:25:C5:76,158,1504,CFA0:A7:0E:D4:22:61:B6:7C:31:F7:9C:6D:78:E3:B6:4B:32:ED:79:5B:EA:8D:0F:6F:BC:A6:EE:8D:23:C8:BC:00,1,CPXuRuRlc/_a/nocLk9,AEAD_AES_256_GCM,FEFD
T01,1776279368900.995,transport,9827,961949,TLS_ECDHE_ECDSA_WITH_CHACHA20_POLY1305_SHA256,client,connected,knKy,controlling,connected,CFDF:61:C4:43:B6:30:A5:FB:FC:F4:A9:ED:5E:B9:90:75:6F:9D:AF:13:EE:F4:52:53:37:C7:10:89:0A:25:C5:76,160,1527,CFA0:A7:0E:D4:22:61:B6:7C:31:F7:9C:6D:78:E3:B6:4B:32:ED:79:5B:EA:8D:0F:6F:BC:A6:EE:8D:23:C8:BC:00,1,CPXuRuRlc/_a/nocLk9,AEAD_AES_256_GCM,FEFD
T01,1776279368900.995,transport,9827,961949,TLS_ECDHE_ECDSA_WITH_CHACHA20_POLY1305_SHA256,client,connected,knKy,controlling,connected,CFDF:61:C4:43:B6:30:A5:FB:FC:F4:A9:ED:5E:B9:90:75:6F:9D:AF:13:EE:F4:52:53:37:C7:10:89:0A:25:C5:76,160,1527,CFA0:A7:0E:D4:22:61:B6:7C:31:F7:9C:6D:78:E3:B6:4B:32:ED:79:5B:EA:8D:0F:6F:BC:A6:EE:8D:23:C8:BC:00,1,CPXuRuRlc/_a/nocLk9,AEAD_AES_256_GCM,FEFD
T01,1776279369101.092,transport,9939,989353,TLS_ECDHE_ECDSA_WITH_CHACHA20_POLY1305_SHA256,client,connected,knKy,controlling,connected,CFDF:61:C4:43:B6:30:A5:FB:FC:F4:A9:ED:5E:B9:90:75:6F:9D:AF:13:EE:F4:52:53:37:C7:10:89:0A:25:C5:76,162,1552,CFA0:A7:0E:D4:22:61:B6:7C:31:F7:9C:6D:78:E3:B6:4B:32:ED:79:5B:EA:8D:0F:6F:BC:A6:EE:8D:23:C8:BC:00,1,CPXuRuRlc/_a/nocLk9,AEAD_AES_256_GCM,FEFD
T01,1776279369101.092,transport,9939,989353,TLS_ECDHE_ECDSA_WITH_CHACHA20_POLY1305_SHA256,client,connected,knKy,controlling,connected,CFDF:61:C4:43:B6:30:A5:FB:FC:F4:A9:ED:5E:B9:90:75:6F:9D:AF:13:EE:F4:52:53:37:C7:10:89:0A:25:C5:76,162,1552,CFA0:A7:0E:D4:22:61:B6:7C:31:F7:9C:6D:78:E3:B6:4B:32:ED:79:5B:EA:8D:0F:6F:BC:A6:EE:8D:23:C8:BC:00,1,CPXuRuRlc/_a/nocLk9,AEAD_AES_256_GCM,FEFD
T01,1776279369301.032,transport,10047,1007441,TLS_ECDHE_ECDSA_WITH_CHACHA20_POLY1305_SHA256,client,connected,knKy,controlling,connected,CFDF:61:C4:43:B6:30:A5:FB:FC:F4:A9:ED:5E:B9:90:75:6F:9D:AF:13:EE:F4:52:53:37:C7:10:89:0A:25:C5:76,164,1571,CFA0:A7:0E:D4:22:61:B6:7C:31:F7:9C:6D:78:E3:B6:4B:32:ED:79:5B:EA:8D:0F:6F:BC:A6:EE:8D:23:C8:BC:00,1,CPXuRuRlc/_a/nocLk9,AEAD_AES_256_GCM,FEFD
T01,1776279369301.032,transport,10047,1007441,TLS_ECDHE_ECDSA_WITH_CHACHA20_POLY1305_SHA256,client,connected,knKy,controlling,connected,CFDF:61:C4:43:B6:30:A5:FB:FC:F4:A9:ED:5E:B9:90:75:6F:9D:AF:13:EE:F4:52:53:37:C7:10:89:0A:25:C5:76,164,1571,CFA0:A7:0E:D4:22:61:B6:7C:31:F7:9C:6D:78:E3:B6:4B:32:ED:79:5B:EA:8D:0F:6F:BC:A6:EE:8D:23:C8:BC:00,1,CPXuRuRlc/_a/nocLk9,AEAD_AES_256_GCM,FEFD
T01,1776279369500.996,transport,10159,1031353,TLS_ECDHE_ECDSA_WITH_CHACHA20_POLY1305_SHA256,client,connected,knKy,controlling,connected,CFDF:61:C4:43:B6:30:A5:FB:FC:F4:A9:ED:5E:B9:90:75:6F:9D:AF:13:EE:F4:52:53:37:C7:10:89:0A:25:C5:76,166,1593,CFA0:A7:0E:D4:22:61:B6:7C:31:F7:9C:6D:78:E3:B6:4B:32:ED:79:5B:EA:8D:0F:6F:BC:A6:EE:8D:23:C8:BC:00,1,CPXuRuRlc/_a/nocLk9,AEAD_AES_256_GCM,FEFD
T01,1776279369500.996,transport,10159,1031353,TLS_ECDHE_ECDSA_WITH_CHACHA20_POLY1305_SHA256,client,connected,knKy,controlling,connected,CFDF:61:C4:43:B6:30:A5:FB:FC:F4:A9:ED:5E:B9:90:75:6F:9D:AF:13:EE:F4:52:53:37:C7:10:89:0A:25:C5:76,166,1593,CFA0:A7:0E:D4:22:61:B6:7C:31:F7:9C:6D:78:E3:B6:4B:32:ED:79:5B:EA:8D:0F:6F:BC:A6:EE:8D:23:C8:BC:00,1,CPXuRuRlc/_a/nocLk9,AEAD_AES_256_GCM,FEFD
T01,1776279369701.025,transport,10263,1053991,TLS_ECDHE_ECDSA_WITH_CHACHA20_POLY1305_SHA256,client,connected,knKy,controlling,connected,CFDF:61:C4:43:B6:30:A5:FB:FC:F4:A9:ED:5E:B9:90:75:6F:9D:AF:13:EE:F4:52:53:37:C7:10:89:0A:25:C5:76,168,1616,CFA0:A7:0E:D4:22:61:B6:7C:31:F7:9C:6D:78:E3:B6:4B:32:ED:79:5B:EA:8D:0F:6F:BC:A6:EE:8D:23:C8:BC:00,1,CPXuRuRlc/_a/nocLk9,AEAD_AES_256_GCM,FEFD
T01,1776279369701.025,transport,10263,1053991,TLS_ECDHE_ECDSA_WITH_CHACHA20_POLY1305_SHA256,client,connected,knKy,controlling,connected,CFDF:61:C4:43:B6:30:A5:FB:FC:F4:A9:ED:5E:B9:90:75:6F:9D:AF:13:EE:F4:52:53:37:C7:10:89:0A:25:C5:76,168,1616,CFA0:A7:0E:D4:22:61:B6:7C:31:F7:9C:6D:78:E3:B6:4B:32:ED:79:5B:EA:8D:0F:6F:BC:A6:EE:8D:23:C8:BC:00,1,CPXuRuRlc/_a/nocLk9,AEAD_AES_256_GCM,FEFD
T01,1776279369901.113,transport,10519,1079307,TLS_ECDHE_ECDSA_WITH_CHACHA20_POLY1305_SHA256,client,connected,knKy,controlling,connected,CFDF:61:C4:43:B6:30:A5:FB:FC:F4:A9:ED:5E:B9:90:75:6F:9D:AF:13:EE:F4:52:53:37:C7:10:89:0A:25:C5:76,171,1642,CFA0:A7:0E:D4:22:61:B6:7C:31:F7:9C:6D:78:E3:B6:4B:32:ED:79:5B:EA:8D:0F:6F:BC:A6:EE:8D:23:C8:BC:00,1,CPXuRuRlc/_a/nocLk9,AEAD_AES_256_GCM,FEFD
T01,1776279369901.113,transport,10519,1079307,TLS_ECDHE_ECDSA_WITH_CHACHA20_POLY1305_SHA256,client,connected,knKy,controlling,connected,CFDF:61:C4:43:B6:30:A5:FB:FC:F4:A9:ED:5E:B9:90:75:6F:9D:AF:13:EE:F4:52:53:37:C7:10:89:0A:25:C5:76,171,1642,CFA0:A7:0E:D4:22:61:B6:7C:31:F7:9C:6D:78:E3:B6:4B:32:ED:79:5B:EA:8D:0F:6F:BC:A6:EE:8D:23:C8:BC:00,1,CPXuRuRlc/_a/nocLk9,AEAD_AES_256_GCM,FEFD
T01,1776279370101.037,transport,10627,1105172,TLS_ECDHE_ECDSA_WITH_CHACHA20_POLY1305_SHA256,client,connected,knKy,controlling,connected,CFDF:61:C4:43:B6:30:A5:FB:FC:F4:A9:ED:5E:B9:90:75:6F:9D:AF:13:EE:F4:52:53:37:C7:10:89:0A:25:C5:76,173,1668,CFA0:A7:0E:D4:22:61:B6:7C:31:F7:9C:6D:78:E3:B6:4B:32:ED:79:5B:EA:8D:0F:6F:BC:A6:EE:8D:23:C8:BC:00,1,CPXuRuRlc/_a/nocLk9,AEAD_AES_256_GCM,FEFD
T01,1776279370101.037,transport,10627,1105172,TLS_ECDHE_ECDSA_WITH_CHACHA20_POLY1305_SHA256,client,connected,knKy,controlling,connected,CFDF:61:C4:43:B6:30:A5:FB:FC:F4:A9:ED:5E:B9:90:75:6F:9D:AF:13:EE:F4:52:53:37:C7:10:89:0A:25:C5:76,173,1668,CFA0:A7:0E:D4:22:61:B6:7C:31:F7:9C:6D:78:E3:B6:4B:32:ED:79:5B:EA:8D:0F:6F:BC:A6:EE:8D:23:C8:BC:00,1,CPXuRuRlc/_a/nocLk9,AEAD_AES_256_GCM,FEFD
T01,1776279370301.075,transport,10747,1124981,TLS_ECDHE_ECDSA_WITH_CHACHA20_POLY1305_SHA256,client,connected,knKy,controlling,connected,CFDF:61:C4:43:B6:30:A5:FB:FC:F4:A9:ED:5E:B9:90:75:6F:9D:AF:13:EE:F4:52:53:37:C7:10:89:0A:25:C5:76,175,1691,CFA0:A7:0E:D4:22:61:B6:7C:31:F7:9C:6D:78:E3:B6:4B:32:ED:79:5B:EA:8D:0F:6F:BC:A6:EE:8D:23:C8:BC:00,1,CPXuRuRlc/_a/nocLk9,AEAD_AES_256_GCM,FEFD
T01,1776279370301.075,transport,10747,1124981,TLS_ECDHE_ECDSA_WITH_CHACHA20_POLY1305_SHA256,client,connected,knKy,controlling,connected,CFDF:61:C4:43:B6:30:A5:FB:FC:F4:A9:ED:5E:B9:90:75:6F:9D:AF:13:EE:F4:52:53:37:C7:10:89:0A:25:C5:76,175,1691,CFA0:A7:0E:D4:22:61:B6:7C:31:F7:9C:6D:78:E3:B6:4B:32:ED:79:5B:EA:8D:0F:6F:BC:A6:EE:8D:23:C8:BC:00,1,CPXuRuRlc/_a/nocLk9,AEAD_AES_256_GCM,FEFD
T01,1776279370501.044,transport,10855,1152385,TLS_ECDHE_ECDSA_WITH_CHACHA20_POLY1305_SHA256,client,connected,knKy,controlling,connected,CFDF:61:C4:43:B6:30:A5:FB:FC:F4:A9:ED:5E:B9:90:75:6F:9D:AF:13:EE:F4:52:53:37:C7:10:89:0A:25:C5:76,177,1719,CFA0:A7:0E:D4:22:61:B6:7C:31:F7:9C:6D:78:E3:B6:4B:32:ED:79:5B:EA:8D:0F:6F:BC:A6:EE:8D:23:C8:BC:00,1,CPXuRuRlc/_a/nocLk9,AEAD_AES_256_GCM,FEFD
T01,1776279370501.044,transport,10855,1152385,TLS_ECDHE_ECDSA_WITH_CHACHA20_POLY1305_SHA256,client,connected,knKy,controlling,connected,CFDF:61:C4:43:B6:30:A5:FB:FC:F4:A9:ED:5E:B9:90:75:6F:9D:AF:13:EE:F4:52:53:37:C7:10:89:0A:25:C5:76,177,1719,CFA0:A7:0E:D4:22:61:B6:7C:31:F7:9C:6D:78:E3:B6:4B:32:ED:79:5B:EA:8D:0F:6F:BC:A6:EE:8D:23:C8:BC:00,1,CPXuRuRlc/_a/nocLk9,AEAD_AES_256_GCM,FEFD
T01,1776279370701.101,transport,10971,1176050,TLS_ECDHE_ECDSA_WITH_CHACHA20_POLY1305_SHA256,client,connected,knKy,controlling,connected,CFDF:61:C4:43:B6:30:A5:FB:FC:F4:A9:ED:5E:B9:90:75:6F:9D:AF:13:EE:F4:52:53:37:C7:10:89:0A:25:C5:76,179,1745,CFA0:A7:0E:D4:22:61:B6:7C:31:F7:9C:6D:78:E3:B6:4B:32:ED:79:5B:EA:8D:0F:6F:BC:A6:EE:8D:23:C8:BC:00,1,CPXuRuRlc/_a/nocLk9,AEAD_AES_256_GCM,FEFD
T01,1776279370701.101,transport,10971,1176050,TLS_ECDHE_ECDSA_WITH_CHACHA20_POLY1305_SHA256,client,connected,knKy,controlling,connected,CFDF:61:C4:43:B6:30:A5:FB:FC:F4:A9:ED:5E:B9:90:75:6F:9D:AF:13:EE:F4:52:53:37:C7:10:89:0A:25:C5:76,179,1745,CFA0:A7:0E:D4:22:61:B6:7C:31:F7:9C:6D:78:E3:B6:4B:32:ED:79:5B:EA:8D:0F:6F:BC:A6:EE:8D:23:C8:BC:00,1,CPXuRuRlc/_a/nocLk9,AEAD_AES_256_GCM,FEFD
T01,1776279370900.998,transport,11231,1200778,TLS_ECDHE_ECDSA_WITH_CHACHA20_POLY1305_SHA256,client,connected,knKy,controlling,connected,CFDF:61:C4:43:B6:30:A5:FB:FC:F4:A9:ED:5E:B9:90:75:6F:9D:AF:13:EE:F4:52:53:37:C7:10:89:0A:25:C5:76,182,1771,CFA0:A7:0E:D4:22:61:B6:7C:31:F7:9C:6D:78:E3:B6:4B:32:ED:79:5B:EA:8D:0F:6F:BC:A6:EE:8D:23:C8:BC:00,1,CPXuRuRlc/_a/nocLk9,AEAD_AES_256_GCM,FEFD
T01,1776279370900.998,transport,11231,1200778,TLS_ECDHE_ECDSA_WITH_CHACHA20_POLY1305_SHA256,client,connected,knKy,controlling,connected,CFDF:61:C4:43:B6:30:A5:FB:FC:F4:A9:ED:5E:B9:90:75:6F:9D:AF:13:EE:F4:52:53:37:C7:10:89:0A:25:C5:76,182,1771,CFA0:A7:0E:D4:22:61:B6:7C:31:F7:9C:6D:78:E3:B6:4B:32:ED:79:5B:EA:8D:0F:6F:BC:A6:EE:8D:23:C8:BC:00,1,CPXuRuRlc/_a/nocLk9,AEAD_AES_256_GCM,FEFD
T01,1776279371100.964,transport,11343,1229572,TLS_ECDHE_ECDSA_WITH_CHACHA20_POLY1305_SHA256,client,connected,knKy,controlling,connected,CFDF:61:C4:43:B6:30:A5:FB:FC:F4:A9:ED:5E:B9:90:75:6F:9D:AF:13:EE:F4:52:53:37:C7:10:89:0A:25:C5:76,184,1801,CFA0:A7:0E:D4:22:61:B6:7C:31:F7:9C:6D:78:E3:B6:4B:32:ED:79:5B:EA:8D:0F:6F:BC:A6:EE:8D:23:C8:BC:00,1,CPXuRuRlc/_a/nocLk9,AEAD_AES_256_GCM,FEFD
T01,1776279371100.964,transport,11343,1229572,TLS_ECDHE_ECDSA_WITH_CHACHA20_POLY1305_SHA256,client,connected,knKy,controlling,connected,CFDF:61:C4:43:B6:30:A5:FB:FC:F4:A9:ED:5E:B9:90:75:6F:9D:AF:13:EE:F4:52:53:37:C7:10:89:0A:25:C5:76,184,1801,CFA0:A7:0E:D4:22:61:B6:7C:31:F7:9C:6D:78:E3:B6:4B:32:ED:79:5B:EA:8D:0F:6F:BC:A6:EE:8D:23:C8:BC:00,1,CPXuRuRlc/_a/nocLk9,AEAD_AES_256_GCM,FEFD
T01,1776279371301.01,transport,11455,1254283,TLS_ECDHE_ECDSA_WITH_CHACHA20_POLY1305_SHA256,client,connected,knKy,controlling,connected,CFDF:61:C4:43:B6:30:A5:FB:FC:F4:A9:ED:5E:B9:90:75:6F:9D:AF:13:EE:F4:52:53:37:C7:10:89:0A:25:C5:76,186,1827,CFA0:A7:0E:D4:22:61:B6:7C:31:F7:9C:6D:78:E3:B6:4B:32:ED:79:5B:EA:8D:0F:6F:BC:A6:EE:8D:23:C8:BC:00,1,CPXuRuRlc/_a/nocLk9,AEAD_AES_256_GCM,FEFD
T01,1776279371301.01,transport,11455,1254283,TLS_ECDHE_ECDSA_WITH_CHACHA20_POLY1305_SHA256,client,connected,knKy,controlling,connected,CFDF:61:C4:43:B6:30:A5:FB:FC:F4:A9:ED:5E:B9:90:75:6F:9D:AF:13:EE:F4:52:53:37:C7:10:89:0A:25:C5:76,186,1827,CFA0:A7:0E:D4:22:61:B6:7C:31:F7:9C:6D:78:E3:B6:4B:32:ED:79:5B:EA:8D:0F:6F:BC:A6:EE:8D:23:C8:BC:00,1,CPXuRuRlc/_a/nocLk9,AEAD_AES_256_GCM,FEFD
T01,1776279371501.028,transport,11571,1281253,TLS_ECDHE_ECDSA_WITH_CHACHA20_POLY1305_SHA256,client,connected,knKy,controlling,connected,CFDF:61:C4:43:B6:30:A5:FB:FC:F4:A9:ED:5E:B9:90:75:6F:9D:AF:13:EE:F4:52:53:37:C7:10:89:0A:25:C5:76,188,1855,CFA0:A7:0E:D4:22:61:B6:7C:31:F7:9C:6D:78:E3:B6:4B:32:ED:79:5B:EA:8D:0F:6F:BC:A6:EE:8D:23:C8:BC:00,1,CPXuRuRlc/_a/nocLk9,AEAD_AES_256_GCM,FEFD
T01,1776279371501.028,transport,11571,1281253,TLS_ECDHE_ECDSA_WITH_CHACHA20_POLY1305_SHA256,client,connected,knKy,controlling,connected,CFDF:61:C4:43:B6:30:A5:FB:FC:F4:A9:ED:5E:B9:90:75:6F:9D:AF:13:EE:F4:52:53:37:C7:10:89:0A:25:C5:76,188,1855,CFA0:A7:0E:D4:22:61:B6:7C:31:F7:9C:6D:78:E3:B6:4B:32:ED:79:5B:EA:8D:0F:6F:BC:A6:EE:8D:23:C8:BC:00,1,CPXuRuRlc/_a/nocLk9,AEAD_AES_256_GCM,FEFD
T01,1776279371701.051,transport,11683,1306471,TLS_ECDHE_ECDSA_WITH_CHACHA20_POLY1305_SHA256,client,connected,knKy,controlling,connected,CFDF:61:C4:43:B6:30:A5:FB:FC:F4:A9:ED:5E:B9:90:75:6F:9D:AF:13:EE:F4:52:53:37:C7:10:89:0A:25:C5:76,190,1882,CFA0:A7:0E:D4:22:61:B6:7C:31:F7:9C:6D:78:E3:B6:4B:32:ED:79:5B:EA:8D:0F:6F:BC:A6:EE:8D:23:C8:BC:00,1,CPXuRuRlc/_a/nocLk9,AEAD_AES_256_GCM,FEFD
T01,1776279371701.051,transport,11683,1306471,TLS_ECDHE_ECDSA_WITH_CHACHA20_POLY1305_SHA256,client,connected,knKy,controlling,connected,CFDF:61:C4:43:B6:30:A5:FB:FC:F4:A9:ED:5E:B9:90:75:6F:9D:AF:13:EE:F4:52:53:37:C7:10:89:0A:25:C5:76,190,1882,CFA0:A7:0E:D4:22:61:B6:7C:31:F7:9C:6D:78:E3:B6:4B:32:ED:79:5B:EA:8D:0F:6F:BC:A6:EE:8D:23:C8:BC:00,1,CPXuRuRlc/_a/nocLk9,AEAD_AES_256_GCM,FEFD
T01,1776279371901.172,transport,11799,1337692,TLS_ECDHE_ECDSA_WITH_CHACHA20_POLY1305_SHA256,client,connected,knKy,controlling,connected,CFDF:61:C4:43:B6:30:A5:FB:FC:F4:A9:ED:5E:B9:90:75:6F:9D:AF:13:EE:F4:52:53:37:C7:10:89:0A:25:C5:76,192,1914,CFA0:A7:0E:D4:22:61:B6:7C:31:F7:9C:6D:78:E3:B6:4B:32:ED:79:5B:EA:8D:0F:6F:BC:A6:EE:8D:23:C8:BC:00,1,CPXuRuRlc/_a/nocLk9,AEAD_AES_256_GCM,FEFD
T01,1776279371901.172,transport,11799,1337692,TLS_ECDHE_ECDSA_WITH_CHACHA20_POLY1305_SHA256,client,connected,knKy,controlling,connected,CFDF:61:C4:43:B6:30:A5:FB:FC:F4:A9:ED:5E:B9:90:75:6F:9D:AF:13:EE:F4:52:53:37:C7:10:89:0A:25:C5:76,192,1914,CFA0:A7:0E:D4:22:61:B6:7C:31:F7:9C:6D:78:E3:B6:4B:32:ED:79:5B:EA:8D:0F:6F:BC:A6:EE:8D:23:C8:BC:00,1,CPXuRuRlc/_a/nocLk9,AEAD_AES_256_GCM,FEFD
T01,1776279372101.208,transport,11919,1363931,TLS_ECDHE_ECDSA_WITH_CHACHA20_POLY1305_SHA256,client,connected,knKy,controlling,connected,CFDF:61:C4:43:B6:30:A5:FB:FC:F4:A9:ED:5E:B9:90:75:6F:9D:AF:13:EE:F4:52:53:37:C7:10:89:0A:25:C5:76,194,1946,CFA0:A7:0E:D4:22:61:B6:7C:31:F7:9C:6D:78:E3:B6:4B:32:ED:79:5B:EA:8D:0F:6F:BC:A6:EE:8D:23:C8:BC:00,1,CPXuRuRlc/_a/nocLk9,AEAD_AES_256_GCM,FEFD
T01,1776279372101.208,transport,11919,1363931,TLS_ECDHE_ECDSA_WITH_CHACHA20_POLY1305_SHA256,client,connected,knKy,controlling,connected,CFDF:61:C4:43:B6:30:A5:FB:FC:F4:A9:ED:5E:B9:90:75:6F:9D:AF:13:EE:F4:52:53:37:C7:10:89:0A:25:C5:76,194,1946,CFA0:A7:0E:D4:22:61:B6:7C:31:F7:9C:6D:78:E3:B6:4B:32:ED:79:5B:EA:8D:0F:6F:BC:A6:EE:8D:23:C8:BC:00,1,CPXuRuRlc/_a/nocLk9,AEAD_AES_256_GCM,FEFD
T01,1776279372301.051,transport,12183,1391844,TLS_ECDHE_ECDSA_WITH_CHACHA20_POLY1305_SHA256,client,connected,knKy,controlling,connected,CFDF:61:C4:43:B6:30:A5:FB:FC:F4:A9:ED:5E:B9:90:75:6F:9D:AF:13:EE:F4:52:53:37:C7:10:89:0A:25:C5:76,197,1974,CFA0:A7:0E:D4:22:61:B6:7C:31:F7:9C:6D:78:E3:B6:4B:32:ED:79:5B:EA:8D:0F:6F:BC:A6:EE:8D:23:C8:BC:00,1,CPXuRuRlc/_a/nocLk9,AEAD_AES_256_GCM,FEFD
T01,1776279372301.051,transport,12183,1391844,TLS_ECDHE_ECDSA_WITH_CHACHA20_POLY1305_SHA256,client,connected,knKy,controlling,connected,CFDF:61:C4:43:B6:30:A5:FB:FC:F4:A9:ED:5E:B9:90:75:6F:9D:AF:13:EE:F4:52:53:37:C7:10:89:0A:25:C5:76,197,1974,CFA0:A7:0E:D4:22:61:B6:7C:31:F7:9C:6D:78:E3:B6:4B:32:ED:79:5B:EA:8D:0F:6F:BC:A6:EE:8D:23:C8:BC:00,1,CPXuRuRlc/_a/nocLk9,AEAD_AES_256_GCM,FEFD
T01,1776279372501.02,transport,12299,1420932,TLS_ECDHE_ECDSA_WITH_CHACHA20_POLY1305_SHA256,client,connected,knKy,controlling,connected,CFDF:61:C4:43:B6:30:A5:FB:FC:F4:A9:ED:5E:B9:90:75:6F:9D:AF:13:EE:F4:52:53:37:C7:10:89:0A:25:C5:76,199,2007,CFA0:A7:0E:D4:22:61:B6:7C:31:F7:9C:6D:78:E3:B6:4B:32:ED:79:5B:EA:8D:0F:6F:BC:A6:EE:8D:23:C8:BC:00,1,CPXuRuRlc/_a/nocLk9,AEAD_AES_256_GCM,FEFD
T01,1776279372501.02,transport,12299,1420932,TLS_ECDHE_ECDSA_WITH_CHACHA20_POLY1305_SHA256,client,connected,knKy,controlling,connected,CFDF:61:C4:43:B6:30:A5:FB:FC:F4:A9:ED:5E:B9:90:75:6F:9D:AF:13:EE:F4:52:53:37:C7:10:89:0A:25:C5:76,199,2007,CFA0:A7:0E:D4:22:61:B6:7C:31:F7:9C:6D:78:E3:B6:4B:32:ED:79:5B:EA:8D:0F:6F:BC:A6:EE:8D:23:C8:BC:00,1,CPXuRuRlc/_a/nocLk9,AEAD_AES_256_GCM,FEFD
T01,1776279372701.056,transport,12419,1449529,TLS_ECDHE_ECDSA_WITH_CHACHA20_POLY1305_SHA256,client,connected,knKy,controlling,connected,CFDF:61:C4:43:B6:30:A5:FB:FC:F4:A9:ED:5E:B9:90:75:6F:9D:AF:13:EE:F4:52:53:37:C7:10:89:0A:25:C5:76,201,2037,CFA0:A7:0E:D4:22:61:B6:7C:31:F7:9C:6D:78:E3:B6:4B:32:ED:79:5B:EA:8D:0F:6F:BC:A6:EE:8D:23:C8:BC:00,1,CPXuRuRlc/_a/nocLk9,AEAD_AES_256_GCM,FEFD
T01,1776279372701.056,transport,12419,1449529,TLS_ECDHE_ECDSA_WITH_CHACHA20_POLY1305_SHA256,client,connected,knKy,controlling,connected,CFDF:61:C4:43:B6:30:A5:FB:FC:F4:A9:ED:5E:B9:90:75:6F:9D:AF:13:EE:F4:52:53:37:C7:10:89:0A:25:C5:76,201,2037,CFA0:A7:0E:D4:22:61:B6:7C:31:F7:9C:6D:78:E3:B6:4B:32:ED:79:5B:EA:8D:0F:6F:BC:A6:EE:8D:23:C8:BC:00,1,CPXuRuRlc/_a/nocLk9,AEAD_AES_256_GCM,FEFD
T01,1776279372901.051,transport,12539,1485488,TLS_ECDHE_ECDSA_WITH_CHACHA20_POLY1305_SHA256,client,connected,knKy,controlling,connected,CFDF:61:C4:43:B6:30:A5:FB:FC:F4:A9:ED:5E:B9:90:75:6F:9D:AF:13:EE:F4:52:53:37:C7:10:89:0A:25:C5:76,203,2071,CFA0:A7:0E:D4:22:61:B6:7C:31:F7:9C:6D:78:E3:B6:4B:32:ED:79:5B:EA:8D:0F:6F:BC:A6:EE:8D:23:C8:BC:00,1,CPXuRuRlc/_a/nocLk9,AEAD_AES_256_GCM,FEFD
T01,1776279372901.051,transport,12539,1485488,TLS_ECDHE_ECDSA_WITH_CHACHA20_POLY1305_SHA256,client,connected,knKy,controlling,connected,CFDF:61:C4:43:B6:30:A5:FB:FC:F4:A9:ED:5E:B9:90:75:6F:9D:AF:13:EE:F4:52:53:37:C7:10:89:0A:25:C5:76,203,2071,CFA0:A7:0E:D4:22:61:B6:7C:31:F7:9C:6D:78:E3:B6:4B:32:ED:79:5B:EA:8D:0F:6F:BC:A6:EE:8D:23:C8:BC:00,1,CPXuRuRlc/_a/nocLk9,AEAD_AES_256_GCM,FEFD
T01,1776279373101.208,transport,12655,1510733,TLS_ECDHE_ECDSA_WITH_CHACHA20_POLY1305_SHA256,client,connected,knKy,controlling,connected,CFDF:61:C4:43:B6:30:A5:FB:FC:F4:A9:ED:5E:B9:90:75:6F:9D:AF:13:EE:F4:52:53:37:C7:10:89:0A:25:C5:76,205,2101,CFA0:A7:0E:D4:22:61:B6:7C:31:F7:9C:6D:78:E3:B6:4B:32:ED:79:5B:EA:8D:0F:6F:BC:A6:EE:8D:23:C8:BC:00,1,CPXuRuRlc/_a/nocLk9,AEAD_AES_256_GCM,FEFD
T01,1776279373101.208,transport,12655,1510733,TLS_ECDHE_ECDSA_WITH_CHACHA20_POLY1305_SHA256,client,connected,knKy,controlling,connected,CFDF:61:C4:43:B6:30:A5:FB:FC:F4:A9:ED:5E:B9:90:75:6F:9D:AF:13:EE:F4:52:53:37:C7:10:89:0A:25:C5:76,205,2101,CFA0:A7:0E:D4:22:61:B6:7C:31:F7:9C:6D:78:E3:B6:4B:32:ED:79:5B:EA:8D:0F:6F:BC:A6:EE:8D:23:C8:BC:00,1,CPXuRuRlc/_a/nocLk9,AEAD_AES_256_GCM,FEFD
T01,1776279373301.039,transport,12775,1547282,TLS_ECDHE_ECDSA_WITH_CHACHA20_POLY1305_SHA256,client,connected,knKy,controlling,connected,CFDF:61:C4:43:B6:30:A5:FB:FC:F4:A9:ED:5E:B9:90:75:6F:9D:AF:13:EE:F4:52:53:37:C7:10:89:0A:25:C5:76,207,2137,CFA0:A7:0E:D4:22:61:B6:7C:31:F7:9C:6D:78:E3:B6:4B:32:ED:79:5B:EA:8D:0F:6F:BC:A6:EE:8D:23:C8:BC:00,1,CPXuRuRlc/_a/nocLk9,AEAD_AES_256_GCM,FEFD
T01,1776279373301.039,transport,12775,1547282,TLS_ECDHE_ECDSA_WITH_CHACHA20_POLY1305_SHA256,client,connected,knKy,controlling,connected,CFDF:61:C4:43:B6:30:A5:FB:FC:F4:A9:ED:5E:B9:90:75:6F:9D:AF:13:EE:F4:52:53:37:C7:10:89:0A:25:C5:76,207,2137,CFA0:A7:0E:D4:22:61:B6:7C:31:F7:9C:6D:78:E3:B6:4B:32:ED:79:5B:EA:8D:0F:6F:BC:A6:EE:8D:23:C8:BC:00,1,CPXuRuRlc/_a/nocLk9,AEAD_AES_256_GCM,FEFD
T01,1776279373501.144,transport,13035,1573285,TLS_ECDHE_ECDSA_WITH_CHACHA20_POLY1305_SHA256,client,connected,knKy,controlling,connected,CFDF:61:C4:43:B6:30:A5:FB:FC:F4:A9:ED:5E:B9:90:75:6F:9D:AF:13:EE:F4:52:53:37:C7:10:89:0A:25:C5:76,210,2166,CFA0:A7:0E:D4:22:61:B6:7C:31:F7:9C:6D:78:E3:B6:4B:32:ED:79:5B:EA:8D:0F:6F:BC:A6:EE:8D:23:C8:BC:00,1,CPXuRuRlc/_a/nocLk9,AEAD_AES_256_GCM,FEFD
T01,1776279373501.144,transport,13035,1573285,TLS_ECDHE_ECDSA_WITH_CHACHA20_POLY1305_SHA256,client,connected,knKy,controlling,connected,CFDF:61:C4:43:B6:30:A5:FB:FC:F4:A9:ED:5E:B9:90:75:6F:9D:AF:13:EE:F4:52:53:37:C7:10:89:0A:25:C5:76,210,2166,CFA0:A7:0E:D4:22:61:B6:7C:31:F7:9C:6D:78:E3:B6:4B:32:ED:79:5B:EA:8D:0F:6F:BC:A6:EE:8D:23:C8:BC:00,1,CPXuRuRlc/_a/nocLk9,AEAD_AES_256_GCM,FEFD
T01,1776279373701.034,transport,13163,1610921,TLS_ECDHE_ECDSA_WITH_CHACHA20_POLY1305_SHA256,client,connected,knKy,controlling,connected,CFDF:61:C4:43:B6:30:A5:FB:FC:F4:A9:ED:5E:B9:90:75:6F:9D:AF:13:EE:F4:52:53:37:C7:10:89:0A:25:C5:76,212,2206,CFA0:A7:0E:D4:22:61:B6:7C:31:F7:9C:6D:78:E3:B6:4B:32:ED:79:5B:EA:8D:0F:6F:BC:A6:EE:8D:23:C8:BC:00,1,CPXuRuRlc/_a/nocLk9,AEAD_AES_256_GCM,FEFD
T01,1776279373701.034,transport,13163,1610921,TLS_ECDHE_ECDSA_WITH_CHACHA20_POLY1305_SHA256,client,connected,knKy,controlling,connected,CFDF:61:C4:43:B6:30:A5:FB:FC:F4:A9:ED:5E:B9:90:75:6F:9D:AF:13:EE:F4:52:53:37:C7:10:89:0A:25:C5:76,212,2206,CFA0:A7:0E:D4:22:61:B6:7C:31:F7:9C:6D:78:E3:B6:4B:32:ED:79:5B:EA:8D:0F:6F:BC:A6:EE:8D:23:C8:BC:00,1,CPXuRuRlc/_a/nocLk9,AEAD_AES_256_GCM,FEFD
T01,1776279373901,transport,13279,1637651,TLS_ECDHE_ECDSA_WITH_CHACHA20_POLY1305_SHA256,client,connected,knKy,controlling,connected,CFDF:61:C4:43:B6:30:A5:FB:FC:F4:A9:ED:5E:B9:90:75:6F:9D:AF:13:EE:F4:52:53:37:C7:10:89:0A:25:C5:76,214,2234,CFA0:A7:0E:D4:22:61:B6:7C:31:F7:9C:6D:78:E3:B6:4B:32:ED:79:5B:EA:8D:0F:6F:BC:A6:EE:8D:23:C8:BC:00,1,CPXuRuRlc/_a/nocLk9,AEAD_AES_256_GCM,FEFD
T01,1776279373901,transport,13279,1637651,TLS_ECDHE_ECDSA_WITH_CHACHA20_POLY1305_SHA256,client,connected,knKy,controlling,connected,CFDF:61:C4:43:B6:30:A5:FB:FC:F4:A9:ED:5E:B9:90:75:6F:9D:AF:13:EE:F4:52:53:37:C7:10:89:0A:25:C5:76,214,2234,CFA0:A7:0E:D4:22:61:B6:7C:31:F7:9C:6D:78:E3:B6:4B:32:ED:79:5B:EA:8D:0F:6F:BC:A6:EE:8D:23:C8:BC:00,1,CPXuRuRlc/_a/nocLk9,AEAD_AES_256_GCM,FEFD
T01,1776279374101.071,transport,13403,1673653,TLS_ECDHE_ECDSA_WITH_CHACHA20_POLY1305_SHA256,client,connected,knKy,controlling,connected,CFDF:61:C4:43:B6:30:A5:FB:FC:F4:A9:ED:5E:B9:90:75:6F:9D:AF:13:EE:F4:52:53:37:C7:10:89:0A:25:C5:76,216,2273,CFA0:A7:0E:D4:22:61:B6:7C:31:F7:9C:6D:78:E3:B6:4B:32:ED:79:5B:EA:8D:0F:6F:BC:A6:EE:8D:23:C8:BC:00,1,CPXuRuRlc/_a/nocLk9,AEAD_AES_256_GCM,FEFD
T01,1776279374101.071,transport,13403,1673653,TLS_ECDHE_ECDSA_WITH_CHACHA20_POLY1305_SHA256,client,connected,knKy,controlling,connected,CFDF:61:C4:43:B6:30:A5:FB:FC:F4:A9:ED:5E:B9:90:75:6F:9D:AF:13:EE:F4:52:53:37:C7:10:89:0A:25:C5:76,216,2273,CFA0:A7:0E:D4:22:61:B6:7C:31:F7:9C:6D:78:E3:B6:4B:32:ED:79:5B:EA:8D:0F:6F:BC:A6:EE:8D:23:C8:BC:00,1,CPXuRuRlc/_a/nocLk9,AEAD_AES_256_GCM,FEFD
T01,1776279374301.053,transport,13527,1701224,TLS_ECDHE_ECDSA_WITH_CHACHA20_POLY1305_SHA256,client,connected,knKy,controlling,connected,CFDF:61:C4:43:B6:30:A5:FB:FC:F4:A9:ED:5E:B9:90:75:6F:9D:AF:13:EE:F4:52:53:37:C7:10:89:0A:25:C5:76,218,2304,CFA0:A7:0E:D4:22:61:B6:7C:31:F7:9C:6D:78:E3:B6:4B:32:ED:79:5B:EA:8D:0F:6F:BC:A6:EE:8D:23:C8:BC:00,1,CPXuRuRlc/_a/nocLk9,AEAD_AES_256_GCM,FEFD
T01,1776279374301.053,transport,13527,1701224,TLS_ECDHE_ECDSA_WITH_CHACHA20_POLY1305_SHA256,client,connected,knKy,controlling,connected,CFDF:61:C4:43:B6:30:A5:FB:FC:F4:A9:ED:5E:B9:90:75:6F:9D:AF:13:EE:F4:52:53:37:C7:10:89:0A:25:C5:76,218,2304,CFA0:A7:0E:D4:22:61:B6:7C:31:F7:9C:6D:78:E3:B6:4B:32:ED:79:5B:EA:8D:0F:6F:BC:A6:EE:8D:23:C8:BC:00,1,CPXuRuRlc/_a/nocLk9,AEAD_AES_256_GCM,FEFD
T01,1776279374500.984,transport,13643,1740984,TLS_ECDHE_ECDSA_WITH_CHACHA20_POLY1305_SHA256,client,connected,knKy,controlling,connected,CFDF:61:C4:43:B6:30:A5:FB:FC:F4:A9:ED:5E:B9:90:75:6F:9D:AF:13:EE:F4:52:53:37:C7:10:89:0A:25:C5:76,220,2343,CFA0:A7:0E:D4:22:61:B6:7C:31:F7:9C:6D:78:E3:B6:4B:32:ED:79:5B:EA:8D:0F:6F:BC:A6:EE:8D:23:C8:BC:00,1,CPXuRuRlc/_a/nocLk9,AEAD_AES_256_GCM,FEFD
T01,1776279374500.984,transport,13643,1740984,TLS_ECDHE_ECDSA_WITH_CHACHA20_POLY1305_SHA256,client,connected,knKy,controlling,connected,CFDF:61:C4:43:B6:30:A5:FB:FC:F4:A9:ED:5E:B9:90:75:6F:9D:AF:13:EE:F4:52:53:37:C7:10:89:0A:25:C5:76,220,2343,CFA0:A7:0E:D4:22:61:B6:7C:31:F7:9C:6D:78:E3:B6:4B:32:ED:79:5B:EA:8D:0F:6F:BC:A6:EE:8D:23:C8:BC:00,1,CPXuRuRlc/_a/nocLk9,AEAD_AES_256_GCM,FEFD
T01,1776279374701.112,transport,13763,1768096,TLS_ECDHE_ECDSA_WITH_CHACHA20_POLY1305_SHA256,client,connected,knKy,controlling,connected,CFDF:61:C4:43:B6:30:A5:FB:FC:F4:A9:ED:5E:B9:90:75:6F:9D:AF:13:EE:F4:52:53:37:C7:10:89:0A:25:C5:76,222,2372,CFA0:A7:0E:D4:22:61:B6:7C:31:F7:9C:6D:78:E3:B6:4B:32:ED:79:5B:EA:8D:0F:6F:BC:A6:EE:8D:23:C8:BC:00,1,CPXuRuRlc/_a/nocLk9,AEAD_AES_256_GCM,FEFD
T01,1776279374701.112,transport,13763,1768096,TLS_ECDHE_ECDSA_WITH_CHACHA20_POLY1305_SHA256,client,connected,knKy,controlling,connected,CFDF:61:C4:43:B6:30:A5:FB:FC:F4:A9:ED:5E:B9:90:75:6F:9D:AF:13:EE:F4:52:53:37:C7:10:89:0A:25:C5:76,222,2372,CFA0:A7:0E:D4:22:61:B6:7C:31:F7:9C:6D:78:E3:B6:4B:32:ED:79:5B:EA:8D:0F:6F:BC:A6:EE:8D:23:C8:BC:00,1,CPXuRuRlc/_a/nocLk9,AEAD_AES_256_GCM,FEFD
T01,1776279374900.967,transport,14031,1806182,TLS_ECDHE_ECDSA_WITH_CHACHA20_POLY1305_SHA256,client,connected,knKy,controlling,connected,CFDF:61:C4:43:B6:30:A5:FB:FC:F4:A9:ED:5E:B9:90:75:6F:9D:AF:13:EE:F4:52:53:37:C7:10:89:0A:25:C5:76,225,2410,CFA0:A7:0E:D4:22:61:B6:7C:31:F7:9C:6D:78:E3:B6:4B:32:ED:79:5B:EA:8D:0F:6F:BC:A6:EE:8D:23:C8:BC:00,1,CPXuRuRlc/_a/nocLk9,AEAD_AES_256_GCM,FEFD
T01,1776279374900.967,transport,14031,1806182,TLS_ECDHE_ECDSA_WITH_CHACHA20_POLY1305_SHA256,client,connected,knKy,controlling,connected,CFDF:61:C4:43:B6:30:A5:FB:FC:F4:A9:ED:5E:B9:90:75:6F:9D:AF:13:EE:F4:52:53:37:C7:10:89:0A:25:C5:76,225,2410,CFA0:A7:0E:D4:22:61:B6:7C:31:F7:9C:6D:78:E3:B6:4B:32:ED:79:5B:EA:8D:0F:6F:BC:A6:EE:8D:23:C8:BC:00,1,CPXuRuRlc/_a/nocLk9,AEAD_AES_256_GCM,FEFD
T01,1776279375101.09,transport,14163,1839992,TLS_ECDHE_ECDSA_WITH_CHACHA20_POLY1305_SHA256,client,connected,knKy,controlling,connected,CFDF:61:C4:43:B6:30:A5:FB:FC:F4:A9:ED:5E:B9:90:75:6F:9D:AF:13:EE:F4:52:53:37:C7:10:89:0A:25:C5:76,227,2447,CFA0:A7:0E:D4:22:61:B6:7C:31:F7:9C:6D:78:E3:B6:4B:32:ED:79:5B:EA:8D:0F:6F:BC:A6:EE:8D:23:C8:BC:00,1,CPXuRuRlc/_a/nocLk9,AEAD_AES_256_GCM,FEFD
T01,1776279375101.09,transport,14163,1839992,TLS_ECDHE_ECDSA_WITH_CHACHA20_POLY1305_SHA256,client,connected,knKy,controlling,connected,CFDF:61:C4:43:B6:30:A5:FB:FC:F4:A9:ED:5E:B9:90:75:6F:9D:AF:13:EE:F4:52:53:37:C7:10:89:0A:25:C5:76,227,2447,CFA0:A7:0E:D4:22:61:B6:7C:31:F7:9C:6D:78:E3:B6:4B:32:ED:79:5B:EA:8D:0F:6F:BC:A6:EE:8D:23:C8:BC:00,1,CPXuRuRlc/_a/nocLk9,AEAD_AES_256_GCM,FEFD
T01,1776279375300.971,transport,14279,1878376,TLS_ECDHE_ECDSA_WITH_CHACHA20_POLY1305_SHA256,client,connected,knKy,controlling,connected,CFDF:61:C4:43:B6:30:A5:FB:FC:F4:A9:ED:5E:B9:90:75:6F:9D:AF:13:EE:F4:52:53:37:C7:10:89:0A:25:C5:76,229,2484,CFA0:A7:0E:D4:22:61:B6:7C:31:F7:9C:6D:78:E3:B6:4B:32:ED:79:5B:EA:8D:0F:6F:BC:A6:EE:8D:23:C8:BC:00,1,CPXuRuRlc/_a/nocLk9,AEAD_AES_256_GCM,FEFD
T01,1776279375300.971,transport,14279,1878376,TLS_ECDHE_ECDSA_WITH_CHACHA20_POLY1305_SHA256,client,connected,knKy,controlling,connected,CFDF:61:C4:43:B6:30:A5:FB:FC:F4:A9:ED:5E:B9:90:75:6F:9D:AF:13:EE:F4:52:53:37:C7:10:89:0A:25:C5:76,229,2484,CFA0:A7:0E:D4:22:61:B6:7C:31:F7:9C:6D:78:E3:B6:4B:32:ED:79:5B:EA:8D:0F:6F:BC:A6:EE:8D:23:C8:BC:00,1,CPXuRuRlc/_a/nocLk9,AEAD_AES_256_GCM,FEFD
T01,1776279375500.976,transport,14403,1912725,TLS_ECDHE_ECDSA_WITH_CHACHA20_POLY1305_SHA256,client,connected,knKy,controlling,connected,CFDF:61:C4:43:B6:30:A5:FB:FC:F4:A9:ED:5E:B9:90:75:6F:9D:AF:13:EE:F4:52:53:37:C7:10:89:0A:25:C5:76,231,2520,CFA0:A7:0E:D4:22:61:B6:7C:31:F7:9C:6D:78:E3:B6:4B:32:ED:79:5B:EA:8D:0F:6F:BC:A6:EE:8D:23:C8:BC:00,1,CPXuRuRlc/_a/nocLk9,AEAD_AES_256_GCM,FEFD
T01,1776279375500.976,transport,14403,1912725,TLS_ECDHE_ECDSA_WITH_CHACHA20_POLY1305_SHA256,client,connected,knKy,controlling,connected,CFDF:61:C4:43:B6:30:A5:FB:FC:F4:A9:ED:5E:B9:90:75:6F:9D:AF:13:EE:F4:52:53:37:C7:10:89:0A:25:C5:76,231,2520,CFA0:A7:0E:D4:22:61:B6:7C:31:F7:9C:6D:78:E3:B6:4B:32:ED:79:5B:EA:8D:0F:6F:BC:A6:EE:8D:23:C8:BC:00,1,CPXuRuRlc/_a/nocLk9,AEAD_AES_256_GCM,FEFD
T01,1776279375701.156,transport,14527,1951364,TLS_ECDHE_ECDSA_WITH_CHACHA20_POLY1305_SHA256,client,connected,knKy,controlling,connected,CFDF:61:C4:43:B6:30:A5:FB:FC:F4:A9:ED:5E:B9:90:75:6F:9D:AF:13:EE:F4:52:53:37:C7:10:89:0A:25:C5:76,233,2559,CFA0:A7:0E:D4:22:61:B6:7C:31:F7:9C:6D:78:E3:B6:4B:32:ED:79:5B:EA:8D:0F:6F:BC:A6:EE:8D:23:C8:BC:00,1,CPXuRuRlc/_a/nocLk9,AEAD_AES_256_GCM,FEFD
T01,1776279375701.156,transport,14527,1951364,TLS_ECDHE_ECDSA_WITH_CHACHA20_POLY1305_SHA256,client,connected,knKy,controlling,connected,CFDF:61:C4:43:B6:30:A5:FB:FC:F4:A9:ED:5E:B9:90:75:6F:9D:AF:13:EE:F4:52:53:37:C7:10:89:0A:25:C5:76,233,2559,CFA0:A7:0E:D4:22:61:B6:7C:31:F7:9C:6D:78:E3:B6:4B:32:ED:79:5B:EA:8D:0F:6F:BC:A6:EE:8D:23:C8:BC:00,1,CPXuRuRlc/_a/nocLk9,AEAD_AES_256_GCM,FEFD
T01,1776279375901.086,transport,14651,1985750,TLS_ECDHE_ECDSA_WITH_CHACHA20_POLY1305_SHA256,client,connected,knKy,controlling,connected,CFDF:61:C4:43:B6:30:A5:FB:FC:F4:A9:ED:5E:B9:90:75:6F:9D:AF:13:EE:F4:52:53:37:C7:10:89:0A:25:C5:76,235,2594,CFA0:A7:0E:D4:22:61:B6:7C:31:F7:9C:6D:78:E3:B6:4B:32:ED:79:5B:EA:8D:0F:6F:BC:A6:EE:8D:23:C8:BC:00,1,CPXuRuRlc/_a/nocLk9,AEAD_AES_256_GCM,FEFD
T01,1776279375901.086,transport,14651,1985750,TLS_ECDHE_ECDSA_WITH_CHACHA20_POLY1305_SHA256,client,connected,knKy,controlling,connected,CFDF:61:C4:43:B6:30:A5:FB:FC:F4:A9:ED:5E:B9:90:75:6F:9D:AF:13:EE:F4:52:53:37:C7:10:89:0A:25:C5:76,235,2594,CFA0:A7:0E:D4:22:61:B6:7C:31:F7:9C:6D:78:E3:B6:4B:32:ED:79:5B:EA:8D:0F:6F:BC:A6:EE:8D:23:C8:BC:00,1,CPXuRuRlc/_a/nocLk9,AEAD_AES_256_GCM,FEFD
T01,1776279376101.064,transport,14919,2024921,TLS_ECDHE_ECDSA_WITH_CHACHA20_POLY1305_SHA256,client,connected,knKy,controlling,connected,CFDF:61:C4:43:B6:30:A5:FB:FC:F4:A9:ED:5E:B9:90:75:6F:9D:AF:13:EE:F4:52:53:37:C7:10:89:0A:25:C5:76,238,2634,CFA0:A7:0E:D4:22:61:B6:7C:31:F7:9C:6D:78:E3:B6:4B:32:ED:79:5B:EA:8D:0F:6F:BC:A6:EE:8D:23:C8:BC:00,1,CPXuRuRlc/_a/nocLk9,AEAD_AES_256_GCM,FEFD
T01,1776279376101.064,transport,14919,2024921,TLS_ECDHE_ECDSA_WITH_CHACHA20_POLY1305_SHA256,client,connected,knKy,controlling,connected,CFDF:61:C4:43:B6:30:A5:FB:FC:F4:A9:ED:5E:B9:90:75:6F:9D:AF:13:EE:F4:52:53:37:C7:10:89:0A:25:C5:76,238,2634,CFA0:A7:0E:D4:22:61:B6:7C:31:F7:9C:6D:78:E3:B6:4B:32:ED:79:5B:EA:8D:0F:6F:BC:A6:EE:8D:23:C8:BC:00,1,CPXuRuRlc/_a/nocLk9,AEAD_AES_256_GCM,FEFD
T01,1776279376300.987,transport,15043,2063659,TLS_ECDHE_ECDSA_WITH_CHACHA20_POLY1305_SHA256,client,connected,knKy,controlling,connected,CFDF:61:C4:43:B6:30:A5:FB:FC:F4:A9:ED:5E:B9:90:75:6F:9D:AF:13:EE:F4:52:53:37:C7:10:89:0A:25:C5:76,240,2674,CFA0:A7:0E:D4:22:61:B6:7C:31:F7:9C:6D:78:E3:B6:4B:32:ED:79:5B:EA:8D:0F:6F:BC:A6:EE:8D:23:C8:BC:00,1,CPXuRuRlc/_a/nocLk9,AEAD_AES_256_GCM,FEFD
T01,1776279376300.987,transport,15043,2063659,TLS_ECDHE_ECDSA_WITH_CHACHA20_POLY1305_SHA256,client,connected,knKy,controlling,connected,CFDF:61:C4:43:B6:30:A5:FB:FC:F4:A9:ED:5E:B9:90:75:6F:9D:AF:13:EE:F4:52:53:37:C7:10:89:0A:25:C5:76,240,2674,CFA0:A7:0E:D4:22:61:B6:7C:31:F7:9C:6D:78:E3:B6:4B:32:ED:79:5B:EA:8D:0F:6F:BC:A6:EE:8D:23:C8:BC:00,1,CPXuRuRlc/_a/nocLk9,AEAD_AES_256_GCM,FEFD
T01,1776279376501.023,transport,15171,2105490,TLS_ECDHE_ECDSA_WITH_CHACHA20_POLY1305_SHA256,client,connected,knKy,controlling,connected,CFDF:61:C4:43:B6:30:A5:FB:FC:F4:A9:ED:5E:B9:90:75:6F:9D:AF:13:EE:F4:52:53:37:C7:10:89:0A:25:C5:76,242,2713,CFA0:A7:0E:D4:22:61:B6:7C:31:F7:9C:6D:78:E3:B6:4B:32:ED:79:5B:EA:8D:0F:6F:BC:A6:EE:8D:23:C8:BC:00,1,CPXuRuRlc/_a/nocLk9,AEAD_AES_256_GCM,FEFD
T01,1776279376501.023,transport,15171,2105490,TLS_ECDHE_ECDSA_WITH_CHACHA20_POLY1305_SHA256,client,connected,knKy,controlling,connected,CFDF:61:C4:43:B6:30:A5:FB:FC:F4:A9:ED:5E:B9:90:75:6F:9D:AF:13:EE:F4:52:53:37:C7:10:89:0A:25:C5:76,242,2713,CFA0:A7:0E:D4:22:61:B6:7C:31:F7:9C:6D:78:E3:B6:4B:32:ED:79:5B:EA:8D:0F:6F:BC:A6:EE:8D:23:C8:BC:00,1,CPXuRuRlc/_a/nocLk9,AEAD_AES_256_GCM,FEFD
T01,1776279376700.985,transport,15295,2142976,TLS_ECDHE_ECDSA_WITH_CHACHA20_POLY1305_SHA256,client,connected,knKy,controlling,connected,CFDF:61:C4:43:B6:30:A5:FB:FC:F4:A9:ED:5E:B9:90:75:6F:9D:AF:13:EE:F4:52:53:37:C7:10:89:0A:25:C5:76,244,2752,CFA0:A7:0E:D4:22:61:B6:7C:31:F7:9C:6D:78:E3:B6:4B:32:ED:79:5B:EA:8D:0F:6F:BC:A6:EE:8D:23:C8:BC:00,1,CPXuRuRlc/_a/nocLk9,AEAD_AES_256_GCM,FEFD
T01,1776279376700.985,transport,15295,2142976,TLS_ECDHE_ECDSA_WITH_CHACHA20_POLY1305_SHA256,client,connected,knKy,controlling,connected,CFDF:61:C4:43:B6:30:A5:FB:FC:F4:A9:ED:5E:B9:90:75:6F:9D:AF:13:EE:F4:52:53:37:C7:10:89:0A:25:C5:76,244,2752,CFA0:A7:0E:D4:22:61:B6:7C:31:F7:9C:6D:78:E3:B6:4B:32:ED:79:5B:EA:8D:0F:6F:BC:A6:EE:8D:23:C8:BC:00,1,CPXuRuRlc/_a/nocLk9,AEAD_AES_256_GCM,FEFD
T01,1776279376901.174,transport,15431,2183807,TLS_ECDHE_ECDSA_WITH_CHACHA20_POLY1305_SHA256,client,connected,knKy,controlling,connected,CFDF:61:C4:43:B6:30:A5:FB:FC:F4:A9:ED:5E:B9:90:75:6F:9D:AF:13:EE:F4:52:53:37:C7:10:89:0A:25:C5:76,246,2797,CFA0:A7:0E:D4:22:61:B6:7C:31:F7:9C:6D:78:E3:B6:4B:32:ED:79:5B:EA:8D:0F:6F:BC:A6:EE:8D:23:C8:BC:00,1,CPXuRuRlc/_a/nocLk9,AEAD_AES_256_GCM,FEFD
T01,1776279376901.174,transport,15431,2183807,TLS_ECDHE_ECDSA_WITH_CHACHA20_POLY1305_SHA256,client,connected,knKy,controlling,connected,CFDF:61:C4:43:B6:30:A5:FB:FC:F4:A9:ED:5E:B9:90:75:6F:9D:AF:13:EE:F4:52:53:37:C7:10:89:0A:25:C5:76,246,2797,CFA0:A7:0E:D4:22:61:B6:7C:31:F7:9C:6D:78:E3:B6:4B:32:ED:79:5B:EA:8D:0F:6F:BC:A6:EE:8D:23:C8:BC:00,1,CPXuRuRlc/_a/nocLk9,AEAD_AES_256_GCM,FEFD
T01,1776279377100.977,transport,15559,2223978,TLS_ECDHE_ECDSA_WITH_CHACHA20_POLY1305_SHA256,client,connected,knKy,controlling,connected,CFDF:61:C4:43:B6:30:A5:FB:FC:F4:A9:ED:5E:B9:90:75:6F:9D:AF:13:EE:F4:52:53:37:C7:10:89:0A:25:C5:76,248,2836,CFA0:A7:0E:D4:22:61:B6:7C:31:F7:9C:6D:78:E3:B6:4B:32:ED:79:5B:EA:8D:0F:6F:BC:A6:EE:8D:23:C8:BC:00,1,CPXuRuRlc/_a/nocLk9,AEAD_AES_256_GCM,FEFD
T01,1776279377100.977,transport,15559,2223978,TLS_ECDHE_ECDSA_WITH_CHACHA20_POLY1305_SHA256,client,connected,knKy,controlling,connected,CFDF:61:C4:43:B6:30:A5:FB:FC:F4:A9:ED:5E:B9:90:75:6F:9D:AF:13:EE:F4:52:53:37:C7:10:89:0A:25:C5:76,248,2836,CFA0:A7:0E:D4:22:61:B6:7C:31:F7:9C:6D:78:E3:B6:4B:32:ED:79:5B:EA:8D:0F:6F:BC:A6:EE:8D:23:C8:BC:00,1,CPXuRuRlc/_a/nocLk9,AEAD_AES_256_GCM,FEFD
T01,1776279377301.011,transport,15835,2269364,TLS_ECDHE_ECDSA_WITH_CHACHA20_POLY1305_SHA256,client,connected,knKy,controlling,connected,CFDF:61:C4:43:B6:30:A5:FB:FC:F4:A9:ED:5E:B9:90:75:6F:9D:AF:13:EE:F4:52:53:37:C7:10:89:0A:25:C5:76,251,2885,CFA0:A7:0E:D4:22:61:B6:7C:31:F7:9C:6D:78:E3:B6:4B:32:ED:79:5B:EA:8D:0F:6F:BC:A6:EE:8D:23:C8:BC:00,1,CPXuRuRlc/_a/nocLk9,AEAD_AES_256_GCM,FEFD
T01,1776279377301.011,transport,15835,2269364,TLS_ECDHE_ECDSA_WITH_CHACHA20_POLY1305_SHA256,client,connected,knKy,controlling,connected,CFDF:61:C4:43:B6:30:A5:FB:FC:F4:A9:ED:5E:B9:90:75:6F:9D:AF:13:EE:F4:52:53:37:C7:10:89:0A:25:C5:76,251,2885,CFA0:A7:0E:D4:22:61:B6:7C:31:F7:9C:6D:78:E3:B6:4B:32:ED:79:5B:EA:8D:0F:6F:BC:A6:EE:8D:23:C8:BC:00,1,CPXuRuRlc/_a/nocLk9,AEAD_AES_256_GCM,FEFD
T01,1776279377501.003,transport,15967,2308408,TLS_ECDHE_ECDSA_WITH_CHACHA20_POLY1305_SHA256,client,connected,knKy,controlling,connected,CFDF:61:C4:43:B6:30:A5:FB:FC:F4:A9:ED:5E:B9:90:75:6F:9D:AF:13:EE:F4:52:53:37:C7:10:89:0A:25:C5:76,253,2928,CFA0:A7:0E:D4:22:61:B6:7C:31:F7:9C:6D:78:E3:B6:4B:32:ED:79:5B:EA:8D:0F:6F:BC:A6:EE:8D:23:C8:BC:00,1,CPXuRuRlc/_a/nocLk9,AEAD_AES_256_GCM,FEFD
T01,1776279377501.003,transport,15967,2308408,TLS_ECDHE_ECDSA_WITH_CHACHA20_POLY1305_SHA256,client,connected,knKy,controlling,connected,CFDF:61:C4:43:B6:30:A5:FB:FC:F4:A9:ED:5E:B9:90:75:6F:9D:AF:13:EE:F4:52:53:37:C7:10:89:0A:25:C5:76,253,2928,CFA0:A7:0E:D4:22:61:B6:7C:31:F7:9C:6D:78:E3:B6:4B:32:ED:79:5B:EA:8D:0F:6F:BC:A6:EE:8D:23:C8:BC:00,1,CPXuRuRlc/_a/nocLk9,AEAD_AES_256_GCM,FEFD
T01,1776279377701.184,transport,16099,2351455,TLS_ECDHE_ECDSA_WITH_CHACHA20_POLY1305_SHA256,client,connected,knKy,controlling,connected,CFDF:61:C4:43:B6:30:A5:FB:FC:F4:A9:ED:5E:B9:90:75:6F:9D:AF:13:EE:F4:52:53:37:C7:10:89:0A:25:C5:76,255,2972,CFA0:A7:0E:D4:22:61:B6:7C:31:F7:9C:6D:78:E3:B6:4B:32:ED:79:5B:EA:8D:0F:6F:BC:A6:EE:8D:23:C8:BC:00,1,CPXuRuRlc/_a/nocLk9,AEAD_AES_256_GCM,FEFD
T01,1776279377701.184,transport,16099,2351455,TLS_ECDHE_ECDSA_WITH_CHACHA20_POLY1305_SHA256,client,connected,knKy,controlling,connected,CFDF:61:C4:43:B6:30:A5:FB:FC:F4:A9:ED:5E:B9:90:75:6F:9D:AF:13:EE:F4:52:53:37:C7:10:89:0A:25:C5:76,255,2972,CFA0:A7:0E:D4:22:61:B6:7C:31:F7:9C:6D:78:E3:B6:4B:32:ED:79:5B:EA:8D:0F:6F:BC:A6:EE:8D:23:C8:BC:00,1,CPXuRuRlc/_a/nocLk9,AEAD_AES_256_GCM,FEFD
T01,1776279377901.162,transport,16227,2396501,TLS_ECDHE_ECDSA_WITH_CHACHA20_POLY1305_SHA256,client,connected,knKy,controlling,connected,CFDF:61:C4:43:B6:30:A5:FB:FC:F4:A9:ED:5E:B9:90:75:6F:9D:AF:13:EE:F4:52:53:37:C7:10:89:0A:25:C5:76,257,3016,CFA0:A7:0E:D4:22:61:B6:7C:31:F7:9C:6D:78:E3:B6:4B:32:ED:79:5B:EA:8D:0F:6F:BC:A6:EE:8D:23:C8:BC:00,1,CPXuRuRlc/_a/nocLk9,AEAD_AES_256_GCM,FEFD
T01,1776279377901.162,transport,16227,2396501,TLS_ECDHE_ECDSA_WITH_CHACHA20_POLY1305_SHA256,client,connected,knKy,controlling,connected,CFDF:61:C4:43:B6:30:A5:FB:FC:F4:A9:ED:5E:B9:90:75:6F:9D:AF:13:EE:F4:52:53:37:C7:10:89:0A:25:C5:76,257,3016,CFA0:A7:0E:D4:22:61:B6:7C:31:F7:9C:6D:78:E3:B6:4B:32:ED:79:5B:EA:8D:0F:6F:BC:A6:EE:8D:23:C8:BC:00,1,CPXuRuRlc/_a/nocLk9,AEAD_AES_256_GCM,FEFD
T01,1776279378101.005,transport,16351,2440993,TLS_ECDHE_ECDSA_WITH_CHACHA20_POLY1305_SHA256,client,connected,knKy,controlling,connected,CFDF:61:C4:43:B6:30:A5:FB:FC:F4:A9:ED:5E:B9:90:75:6F:9D:AF:13:EE:F4:52:53:37:C7:10:89:0A:25:C5:76,259,3060,CFA0:A7:0E:D4:22:61:B6:7C:31:F7:9C:6D:78:E3:B6:4B:32:ED:79:5B:EA:8D:0F:6F:BC:A6:EE:8D:23:C8:BC:00,1,CPXuRuRlc/_a/nocLk9,AEAD_AES_256_GCM,FEFD
T01,1776279378101.005,transport,16351,2440993,TLS_ECDHE_ECDSA_WITH_CHACHA20_POLY1305_SHA256,client,connected,knKy,controlling,connected,CFDF:61:C4:43:B6:30:A5:FB:FC:F4:A9:ED:5E:B9:90:75:6F:9D:AF:13:EE:F4:52:53:37:C7:10:89:0A:25:C5:76,259,3060,CFA0:A7:0E:D4:22:61:B6:7C:31:F7:9C:6D:78:E3:B6:4B:32:ED:79:5B:EA:8D:0F:6F:BC:A6:EE:8D:23:C8:BC:00,1,CPXuRuRlc/_a/nocLk9,AEAD_AES_256_GCM,FEFD
T01,1776279378301.023,transport,16479,2485664,TLS_ECDHE_ECDSA_WITH_CHACHA20_POLY1305_SHA256,client,connected,knKy,controlling,connected,CFDF:61:C4:43:B6:30:A5:FB:FC:F4:A9:ED:5E:B9:90:75:6F:9D:AF:13:EE:F4:52:53:37:C7:10:89:0A:25:C5:76,261,3102,CFA0:A7:0E:D4:22:61:B6:7C:31:F7:9C:6D:78:E3:B6:4B:32:ED:79:5B:EA:8D:0F:6F:BC:A6:EE:8D:23:C8:BC:00,1,CPXuRuRlc/_a/nocLk9,AEAD_AES_256_GCM,FEFD
T01,1776279378301.023,transport,16479,2485664,TLS_ECDHE_ECDSA_WITH_CHACHA20_POLY1305_SHA256,client,connected,knKy,controlling,connected,CFDF:61:C4:43:B6:30:A5:FB:FC:F4:A9:ED:5E:B9:90:75:6F:9D:AF:13:EE:F4:52:53:37:C7:10:89:0A:25:C5:76,261,3102,CFA0:A7:0E:D4:22:61:B6:7C:31:F7:9C:6D:78:E3:B6:4B:32:ED:79:5B:EA:8D:0F:6F:BC:A6:EE:8D:23:C8:BC:00,1,CPXuRuRlc/_a/nocLk9,AEAD_AES_256_GCM,FEFD
T01,1776279378501.043,transport,16759,2533241,TLS_ECDHE_ECDSA_WITH_CHACHA20_POLY1305_SHA256,client,connected,knKy,controlling,connected,CFDF:61:C4:43:B6:30:A5:FB:FC:F4:A9:ED:5E:B9:90:75:6F:9D:AF:13:EE:F4:52:53:37:C7:10:89:0A:25:C5:76,264,3151,CFA0:A7:0E:D4:22:61:B6:7C:31:F7:9C:6D:78:E3:B6:4B:32:ED:79:5B:EA:8D:0F:6F:BC:A6:EE:8D:23:C8:BC:00,1,CPXuRuRlc/_a/nocLk9,AEAD_AES_256_GCM,FEFD
T01,1776279378501.043,transport,16759,2533241,TLS_ECDHE_ECDSA_WITH_CHACHA20_POLY1305_SHA256,client,connected,knKy,controlling,connected,CFDF:61:C4:43:B6:30:A5:FB:FC:F4:A9:ED:5E:B9:90:75:6F:9D:AF:13:EE:F4:52:53:37:C7:10:89:0A:25:C5:76,264,3151,CFA0:A7:0E:D4:22:61:B6:7C:31:F7:9C:6D:78:E3:B6:4B:32:ED:79:5B:EA:8D:0F:6F:BC:A6:EE:8D:23:C8:BC:00,1,CPXuRuRlc/_a/nocLk9,AEAD_AES_256_GCM,FEFD
T01,1776279378701.012,transport,16891,2581730,TLS_ECDHE_ECDSA_WITH_CHACHA20_POLY1305_SHA256,client,connected,knKy,controlling,connected,CFDF:61:C4:43:B6:30:A5:FB:FC:F4:A9:ED:5E:B9:90:75:6F:9D:AF:13:EE:F4:52:53:37:C7:10:89:0A:25:C5:76,266,3200,CFA0:A7:0E:D4:22:61:B6:7C:31:F7:9C:6D:78:E3:B6:4B:32:ED:79:5B:EA:8D:0F:6F:BC:A6:EE:8D:23:C8:BC:00,1,CPXuRuRlc/_a/nocLk9,AEAD_AES_256_GCM,FEFD
T01,1776279378701.012,transport,16891,2581730,TLS_ECDHE_ECDSA_WITH_CHACHA20_POLY1305_SHA256,client,connected,knKy,controlling,connected,CFDF:61:C4:43:B6:30:A5:FB:FC:F4:A9:ED:5E:B9:90:75:6F:9D:AF:13:EE:F4:52:53:37:C7:10:89:0A:25:C5:76,266,3200,CFA0:A7:0E:D4:22:61:B6:7C:31:F7:9C:6D:78:E3:B6:4B:32:ED:79:5B:EA:8D:0F:6F:BC:A6:EE:8D:23:C8:BC:00,1,CPXuRuRlc/_a/nocLk9,AEAD_AES_256_GCM,FEFD
T01,1776279378901.006,transport,17023,2625465,TLS_ECDHE_ECDSA_WITH_CHACHA20_POLY1305_SHA256,client,connected,knKy,controlling,connected,CFDF:61:C4:43:B6:30:A5:FB:FC:F4:A9:ED:5E:B9:90:75:6F:9D:AF:13:EE:F4:52:53:37:C7:10:89:0A:25:C5:76,268,3244,CFA0:A7:0E:D4:22:61:B6:7C:31:F7:9C:6D:78:E3:B6:4B:32:ED:79:5B:EA:8D:0F:6F:BC:A6:EE:8D:23:C8:BC:00,1,CPXuRuRlc/_a/nocLk9,AEAD_AES_256_GCM,FEFD
T01,1776279378901.006,transport,17023,2625465,TLS_ECDHE_ECDSA_WITH_CHACHA20_POLY1305_SHA256,client,connected,knKy,controlling,connected,CFDF:61:C4:43:B6:30:A5:FB:FC:F4:A9:ED:5E:B9:90:75:6F:9D:AF:13:EE:F4:52:53:37:C7:10:89:0A:25:C5:76,268,3244,CFA0:A7:0E:D4:22:61:B6:7C:31:F7:9C:6D:78:E3:B6:4B:32:ED:79:5B:EA:8D:0F:6F:BC:A6:EE:8D:23:C8:BC:00,1,CPXuRuRlc/_a/nocLk9,AEAD_AES_256_GCM,FEFD
T01,1776279379101.123,transport,17163,2674758,TLS_ECDHE_ECDSA_WITH_CHACHA20_POLY1305_SHA256,client,connected,knKy,controlling,connected,CFDF:61:C4:43:B6:30:A5:FB:FC:F4:A9:ED:5E:B9:90:75:6F:9D:AF:13:EE:F4:52:53:37:C7:10:89:0A:25:C5:76,270,3291,CFA0:A7:0E:D4:22:61:B6:7C:31:F7:9C:6D:78:E3:B6:4B:32:ED:79:5B:EA:8D:0F:6F:BC:A6:EE:8D:23:C8:BC:00,1,CPXuRuRlc/_a/nocLk9,AEAD_AES_256_GCM,FEFD
T01,1776279379101.123,transport,17163,2674758,TLS_ECDHE_ECDSA_WITH_CHACHA20_POLY1305_SHA256,client,connected,knKy,controlling,connected,CFDF:61:C4:43:B6:30:A5:FB:FC:F4:A9:ED:5E:B9:90:75:6F:9D:AF:13:EE:F4:52:53:37:C7:10:89:0A:25:C5:76,270,3291,CFA0:A7:0E:D4:22:61:B6:7C:31:F7:9C:6D:78:E3:B6:4B:32:ED:79:5B:EA:8D:0F:6F:BC:A6:EE:8D:23:C8:BC:00,1,CPXuRuRlc/_a/nocLk9,AEAD_AES_256_GCM,FEFD
T01,1776279379301.005,transport,17291,2724183,TLS_ECDHE_ECDSA_WITH_CHACHA20_POLY1305_SHA256,client,connected,knKy,controlling,connected,CFDF:61:C4:43:B6:30:A5:FB:FC:F4:A9:ED:5E:B9:90:75:6F:9D:AF:13:EE:F4:52:53:37:C7:10:89:0A:25:C5:76,272,3342,CFA0:A7:0E:D4:22:61:B6:7C:31:F7:9C:6D:78:E3:B6:4B:32:ED:79:5B:EA:8D:0F:6F:BC:A6:EE:8D:23:C8:BC:00,1,CPXuRuRlc/_a/nocLk9,AEAD_AES_256_GCM,FEFD
T01,1776279379301.005,transport,17291,2724183,TLS_ECDHE_ECDSA_WITH_CHACHA20_POLY1305_SHA256,client,connected,knKy,controlling,connected,CFDF:61:C4:43:B6:30:A5:FB:FC:F4:A9:ED:5E:B9:90:75:6F:9D:AF:13:EE:F4:52:53:37:C7:10:89:0A:25:C5:76,272,3342,CFA0:A7:0E:D4:22:61:B6:7C:31:F7:9C:6D:78:E3:B6:4B:32:ED:79:5B:EA:8D:0F:6F:BC:A6:EE:8D:23:C8:BC:00,1,CPXuRuRlc/_a/nocLk9,AEAD_AES_256_GCM,FEFD
T01,1776279379501.1,transport,17575,2774491,TLS_ECDHE_ECDSA_WITH_CHACHA20_POLY1305_SHA256,client,connected,knKy,controlling,connected,CFDF:61:C4:43:B6:30:A5:FB:FC:F4:A9:ED:5E:B9:90:75:6F:9D:AF:13:EE:F4:52:53:37:C7:10:89:0A:25:C5:76,275,3391,CFA0:A7:0E:D4:22:61:B6:7C:31:F7:9C:6D:78:E3:B6:4B:32:ED:79:5B:EA:8D:0F:6F:BC:A6:EE:8D:23:C8:BC:00,1,CPXuRuRlc/_a/nocLk9,AEAD_AES_256_GCM,FEFD
T01,1776279379501.1,transport,17575,2774491,TLS_ECDHE_ECDSA_WITH_CHACHA20_POLY1305_SHA256,client,connected,knKy,controlling,connected,CFDF:61:C4:43:B6:30:A5:FB:FC:F4:A9:ED:5E:B9:90:75:6F:9D:AF:13:EE:F4:52:53:37:C7:10:89:0A:25:C5:76,275,3391,CFA0:A7:0E:D4:22:61:B6:7C:31:F7:9C:6D:78:E3:B6:4B:32:ED:79:5B:EA:8D:0F:6F:BC:A6:EE:8D:23:C8:BC:00,1,CPXuRuRlc/_a/nocLk9,AEAD_AES_256_GCM,FEFD
T01,1776279379701.095,transport,17703,2822975,TLS_ECDHE_ECDSA_WITH_CHACHA20_POLY1305_SHA256,client,connected,knKy,controlling,connected,CFDF:61:C4:43:B6:30:A5:FB:FC:F4:A9:ED:5E:B9:90:75:6F:9D:AF:13:EE:F4:52:53:37:C7:10:89:0A:25:C5:76,277,3440,CFA0:A7:0E:D4:22:61:B6:7C:31:F7:9C:6D:78:E3:B6:4B:32:ED:79:5B:EA:8D:0F:6F:BC:A6:EE:8D:23:C8:BC:00,1,CPXuRuRlc/_a/nocLk9,AEAD_AES_256_GCM,FEFD
T01,1776279379701.095,transport,17703,2822975,TLS_ECDHE_ECDSA_WITH_CHACHA20_POLY1305_SHA256,client,connected,knKy,controlling,connected,CFDF:61:C4:43:B6:30:A5:FB:FC:F4:A9:ED:5E:B9:90:75:6F:9D:AF:13:EE:F4:52:53:37:C7:10:89:0A:25:C5:76,277,3440,CFA0:A7:0E:D4:22:61:B6:7C:31:F7:9C:6D:78:E3:B6:4B:32:ED:79:5B:EA:8D:0F:6F:BC:A6:EE:8D:23:C8:BC:00,1,CPXuRuRlc/_a/nocLk9,AEAD_AES_256_GCM,FEFD
T01,1776279379900.981,transport,17847,2871733,TLS_ECDHE_ECDSA_WITH_CHACHA20_POLY1305_SHA256,client,connected,knKy,controlling,connected,CFDF:61:C4:43:B6:30:A5:FB:FC:F4:A9:ED:5E:B9:90:75:6F:9D:AF:13:EE:F4:52:53:37:C7:10:89:0A:25:C5:76,279,3490,CFA0:A7:0E:D4:22:61:B6:7C:31:F7:9C:6D:78:E3:B6:4B:32:ED:79:5B:EA:8D:0F:6F:BC:A6:EE:8D:23:C8:BC:00,1,CPXuRuRlc/_a/nocLk9,AEAD_AES_256_GCM,FEFD
T01,1776279379900.981,transport,17847,2871733,TLS_ECDHE_ECDSA_WITH_CHACHA20_POLY1305_SHA256,client,connected,knKy,controlling,connected,CFDF:61:C4:43:B6:30:A5:FB:FC:F4:A9:ED:5E:B9:90:75:6F:9D:AF:13:EE:F4:52:53:37:C7:10:89:0A:25:C5:76,279,3490,CFA0:A7:0E:D4:22:61:B6:7C:31:F7:9C:6D:78:E3:B6:4B:32:ED:79:5B:EA:8D:0F:6F:BC:A6:EE:8D:23:C8:BC:00,1,CPXuRuRlc/_a/nocLk9,AEAD_AES_256_GCM,FEFD
T01,1776279380101.052,transport,17983,2924207,TLS_ECDHE_ECDSA_WITH_CHACHA20_POLY1305_SHA256,client,connected,knKy,controlling,connected,CFDF:61:C4:43:B6:30:A5:FB:FC:F4:A9:ED:5E:B9:90:75:6F:9D:AF:13:EE:F4:52:53:37:C7:10:89:0A:25:C5:76,281,3543,CFA0:A7:0E:D4:22:61:B6:7C:31:F7:9C:6D:78:E3:B6:4B:32:ED:79:5B:EA:8D:0F:6F:BC:A6:EE:8D:23:C8:BC:00,1,CPXuRuRlc/_a/nocLk9,AEAD_AES_256_GCM,FEFD
T01,1776279380101.052,transport,17983,2924207,TLS_ECDHE_ECDSA_WITH_CHACHA20_POLY1305_SHA256,client,connected,knKy,controlling,connected,CFDF:61:C4:43:B6:30:A5:FB:FC:F4:A9:ED:5E:B9:90:75:6F:9D:AF:13:EE:F4:52:53:37:C7:10:89:0A:25:C5:76,281,3543,CFA0:A7:0E:D4:22:61:B6:7C:31:F7:9C:6D:78:E3:B6:4B:32:ED:79:5B:EA:8D:0F:6F:BC:A6:EE:8D:23:C8:BC:00,1,CPXuRuRlc/_a/nocLk9,AEAD_AES_256_GCM,FEFD
T01,1776279380301.008,transport,18119,2973841,TLS_ECDHE_ECDSA_WITH_CHACHA20_POLY1305_SHA256,client,connected,knKy,controlling,connected,CFDF:61:C4:43:B6:30:A5:FB:FC:F4:A9:ED:5E:B9:90:75:6F:9D:AF:13:EE:F4:52:53:37:C7:10:89:0A:25:C5:76,283,3594,CFA0:A7:0E:D4:22:61:B6:7C:31:F7:9C:6D:78:E3:B6:4B:32:ED:79:5B:EA:8D:0F:6F:BC:A6:EE:8D:23:C8:BC:00,1,CPXuRuRlc/_a/nocLk9,AEAD_AES_256_GCM,FEFD
T01,1776279380301.008,transport,18119,2973841,TLS_ECDHE_ECDSA_WITH_CHACHA20_POLY1305_SHA256,client,connected,knKy,controlling,connected,CFDF:61:C4:43:B6:30:A5:FB:FC:F4:A9:ED:5E:B9:90:75:6F:9D:AF:13:EE:F4:52:53:37:C7:10:89:0A:25:C5:76,283,3594,CFA0:A7:0E:D4:22:61:B6:7C:31:F7:9C:6D:78:E3:B6:4B:32:ED:79:5B:EA:8D:0F:6F:BC:A6:EE:8D:23:C8:BC:00,1,CPXuRuRlc/_a/nocLk9,AEAD_AES_256_GCM,FEFD
T01,1776279380501.005,transport,18395,3029453,TLS_ECDHE_ECDSA_WITH_CHACHA20_POLY1305_SHA256,client,connected,knKy,controlling,connected,CFDF:61:C4:43:B6:30:A5:FB:FC:F4:A9:ED:5E:B9:90:75:6F:9D:AF:13:EE:F4:52:53:37:C7:10:89:0A:25:C5:76,286,3648,CFA0:A7:0E:D4:22:61:B6:7C:31:F7:9C:6D:78:E3:B6:4B:32:ED:79:5B:EA:8D:0F:6F:BC:A6:EE:8D:23:C8:BC:00,1,CPXuRuRlc/_a/nocLk9,AEAD_AES_256_GCM,FEFD
T01,1776279380501.005,transport,18395,3029453,TLS_ECDHE_ECDSA_WITH_CHACHA20_POLY1305_SHA256,client,connected,knKy,controlling,connected,CFDF:61:C4:43:B6:30:A5:FB:FC:F4:A9:ED:5E:B9:90:75:6F:9D:AF:13:EE:F4:52:53:37:C7:10:89:0A:25:C5:76,286,3648,CFA0:A7:0E:D4:22:61:B6:7C:31:F7:9C:6D:78:E3:B6:4B:32:ED:79:5B:EA:8D:0F:6F:BC:A6:EE:8D:23:C8:BC:00,1,CPXuRuRlc/_a/nocLk9,AEAD_AES_256_GCM,FEFD
T01,1776279380701.001,transport,18535,3092658,TLS_ECDHE_ECDSA_WITH_CHACHA20_POLY1305_SHA256,client,connected,knKy,controlling,connected,CFDF:61:C4:43:B6:30:A5:FB:FC:F4:A9:ED:5E:B9:90:75:6F:9D:AF:13:EE:F4:52:53:37:C7:10:89:0A:25:C5:76,288,3706,CFA0:A7:0E:D4:22:61:B6:7C:31:F7:9C:6D:78:E3:B6:4B:32:ED:79:5B:EA:8D:0F:6F:BC:A6:EE:8D:23:C8:BC:00,1,CPXuRuRlc/_a/nocLk9,AEAD_AES_256_GCM,FEFD
T01,1776279380701.001,transport,18535,3092658,TLS_ECDHE_ECDSA_WITH_CHACHA20_POLY1305_SHA256,client,connected,knKy,controlling,connected,CFDF:61:C4:43:B6:30:A5:FB:FC:F4:A9:ED:5E:B9:90:75:6F:9D:AF:13:EE:F4:52:53:37:C7:10:89:0A:25:C5:76,288,3706,CFA0:A7:0E:D4:22:61:B6:7C:31:F7:9C:6D:78:E3:B6:4B:32:ED:79:5B:EA:8D:0F:6F:BC:A6:EE:8D:23:C8:BC:00,1,CPXuRuRlc/_a/nocLk9,AEAD_AES_256_GCM,FEFD
T01,1776279380901.009,transport,18679,3157285,TLS_ECDHE_ECDSA_WITH_CHACHA20_POLY1305_SHA256,client,connected,knKy,controlling,connected,CFDF:61:C4:43:B6:30:A5:FB:FC:F4:A9:ED:5E:B9:90:75:6F:9D:AF:13:EE:F4:52:53:37:C7:10:89:0A:25:C5:76,290,3765,CFA0:A7:0E:D4:22:61:B6:7C:31:F7:9C:6D:78:E3:B6:4B:32:ED:79:5B:EA:8D:0F:6F:BC:A6:EE:8D:23:C8:BC:00,1,CPXuRuRlc/_a/nocLk9,AEAD_AES_256_GCM,FEFD
T01,1776279380901.009,transport,18679,3157285,TLS_ECDHE_ECDSA_WITH_CHACHA20_POLY1305_SHA256,client,connected,knKy,controlling,connected,CFDF:61:C4:43:B6:30:A5:FB:FC:F4:A9:ED:5E:B9:90:75:6F:9D:AF:13:EE:F4:52:53:37:C7:10:89:0A:25:C5:76,290,3765,CFA0:A7:0E:D4:22:61:B6:7C:31:F7:9C:6D:78:E3:B6:4B:32:ED:79:5B:EA:8D:0F:6F:BC:A6:EE:8D:23:C8:BC:00,1,CPXuRuRlc/_a/nocLk9,AEAD_AES_256_GCM,FEFD
T01,1776279381101.022,transport,18823,3208747,TLS_ECDHE_ECDSA_WITH_CHACHA20_POLY1305_SHA256,client,connected,knKy,controlling,connected,CFDF:61:C4:43:B6:30:A5:FB:FC:F4:A9:ED:5E:B9:90:75:6F:9D:AF:13:EE:F4:52:53:37:C7:10:89:0A:25:C5:76,292,3811,CFA0:A7:0E:D4:22:61:B6:7C:31:F7:9C:6D:78:E3:B6:4B:32:ED:79:5B:EA:8D:0F:6F:BC:A6:EE:8D:23:C8:BC:00,1,CPXuRuRlc/_a/nocLk9,AEAD_AES_256_GCM,FEFD
T01,1776279381101.022,transport,18823,3208747,TLS_ECDHE_ECDSA_WITH_CHACHA20_POLY1305_SHA256,client,connected,knKy,controlling,connected,CFDF:61:C4:43:B6:30:A5:FB:FC:F4:A9:ED:5E:B9:90:75:6F:9D:AF:13:EE:F4:52:53:37:C7:10:89:0A:25:C5:76,292,3811,CFA0:A7:0E:D4:22:61:B6:7C:31:F7:9C:6D:78:E3:B6:4B:32:ED:79:5B:EA:8D:0F:6F:BC:A6:EE:8D:23:C8:BC:00,1,CPXuRuRlc/_a/nocLk9,AEAD_AES_256_GCM,FEFD
T01,1776279381301.039,transport,18971,3274427,TLS_ECDHE_ECDSA_WITH_CHACHA20_POLY1305_SHA256,client,connected,knKy,controlling,connected,CFDF:61:C4:43:B6:30:A5:FB:FC:F4:A9:ED:5E:B9:90:75:6F:9D:AF:13:EE:F4:52:53:37:C7:10:89:0A:25:C5:76,294,3873,CFA0:A7:0E:D4:22:61:B6:7C:31:F7:9C:6D:78:E3:B6:4B:32:ED:79:5B:EA:8D:0F:6F:BC:A6:EE:8D:23:C8:BC:00,1,CPXuRuRlc/_a/nocLk9,AEAD_AES_256_GCM,FEFD
T01,1776279381301.039,transport,18971,3274427,TLS_ECDHE_ECDSA_WITH_CHACHA20_POLY1305_SHA256,client,connected,knKy,controlling,connected,CFDF:61:C4:43:B6:30:A5:FB:FC:F4:A9:ED:5E:B9:90:75:6F:9D:AF:13:EE:F4:52:53:37:C7:10:89:0A:25:C5:76,294,3873,CFA0:A7:0E:D4:22:61:B6:7C:31:F7:9C:6D:78:E3:B6:4B:32:ED:79:5B:EA:8D:0F:6F:BC:A6:EE:8D:23:C8:BC:00,1,CPXuRuRlc/_a/nocLk9,AEAD_AES_256_GCM,FEFD
T01,1776279381501.016,transport,19107,3341183,TLS_ECDHE_ECDSA_WITH_CHACHA20_POLY1305_SHA256,client,connected,knKy,controlling,connected,CFDF:61:C4:43:B6:30:A5:FB:FC:F4:A9:ED:5E:B9:90:75:6F:9D:AF:13:EE:F4:52:53:37:C7:10:89:0A:25:C5:76,296,3937,CFA0:A7:0E:D4:22:61:B6:7C:31:F7:9C:6D:78:E3:B6:4B:32:ED:79:5B:EA:8D:0F:6F:BC:A6:EE:8D:23:C8:BC:00,1,CPXuRuRlc/_a/nocLk9,AEAD_AES_256_GCM,FEFD
T01,1776279381501.016,transport,19107,3341183,TLS_ECDHE_ECDSA_WITH_CHACHA20_POLY1305_SHA256,client,connected,knKy,controlling,connected,CFDF:61:C4:43:B6:30:A5:FB:FC:F4:A9:ED:5E:B9:90:75:6F:9D:AF:13:EE:F4:52:53:37:C7:10:89:0A:25:C5:76,296,3937,CFA0:A7:0E:D4:22:61:B6:7C:31:F7:9C:6D:78:E3:B6:4B:32:ED:79:5B:EA:8D:0F:6F:BC:A6:EE:8D:23:C8:BC:00,1,CPXuRuRlc/_a/nocLk9,AEAD_AES_256_GCM,FEFD
T01,1776279381701.01,transport,19255,3397624,TLS_ECDHE_ECDSA_WITH_CHACHA20_POLY1305_SHA256,client,connected,knKy,controlling,connected,CFDF:61:C4:43:B6:30:A5:FB:FC:F4:A9:ED:5E:B9:90:75:6F:9D:AF:13:EE:F4:52:53:37:C7:10:89:0A:25:C5:76,298,3989,CFA0:A7:0E:D4:22:61:B6:7C:31:F7:9C:6D:78:E3:B6:4B:32:ED:79:5B:EA:8D:0F:6F:BC:A6:EE:8D:23:C8:BC:00,1,CPXuRuRlc/_a/nocLk9,AEAD_AES_256_GCM,FEFD
T01,1776279381701.01,transport,19255,3397624,TLS_ECDHE_ECDSA_WITH_CHACHA20_POLY1305_SHA256,client,connected,knKy,controlling,connected,CFDF:61:C4:43:B6:30:A5:FB:FC:F4:A9:ED:5E:B9:90:75:6F:9D:AF:13:EE:F4:52:53:37:C7:10:89:0A:25:C5:76,298,3989,CFA0:A7:0E:D4:22:61:B6:7C:31:F7:9C:6D:78:E3:B6:4B:32:ED:79:5B:EA:8D:0F:6F:BC:A6:EE:8D:23:C8:BC:00,1,CPXuRuRlc/_a/nocLk9,AEAD_AES_256_GCM,FEFD
T01,1776279381900.996,transport,19539,3428297,TLS_ECDHE_ECDSA_WITH_CHACHA20_POLY1305_SHA256,client,connected,knKy,controlling,connected,CFDF:61:C4:43:B6:30:A5:FB:FC:F4:A9:ED:5E:B9:90:75:6F:9D:AF:13:EE:F4:52:53:37:C7:10:89:0A:25:C5:76,301,4018,CFA0:A7:0E:D4:22:61:B6:7C:31:F7:9C:6D:78:E3:B6:4B:32:ED:79:5B:EA:8D:0F:6F:BC:A6:EE:8D:23:C8:BC:00,1,CPXuRuRlc/_a/nocLk9,AEAD_AES_256_GCM,FEFD
T01,1776279381900.996,transport,19539,3428297,TLS_ECDHE_ECDSA_WITH_CHACHA20_POLY1305_SHA256,client,connected,knKy,controlling,connected,CFDF:61:C4:43:B6:30:A5:FB:FC:F4:A9:ED:5E:B9:90:75:6F:9D:AF:13:EE:F4:52:53:37:C7:10:89:0A:25:C5:76,301,4018,CFA0:A7:0E:D4:22:61:B6:7C:31:F7:9C:6D:78:E3:B6:4B:32:ED:79:5B:EA:8D:0F:6F:BC:A6:EE:8D:23:C8:BC:00,1,CPXuRuRlc/_a/nocLk9,AEAD_AES_256_GCM,FEFD
T01,1776279382101.039,transport,19655,3458980,TLS_ECDHE_ECDSA_WITH_CHACHA20_POLY1305_SHA256,client,connected,knKy,controlling,connected,CFDF:61:C4:43:B6:30:A5:FB:FC:F4:A9:ED:5E:B9:90:75:6F:9D:AF:13:EE:F4:52:53:37:C7:10:89:0A:25:C5:76,303,4050,CFA0:A7:0E:D4:22:61:B6:7C:31:F7:9C:6D:78:E3:B6:4B:32:ED:79:5B:EA:8D:0F:6F:BC:A6:EE:8D:23:C8:BC:00,1,CPXuRuRlc/_a/nocLk9,AEAD_AES_256_GCM,FEFD
T01,1776279382101.039,transport,19655,3458980,TLS_ECDHE_ECDSA_WITH_CHACHA20_POLY1305_SHA256,client,connected,knKy,controlling,connected,CFDF:61:C4:43:B6:30:A5:FB:FC:F4:A9:ED:5E:B9:90:75:6F:9D:AF:13:EE:F4:52:53:37:C7:10:89:0A:25:C5:76,303,4050,CFA0:A7:0E:D4:22:61:B6:7C:31:F7:9C:6D:78:E3:B6:4B:32:ED:79:5B:EA:8D:0F:6F:BC:A6:EE:8D:23:C8:BC:00,1,CPXuRuRlc/_a/nocLk9,AEAD_AES_256_GCM,FEFD
T01,1776279382301.031,transport,19775,3503526,TLS_ECDHE_ECDSA_WITH_CHACHA20_POLY1305_SHA256,client,connected,knKy,controlling,connected,CFDF:61:C4:43:B6:30:A5:FB:FC:F4:A9:ED:5E:B9:90:75:6F:9D:AF:13:EE:F4:52:53:37:C7:10:89:0A:25:C5:76,305,4091,CFA0:A7:0E:D4:22:61:B6:7C:31:F7:9C:6D:78:E3:B6:4B:32:ED:79:5B:EA:8D:0F:6F:BC:A6:EE:8D:23:C8:BC:00,1,CPXuRuRlc/_a/nocLk9,AEAD_AES_256_GCM,FEFD
T01,1776279382301.031,transport,19775,3503526,TLS_ECDHE_ECDSA_WITH_CHACHA20_POLY1305_SHA256,client,connected,knKy,controlling,connected,CFDF:61:C4:43:B6:30:A5:FB:FC:F4:A9:ED:5E:B9:90:75:6F:9D:AF:13:EE:F4:52:53:37:C7:10:89:0A:25:C5:76,305,4091,CFA0:A7:0E:D4:22:61:B6:7C:31:F7:9C:6D:78:E3:B6:4B:32:ED:79:5B:EA:8D:0F:6F:BC:A6:EE:8D:23:C8:BC:00,1,CPXuRuRlc/_a/nocLk9,AEAD_AES_256_GCM,FEFD

track,timestamp,framerate,width,height
0,1776279354301,30,1920,1080
0,1776279354501,30,1920,1080
0,1776279354702,30,1920,1080
0,1776279354902,30,1920,1080
0,1776279355102,30,1920,1080
0,1776279355301,30,1920,1080
0,1776279355501,30,1920,1080
0,1776279355702,30,1920,1080
0,1776279355901,30,1920,1080
0,1776279356102,30,1920,1080
0,1776279356301,30,1920,1080
0,1776279356501,30,1920,1080
0,1776279356701,30,1920,1080
0,1776279356902,30,1920,1080
0,1776279357102,30,1920,1080
0,1776279357302,30,1920,1080
0,1776279357501,30,1920,1080
0,1776279357702,30,1920,1080
0,1776279357901,30,1920,1080
0,1776279358102,30,1920,1080
0,1776279358301,30,1920,1080
0,1776279358501,30,1920,1080
0,1776279358702,30,1920,1080
0,1776279358902,30,1920,1080
0,1776279359102,30,1920,1080
0,1776279359301,30,1920,1080
0,1776279359501,30,1920,1080
0,1776279359702,30,1920,1080
0,1776279359902,30,1920,1080
0,1776279360102,30,1920,1080
0,1776279360301,30,1920,1080
0,1776279360501,30,1920,1080
0,1776279360701,30,1920,1080
0,1776279360902,30,1920,1080
0,1776279361102,30,1920,1080
0,1776279361301,30,1920,1080
0,1776279361501,30,1920,1080
0,1776279361702,30,1920,1080
0,1776279361901,30,1920,1080
0,1776279362102,30,1920,1080
0,1776279362301,30,1920,1080
0,1776279362501,30,1920,1080
0,1776279362702,30,1920,1080
0,1776279362902,30,1920,1080
0,1776279363101,30,1920,1080
0,1776279363302,30,1920,1080
0,1776279363501,30,1920,1080
0,1776279363702,30,1920,1080
0,1776279363901,30,1920,1080
0,1776279364102,30,1920,1080
0,1776279364301,30,1920,1080
0,1776279364501,30,1920,1080
0,1776279364702,30,1920,1080
0,1776279364902,30,1920,1080
0,1776279365102,30,1920,1080
0,1776279365301,30,1920,1080
0,1776279365502,30,1920,1080
0,1776279365701,30,1920,1080
0,1776279365901,30,1920,1080
0,1776279366102,30,1920,1080
0,1776279366301,30,1920,1080
0,1776279366501,30,1920,1080
0,1776279366702,30,1920,1080
0,1776279366902,30,1920,1080
0,1776279367101,30,1920,1080
0,1776279367301,30,1920,1080
0,1776279367501,30,1920,1080
0,1776279367701,30,1920,1080
0,1776279367901,30,1920,1080
0,1776279368101,30,1920,1080
0,1776279368302,30,1920,1080
0,1776279368501,30,1920,1080
0,1776279368702,30,1920,1080
0,1776279368901,30,1920,1080
0,1776279369101,30,1920,1080
0,1776279369301,30,1920,1080
0,1776279369501,30,1920,1080
0,1776279369701,30,1920,1080
0,1776279369901,30,1920,1080
0,1776279370101,30,1920,1080
0,1776279370301,30,1920,1080
0,1776279370501,30,1920,1080
0,1776279370702,30,1920,1080
0,1776279370901,30,1920,1080
0,1776279371101,30,1920,1080
0,1776279371301,30,1920,1080
0,1776279371501,30,1920,1080
0,1776279371701,30,1920,1080
0,1776279371901,30,1920,1080
0,1776279372101,30,1920,1080
0,1776279372301,30,1920,1080
0,1776279372501,30,1920,1080
0,1776279372701,30,1920,1080
0,1776279372901,30,1920,1080
0,1776279373101,30,1920,1080
0,1776279373301,30,1920,1080
0,1776279373501,30,1920,1080
0,1776279373701,30,1920,1080
0,1776279373901,30,1920,1080
0,1776279374101,30,1920,1080
0,1776279374301,30,1920,1080
0,1776279374501,30,1920,1080
0,1776279374701,30,1920,1080
0,1776279374901,30,1920,1080
0,1776279375101,30,1920,1080
0,1776279375301,30,1920,1080
0,1776279375501,30,1920,1080
0,1776279375702,30,1920,1080
0,1776279375901,30,1920,1080
0,1776279376101,30,1920,1080
0,1776279376301,30,1920,1080
0,1776279376501,30,1920,1080
0,1776279376701,30,1920,1080
0,1776279376902,30,1920,1080
0,1776279377101,30,1920,1080
0,1776279377301,30,1920,1080
0,1776279377501,30,1920,1080
0,1776279377702,30,1920,1080
0,1776279377901,30,1920,1080
0,1776279378101,30,1920,1080
0,1776279378301,30,1920,1080
0,1776279378501,30,1920,1080
0,1776279378701,30,1920,1080
0,1776279378901,30,1920,1080
0,1776279379102,30,1920,1080
0,1776279379301,30,1920,1080
0,1776279379501,30,1920,1080
0,1776279379702,30,1920,1080
0,1776279379901,30,1920,1080
0,1776279380101,30,1920,1080
0,1776279380301,30,1920,1080
0,1776279380501,30,1920,1080
0,1776279380701,30,1920,1080
0,1776279380901,30,1920,1080
0,1776279381101,30,1920,1080
0,1776279381301,30,1920,1080
0,1776279381501,30,1920,1080
0,1776279381701,30,1920,1080
0,1776279381901,30,1920,1080
0,1776279382101,30,1920,1080
0,1776279382301,30,1920,1080