id,timestamp,type,codecId,kind,mediaType,ssrc,transportId,bytesSent,packetsSent,active,encodingIndex,firCount,framesEncoded,framesSent,headerBytesSent,hugeFramesSent,keyFramesEncoded,mediaSourceId,mid,nackCount,packetsSentWithEct1,pliCount,qualityLimitationDurations,qualityLimitationReason,qualityLimitationResolutionChanges,retransmittedBytesSent,retransmittedPacketsSent,rtxSsrc,totalEncodeTime,totalEncodedBytesTarget,totalPacketSendDelay
OT01V2938189117,1776279722103.299,outbound-rtp,COT01_98_profile-id=0,video,video,2938189117,T01,0,0,true,0,0,0,0,0,0,0,SV349,0,0,0,0,[object Object],none,0,0,0,1717555302,0,0,0
OT01V2938189117,1776279722103.299,outbound-rtp,COT01_98_profile-id=0,video,video,2938189117,T01,0,0,true,0,0,0,0,0,0,0,SV349,0,0,0,0,[object Object],none,0,0,0,1717555302,0,0,0
OT01V2938189117,1776279722303.303,outbound-rtp,COT01_98_profile-id=0,video,video,2938189117,T01,8844,12,true,0,0,4,4,1101,1,1,SV349,0,0,0,0,[object Object],bandwidth,0,0,0,1717555302,0.162,0,0.240365
OT01V2938189117,1776279722303.303,outbound-rtp,COT01_98_profile-id=0,video,video,2938189117,T01,8844,12,true,0,0,4,4,1101,1,1,SV349,0,0,0,0,[object Object],bandwidth,0,0,0,1717555302,0.162,0,0.240365
OT01V2938189117,1776279722503.338,outbound-rtp,COT01_98_profile-id=0,video,video,2938189117,T01,12262,18,true,0,0,12,12,1269,1,1,SV349,0,0,0,0,[object Object],bandwidth,0,0,0,1717555302,0.295,0,0.9184439999999999
OT01V2938189117,1776279722503.338,outbound-rtp,COT01_98_profile-id=0,video,video,2938189117,T01,12262,18,true,0,0,12,12,1269,1,1,SV349,0,0,0,0,[object Object],bandwidth,0,0,0,1717555302,0.295,0,0.9184439999999999
OT01V2938189117,1776279722703.383,outbound-rtp,COT01_98_profile-id=0,video,video,2938189117,T01,21545,33,true,0,0,18,18,1677,1,1,SV349,0,0,0,0,[object Object],bandwidth,0,0,0,1717555302,0.394,0,1.8677359999999998
OT01V2938189117,1776279722703.383,outbound-rtp,COT01_98_profile-id=0,video,video,2938189117,T01,21545,33,true,0,0,18,18,1677,1,1,SV349,0,0,0,0,[object Object],bandwidth,0,0,0,1717555302,0.394,0,1.8677359999999998
OT01V2938189117,1776279722903.332,outbound-rtp,COT01_98_profile-id=0,video,video,2938189117,T01,25357,40,true,0,0,24,24,1845,1,1,SV349,0,0,0,0,[object Object],bandwidth,0,0,0,1717555302,0.483,0,1.867743
OT01V2938189117,1776279722903.332,outbound-rtp,COT01_98_profile-id=0,video,video,2938189117,T01,25357,40,true,0,0,24,24,1845,1,1,SV349,0,0,0,0,[object Object],bandwidth,0,0,0,1717555302,0.483,0,1.867743
OT01V2938189117,1776279723103.464,outbound-rtp,COT01_98_profile-id=0,video,video,2938189117,T01,31523,54,true,0,0,30,30,3711,1,1,SV349,0,0,0,0,[object Object],bandwidth,0,0,0,1717555302,0.602,0,1.867751
OT01V2938189117,1776279723103.464,outbound-rtp,COT01_98_profile-id=0,video,video,2938189117,T01,31523,54,true,0,0,30,30,3711,1,1,SV349,0,0,0,0,[object Object],bandwidth,0,0,0,1717555302,0.602,0,1.867751
OT01V2938189117,1776279723303.351,outbound-rtp,COT01_98_profile-id=0,video,video,2938189117,T01,35936,70,true,0,0,36,36,6390,1,1,SV349,0,0,0,0,[object Object],bandwidth,0,0,0,1717555302,0.694,0,1.8677519999999999
OT01V2938189117,1776279723303.351,outbound-rtp,COT01_98_profile-id=0,video,video,2938189117,T01,35936,70,true,0,0,36,36,6390,1,1,SV349,0,0,0,0,[object Object],bandwidth,0,0,0,1717555302,0.694,0,1.8677519999999999
OT01V2938189117,1776279723503.297,outbound-rtp,COT01_98_profile-id=0,video,video,2938189117,T01,41272,85,true,0,0,42,42,8535,1,1,SV349,0,0,0,0,[object Object],bandwidth,0,0,0,1717555302,0.788,0,1.91004
OT01V2938189117,1776279723503.297,outbound-rtp,COT01_98_profile-id=0,video,video,2938189117,T01,41272,85,true,0,0,42,42,8535,1,1,SV349,0,0,0,0,[object Object],bandwidth,0,0,0,1717555302,0.788,0,1.91004
OT01V2938189117,1776279723703.379,outbound-rtp,COT01_98_profile-id=0,video,video,2938189117,T01,45071,105,true,0,0,48,48,12330,1,1,SV349,0,0,0,0,[object Object],bandwidth,0,0,0,1717555302,0.856,0,1.910042
OT01V2938189117,1776279723703.379,outbound-rtp,COT01_98_profile-id=0,video,video,2938189117,T01,45071,105,true,0,0,48,48,12330,1,1,SV349,0,0,0,0,[object Object],bandwidth,0,0,0,1717555302,0.856,0,1.910042
OT01V2938189117,1776279723903.321,outbound-rtp,COT01_98_profile-id=0,video,video,2938189117,T01,49836,123,true,0,0,54,54,15567,1,1,SV349,0,0,0,0,[object Object],bandwidth,0,0,0,1717555302,0.955,0,1.910043
OT01V2938189117,1776279723903.321,outbound-rtp,COT01_98_profile-id=0,video,video,2938189117,T01,49836,123,true,0,0,54,54,15567,1,1,SV349,0,0,0,0,[object Object],bandwidth,0,0,0,1717555302,0.955,0,1.910043
OT01V2938189117,1776279724103.439,outbound-rtp,COT01_98_profile-id=0,video,video,2938189117,T01,54169,143,true,0,0,60,60,19362,1,1,SV349,0,0,0,0,[object Object],bandwidth,0,0,0,1717555302,1.058,0,1.910045
OT01V2938189117,1776279724103.439,outbound-rtp,COT01_98_profile-id=0,video,video,2938189117,T01,54169,143,true,0,0,60,60,19362,1,1,SV349,0,0,0,0,[object Object],bandwidth,0,0,0,1717555302,1.058,0,1.910045
OT01V2938189117,1776279724303.495,outbound-rtp,COT01_98_profile-id=0,video,video,2938189117,T01,58771,157,true,0,0,69,69,21997,3,3,SV349,0,0,0,0,[object Object],bandwidth,1,0,0,1717555302,1.161,0,1.962732
OT01V2938189117,1776279724303.495,outbound-rtp,COT01_98_profile-id=0,video,video,2938189117,T01,58771,157,true,0,0,69,69,21997,3,3,SV349,0,0,0,0,[object Object],bandwidth,1,0,0,1717555302,1.161,0,1.962732
OT01V2938189117,1776279724503.27,outbound-rtp,COT01_98_profile-id=0,video,video,2938189117,T01,69662,171,true,0,0,83,83,22337,3,3,SV349,0,0,0,0,[object Object],bandwidth,1,0,0,1717555302,1.415,0,4.067413999999999
OT01V2938189117,1776279724503.27,outbound-rtp,COT01_98_profile-id=0,video,video,2938189117,T01,69662,171,true,0,0,83,83,22337,3,3,SV349,0,0,0,0,[object Object],bandwidth,1,0,0,1717555302,1.415,0,4.067413999999999
OT01V2938189117,1776279724703.367,outbound-rtp,COT01_98_profile-id=0,video,video,2938189117,T01,78770,183,true,0,0,91,91,22625,3,3,SV349,0,0,0,0,[object Object],bandwidth,1,0,0,1717555302,1.518,0,6.799122
OT01V2938189117,1776279724703.367,outbound-rtp,COT01_98_profile-id=0,video,video,2938189117,T01,78770,183,true,0,0,91,91,22625,3,3,SV349,0,0,0,0,[object Object],bandwidth,1,0,0,1717555302,1.518,0,6.799122
OT01V2938189117,1776279724903.304,outbound-rtp,COT01_98_profile-id=0,video,video,2938189117,T01,87064,197,true,0,0,102,102,22961,3,3,SV349,0,0,0,0,[object Object],bandwidth,1,0,0,1717555302,1.63,0,10.200274
OT01V2938189117,1776279724903.304,outbound-rtp,COT01_98_profile-id=0,video,video,2938189117,T01,87064,197,true,0,0,102,102,22961,3,3,SV349,0,0,0,0,[object Object],bandwidth,1,0,0,1717555302,1.63,0,10.200274
OT01V2938189117,1776279725103.494,outbound-rtp,COT01_98_profile-id=0,video,video,2938189117,T01,96322,212,true,0,0,111,111,23321,3,3,SV349,0,0,0,0,[object Object],bandwidth,1,0,0,1717555302,1.806,0,12.854484
OT01V2938189117,1776279725103.494,outbound-rtp,COT01_98_profile-id=0,video,video,2938189117,T01,96322,212,true,0,0,111,111,23321,3,3,SV349,0,0,0,0,[object Object],bandwidth,1,0,0,1717555302,1.806,0,12.854484
OT01V2938189117,1776279725303.464,outbound-rtp,COT01_98_profile-id=0,video,video,2938189117,T01,106995,230,true,0,0,120,120,23753,5,5,SV349,0,0,0,1,[object Object],bandwidth,1,0,0,1717555302,1.994,0,15.29585
OT01V2938189117,1776279725303.464,outbound-rtp,COT01_98_profile-id=0,video,video,2938189117,T01,106995,230,true,0,0,120,120,23753,5,5,SV349,0,0,0,1,[object Object],bandwidth,1,0,0,1717555302,1.994,0,15.29585
OT01V2938189117,1776279725503.429,outbound-rtp,COT01_98_profile-id=0,video,video,2938189117,T01,116506,241,true,0,0,127,127,24025,6,5,SV349,0,0,0,1,[object Object],bandwidth,1,0,0,1717555302,2.13,0,17.2686
OT01V2938189117,1776279725503.429,outbound-rtp,COT01_98_profile-id=0,video,video,2938189117,T01,116506,241,true,0,0,127,127,24025,6,5,SV349,0,0,0,1,[object Object],bandwidth,1,0,0,1717555302,2.13,0,17.2686
OT01V2938189117,1776279725703.499,outbound-rtp,COT01_98_profile-id=0,video,video,2938189117,T01,125324,254,true,0,0,136,136,24337,6,5,SV349,0,0,0,1,[object Object],bandwidth,1,0,0,1717555302,2.303,0,19.012256999999998
OT01V2938189117,1776279725703.499,outbound-rtp,COT01_98_profile-id=0,video,video,2938189117,T01,125324,254,true,0,0,136,136,24337,6,5,SV349,0,0,0,1,[object Object],bandwidth,1,0,0,1717555302,2.303,0,19.012256999999998
OT01V2938189117,1776279725903.277,outbound-rtp,COT01_98_profile-id=0,video,video,2938189117,T01,135926,270,true,0,0,143,143,24721,7,5,SV349,0,0,0,1,[object Object],bandwidth,1,0,0,1717555302,2.478,0,19.934400999999998
OT01V2938189117,1776279725903.277,outbound-rtp,COT01_98_profile-id=0,video,video,2938189117,T01,135926,270,true,0,0,143,143,24721,7,5,SV349,0,0,0,1,[object Object],bandwidth,1,0,0,1717555302,2.478,0,19.934400999999998
OT01V2938189117,1776279726103.458,outbound-rtp,COT01_98_profile-id=0,video,video,2938189117,T01,142045,281,true,0,0,151,151,24985,7,5,SV349,0,0,0,1,[object Object],bandwidth,1,0,0,1717555302,2.564,0,20.273366
OT01V2938189117,1776279726103.458,outbound-rtp,COT01_98_profile-id=0,video,video,2938189117,T01,142045,281,true,0,0,151,151,24985,7,5,SV349,0,0,0,1,[object Object],bandwidth,1,0,0,1717555302,2.564,0,20.273366
OT01V2938189117,1776279726303.42,outbound-rtp,COT01_98_profile-id=0,video,video,2938189117,T01,147557,290,true,0,0,157,157,25201,7,5,SV349,0,0,0,1,[object Object],bandwidth,1,0,0,1717555302,2.676,0,20.349618
OT01V2938189117,1776279726303.42,outbound-rtp,COT01_98_profile-id=0,video,video,2938189117,T01,147557,290,true,0,0,157,157,25201,7,5,SV349,0,0,0,1,[object Object],bandwidth,1,0,0,1717555302,2.676,0,20.349618
OT01V2938189117,1776279726503.431,outbound-rtp,COT01_98_profile-id=0,video,video,2938189117,T01,153882,304,true,0,0,165,165,26557,7,5,SV349,0,0,0,1,[object Object],bandwidth,1,0,0,1717555302,2.805,0,20.401573
OT01V2938189117,1776279726503.431,outbound-rtp,COT01_98_profile-id=0,video,video,2938189117,T01,153882,304,true,0,0,165,165,26557,7,5,SV349,0,0,0,1,[object Object],bandwidth,1,0,0,1717555302,2.805,0,20.401573
OT01V2938189117,1776279726703.389,outbound-rtp,COT01_98_profile-id=0,video,video,2938189117,T01,162180,328,true,0,0,176,176,29683,7,5,SV349,0,0,0,1,[object Object],bandwidth,1,0,0,1717555302,3.022,0,20.401583
OT01V2938189117,1776279726703.389,outbound-rtp,COT01_98_profile-id=0,video,video,2938189117,T01,162180,328,true,0,0,176,176,29683,7,5,SV349,0,0,0,1,[object Object],bandwidth,1,0,0,1717555302,3.022,0,20.401583
OT01V2938189117,1776279726903.33,outbound-rtp,COT01_98_profile-id=0,video,video,2938189117,T01,168421,348,true,0,0,185,185,32203,7,5,SV349,0,0,0,1,[object Object],bandwidth,1,0,0,1717555302,3.19,0,20.401609
OT01V2938189117,1776279726903.33,outbound-rtp,COT01_98_profile-id=0,video,video,2938189117,T01,168421,348,true,0,0,185,185,32203,7,5,SV349,0,0,0,1,[object Object],bandwidth,1,0,0,1717555302,3.19,0,20.401609
OT01V2938189117,1776279727103.288,outbound-rtp,COT01_98_profile-id=0,video,video,2938189117,T01,176637,371,true,0,0,195,195,35305,7,5,SV349,0,0,0,1,[object Object],bandwidth,1,0,0,1717555302,3.352,0,20.401632
OT01V2938189117,1776279727103.288,outbound-rtp,COT01_98_profile-id=0,video,video,2938189117,T01,176637,371,true,0,0,195,195,35305,7,5,SV349,0,0,0,1,[object Object],bandwidth,1,0,0,1717555302,3.352,0,20.401632
OT01V2938189117,1776279727303.385,outbound-rtp,COT01_98_profile-id=0,video,video,2938189117,T01,182602,389,true,0,0,203,203,37777,7,5,SV349,0,0,0,1,[object Object],bandwidth,1,0,0,1717555302,3.44,0,20.431089999999998
OT01V2938189117,1776279727303.385,outbound-rtp,COT01_98_profile-id=0,video,video,2938189117,T01,182602,389,true,0,0,203,203,37777,7,5,SV349,0,0,0,1,[object Object],bandwidth,1,0,0,1717555302,3.44,0,20.431089999999998
OT01V2938189117,1776279727503.554,outbound-rtp,COT01_98_profile-id=0,video,video,2938189117,T01,188971,413,true,0,0,211,211,41923,7,5,SV349,0,0,0,1,[object Object],bandwidth,1,0,0,1717555302,3.585,0,20.431123
OT01V2938189117,1776279727503.554,outbound-rtp,COT01_98_profile-id=0,video,video,2938189117,T01,188971,413,true,0,0,211,211,41923,7,5,SV349,0,0,0,1,[object Object],bandwidth,1,0,0,1717555302,3.585,0,20.431123
OT01V2938189117,1776279727703.279,outbound-rtp,COT01_98_profile-id=0,video,video,2938189117,T01,198374,428,true,0,0,221,221,42793,7,5,SV349,0,0,0,1,[object Object],bandwidth,1,0,0,1717555302,3.745,0,20.475523
OT01V2938189117,1776279727703.279,outbound-rtp,COT01_98_profile-id=0,video,video,2938189117,T01,198374,428,true,0,0,221,221,42793,7,5,SV349,0,0,0,1,[object Object],bandwidth,1,0,0,1717555302,3.745,0,20.475523
OT01V2938189117,1776279727903.424,outbound-rtp,COT01_98_profile-id=0,video,video,2938189117,T01,203630,455,true,0,0,229,229,48031,7,5,SV349,0,0,0,1,[object Object],bandwidth,1,0,0,1717555302,3.882,0,20.475562
OT01V2938189117,1776279727903.424,outbound-rtp,COT01_98_profile-id=0,video,video,2938189117,T01,203630,455,true,0,0,229,229,48031,7,5,SV349,0,0,0,1,[object Object],bandwidth,1,0,0,1717555302,3.882,0,20.475562
OT01V2938189117,1776279728103.446,outbound-rtp,COT01_98_profile-id=0,video,video,2938189117,T01,212626,474,true,0,0,239,239,50017,7,5,SV349,0,0,0,1,[object Object],bandwidth,1,0,0,1717555302,4.083,0,20.493284
OT01V2938189117,1776279728103.446,outbound-rtp,COT01_98_profile-id=0,video,video,2938189117,T01,212626,474,true,0,0,239,239,50017,7,5,SV349,0,0,0,1,[object Object],bandwidth,1,0,0,1717555302,4.083,0,20.493284
OT01V2938189117,1776279728303.315,outbound-rtp,COT01_98_profile-id=0,video,video,2938189117,T01,221798,502,true,0,0,249,249,54259,7,5,SV349,0,0,0,1,[object Object],bandwidth,1,0,0,1717555302,4.203,0,20.493311
OT01V2938189117,1776279728303.315,outbound-rtp,COT01_98_profile-id=0,video,video,2938189117,T01,221798,502,true,0,0,249,249,54259,7,5,SV349,0,0,0,1,[object Object],bandwidth,1,0,0,1717555302,4.203,0,20.493311
OT01V2938189117,1776279728503.364,outbound-rtp,COT01_98_profile-id=0,video,video,2938189117,T01,227880,522,true,0,0,257,257,57289,7,5,SV349,0,0,0,1,[object Object],bandwidth,1,0,0,1717555302,4.316,0,20.530158
OT01V2938189117,1776279728503.364,outbound-rtp,COT01_98_profile-id=0,video,video,2938189117,T01,227880,522,true,0,0,257,257,57289,7,5,SV349,0,0,0,1,[object Object],bandwidth,1,0,0,1717555302,4.316,0,20.530158
OT01V2938189117,1776279728703.332,outbound-rtp,COT01_98_profile-id=0,video,video,2938189117,T01,237810,546,true,0,0,268,268,60415,7,5,SV349,0,0,0,1,[object Object],bandwidth,1,0,0,1717555302,4.524,0,20.577614
OT01V2938189117,1776279728703.332,outbound-rtp,COT01_98_profile-id=0,video,video,2938189117,T01,237810,546,true,0,0,268,268,60415,7,5,SV349,0,0,0,1,[object Object],bandwidth,1,0,0,1717555302,4.524,0,20.577614
OT01V2938189117,1776279728903.328,outbound-rtp,COT01_98_profile-id=0,video,video,2938189117,T01,248633,564,true,0,0,277,277,62385,9,7,SV349,0,0,0,2,[object Object],bandwidth,1,0,0,1717555302,4.655,0,20.875647
OT01V2938189117,1776279728903.328,outbound-rtp,COT01_98_profile-id=0,video,video,2938189117,T01,248633,564,true,0,0,277,277,62385,9,7,SV349,0,0,0,2,[object Object],bandwidth,1,0,0,1717555302,4.655,0,20.875647
OT01V2938189117,1776279729103.454,outbound-rtp,COT01_98_profile-id=0,video,video,2938189117,T01,258689,580,true,0,0,285,285,62769,9,7,SV349,0,0,0,2,[object Object],bandwidth,1,0,0,1717555302,4.832,0,21.53612
OT01V2938189117,1776279729103.454,outbound-rtp,COT01_98_profile-id=0,video,video,2938189117,T01,258689,580,true,0,0,285,285,62769,9,7,SV349,0,0,0,2,[object Object],bandwidth,1,0,0,1717555302,4.832,0,21.53612
OT01V2938189117,1776279729303.471,outbound-rtp,COT01_98_profile-id=0,video,video,2938189117,T01,267911,597,true,0,0,294,294,64197,9,7,SV349,0,0,0,2,[object Object],bandwidth,1,0,0,1717555302,5.046,0,21.651992
OT01V2938189117,1776279729303.471,outbound-rtp,COT01_98_profile-id=0,video,video,2938189117,T01,267911,597,true,0,0,294,294,64197,9,7,SV349,0,0,0,2,[object Object],bandwidth,1,0,0,1717555302,5.046,0,21.651992
OT01V2938189117,1776279729503.302,outbound-rtp,COT01_98_profile-id=0,video,video,2938189117,T01,274479,623,true,0,0,303,303,68901,9,7,SV349,0,0,0,2,[object Object],bandwidth,1,0,0,1717555302,5.178,0,21.652023
OT01V2938189117,1776279729503.302,outbound-rtp,COT01_98_profile-id=0,video,video,2938189117,T01,274479,623,true,0,0,303,303,68901,9,7,SV349,0,0,0,2,[object Object],bandwidth,1,0,0,1717555302,5.178,0,21.652023
OT01V2938189117,1776279729703.367,outbound-rtp,COT01_98_profile-id=0,video,video,2938189117,T01,285647,650,true,0,0,313,313,72099,9,7,SV349,0,0,0,2,[object Object],bandwidth,1,0,0,1717555302,5.33,0,21.807544
OT01V2938189117,1776279729703.367,outbound-rtp,COT01_98_profile-id=0,video,video,2938189117,T01,285647,650,true,0,0,313,313,72099,9,7,SV349,0,0,0,2,[object Object],bandwidth,1,0,0,1717555302,5.33,0,21.807544
OT01V2938189117,1776279729903.447,outbound-rtp,COT01_98_profile-id=0,video,video,2938189117,T01,294073,671,true,0,0,323,323,75153,9,7,SV349,0,0,0,2,[object Object],bandwidth,1,0,0,1717555302,5.491,0,21.807567
OT01V2938189117,1776279729903.447,outbound-rtp,COT01_98_profile-id=0,video,video,2938189117,T01,294073,671,true,0,0,323,323,75153,9,7,SV349,0,0,0,2,[object Object],bandwidth,1,0,0,1717555302,5.491,0,21.807567
OT01V2938189117,1776279730103.352,outbound-rtp,COT01_98_profile-id=0,video,video,2938189117,T01,302167,697,true,0,0,332,332,78837,9,7,SV349,0,0,0,2,[object Object],bandwidth,1,0,0,1717555302,5.67,0,21.830918
OT01V2938189117,1776279730103.352,outbound-rtp,COT01_98_profile-id=0,video,video,2938189117,T01,302167,697,true,0,0,332,332,78837,9,7,SV349,0,0,0,2,[object Object],bandwidth,1,0,0,1717555302,5.67,0,21.830918
OT01V2938189117,1776279730303.477,outbound-rtp,COT01_98_profile-id=0,video,video,2938189117,T01,310136,729,true,0,0,341,341,84705,9,7,SV349,0,0,0,2,[object Object],bandwidth,1,0,0,1717555302,5.863,0,21.830966999999998
OT01V2938189117,1776279730303.477,outbound-rtp,COT01_98_profile-id=0,video,video,2938189117,T01,310136,729,true,0,0,341,341,84705,9,7,SV349,0,0,0,2,[object Object],bandwidth,1,0,0,1717555302,5.863,0,21.830966999999998
OT01V2938189117,1776279730503.407,outbound-rtp,COT01_98_profile-id=0,video,video,2938189117,T01,318769,752,true,0,0,350,350,87807,9,7,SV349,0,0,0,2,[object Object],bandwidth,1,0,0,1717555302,6.057,0,21.831008
OT01V2938189117,1776279730503.407,outbound-rtp,COT01_98_profile-id=0,video,video,2938189117,T01,318769,752,true,0,0,350,350,87807,9,7,SV349,0,0,0,2,[object Object],bandwidth,1,0,0,1717555302,6.057,0,21.831008
OT01V2938189117,1776279730703.307,outbound-rtp,COT01_98_profile-id=0,video,video,2938189117,T01,329770,781,true,0,0,364,364,91563,9,7,SV349,0,0,0,2,[object Object],bandwidth,1,0,0,1717555302,6.271,0,21.831023
OT01V2938189117,1776279730703.307,outbound-rtp,COT01_98_profile-id=0,video,video,2938189117,T01,329770,781,true,0,0,364,364,91563,9,7,SV349,0,0,0,2,[object Object],bandwidth,1,0,0,1717555302,6.271,0,21.831023
OT01V2938189117,1776279730903.343,outbound-rtp,COT01_98_profile-id=0,video,video,2938189117,T01,339979,803,true,0,0,376,376,93621,9,7,SV349,0,0,0,2,[object Object],bandwidth,1,0,0,1717555302,6.434,0,21.831039999999998
OT01V2938189117,1776279730903.343,outbound-rtp,COT01_98_profile-id=0,video,video,2938189117,T01,339979,803,true,0,0,376,376,93621,9,7,SV349,0,0,0,2,[object Object],bandwidth,1,0,0,1717555302,6.434,0,21.831039999999998
OT01V2938189117,1776279731103.403,outbound-rtp,COT01_98_profile-id=0,video,video,2938189117,T01,350968,828,true,0,0,387,387,96771,9,7,SV349,0,0,0,2,[object Object],bandwidth,1,0,0,1717555302,6.65,0,21.831070999999998
OT01V2938189117,1776279731103.403,outbound-rtp,COT01_98_profile-id=0,video,video,2938189117,T01,350968,828,true,0,0,387,387,96771,9,7,SV349,0,0,0,2,[object Object],bandwidth,1,0,0,1717555302,6.65,0,21.831070999999998
OT01V2938189117,1776279731303.399,outbound-rtp,COT01_98_profile-id=0,video,video,2938189117,T01,361265,854,true,0,0,399,399,99945,9,7,SV349,0,0,0,2,[object Object],bandwidth,1,0,0,1717555302,6.884,0,21.845644
OT01V2938189117,1776279731303.399,outbound-rtp,COT01_98_profile-id=0,video,video,2938189117,T01,361265,854,true,0,0,399,399,99945,9,7,SV349,0,0,0,2,[object Object],bandwidth,1,0,0,1717555302,6.884,0,21.845644
OT01V2938189117,1776279731503.332,outbound-rtp,COT01_98_profile-id=0,video,video,2938189117,T01,371279,888,true,0,0,411,411,105861,9,7,SV349,0,0,0,2,[object Object],bandwidth,1,0,0,1717555302,7.131,0,21.845682999999998
OT01V2938189117,1776279731503.332,outbound-rtp,COT01_98_profile-id=0,video,video,2938189117,T01,371279,888,true,0,0,411,411,105861,9,7,SV349,0,0,0,2,[object Object],bandwidth,1,0,0,1717555302,7.131,0,21.845682999999998
OT01V2938189117,1776279731703.494,outbound-rtp,COT01_98_profile-id=0,video,video,2938189117,T01,384084,908,true,0,0,422,422,106851,9,7,SV349,0,0,0,2,[object Object],bandwidth,1,0,0,1717555302,7.376,0,22.023111999999998
OT01V2938189117,1776279731703.494,outbound-rtp,COT01_98_profile-id=0,video,video,2938189117,T01,384084,908,true,0,0,422,422,106851,9,7,SV349,0,0,0,2,[object Object],bandwidth,1,0,0,1717555302,7.376,0,22.023111999999998
OT01V2938189117,1776279731903.273,outbound-rtp,COT01_98_profile-id=0,video,video,2938189117,T01,397525,925,true,0,0,436,436,107259,9,7,SV349,0,0,0,2,[object Object],bandwidth,1,0,0,1717555302,7.594,0,22.067279
OT01V2938189117,1776279731903.273,outbound-rtp,COT01_98_profile-id=0,video,video,2938189117,T01,397525,925,true,0,0,436,436,107259,9,7,SV349,0,0,0,2,[object Object],bandwidth,1,0,0,1717555302,7.594,0,22.067279
OT01V2938189117,1776279732103.531,outbound-rtp,COT01_98_profile-id=0,video,video,2938189117,T01,411325,948,true,0,0,447,447,108831,10,9,SV349,0,0,0,3,[object Object],bandwidth,1,0,0,1717555302,7.756,0,22.168331
OT01V2938189117,1776279732103.531,outbound-rtp,COT01_98_profile-id=0,video,video,2938189117,T01,411325,948,true,0,0,447,447,108831,10,9,SV349,0,0,0,3,[object Object],bandwidth,1,0,0,1717555302,7.756,0,22.168331
OT01V2938189117,1776279732303.431,outbound-rtp,COT01_98_profile-id=0,video,video,2938189117,T01,429768,970,true,0,0,459,459,109367,10,9,SV349,0,0,0,3,[object Object],bandwidth,1,0,0,1717555302,7.955,0,23.374501
OT01V2938189117,1776279732303.431,outbound-rtp,COT01_98_profile-id=0,video,video,2938189117,T01,429768,970,true,0,0,459,459,109367,10,9,SV349,0,0,0,3,[object Object],bandwidth,1,0,0,1717555302,7.955,0,23.374501
OT01V2938189117,1776279732503.319,outbound-rtp,COT01_98_profile-id=0,video,video,2938189117,T01,446557,994,true,0,0,472,472,109943,10,9,SV349,0,0,0,3,[object Object],bandwidth,1,0,0,1717555302,8.174,0,23.908855
OT01V2938189117,1776279732503.319,outbound-rtp,COT01_98_profile-id=0,video,video,2938189117,T01,446557,994,true,0,0,472,472,109943,10,9,SV349,0,0,0,3,[object Object],bandwidth,1,0,0,1717555302,8.174,0,23.908855
OT01V2938189117,1776279732703.289,outbound-rtp,COT01_98_profile-id=0,video,video,2938189117,T01,457186,1010,true,0,0,484,484,110327,10,9,SV349,0,0,0,3,[object Object],bandwidth,1,0,0,1717555302,8.394,0,23.908863
OT01V2938189117,1776279732703.289,outbound-rtp,COT01_98_profile-id=0,video,video,2938189117,T01,457186,1010,true,0,0,484,484,110327,10,9,SV349,0,0,0,3,[object Object],bandwidth,1,0,0,1717555302,8.394,0,23.908863
OT01V2938189117,1776279732903.363,outbound-rtp,COT01_98_profile-id=0,video,video,2938189117,T01,472148,1029,true,0,0,496,496,110783,10,9,SV349,0,0,0,3,[object Object],bandwidth,1,0,0,1717555302,8.598,0,23.908891999999998
OT01V2938189117,1776279732903.363,outbound-rtp,COT01_98_profile-id=0,video,video,2938189117,T01,472148,1029,true,0,0,496,496,110783,10,9,SV349,0,0,0,3,[object Object],bandwidth,1,0,0,1717555302,8.598,0,23.908891999999998
OT01V2938189117,1776279733103.308,outbound-rtp,COT01_98_profile-id=0,video,video,2938189117,T01,487417,1051,true,0,0,508,508,111311,10,9,SV349,0,0,0,3,[object Object],bandwidth,1,0,0,1717555302,8.797,0,23.930875
OT01V2938189117,1776279733103.308,outbound-rtp,COT01_98_profile-id=0,video,video,2938189117,T01,487417,1051,true,0,0,508,508,111311,10,9,SV349,0,0,0,3,[object Object],bandwidth,1,0,0,1717555302,8.797,0,23.930875
OT01V2938189117,1776279733303.388,outbound-rtp,COT01_98_profile-id=0,video,video,2938189117,T01,504467,1072,true,0,0,520,520,111815,10,9,SV349,0,0,0,3,[object Object],bandwidth,1,0,0,1717555302,8.978,0,23.963967
OT01V2938189117,1776279733303.388,outbound-rtp,COT01_98_profile-id=0,video,video,2938189117,T01,504467,1072,true,0,0,520,520,111815,10,9,SV349,0,0,0,3,[object Object],bandwidth,1,0,0,1717555302,8.978,0,23.963967
OT01V2938189117,1776279733503.281,outbound-rtp,COT01_98_profile-id=0,video,video,2938189117,T01,519907,1092,true,0,0,532,532,112295,10,9,SV349,0,0,0,3,[object Object],bandwidth,1,0,0,1717555302,9.186,0,23.978693999999997
OT01V2938189117,1776279733503.281,outbound-rtp,COT01_98_profile-id=0,video,video,2938189117,T01,519907,1092,true,0,0,532,532,112295,10,9,SV349,0,0,0,3,[object Object],bandwidth,1,0,0,1717555302,9.186,0,23.978693999999997
OT01V2938189117,1776279733703.299,outbound-rtp,COT01_98_profile-id=0,video,video,2938189117,T01,538279,1113,true,0,0,544,544,112799,10,9,SV349,0,0,0,3,[object Object],bandwidth,1,0,0,1717555302,9.398,0,24.12002
OT01V2938189117,1776279733703.299,outbound-rtp,COT01_98_profile-id=0,video,video,2938189117,T01,538279,1113,true,0,0,544,544,112799,10,9,SV349,0,0,0,3,[object Object],bandwidth,1,0,0,1717555302,9.398,0,24.12002
OT01V2938189117,1776279733903.392,outbound-rtp,COT01_98_profile-id=0,video,video,2938189117,T01,552069,1134,true,0,0,556,556,113303,10,9,SV349,0,0,0,3,[object Object],bandwidth,1,0,0,1717555302,9.653,0,24.155725
OT01V2938189117,1776279733903.392,outbound-rtp,COT01_98_profile-id=0,video,video,2938189117,T01,552069,1134,true,0,0,556,556,113303,10,9,SV349,0,0,0,3,[object Object],bandwidth,1,0,0,1717555302,9.653,0,24.155725
OT01V2938189117,1776279734103.381,outbound-rtp,COT01_98_profile-id=0,video,video,2938189117,T01,571783,1156,true,0,0,568,568,113831,10,9,SV349,0,0,0,3,[object Object],bandwidth,1,0,0,1717555302,9.912,0,24.197778
OT01V2938189117,1776279734103.381,outbound-rtp,COT01_98_profile-id=0,video,video,2938189117,T01,571783,1156,true,0,0,568,568,113831,10,9,SV349,0,0,0,3,[object Object],bandwidth,1,0,0,1717555302,9.912,0,24.197778
OT01V2938189117,1776279734303.288,outbound-rtp,COT01_98_profile-id=0,video,video,2938189117,T01,586407,1177,true,0,0,580,580,114335,10,9,SV349,0,0,0,3,[object Object],bandwidth,1,0,0,1717555302,10.065,0,24.233684
OT01V2938189117,1776279734303.288,outbound-rtp,COT01_98_profile-id=0,video,video,2938189117,T01,586407,1177,true,0,0,580,580,114335,10,9,SV349,0,0,0,3,[object Object],bandwidth,1,0,0,1717555302,10.065,0,24.233684
OT01V2938189117,1776279734503.372,outbound-rtp,COT01_98_profile-id=0,video,video,2938189117,T01,606826,1199,true,0,0,591,591,114863,10,9,SV349,0,0,0,3,[object Object],bandwidth,1,0,0,1717555302,10.269,0,24.287571
OT01V2938189117,1776279734503.372,outbound-rtp,COT01_98_profile-id=0,video,video,2938189117,T01,606826,1199,true,0,0,591,591,114863,10,9,SV349,0,0,0,3,[object Object],bandwidth,1,0,0,1717555302,10.269,0,24.287571
OT01V2938189117,1776279734703.327,outbound-rtp,COT01_98_profile-id=0,video,video,2938189117,T01,625054,1222,true,0,0,604,604,115415,10,9,SV349,0,0,0,3,[object Object],bandwidth,1,0,0,1717555302,10.555,0,24.370548
OT01V2938189117,1776279734703.327,outbound-rtp,COT01_98_profile-id=0,video,video,2938189117,T01,625054,1222,true,0,0,604,604,115415,10,9,SV349,0,0,0,3,[object Object],bandwidth,1,0,0,1717555302,10.555,0,24.370548
OT01V2938189117,1776279734903.467,outbound-rtp,COT01_98_profile-id=0,video,video,2938189117,T01,642229,1241,true,0,0,616,616,115871,10,9,SV349,0,0,0,3,[object Object],bandwidth,1,0,0,1717555302,10.777,0,24.370563999999998
OT01V2938189117,1776279734903.467,outbound-rtp,COT01_98_profile-id=0,video,video,2938189117,T01,642229,1241,true,0,0,616,616,115871,10,9,SV349,0,0,0,3,[object Object],bandwidth,1,0,0,1717555302,10.777,0,24.370563999999998
OT01V2938189117,1776279735103.372,outbound-rtp,COT01_98_profile-id=0,video,video,2938189117,T01,660966,1267,true,0,0,628,628,116495,10,9,SV349,0,0,0,3,[object Object],bandwidth,1,0,0,1717555302,10.998,0,24.3986
OT01V2938189117,1776279735103.372,outbound-rtp,COT01_98_profile-id=0,video,video,2938189117,T01,660966,1267,true,0,0,628,628,116495,10,9,SV349,0,0,0,3,[object Object],bandwidth,1,0,0,1717555302,10.998,0,24.3986
OT01V2938189117,1776279735303.307,outbound-rtp,COT01_98_profile-id=0,video,video,2938189117,T01,678856,1288,true,0,0,640,640,116999,10,9,SV349,0,0,0,3,[object Object],bandwidth,1,0,0,1717555302,11.206,0,24.398612
OT01V2938189117,1776279735303.307,outbound-rtp,COT01_98_profile-id=0,video,video,2938189117,T01,678856,1288,true,0,0,640,640,116999,10,9,SV349,0,0,0,3,[object Object],bandwidth,1,0,0,1717555302,11.206,0,24.398612
OT01V2938189117,1776279735503.274,outbound-rtp,COT01_98_profile-id=0,video,video,2938189117,T01,697450,1312,true,0,0,652,652,117575,10,9,SV349,0,0,0,3,[object Object],bandwidth,1,0,0,1717555302,11.356,0,24.570311999999998
OT01V2938189117,1776279735503.274,outbound-rtp,COT01_98_profile-id=0,video,video,2938189117,T01,697450,1312,true,0,0,652,652,117575,10,9,SV349,0,0,0,3,[object Object],bandwidth,1,0,0,1717555302,11.356,0,24.570311999999998
OT01V2938189117,1776279735703.326,outbound-rtp,COT01_98_profile-id=0,video,video,2938189117,T01,718576,1336,true,0,0,664,664,118151,10,9,SV349,0,0,0,3,[object Object],bandwidth,1,0,0,1717555302,11.582,0,24.595813999999997
OT01V2938189117,1776279735703.326,outbound-rtp,COT01_98_profile-id=0,video,video,2938189117,T01,718576,1336,true,0,0,664,664,118151,10,9,SV349,0,0,0,3,[object Object],bandwidth,1,0,0,1717555302,11.582,0,24.595813999999997
OT01V2938189117,1776279735903.305,outbound-rtp,COT01_98_profile-id=0,video,video,2938189117,T01,736646,1360,true,0,0,676,676,118727,10,9,SV349,0,0,0,3,[object Object],bandwidth,1,0,0,1717555302,11.815,0,24.625946
OT01V2938189117,1776279735903.305,outbound-rtp,COT01_98_profile-id=0,video,video,2938189117,T01,736646,1360,true,0,0,676,676,118727,10,9,SV349,0,0,0,3,[object Object],bandwidth,1,0,0,1717555302,11.815,0,24.625946
OT01V2938189117,1776279736103.38,outbound-rtp,COT01_98_profile-id=0,video,video,2938189117,T01,755300,1382,true,0,0,688,688,119255,10,9,SV349,0,0,0,3,[object Object],bandwidth,1,0,0,1717555302,12.009,0,24.663909999999998
OT01V2938189117,1776279736103.38,outbound-rtp,COT01_98_profile-id=0,video,video,2938189117,T01,755300,1382,true,0,0,688,688,119255,10,9,SV349,0,0,0,3,[object Object],bandwidth,1,0,0,1717555302,12.009,0,24.663909999999998
OT01V2938189117,1776279736303.451,outbound-rtp,COT01_98_profile-id=0,video,video,2938189117,T01,776046,1407,true,0,0,699,699,119855,10,9,SV349,0,0,0,3,[object Object],bandwidth,1,0,0,1717555302,12.223,0,24.813627
OT01V2938189117,1776279736303.451,outbound-rtp,COT01_98_profile-id=0,video,video,2938189117,T01,776046,1407,true,0,0,699,699,119855,10,9,SV349,0,0,0,3,[object Object],bandwidth,1,0,0,1717555302,12.223,0,24.813627
OT01V2938189117,1776279736503.398,outbound-rtp,COT01_98_profile-id=0,video,video,2938189117,T01,797359,1432,true,0,0,710,710,120455,10,9,SV349,0,0,0,3,[object Object],bandwidth,1,0,0,1717555302,12.466,0,24.813657
OT01V2938189117,1776279736503.398,outbound-rtp,COT01_98_profile-id=0,video,video,2938189117,T01,797359,1432,true,0,0,710,710,120455,10,9,SV349,0,0,0,3,[object Object],bandwidth,1,0,0,1717555302,12.466,0,24.813657
OT01V2938189117,1776279736703.286,outbound-rtp,COT01_98_profile-id=0,video,video,2938189117,T01,817683,1458,true,0,0,724,724,121079,10,9,SV349,0,0,0,3,[object Object],bandwidth,1,0,0,1717555302,12.664,0,24.87209
OT01V2938189117,1776279736703.286,outbound-rtp,COT01_98_profile-id=0,video,video,2938189117,T01,817683,1458,true,0,0,724,724,121079,10,9,SV349,0,0,0,3,[object Object],bandwidth,1,0,0,1717555302,12.664,0,24.87209
OT01V2938189117,1776279736903.411,outbound-rtp,COT01_98_profile-id=0,video,video,2938189117,T01,840102,1486,true,0,0,736,736,121751,10,9,SV349,0,0,0,3,[object Object],bandwidth,1,0,0,1717555302,12.798,0,24.872099
OT01V2938189117,1776279736903.411,outbound-rtp,COT01_98_profile-id=0,video,video,2938189117,T01,840102,1486,true,0,0,736,736,121751,10,9,SV349,0,0,0,3,[object Object],bandwidth,1,0,0,1717555302,12.798,0,24.872099
OT01V2938189117,1776279737103.353,outbound-rtp,COT01_98_profile-id=0,video,video,2938189117,T01,861666,1512,true,0,0,748,748,122375,10,9,SV349,0,0,0,3,[object Object],bandwidth,1,0,0,1717555302,13.033,0,24.872121999999997
OT01V2938189117,1776279737103.353,outbound-rtp,COT01_98_profile-id=0,video,video,2938189117,T01,861666,1512,true,0,0,748,748,122375,10,9,SV349,0,0,0,3,[object Object],bandwidth,1,0,0,1717555302,13.033,0,24.872121999999997
OT01V2938189117,1776279737303.267,outbound-rtp,COT01_98_profile-id=0,video,video,2938189117,T01,886542,1541,true,0,0,760,760,123071,10,9,SV349,0,0,0,3,[object Object],bandwidth,1,0,0,1717555302,13.262,0,24.872138
OT01V2938189117,1776279737303.267,outbound-rtp,COT01_98_profile-id=0,video,video,2938189117,T01,886542,1541,true,0,0,760,760,123071,10,9,SV349,0,0,0,3,[object Object],bandwidth,1,0,0,1717555302,13.262,0,24.872138
OT01V2938189117,1776279737503.446,outbound-rtp,COT01_98_profile-id=0,video,video,2938189117,T01,905343,1560,true,0,0,773,773,123535,13,12,SV349,0,0,0,3,[object Object],bandwidth,2,0,0,1717555302,13.533,0,25.088587
OT01V2938189117,1776279737503.446,outbound-rtp,COT01_98_profile-id=0,video,video,2938189117,T01,905343,1560,true,0,0,773,773,123535,13,12,SV349,0,0,0,3,[object Object],bandwidth,2,0,0,1717555302,13.533,0,25.088587
OT01V2938189117,1776279737703.305,outbound-rtp,COT01_98_profile-id=0,video,video,2938189117,T01,933386,1588,true,0,0,790,790,124211,15,12,SV349,0,0,0,3,[object Object],bandwidth,2,0,0,1717555302,13.892,0,29.605306
OT01V2938189117,1776279737703.305,outbound-rtp,COT01_98_profile-id=0,video,video,2938189117,T01,933386,1588,true,0,0,790,790,124211,15,12,SV349,0,0,0,3,[object Object],bandwidth,2,0,0,1717555302,13.892,0,29.605306
OT01V2938189117,1776279737903.285,outbound-rtp,COT01_98_profile-id=0,video,video,2938189117,T01,955369,1612,true,0,0,801,801,124787,15,12,SV349,0,0,0,3,[object Object],bandwidth,2,0,0,1717555302,14.131,0,35.34017
OT01V2938189117,1776279737903.285,outbound-rtp,COT01_98_profile-id=0,video,video,2938189117,T01,955369,1612,true,0,0,801,801,124787,15,12,SV349,0,0,0,3,[object Object],bandwidth,2,0,0,1717555302,14.131,0,35.34017
OT01V2938189117,1776279738103.315,outbound-rtp,COT01_98_profile-id=0,video,video,2938189117,T01,983676,1643,true,0,0,812,812,125531,16,12,SV349,0,0,0,3,[object Object],bandwidth,2,0,0,1717555302,14.298,0,44.682854999999996
OT01V2938189117,1776279738103.315,outbound-rtp,COT01_98_profile-id=0,video,video,2938189117,T01,983676,1643,true,0,0,812,812,125531,16,12,SV349,0,0,0,3,[object Object],bandwidth,2,0,0,1717555302,14.298,0,44.682854999999996
OT01V2938189117,1776279738303.267,outbound-rtp,COT01_98_profile-id=0,video,video,2938189117,T01,1006344,1670,true,0,0,821,821,126179,19,15,SV349,0,0,0,4,[object Object],bandwidth,2,0,0,1717555302,14.44,0,53.121489999999994
OT01V2938189117,1776279738303.267,outbound-rtp,COT01_98_profile-id=0,video,video,2938189117,T01,1006344,1670,true,0,0,821,821,126179,19,15,SV349,0,0,0,4,[object Object],bandwidth,2,0,0,1717555302,14.44,0,53.121489999999994
OT01V2938189117,1776279738503.365,outbound-rtp,COT01_98_profile-id=0,video,video,2938189117,T01,1036509,1702,true,0,0,831,831,126947,19,15,SV349,0,0,0,4,[object Object],bandwidth,2,0,0,1717555302,14.651,0,63.517703999999995
OT01V2938189117,1776279738503.365,outbound-rtp,COT01_98_profile-id=0,video,video,2938189117,T01,1036509,1702,true,0,0,831,831,126947,19,15,SV349,0,0,0,4,[object Object],bandwidth,2,0,0,1717555302,14.651,0,63.517703999999995
OT01V2938189117,1776279738703.409,outbound-rtp,COT01_98_profile-id=0,video,video,2938189117,T01,1065755,1730,true,0,0,841,841,127627,21,15,SV349,0,0,0,4,[object Object],bandwidth,2,0,0,1717555302,14.9,0,74.372301
OT01V2938189117,1776279738703.409,outbound-rtp,COT01_98_profile-id=0,video,video,2938189117,T01,1065755,1730,true,0,0,841,841,127627,21,15,SV349,0,0,0,4,[object Object],bandwidth,2,0,0,1717555302,14.9,0,74.372301
OT01V2938189117,1776279738903.466,outbound-rtp,COT01_98_profile-id=0,video,video,2938189117,T01,1089772,1757,true,0,0,851,851,128279,21,15,SV349,0,0,0,4,[object Object],bandwidth,2,0,0,1717555302,15.104,0,86.973287
OT01V2938189117,1776279738903.466,outbound-rtp,COT01_98_profile-id=0,video,video,2938189117,T01,1089772,1757,true,0,0,851,851,128279,21,15,SV349,0,0,0,4,[object Object],bandwidth,2,0,0,1717555302,15.104,0,86.973287
OT01V2938189117,1776279739103.276,outbound-rtp,COT01_98_profile-id=0,video,video,2938189117,T01,1119896,1788,true,0,0,863,863,129023,23,15,SV349,0,0,0,4,[object Object],bandwidth,2,0,0,1717555302,15.383,0,100.43168
OT01V2938189117,1776279739103.276,outbound-rtp,COT01_98_profile-id=0,video,video,2938189117,T01,1119896,1788,true,0,0,863,863,129023,23,15,SV349,0,0,0,4,[object Object],bandwidth,2,0,0,1717555302,15.383,0,100.43168
OT01V2938189117,1776279739303.355,outbound-rtp,COT01_98_profile-id=0,video,video,2938189117,T01,1145082,1817,true,0,0,877,877,129719,26,18,SV349,0,0,0,4,[object Object],bandwidth,2,0,0,1717555302,15.586,0,112.548982
OT01V2938189117,1776279739303.355,outbound-rtp,COT01_98_profile-id=0,video,video,2938189117,T01,1145082,1817,true,0,0,877,877,129719,26,18,SV349,0,0,0,4,[object Object],bandwidth,2,0,0,1717555302,15.586,0,112.548982
OT01V2938189117,1776279739503.296,outbound-rtp,COT01_98_profile-id=0,video,video,2938189117,T01,1176464,1850,true,0,0,896,896,130511,27,18,SV349,0,0,0,4,[object Object],bandwidth,2,0,0,1717555302,15.93,0,125.33847
OT01V2938189117,1776279739503.296,outbound-rtp,COT01_98_profile-id=0,video,video,2938189117,T01,1176464,1850,true,0,0,896,896,130511,27,18,SV349,0,0,0,4,[object Object],bandwidth,2,0,0,1717555302,15.93,0,125.33847
OT01V2938189117,1776279739703.382,outbound-rtp,COT01_98_profile-id=0,video,video,2938189117,T01,1202617,1875,true,0,0,914,914,131119,27,18,SV349,0,0,0,4,[object Object],bandwidth,2,0,0,1717555302,16.212,0,134.709894
OT01V2938189117,1776279739703.382,outbound-rtp,COT01_98_profile-id=0,video,video,2938189117,T01,1202617,1875,true,0,0,914,914,131119,27,18,SV349,0,0,0,4,[object Object],bandwidth,2,0,0,1717555302,16.212,0,134.709894
OT01V2938189117,1776279739903.343,outbound-rtp,COT01_98_profile-id=0,video,video,2938189117,T01,1235275,1914,true,0,0,932,932,132059,27,18,SV349,0,0,0,5,[object Object],bandwidth,2,0,0,1717555302,16.501,0,152.44340499999998
OT01V2938189117,1776279739903.343,outbound-rtp,COT01_98_profile-id=0,video,video,2938189117,T01,1235275,1914,true,0,0,932,932,132059,27,18,SV349,0,0,0,5,[object Object],bandwidth,2,0,0,1717555302,16.501,0,152.44340499999998
OT01V2938189117,1776279740103.311,outbound-rtp,COT01_98_profile-id=0,video,video,2938189117,T01,1262740,1949,true,0,0,948,948,132899,30,21,SV349,0,0,0,5,[object Object],bandwidth,2,0,0,1717555302,16.778,0,167.109677
OT01V2938189117,1776279740103.311,outbound-rtp,COT01_98_profile-id=0,video,video,2938189117,T01,1262740,1949,true,0,0,948,948,132899,30,21,SV349,0,0,0,5,[object Object],bandwidth,2,0,0,1717555302,16.778,0,167.109677
OT01V2938189117,1776279740303.281,outbound-rtp,COT01_98_profile-id=0,video,video,2938189117,T01,1295624,1989,true,0,0,958,958,133863,30,21,SV349,0,0,0,5,[object Object],bandwidth,2,0,0,1717555302,16.943,0,181.66302
OT01V2938189117,1776279740303.281,outbound-rtp,COT01_98_profile-id=0,video,video,2938189117,T01,1295624,1989,true,0,0,958,958,133863,30,21,SV349,0,0,0,5,[object Object],bandwidth,2,0,0,1717555302,16.943,0,181.66302
OT01V2938189117,1776279740503.401,outbound-rtp,COT01_98_profile-id=0,video,video,2938189117,T01,1328499,2026,true,0,0,971,971,134759,31,21,SV349,0,0,0,6,[object Object],bandwidth,2,0,0,1717555302,17.094,0,195.690371
OT01V2938189117,1776279740503.401,outbound-rtp,COT01_98_profile-id=0,video,video,2938189117,T01,1328499,2026,true,0,0,971,971,134759,31,21,SV349,0,0,0,6,[object Object],bandwidth,2,0,0,1717555302,17.094,0,195.690371
OT01V2938189117,1776279740703.534,outbound-rtp,COT01_98_profile-id=0,video,video,2938189117,T01,1355351,2059,true,0,0,979,979,135551,34,24,SV349,0,0,0,6,[object Object],bandwidth,2,0,0,1717555302,17.24,0,205.27428899999998
OT01V2938189117,1776279740703.534,outbound-rtp,COT01_98_profile-id=0,video,video,2938189117,T01,1355351,2059,true,0,0,979,979,135551,34,24,SV349,0,0,0,6,[object Object],bandwidth,2,0,0,1717555302,17.24,0,205.27428899999998
OT01V2938189117,1776279740903.465,outbound-rtp,COT01_98_profile-id=0,video,video,2938189117,T01,1388246,2095,true,0,0,987,987,136427,35,24,SV349,0,0,0,6,[object Object],bandwidth,2,0,0,1717555302,17.446,0,214.41411499999998
OT01V2938189117,1776279740903.465,outbound-rtp,COT01_98_profile-id=0,video,video,2938189117,T01,1388246,2095,true,0,0,987,987,136427,35,24,SV349,0,0,0,6,[object Object],bandwidth,2,0,0,1717555302,17.446,0,214.41411499999998
OT01V2938189117,1776279741103.421,outbound-rtp,COT01_98_profile-id=0,video,video,2938189117,T01,1423409,2134,true,0,0,1000,1000,137371,37,27,SV349,0,0,0,7,[object Object],bandwidth,2,0,0,1717555302,17.717,0,219.18890499999998
OT01V2938189117,1776279741103.421,outbound-rtp,COT01_98_profile-id=0,video,video,2938189117,T01,1423409,2134,true,0,0,1000,1000,137371,37,27,SV349,0,0,0,7,[object Object],bandwidth,2,0,0,1717555302,17.717,0,219.18890499999998
OT01V2938189117,1776279741303.421,outbound-rtp,COT01_98_profile-id=0,video,video,2938189117,T01,1447091,2163,true,0,0,1009,1009,138071,37,27,SV349,0,0,0,7,[object Object],bandwidth,2,0,0,1717555302,17.877,0,220.58281699999998
OT01V2938189117,1776279741303.421,outbound-rtp,COT01_98_profile-id=0,video,video,2938189117,T01,1447091,2163,true,0,0,1009,1009,138071,37,27,SV349,0,0,0,7,[object Object],bandwidth,2,0,0,1717555302,17.877,0,220.58281699999998
OT01V2938189117,1776279741503.321,outbound-rtp,COT01_98_profile-id=0,video,video,2938189117,T01,1463473,2182,true,0,0,1017,1017,138527,38,27,SV349,0,0,0,7,[object Object],bandwidth,2,0,0,1717555302,18.008,0,220.766585
OT01V2938189117,1776279741503.321,outbound-rtp,COT01_98_profile-id=0,video,video,2938189117,T01,1463473,2182,true,0,0,1017,1017,138527,38,27,SV349,0,0,0,7,[object Object],bandwidth,2,0,0,1717555302,18.008,0,220.766585
OT01V2938189117,1776279741703.392,outbound-rtp,COT01_98_profile-id=0,video,video,2938189117,T01,1474116,2199,true,0,0,1028,1028,138935,38,27,SV349,0,0,0,7,[object Object],bandwidth,2,0,0,1717555302,18.152,0,220.766595
OT01V2938189117,1776279741703.392,outbound-rtp,COT01_98_profile-id=0,video,video,2938189117,T01,1474116,2199,true,0,0,1028,1028,138935,38,27,SV349,0,0,0,7,[object Object],bandwidth,2,0,0,1717555302,18.152,0,220.766595
OT01V2938189117,1776279741903.3,outbound-rtp,COT01_98_profile-id=0,video,video,2938189117,T01,1493194,2222,true,0,0,1040,1040,139487,38,27,SV349,0,0,0,7,[object Object],bandwidth,2,0,0,1717555302,18.366,0,220.848792
OT01V2938189117,1776279741903.3,outbound-rtp,COT01_98_profile-id=0,video,video,2938189117,T01,1493194,2222,true,0,0,1040,1040,139487,38,27,SV349,0,0,0,7,[object Object],bandwidth,2,0,0,1717555302,18.366,0,220.848792
OT01V2938189117,1776279742103.448,outbound-rtp,COT01_98_profile-id=0,video,video,2938189117,T01,1500103,2236,true,0,0,1050,1050,139823,38,27,SV349,0,0,0,7,[object Object],bandwidth,2,0,0,1717555302,18.55,0,220.84879999999998
OT01V2938189117,1776279742103.448,outbound-rtp,COT01_98_profile-id=0,video,video,2938189117,T01,1500103,2236,true,0,0,1050,1050,139823,38,27,SV349,0,0,0,7,[object Object],bandwidth,2,0,0,1717555302,18.55,0,220.84879999999998
OT01V2938189117,1776279742303.376,outbound-rtp,COT01_98_profile-id=0,video,video,2938189117,T01,1517990,2260,true,0,0,1064,1064,140399,38,27,SV349,0,0,0,7,[object Object],bandwidth,2,0,0,1717555302,18.839,0,220.848831
OT01V2938189117,1776279742303.376,outbound-rtp,COT01_98_profile-id=0,video,video,2938189117,T01,1517990,2260,true,0,0,1064,1064,140399,38,27,SV349,0,0,0,7,[object Object],bandwidth,2,0,0,1717555302,18.839,0,220.848831
OT01V2938189117,1776279742503.467,outbound-rtp,COT01_98_profile-id=0,video,video,2938189117,T01,1532411,2280,true,0,0,1075,1075,140879,38,27,SV349,0,0,0,7,[object Object],bandwidth,2,0,0,1717555302,19.039,0,220.84884599999998
OT01V2938189117,1776279742503.467,outbound-rtp,COT01_98_profile-id=0,video,video,2938189117,T01,1532411,2280,true,0,0,1075,1075,140879,38,27,SV349,0,0,0,7,[object Object],bandwidth,2,0,0,1717555302,19.039,0,220.84884599999998
OT01V2938189117,1776279742703.31,outbound-rtp,COT01_98_profile-id=0,video,video,2938189117,T01,1552210,2305,true,0,0,1090,1090,141479,38,27,SV349,0,0,0,7,[object Object],bandwidth,2,0,0,1717555302,19.269,0,220.84885699999998
OT01V2938189117,1776279742703.31,outbound-rtp,COT01_98_profile-id=0,video,video,2938189117,T01,1552210,2305,true,0,0,1090,1090,141479,38,27,SV349,0,0,0,7,[object Object],bandwidth,2,0,0,1717555302,19.269,0,220.84885699999998
OT01V2938189117,1776279742903.327,outbound-rtp,COT01_98_profile-id=0,video,video,2938189117,T01,1568328,2327,true,0,0,1102,1102,142007,38,27,SV349,0,0,0,7,[object Object],bandwidth,2,0,0,1717555302,19.421,0,220.881252
OT01V2938189117,1776279742903.327,outbound-rtp,COT01_98_profile-id=0,video,video,2938189117,T01,1568328,2327,true,0,0,1102,1102,142007,38,27,SV349,0,0,0,7,[object Object],bandwidth,2,0,0,1717555302,19.421,0,220.881252
OT01V2938189117,1776279743103.462,outbound-rtp,COT01_98_profile-id=0,video,video,2938189117,T01,1586353,2351,true,0,0,1117,1117,142583,38,27,SV349,0,0,0,7,[object Object],bandwidth,2,0,0,1717555302,19.682,0,220.881263
OT01V2938189117,1776279743103.462,outbound-rtp,COT01_98_profile-id=0,video,video,2938189117,T01,1586353,2351,true,0,0,1117,1117,142583,38,27,SV349,0,0,0,7,[object Object],bandwidth,2,0,0,1717555302,19.682,0,220.881263
OT01V2938189117,1776279743303.38,outbound-rtp,COT01_98_profile-id=0,video,video,2938189117,T01,1598753,2369,true,0,0,1128,1128,143015,38,27,SV349,0,0,0,7,[object Object],bandwidth,2,0,0,1717555302,19.86,0,220.881269
OT01V2938189117,1776279743303.38,outbound-rtp,COT01_98_profile-id=0,video,video,2938189117,T01,1598753,2369,true,0,0,1128,1128,143015,38,27,SV349,0,0,0,7,[object Object],bandwidth,2,0,0,1717555302,19.86,0,220.881269
OT01V2938189117,1776279743503.441,outbound-rtp,COT01_98_profile-id=0,video,video,2938189117,T01,1620901,2399,true,0,0,1145,1145,143735,38,27,SV349,0,0,0,7,[object Object],bandwidth,2,0,0,1717555302,20.186,0,220.881294
OT01V2938189117,1776279743503.441,outbound-rtp,COT01_98_profile-id=0,video,video,2938189117,T01,1620901,2399,true,0,0,1145,1145,143735,38,27,SV349,0,0,0,7,[object Object],bandwidth,2,0,0,1717555302,20.186,0,220.881294
OT01V2938189117,1776279743703.37,outbound-rtp,COT01_98_profile-id=0,video,video,2938189117,T01,1636979,2422,true,0,0,1160,1160,144287,38,27,SV349,0,0,0,7,[object Object],bandwidth,2,0,0,1717555302,20.445,0,220.881304
OT01V2938189117,1776279743703.37,outbound-rtp,COT01_98_profile-id=0,video,video,2938189117,T01,1636979,2422,true,0,0,1160,1160,144287,38,27,SV349,0,0,0,7,[object Object],bandwidth,2,0,0,1717555302,20.445,0,220.881304
OT01V2938189117,1776279743903.283,outbound-rtp,COT01_98_profile-id=0,video,video,2938189117,T01,1659502,2454,true,0,0,1178,1178,145055,38,27,SV349,0,0,0,7,[object Object],bandwidth,2,0,0,1717555302,20.705,0,220.907353
OT01V2938189117,1776279743903.283,outbound-rtp,COT01_98_profile-id=0,video,video,2938189117,T01,1659502,2454,true,0,0,1178,1178,145055,38,27,SV349,0,0,0,7,[object Object],bandwidth,2,0,0,1717555302,20.705,0,220.907353
OT01V2938189117,1776279744103.337,outbound-rtp,COT01_98_profile-id=0,video,video,2938189117,T01,1674919,2478,true,0,0,1194,1194,145631,38,27,SV349,0,0,0,7,[object Object],bandwidth,2,0,0,1717555302,20.896,0,220.907369
OT01V2938189117,1776279744103.337,outbound-rtp,COT01_98_profile-id=0,video,video,2938189117,T01,1674919,2478,true,0,0,1194,1194,145631,38,27,SV349,0,0,0,7,[object Object],bandwidth,2,0,0,1717555302,20.896,0,220.907369
OT01V2938189117,1776279744303.295,outbound-rtp,COT01_98_profile-id=0,video,video,2938189117,T01,1700691,2509,true,0,0,1213,1213,146383,39,30,SV349,0,0,0,8,[object Object],bandwidth,2,0,0,1717555302,21.188,0,220.907387
OT01V2938189117,1776279744303.295,outbound-rtp,COT01_98_profile-id=0,video,video,2938189117,T01,1700691,2509,true,0,0,1213,1213,146383,39,30,SV349,0,0,0,8,[object Object],bandwidth,2,0,0,1717555302,21.188,0,220.907387
OT01V2938189117,1776279744503.498,outbound-rtp,COT01_98_profile-id=0,video,video,2938189117,T01,1733625,2546,true,0,0,1226,1226,147275,39,30,SV349,0,0,0,9,[object Object],bandwidth,2,0,0,1717555302,21.37,0,222.22821399999998
OT01V2938189117,1776279744503.498,outbound-rtp,COT01_98_profile-id=0,video,video,2938189117,T01,1733625,2546,true,0,0,1226,1226,147275,39,30,SV349,0,0,0,9,[object Object],bandwidth,2,0,0,1717555302,21.37,0,222.22821399999998
OT01V2938189117,1776279744703.36,outbound-rtp,COT01_98_profile-id=0,video,video,2938189117,T01,1759006,2576,true,0,0,1245,1245,147995,39,30,SV349,0,0,0,9,[object Object],bandwidth,2,0,0,1717555302,21.653,0,222.228228
OT01V2938189117,1776279744703.36,outbound-rtp,COT01_98_profile-id=0,video,video,2938189117,T01,1759006,2576,true,0,0,1245,1245,147995,39,30,SV349,0,0,0,9,[object Object],bandwidth,2,0,0,1717555302,21.653,0,222.228228
OT01V2938189117,1776279744903.276,outbound-rtp,COT01_98_profile-id=0,video,video,2938189117,T01,1779883,2606,true,0,0,1260,1260,148715,39,30,SV349,0,0,0,9,[object Object],bandwidth,2,0,0,1717555302,21.881,0,222.32294
OT01V2938189117,1776279744903.276,outbound-rtp,COT01_98_profile-id=0,video,video,2938189117,T01,1779883,2606,true,0,0,1260,1260,148715,39,30,SV349,0,0,0,9,[object Object],bandwidth,2,0,0,1717555302,21.881,0,222.32294
OT01V2938189117,1776279745103.304,outbound-rtp,COT01_98_profile-id=0,video,video,2938189117,T01,1806516,2638,true,0,0,1276,1276,149483,39,30,SV349,0,0,0,9,[object Object],bandwidth,2,0,0,1717555302,22.11,0,222.32296499999998
OT01V2938189117,1776279745103.304,outbound-rtp,COT01_98_profile-id=0,video,video,2938189117,T01,1806516,2638,true,0,0,1276,1276,149483,39,30,SV349,0,0,0,9,[object Object],bandwidth,2,0,0,1717555302,22.11,0,222.32296499999998
OT01V2938189117,1776279745303.322,outbound-rtp,COT01_98_profile-id=0,video,video,2938189117,T01,1829710,2669,true,0,0,1294,1294,150227,39,30,SV349,0,0,0,9,[object Object],bandwidth,2,0,0,1717555302,22.37,0,222.32298
OT01V2938189117,1776279745303.322,outbound-rtp,COT01_98_profile-id=0,video,video,2938189117,T01,1829710,2669,true,0,0,1294,1294,150227,39,30,SV349,0,0,0,9,[object Object],bandwidth,2,0,0,1717555302,22.37,0,222.32298
OT01V2938189117,1776279745503.392,outbound-rtp,COT01_98_profile-id=0,video,video,2938189117,T01,1856541,2701,true,0,0,1311,1311,150999,40,32,SV349,0,0,0,10,[object Object],bandwidth,2,0,0,1717555302,22.632,0,222.32299799999998
OT01V2938189117,1776279745503.392,outbound-rtp,COT01_98_profile-id=0,video,video,2938189117,T01,1856541,2701,true,0,0,1311,1311,150999,40,32,SV349,0,0,0,10,[object Object],bandwidth,2,0,0,1717555302,22.632,0,222.32299799999998
OT01V2938189117,1776279745703.612,outbound-rtp,COT01_98_profile-id=0,video,video,2938189117,T01,1895491,2745,true,0,0,1328,1328,152063,40,33,SV349,0,0,0,11,[object Object],bandwidth,2,0,0,1717555302,22.933,0,223.01816699999998
OT01V2938189117,1776279745703.612,outbound-rtp,COT01_98_profile-id=0,video,video,2938189117,T01,1895491,2745,true,0,0,1328,1328,152063,40,33,SV349,0,0,0,11,[object Object],bandwidth,2,0,0,1717555302,22.933,0,223.01816699999998
OT01V2938189117,1776279745903.374,outbound-rtp,COT01_98_profile-id=0,video,video,2938189117,T01,1915543,2772,true,0,0,1345,1345,152711,40,33,SV349,0,0,0,11,[object Object],bandwidth,2,0,0,1717555302,23.235,0,223.01818899999998
OT01V2938189117,1776279745903.374,outbound-rtp,COT01_98_profile-id=0,video,video,2938189117,T01,1915543,2772,true,0,0,1345,1345,152711,40,33,SV349,0,0,0,11,[object Object],bandwidth,2,0,0,1717555302,23.235,0,223.01818899999998
OT01V2938189117,1776279746103.37,outbound-rtp,COT01_98_profile-id=0,video,video,2938189117,T01,1958565,2819,true,0,0,1363,1363,153839,40,33,SV349,0,0,0,11,[object Object],bandwidth,2,0,0,1717555302,23.559,0,223.46334099999999
OT01V2938189117,1776279746103.37,outbound-rtp,COT01_98_profile-id=0,video,video,2938189117,T01,1958565,2819,true,0,0,1363,1363,153839,40,33,SV349,0,0,0,11,[object Object],bandwidth,2,0,0,1717555302,23.559,0,223.46334099999999
OT01V2938189117,1776279746303.276,outbound-rtp,COT01_98_profile-id=0,video,video,2938189117,T01,1984932,2853,true,0,0,1382,1382,154655,40,33,SV349,0,0,0,11,[object Object],bandwidth,2,0,0,1717555302,23.799,0,223.46337
OT01V2938189117,1776279746303.276,outbound-rtp,COT01_98_profile-id=0,video,video,2938189117,T01,1984932,2853,true,0,0,1382,1382,154655,40,33,SV349,0,0,0,11,[object Object],bandwidth,2,0,0,1717555302,23.799,0,223.46337
OT01V2938189117,1776279746503.548,outbound-rtp,COT01_98_profile-id=0,video,video,2938189117,T01,2012652,2885,true,0,0,1397,1397,155423,40,33,SV349,0,0,0,11,[object Object],bandwidth,2,0,0,1717555302,24.068,0,223.463393
OT01V2938189117,1776279746503.548,outbound-rtp,COT01_98_profile-id=0,video,video,2938189117,T01,2012652,2885,true,0,0,1397,1397,155423,40,33,SV349,0,0,0,11,[object Object],bandwidth,2,0,0,1717555302,24.068,0,223.463393
OT01V2938189117,1776279746703.294,outbound-rtp,COT01_98_profile-id=0,video,video,2938189117,T01,2035799,2917,true,0,0,1417,1417,156191,40,33,SV349,0,0,0,12,[object Object],bandwidth,2,0,0,1717555302,24.423,0,223.463416
OT01V2938189117,1776279746703.294,outbound-rtp,COT01_98_profile-id=0,video,video,2938189117,T01,2035799,2917,true,0,0,1417,1417,156191,40,33,SV349,0,0,0,12,[object Object],bandwidth,2,0,0,1717555302,24.423,0,223.463416
OT01V2938189117,1776279746903.421,outbound-rtp,COT01_98_profile-id=0,video,video,2938189117,T01,2078160,2959,true,0,0,1435,1435,157211,41,36,SV349,0,0,0,12,[object Object],bandwidth,2,0,0,1717555302,24.697,0,225.013961
OT01V2938189117,1776279746903.421,outbound-rtp,COT01_98_profile-id=0,video,video,2938189117,T01,2078160,2959,true,0,0,1435,1435,157211,41,36,SV349,0,0,0,12,[object Object],bandwidth,2,0,0,1717555302,24.697,0,225.013961
OT01V2938189117,1776279747103.344,outbound-rtp,COT01_98_profile-id=0,video,video,2938189117,T01,2116662,3007,true,0,0,1451,1451,158363,41,36,SV349,0,0,0,13,[object Object],bandwidth,2,0,0,1717555302,24.968,0,226.258006
OT01V2938189117,1776279747103.344,outbound-rtp,COT01_98_profile-id=0,video,video,2938189117,T01,2116662,3007,true,0,0,1451,1451,158363,41,36,SV349,0,0,0,13,[object Object],bandwidth,2,0,0,1717555302,24.968,0,226.258006
OT01V2938189117,1776279747303.293,outbound-rtp,COT01_98_profile-id=0,video,video,2938189117,T01,2153429,3049,true,0,0,1469,1469,159371,41,36,SV349,0,0,0,13,[object Object],bandwidth,2,0,0,1717555302,25.268,0,226.258026
OT01V2938189117,1776279747303.293,outbound-rtp,COT01_98_profile-id=0,video,video,2938189117,T01,2153429,3049,true,0,0,1469,1469,159371,41,36,SV349,0,0,0,13,[object Object],bandwidth,2,0,0,1717555302,25.268,0,226.258026
OT01V2938189117,1776279747503.323,outbound-rtp,COT01_98_profile-id=0,video,video,2938189117,T01,2172241,3076,true,0,0,1487,1487,160019,41,36,SV349,0,0,0,13,[object Object],bandwidth,2,0,0,1717555302,25.461,0,226.258043
OT01V2938189117,1776279747503.323,outbound-rtp,COT01_98_profile-id=0,video,video,2938189117,T01,2172241,3076,true,0,0,1487,1487,160019,41,36,SV349,0,0,0,13,[object Object],bandwidth,2,0,0,1717555302,25.461,0,226.258043
OT01V2938189117,1776279747703.361,outbound-rtp,COT01_98_profile-id=0,video,video,2938189117,T01,2210558,3119,true,0,0,1505,1505,161051,41,36,SV349,0,0,0,13,[object Object],bandwidth,2,0,0,1717555302,25.71,0,226.25806799999998
OT01V2938189117,1776279747703.361,outbound-rtp,COT01_98_profile-id=0,video,video,2938189117,T01,2210558,3119,true,0,0,1505,1505,161051,41,36,SV349,0,0,0,13,[object Object],bandwidth,2,0,0,1717555302,25.71,0,226.25806799999998
OT01V2938189117,1776279747903.42,outbound-rtp,COT01_98_profile-id=0,video,video,2938189117,T01,2226349,3143,true,0,0,1521,1521,161627,41,36,SV349,0,0,0,13,[object Object],bandwidth,2,0,0,1717555302,25.95,0,226.258075
OT01V2938189117,1776279747903.42,outbound-rtp,COT01_98_profile-id=0,video,video,2938189117,T01,2226349,3143,true,0,0,1521,1521,161627,41,36,SV349,0,0,0,13,[object Object],bandwidth,2,0,0,1717555302,25.95,0,226.258075
OT01V2938189117,1776279748103.29,outbound-rtp,COT01_98_profile-id=0,video,video,2938189117,T01,2276526,3194,true,0,0,1540,1540,162863,41,39,SV349,0,0,0,14,[object Object],bandwidth,2,0,0,1717555302,26.255,0,226.645569
OT01V2938189117,1776279748103.29,outbound-rtp,COT01_98_profile-id=0,video,video,2938189117,T01,2276526,3194,true,0,0,1540,1540,162863,41,39,SV349,0,0,0,14,[object Object],bandwidth,2,0,0,1717555302,26.255,0,226.645569
OT01V2938189117,1776279748303.254,outbound-rtp,COT01_98_profile-id=0,video,video,2938189117,T01,2311392,3234,true,0,0,1556,1556,163823,41,39,SV349,0,0,0,15,[object Object],bandwidth,2,0,0,1717555302,26.54,0,226.845781
OT01V2938189117,1776279748303.254,outbound-rtp,COT01_98_profile-id=0,video,video,2938189117,T01,2311392,3234,true,0,0,1556,1556,163823,41,39,SV349,0,0,0,15,[object Object],bandwidth,2,0,0,1717555302,26.54,0,226.845781
OT01V2938189117,1776279748503.506,outbound-rtp,COT01_98_profile-id=0,video,video,2938189117,T01,2332772,3261,true,0,0,1571,1571,164471,41,39,SV349,0,0,0,15,[object Object],bandwidth,2,0,0,1717555302,26.801,0,226.84579699999998
OT01V2938189117,1776279748503.506,outbound-rtp,COT01_98_profile-id=0,video,video,2938189117,T01,2332772,3261,true,0,0,1571,1571,164471,41,39,SV349,0,0,0,15,[object Object],bandwidth,2,0,0,1717555302,26.801,0,226.84579699999998
OT01V2938189117,1776279748703.362,outbound-rtp,COT01_98_profile-id=0,video,video,2938189117,T01,2360350,3295,true,0,0,1589,1589,165287,41,39,SV349,0,0,0,15,[object Object],bandwidth,2,0,0,1717555302,26.996,0,226.845813
OT01V2938189117,1776279748703.362,outbound-rtp,COT01_98_profile-id=0,video,video,2938189117,T01,2360350,3295,true,0,0,1589,1589,165287,41,39,SV349,0,0,0,15,[object Object],bandwidth,2,0,0,1717555302,26.996,0,226.845813
OT01V2938189117,1776279748903.315,outbound-rtp,COT01_98_profile-id=0,video,video,2938189117,T01,2385421,3328,true,0,0,1607,1607,166079,41,39,SV349,0,0,0,15,[object Object],bandwidth,2,0,0,1717555302,27.286,0,226.84582899999998
OT01V2938189117,1776279748903.315,outbound-rtp,COT01_98_profile-id=0,video,video,2938189117,T01,2385421,3328,true,0,0,1607,1607,166079,41,39,SV349,0,0,0,15,[object Object],bandwidth,2,0,0,1717555302,27.286,0,226.84582899999998
OT01V2938189117,1776279749103.3,outbound-rtp,COT01_98_profile-id=0,video,video,2938189117,T01,2412007,3360,true,0,0,1625,1625,166847,41,39,SV349,0,0,0,15,[object Object],bandwidth,2,0,0,1717555302,27.601,0,226.845847
OT01V2938189117,1776279749103.3,outbound-rtp,COT01_98_profile-id=0,video,video,2938189117,T01,2412007,3360,true,0,0,1625,1625,166847,41,39,SV349,0,0,0,15,[object Object],bandwidth,2,0,0,1717555302,27.601,0,226.845847
OT01V2938189117,1776279749303.482,outbound-rtp,COT01_98_profile-id=0,video,video,2938189117,T01,2440508,3391,true,0,0,1641,1641,167599,42,42,SV349,0,0,0,16,[object Object],bandwidth,2,0,0,1717555302,27.864,0,227.16967499999998
OT01V2938189117,1776279749303.482,outbound-rtp,COT01_98_profile-id=0,video,video,2938189117,T01,2440508,3391,true,0,0,1641,1641,167599,42,42,SV349,0,0,0,16,[object Object],bandwidth,2,0,0,1717555302,27.864,0,227.16967499999998
OT01V2938189117,1776279749503.361,outbound-rtp,COT01_98_profile-id=0,video,video,2938189117,T01,2486105,3442,true,0,0,1658,1658,168827,42,42,SV349,0,0,0,17,[object Object],bandwidth,2,0,0,1717555302,28.14,0,229.328214
OT01V2938189117,1776279749503.361,outbound-rtp,COT01_98_profile-id=0,video,video,2938189117,T01,2486105,3442,true,0,0,1658,1658,168827,42,42,SV349,0,0,0,17,[object Object],bandwidth,2,0,0,1717555302,28.14,0,229.328214
OT01V2938189117,1776279749703.344,outbound-rtp,COT01_98_profile-id=0,video,video,2938189117,T01,2516200,3479,true,0,0,1676,1676,169715,42,42,SV349,0,0,0,17,[object Object],bandwidth,2,0,0,1717555302,28.432,0,229.328226
OT01V2938189117,1776279749703.344,outbound-rtp,COT01_98_profile-id=0,video,video,2938189117,T01,2516200,3479,true,0,0,1676,1676,169715,42,42,SV349,0,0,0,17,[object Object],bandwidth,2,0,0,1717555302,28.432,0,229.328226
OT01V2938189117,1776279749903.364,outbound-rtp,COT01_98_profile-id=0,video,video,2938189117,T01,2538027,3508,true,0,0,1694,1694,170411,42,42,SV349,0,0,0,17,[object Object],bandwidth,2,0,0,1717555302,28.626,0,229.32824599999998
OT01V2938189117,1776279749903.364,outbound-rtp,COT01_98_profile-id=0,video,video,2938189117,T01,2538027,3508,true,0,0,1694,1694,170411,42,42,SV349,0,0,0,17,[object Object],bandwidth,2,0,0,1717555302,28.626,0,229.32824599999998
OT01V2938189117,1776279750103.445,outbound-rtp,COT01_98_profile-id=0,video,video,2938189117,T01,2570019,3544,true,0,0,1711,1711,171275,42,42,SV349,0,0,0,17,[object Object],bandwidth,2,0,0,1717555302,28.902,0,229.499125
OT01V2938189117,1776279750103.445,outbound-rtp,COT01_98_profile-id=0,video,video,2938189117,T01,2570019,3544,true,0,0,1711,1711,171275,42,42,SV349,0,0,0,17,[object Object],bandwidth,2,0,0,1717555302,28.902,0,229.499125



id,timestamp,type,bytesReceived,bytesSent,dtlsCipher,dtlsRole,dtlsState,iceLocalUsernameFragment,iceRole,iceState,localCertificateId,packetsReceived,packetsSent,remoteCertificateId,selectedCandidatePairChanges,selectedCandidatePairId,srtpCipher,tlsVersion
T01,1776279722103.299,transport,769,755,TLS_ECDHE_ECDSA_WITH_CHACHA20_POLY1305_SHA256,client,connected,Ycmm,controlling,connected,CFBF:54:0A:75:B3:2C:A3:DF:F2:C2:E4:1B:95:D5:48:BF:DD:E7:E8:4E:BF:12:98:1E:1C:DB:23:8A:8E:79:17:03,2,2,CFE6:B3:70:7F:58:1C:4F:10:4C:14:03:C0:36:B2:A2:39:68:2A:81:56:96:81:BD:0F:D2:07:01:DD:96:F7:CE:52,1,CPFDKsaUkO_hbFwJRE6,AEAD_AES_256_GCM,FEFD
T01,1776279722103.299,transport,769,755,TLS_ECDHE_ECDSA_WITH_CHACHA20_POLY1305_SHA256,client,connected,Ycmm,controlling,connected,CFBF:54:0A:75:B3:2C:A3:DF:F2:C2:E4:1B:95:D5:48:BF:DD:E7:E8:4E:BF:12:98:1E:1C:DB:23:8A:8E:79:17:03,2,2,CFE6:B3:70:7F:58:1C:4F:10:4C:14:03:C0:36:B2:A2:39:68:2A:81:56:96:81:BD:0F:D2:07:01:DD:96:F7:CE:52,1,CPFDKsaUkO_hbFwJRE6,AEAD_AES_256_GCM,FEFD
T01,1776279722303.303,transport,825,10892,TLS_ECDHE_ECDSA_WITH_CHACHA20_POLY1305_SHA256,client,connected,Ycmm,controlling,connected,CFBF:54:0A:75:B3:2C:A3:DF:F2:C2:E4:1B:95:D5:48:BF:DD:E7:E8:4E:BF:12:98:1E:1C:DB:23:8A:8E:79:17:03,3,14,CFE6:B3:70:7F:58:1C:4F:10:4C:14:03:C0:36:B2:A2:39:68:2A:81:56:96:81:BD:0F:D2:07:01:DD:96:F7:CE:52,1,CPFDKsaUkO_hbFwJRE6,AEAD_AES_256_GCM,FEFD
T01,1776279722303.303,transport,825,10892,TLS_ECDHE_ECDSA_WITH_CHACHA20_POLY1305_SHA256,client,connected,Ycmm,controlling,connected,CFBF:54:0A:75:B3:2C:A3:DF:F2:C2:E4:1B:95:D5:48:BF:DD:E7:E8:4E:BF:12:98:1E:1C:DB:23:8A:8E:79:17:03,3,14,CFE6:B3:70:7F:58:1C:4F:10:4C:14:03:C0:36:B2:A2:39:68:2A:81:56:96:81:BD:0F:D2:07:01:DD:96:F7:CE:52,1,CPFDKsaUkO_hbFwJRE6,AEAD_AES_256_GCM,FEFD
T01,1776279722503.338,transport,873,14574,TLS_ECDHE_ECDSA_WITH_CHACHA20_POLY1305_SHA256,client,connected,Ycmm,controlling,connected,CFBF:54:0A:75:B3:2C:A3:DF:F2:C2:E4:1B:95:D5:48:BF:DD:E7:E8:4E:BF:12:98:1E:1C:DB:23:8A:8E:79:17:03,4,20,CFE6:B3:70:7F:58:1C:4F:10:4C:14:03:C0:36:B2:A2:39:68:2A:81:56:96:81:BD:0F:D2:07:01:DD:96:F7:CE:52,1,CPFDKsaUkO_hbFwJRE6,AEAD_AES_256_GCM,FEFD
T01,1776279722503.338,transport,873,14574,TLS_ECDHE_ECDSA_WITH_CHACHA20_POLY1305_SHA256,client,connected,Ycmm,controlling,connected,CFBF:54:0A:75:B3:2C:A3:DF:F2:C2:E4:1B:95:D5:48:BF:DD:E7:E8:4E:BF:12:98:1E:1C:DB:23:8A:8E:79:17:03,4,20,CFE6:B3:70:7F:58:1C:4F:10:4C:14:03:C0:36:B2:A2:39:68:2A:81:56:96:81:BD:0F:D2:07:01:DD:96:F7:CE:52,1,CPFDKsaUkO_hbFwJRE6,AEAD_AES_256_GCM,FEFD
T01,1776279722703.383,transport,1065,24581,TLS_ECDHE_ECDSA_WITH_CHACHA20_POLY1305_SHA256,client,connected,Ycmm,controlling,connected,CFBF:54:0A:75:B3:2C:A3:DF:F2:C2:E4:1B:95:D5:48:BF:DD:E7:E8:4E:BF:12:98:1E:1C:DB:23:8A:8E:79:17:03,7,36,CFE6:B3:70:7F:58:1C:4F:10:4C:14:03:C0:36:B2:A2:39:68:2A:81:56:96:81:BD:0F:D2:07:01:DD:96:F7:CE:52,1,CPFDKsaUkO_hbFwJRE6,AEAD_AES_256_GCM,FEFD
T01,1776279722703.383,transport,1065,24581,TLS_ECDHE_ECDSA_WITH_CHACHA20_POLY1305_SHA256,client,connected,Ycmm,controlling,connected,CFBF:54:0A:75:B3:2C:A3:DF:F2:C2:E4:1B:95:D5:48:BF:DD:E7:E8:4E:BF:12:98:1E:1C:DB:23:8A:8E:79:17:03,7,36,CFE6:B3:70:7F:58:1C:4F:10:4C:14:03:C0:36:B2:A2:39:68:2A:81:56:96:81:BD:0F:D2:07:01:DD:96:F7:CE:52,1,CPFDKsaUkO_hbFwJRE6,AEAD_AES_256_GCM,FEFD
T01,1776279722903.332,transport,1165,28673,TLS_ECDHE_ECDSA_WITH_CHACHA20_POLY1305_SHA256,client,connected,Ycmm,controlling,connected,CFBF:54:0A:75:B3:2C:A3:DF:F2:C2:E4:1B:95:D5:48:BF:DD:E7:E8:4E:BF:12:98:1E:1C:DB:23:8A:8E:79:17:03,9,43,CFE6:B3:70:7F:58:1C:4F:10:4C:14:03:C0:36:B2:A2:39:68:2A:81:56:96:81:BD:0F:D2:07:01:DD:96:F7:CE:52,1,CPFDKsaUkO_hbFwJRE6,AEAD_AES_256_GCM,FEFD
T01,1776279722903.332,transport,1165,28673,TLS_ECDHE_ECDSA_WITH_CHACHA20_POLY1305_SHA256,client,connected,Ycmm,controlling,connected,CFBF:54:0A:75:B3:2C:A3:DF:F2:C2:E4:1B:95:D5:48:BF:DD:E7:E8:4E:BF:12:98:1E:1C:DB:23:8A:8E:79:17:03,9,43,CFE6:B3:70:7F:58:1C:4F:10:4C:14:03:C0:36:B2:A2:39:68:2A:81:56:96:81:BD:0F:D2:07:01:DD:96:F7:CE:52,1,CPFDKsaUkO_hbFwJRE6,AEAD_AES_256_GCM,FEFD
T01,1776279723103.464,transport,1261,36929,TLS_ECDHE_ECDSA_WITH_CHACHA20_POLY1305_SHA256,client,connected,Ycmm,controlling,connected,CFBF:54:0A:75:B3:2C:A3:DF:F2:C2:E4:1B:95:D5:48:BF:DD:E7:E8:4E:BF:12:98:1E:1C:DB:23:8A:8E:79:17:03,11,57,CFE6:B3:70:7F:58:1C:4F:10:4C:14:03:C0:36:B2:A2:39:68:2A:81:56:96:81:BD:0F:D2:07:01:DD:96:F7:CE:52,1,CPFDKsaUkO_hbFwJRE6,AEAD_AES_256_GCM,FEFD
T01,1776279723103.464,transport,1261,36929,TLS_ECDHE_ECDSA_WITH_CHACHA20_POLY1305_SHA256,client,connected,Ycmm,controlling,connected,CFBF:54:0A:75:B3:2C:A3:DF:F2:C2:E4:1B:95:D5:48:BF:DD:E7:E8:4E:BF:12:98:1E:1C:DB:23:8A:8E:79:17:03,11,57,CFE6:B3:70:7F:58:1C:4F:10:4C:14:03:C0:36:B2:A2:39:68:2A:81:56:96:81:BD:0F:D2:07:01:DD:96:F7:CE:52,1,CPFDKsaUkO_hbFwJRE6,AEAD_AES_256_GCM,FEFD
T01,1776279723303.351,transport,1365,44277,TLS_ECDHE_ECDSA_WITH_CHACHA20_POLY1305_SHA256,client,connected,Ycmm,controlling,connected,CFBF:54:0A:75:B3:2C:A3:DF:F2:C2:E4:1B:95:D5:48:BF:DD:E7:E8:4E:BF:12:98:1E:1C:DB:23:8A:8E:79:17:03,13,73,CFE6:B3:70:7F:58:1C:4F:10:4C:14:03:C0:36:B2:A2:39:68:2A:81:56:96:81:BD:0F:D2:07:01:DD:96:F7:CE:52,1,CPFDKsaUkO_hbFwJRE6,AEAD_AES_256_GCM,FEFD
T01,1776279723303.351,transport,1365,44277,TLS_ECDHE_ECDSA_WITH_CHACHA20_POLY1305_SHA256,client,connected,Ycmm,controlling,connected,CFBF:54:0A:75:B3:2C:A3:DF:F2:C2:E4:1B:95:D5:48:BF:DD:E7:E8:4E:BF:12:98:1E:1C:DB:23:8A:8E:79:17:03,13,73,CFE6:B3:70:7F:58:1C:4F:10:4C:14:03:C0:36:B2:A2:39:68:2A:81:56:96:81:BD:0F:D2:07:01:DD:96:F7:CE:52,1,CPFDKsaUkO_hbFwJRE6,AEAD_AES_256_GCM,FEFD
T01,1776279723503.297,transport,1469,52098,TLS_ECDHE_ECDSA_WITH_CHACHA20_POLY1305_SHA256,client,connected,Ycmm,controlling,connected,CFBF:54:0A:75:B3:2C:A3:DF:F2:C2:E4:1B:95:D5:48:BF:DD:E7:E8:4E:BF:12:98:1E:1C:DB:23:8A:8E:79:17:03,15,89,CFE6:B3:70:7F:58:1C:4F:10:4C:14:03:C0:36:B2:A2:39:68:2A:81:56:96:81:BD:0F:D2:07:01:DD:96:F7:CE:52,1,CPFDKsaUkO_hbFwJRE6,AEAD_AES_256_GCM,FEFD
T01,1776279723503.297,transport,1469,52098,TLS_ECDHE_ECDSA_WITH_CHACHA20_POLY1305_SHA256,client,connected,Ycmm,controlling,connected,CFBF:54:0A:75:B3:2C:A3:DF:F2:C2:E4:1B:95:D5:48:BF:DD:E7:E8:4E:BF:12:98:1E:1C:DB:23:8A:8E:79:17:03,15,89,CFE6:B3:70:7F:58:1C:4F:10:4C:14:03:C0:36:B2:A2:39:68:2A:81:56:96:81:BD:0F:D2:07:01:DD:96:F7:CE:52,1,CPFDKsaUkO_hbFwJRE6,AEAD_AES_256_GCM,FEFD
T01,1776279723703.379,transport,1573,60012,TLS_ECDHE_ECDSA_WITH_CHACHA20_POLY1305_SHA256,client,connected,Ycmm,controlling,connected,CFBF:54:0A:75:B3:2C:A3:DF:F2:C2:E4:1B:95:D5:48:BF:DD:E7:E8:4E:BF:12:98:1E:1C:DB:23:8A:8E:79:17:03,17,109,CFE6:B3:70:7F:58:1C:4F:10:4C:14:03:C0:36:B2:A2:39:68:2A:81:56:96:81:BD:0F:D2:07:01:DD:96:F7:CE:52,1,CPFDKsaUkO_hbFwJRE6,AEAD_AES_256_GCM,FEFD
T01,1776279723703.379,transport,1573,60012,TLS_ECDHE_ECDSA_WITH_CHACHA20_POLY1305_SHA256,client,connected,Ycmm,controlling,connected,CFBF:54:0A:75:B3:2C:A3:DF:F2:C2:E4:1B:95:D5:48:BF:DD:E7:E8:4E:BF:12:98:1E:1C:DB:23:8A:8E:79:17:03,17,109,CFE6:B3:70:7F:58:1C:4F:10:4C:14:03:C0:36:B2:A2:39:68:2A:81:56:96:81:BD:0F:D2:07:01:DD:96:F7:CE:52,1,CPFDKsaUkO_hbFwJRE6,AEAD_AES_256_GCM,FEFD
T01,1776279723903.321,transport,1777,68302,TLS_ECDHE_ECDSA_WITH_CHACHA20_POLY1305_SHA256,client,connected,Ycmm,controlling,connected,CFBF:54:0A:75:B3:2C:A3:DF:F2:C2:E4:1B:95:D5:48:BF:DD:E7:E8:4E:BF:12:98:1E:1C:DB:23:8A:8E:79:17:03,20,127,CFE6:B3:70:7F:58:1C:4F:10:4C:14:03:C0:36:B2:A2:39:68:2A:81:56:96:81:BD:0F:D2:07:01:DD:96:F7:CE:52,1,CPFDKsaUkO_hbFwJRE6,AEAD_AES_256_GCM,FEFD
T01,1776279723903.321,transport,1777,68302,TLS_ECDHE_ECDSA_WITH_CHACHA20_POLY1305_SHA256,client,connected,Ycmm,controlling,connected,CFBF:54:0A:75:B3:2C:A3:DF:F2:C2:E4:1B:95:D5:48:BF:DD:E7:E8:4E:BF:12:98:1E:1C:DB:23:8A:8E:79:17:03,20,127,CFE6:B3:70:7F:58:1C:4F:10:4C:14:03:C0:36:B2:A2:39:68:2A:81:56:96:81:BD:0F:D2:07:01:DD:96:F7:CE:52,1,CPFDKsaUkO_hbFwJRE6,AEAD_AES_256_GCM,FEFD
T01,1776279724103.439,transport,1881,76750,TLS_ECDHE_ECDSA_WITH_CHACHA20_POLY1305_SHA256,client,connected,Ycmm,controlling,connected,CFBF:54:0A:75:B3:2C:A3:DF:F2:C2:E4:1B:95:D5:48:BF:DD:E7:E8:4E:BF:12:98:1E:1C:DB:23:8A:8E:79:17:03,22,147,CFE6:B3:70:7F:58:1C:4F:10:4C:14:03:C0:36:B2:A2:39:68:2A:81:56:96:81:BD:0F:D2:07:01:DD:96:F7:CE:52,1,CPFDKsaUkO_hbFwJRE6,AEAD_AES_256_GCM,FEFD
T01,1776279724103.439,transport,1881,76750,TLS_ECDHE_ECDSA_WITH_CHACHA20_POLY1305_SHA256,client,connected,Ycmm,controlling,connected,CFBF:54:0A:75:B3:2C:A3:DF:F2:C2:E4:1B:95:D5:48:BF:DD:E7:E8:4E:BF:12:98:1E:1C:DB:23:8A:8E:79:17:03,22,147,CFE6:B3:70:7F:58:1C:4F:10:4C:14:03:C0:36:B2:A2:39:68:2A:81:56:96:81:BD:0F:D2:07:01:DD:96:F7:CE:52,1,CPFDKsaUkO_hbFwJRE6,AEAD_AES_256_GCM,FEFD
T01,1776279724303.495,transport,1985,84311,TLS_ECDHE_ECDSA_WITH_CHACHA20_POLY1305_SHA256,client,connected,Ycmm,controlling,connected,CFBF:54:0A:75:B3:2C:A3:DF:F2:C2:E4:1B:95:D5:48:BF:DD:E7:E8:4E:BF:12:98:1E:1C:DB:23:8A:8E:79:17:03,24,162,CFE6:B3:70:7F:58:1C:4F:10:4C:14:03:C0:36:B2:A2:39:68:2A:81:56:96:81:BD:0F:D2:07:01:DD:96:F7:CE:52,1,CPFDKsaUkO_hbFwJRE6,AEAD_AES_256_GCM,FEFD
T01,1776279724303.495,transport,1985,84311,TLS_ECDHE_ECDSA_WITH_CHACHA20_POLY1305_SHA256,client,connected,Ycmm,controlling,connected,CFBF:54:0A:75:B3:2C:A3:DF:F2:C2:E4:1B:95:D5:48:BF:DD:E7:E8:4E:BF:12:98:1E:1C:DB:23:8A:8E:79:17:03,24,162,CFE6:B3:70:7F:58:1C:4F:10:4C:14:03:C0:36:B2:A2:39:68:2A:81:56:96:81:BD:0F:D2:07:01:DD:96:F7:CE:52,1,CPFDKsaUkO_hbFwJRE6,AEAD_AES_256_GCM,FEFD
T01,1776279724503.27,transport,2081,95766,TLS_ECDHE_ECDSA_WITH_CHACHA20_POLY1305_SHA256,client,connected,Ycmm,controlling,connected,CFBF:54:0A:75:B3:2C:A3:DF:F2:C2:E4:1B:95:D5:48:BF:DD:E7:E8:4E:BF:12:98:1E:1C:DB:23:8A:8E:79:17:03,26,176,CFE6:B3:70:7F:58:1C:4F:10:4C:14:03:C0:36:B2:A2:39:68:2A:81:56:96:81:BD:0F:D2:07:01:DD:96:F7:CE:52,1,CPFDKsaUkO_hbFwJRE6,AEAD_AES_256_GCM,FEFD
T01,1776279724503.27,transport,2081,95766,TLS_ECDHE_ECDSA_WITH_CHACHA20_POLY1305_SHA256,client,connected,Ycmm,controlling,connected,CFBF:54:0A:75:B3:2C:A3:DF:F2:C2:E4:1B:95:D5:48:BF:DD:E7:E8:4E:BF:12:98:1E:1C:DB:23:8A:8E:79:17:03,26,176,CFE6:B3:70:7F:58:1C:4F:10:4C:14:03:C0:36:B2:A2:39:68:2A:81:56:96:81:BD:0F:D2:07:01:DD:96:F7:CE:52,1,CPFDKsaUkO_hbFwJRE6,AEAD_AES_256_GCM,FEFD
T01,1776279724703.367,transport,2181,105354,TLS_ECDHE_ECDSA_WITH_CHACHA20_POLY1305_SHA256,client,connected,Ycmm,controlling,connected,CFBF:54:0A:75:B3:2C:A3:DF:F2:C2:E4:1B:95:D5:48:BF:DD:E7:E8:4E:BF:12:98:1E:1C:DB:23:8A:8E:79:17:03,28,188,CFE6:B3:70:7F:58:1C:4F:10:4C:14:03:C0:36:B2:A2:39:68:2A:81:56:96:81:BD:0F:D2:07:01:DD:96:F7:CE:52,1,CPFDKsaUkO_hbFwJRE6,AEAD_AES_256_GCM,FEFD
T01,1776279724703.367,transport,2181,105354,TLS_ECDHE_ECDSA_WITH_CHACHA20_POLY1305_SHA256,client,connected,Ycmm,controlling,connected,CFBF:54:0A:75:B3:2C:A3:DF:F2:C2:E4:1B:95:D5:48:BF:DD:E7:E8:4E:BF:12:98:1E:1C:DB:23:8A:8E:79:17:03,28,188,CFE6:B3:70:7F:58:1C:4F:10:4C:14:03:C0:36:B2:A2:39:68:2A:81:56:96:81:BD:0F:D2:07:01:DD:96:F7:CE:52,1,CPFDKsaUkO_hbFwJRE6,AEAD_AES_256_GCM,FEFD
T01,1776279724903.304,transport,2281,114208,TLS_ECDHE_ECDSA_WITH_CHACHA20_POLY1305_SHA256,client,connected,Ycmm,controlling,connected,CFBF:54:0A:75:B3:2C:A3:DF:F2:C2:E4:1B:95:D5:48:BF:DD:E7:E8:4E:BF:12:98:1E:1C:DB:23:8A:8E:79:17:03,30,202,CFE6:B3:70:7F:58:1C:4F:10:4C:14:03:C0:36:B2:A2:39:68:2A:81:56:96:81:BD:0F:D2:07:01:DD:96:F7:CE:52,1,CPFDKsaUkO_hbFwJRE6,AEAD_AES_256_GCM,FEFD
T01,1776279724903.304,transport,2281,114208,TLS_ECDHE_ECDSA_WITH_CHACHA20_POLY1305_SHA256,client,connected,Ycmm,controlling,connected,CFBF:54:0A:75:B3:2C:A3:DF:F2:C2:E4:1B:95:D5:48:BF:DD:E7:E8:4E:BF:12:98:1E:1C:DB:23:8A:8E:79:17:03,30,202,CFE6:B3:70:7F:58:1C:4F:10:4C:14:03:C0:36:B2:A2:39:68:2A:81:56:96:81:BD:0F:D2:07:01:DD:96:F7:CE:52,1,CPFDKsaUkO_hbFwJRE6,AEAD_AES_256_GCM,FEFD
T01,1776279725103.494,transport,2385,124066,TLS_ECDHE_ECDSA_WITH_CHACHA20_POLY1305_SHA256,client,connected,Ycmm,controlling,connected,CFBF:54:0A:75:B3:2C:A3:DF:F2:C2:E4:1B:95:D5:48:BF:DD:E7:E8:4E:BF:12:98:1E:1C:DB:23:8A:8E:79:17:03,32,217,CFE6:B3:70:7F:58:1C:4F:10:4C:14:03:C0:36:B2:A2:39:68:2A:81:56:96:81:BD:0F:D2:07:01:DD:96:F7:CE:52,1,CPFDKsaUkO_hbFwJRE6,AEAD_AES_256_GCM,FEFD
T01,1776279725103.494,transport,2385,124066,TLS_ECDHE_ECDSA_WITH_CHACHA20_POLY1305_SHA256,client,connected,Ycmm,controlling,connected,CFBF:54:0A:75:B3:2C:A3:DF:F2:C2:E4:1B:95:D5:48:BF:DD:E7:E8:4E:BF:12:98:1E:1C:DB:23:8A:8E:79:17:03,32,217,CFE6:B3:70:7F:58:1C:4F:10:4C:14:03:C0:36:B2:A2:39:68:2A:81:56:96:81:BD:0F:D2:07:01:DD:96:F7:CE:52,1,CPFDKsaUkO_hbFwJRE6,AEAD_AES_256_GCM,FEFD
T01,1776279725303.464,transport,2613,135459,TLS_ECDHE_ECDSA_WITH_CHACHA20_POLY1305_SHA256,client,connected,Ycmm,controlling,connected,CFBF:54:0A:75:B3:2C:A3:DF:F2:C2:E4:1B:95:D5:48:BF:DD:E7:E8:4E:BF:12:98:1E:1C:DB:23:8A:8E:79:17:03,36,235,CFE6:B3:70:7F:58:1C:4F:10:4C:14:03:C0:36:B2:A2:39:68:2A:81:56:96:81:BD:0F:D2:07:01:DD:96:F7:CE:52,1,CPFDKsaUkO_hbFwJRE6,AEAD_AES_256_GCM,FEFD
T01,1776279725303.464,transport,2613,135459,TLS_ECDHE_ECDSA_WITH_CHACHA20_POLY1305_SHA256,client,connected,Ycmm,controlling,connected,CFBF:54:0A:75:B3:2C:A3:DF:F2:C2:E4:1B:95:D5:48:BF:DD:E7:E8:4E:BF:12:98:1E:1C:DB:23:8A:8E:79:17:03,36,235,CFE6:B3:70:7F:58:1C:4F:10:4C:14:03:C0:36:B2:A2:39:68:2A:81:56:96:81:BD:0F:D2:07:01:DD:96:F7:CE:52,1,CPFDKsaUkO_hbFwJRE6,AEAD_AES_256_GCM,FEFD
T01,1776279725503.429,transport,2713,145418,TLS_ECDHE_ECDSA_WITH_CHACHA20_POLY1305_SHA256,client,connected,Ycmm,controlling,connected,CFBF:54:0A:75:B3:2C:A3:DF:F2:C2:E4:1B:95:D5:48:BF:DD:E7:E8:4E:BF:12:98:1E:1C:DB:23:8A:8E:79:17:03,38,246,CFE6:B3:70:7F:58:1C:4F:10:4C:14:03:C0:36:B2:A2:39:68:2A:81:56:96:81:BD:0F:D2:07:01:DD:96:F7:CE:52,1,CPFDKsaUkO_hbFwJRE6,AEAD_AES_256_GCM,FEFD
T01,1776279725503.429,transport,2713,145418,TLS_ECDHE_ECDSA_WITH_CHACHA20_POLY1305_SHA256,client,connected,Ycmm,controlling,connected,CFBF:54:0A:75:B3:2C:A3:DF:F2:C2:E4:1B:95:D5:48:BF:DD:E7:E8:4E:BF:12:98:1E:1C:DB:23:8A:8E:79:17:03,38,246,CFE6:B3:70:7F:58:1C:4F:10:4C:14:03:C0:36:B2:A2:39:68:2A:81:56:96:81:BD:0F:D2:07:01:DD:96:F7:CE:52,1,CPFDKsaUkO_hbFwJRE6,AEAD_AES_256_GCM,FEFD
T01,1776279725703.499,transport,2813,154856,TLS_ECDHE_ECDSA_WITH_CHACHA20_POLY1305_SHA256,client,connected,Ycmm,controlling,connected,CFBF:54:0A:75:B3:2C:A3:DF:F2:C2:E4:1B:95:D5:48:BF:DD:E7:E8:4E:BF:12:98:1E:1C:DB:23:8A:8E:79:17:03,40,260,CFE6:B3:70:7F:58:1C:4F:10:4C:14:03:C0:36:B2:A2:39:68:2A:81:56:96:81:BD:0F:D2:07:01:DD:96:F7:CE:52,1,CPFDKsaUkO_hbFwJRE6,AEAD_AES_256_GCM,FEFD
T01,1776279725703.499,transport,2813,154856,TLS_ECDHE_ECDSA_WITH_CHACHA20_POLY1305_SHA256,client,connected,Ycmm,controlling,connected,CFBF:54:0A:75:B3:2C:A3:DF:F2:C2:E4:1B:95:D5:48:BF:DD:E7:E8:4E:BF:12:98:1E:1C:DB:23:8A:8E:79:17:03,40,260,CFE6:B3:70:7F:58:1C:4F:10:4C:14:03:C0:36:B2:A2:39:68:2A:81:56:96:81:BD:0F:D2:07:01:DD:96:F7:CE:52,1,CPFDKsaUkO_hbFwJRE6,AEAD_AES_256_GCM,FEFD
T01,1776279725903.277,transport,2913,166098,TLS_ECDHE_ECDSA_WITH_CHACHA20_POLY1305_SHA256,client,connected,Ycmm,controlling,connected,CFBF:54:0A:75:B3:2C:A3:DF:F2:C2:E4:1B:95:D5:48:BF:DD:E7:E8:4E:BF:12:98:1E:1C:DB:23:8A:8E:79:17:03,42,276,CFE6:B3:70:7F:58:1C:4F:10:4C:14:03:C0:36:B2:A2:39:68:2A:81:56:96:81:BD:0F:D2:07:01:DD:96:F7:CE:52,1,CPFDKsaUkO_hbFwJRE6,AEAD_AES_256_GCM,FEFD
T01,1776279725903.277,transport,2913,166098,TLS_ECDHE_ECDSA_WITH_CHACHA20_POLY1305_SHA256,client,connected,Ycmm,controlling,connected,CFBF:54:0A:75:B3:2C:A3:DF:F2:C2:E4:1B:95:D5:48:BF:DD:E7:E8:4E:BF:12:98:1E:1C:DB:23:8A:8E:79:17:03,42,276,CFE6:B3:70:7F:58:1C:4F:10:4C:14:03:C0:36:B2:A2:39:68:2A:81:56:96:81:BD:0F:D2:07:01:DD:96:F7:CE:52,1,CPFDKsaUkO_hbFwJRE6,AEAD_AES_256_GCM,FEFD
T01,1776279726103.458,transport,3013,172657,TLS_ECDHE_ECDSA_WITH_CHACHA20_POLY1305_SHA256,client,connected,Ycmm,controlling,connected,CFBF:54:0A:75:B3:2C:A3:DF:F2:C2:E4:1B:95:D5:48:BF:DD:E7:E8:4E:BF:12:98:1E:1C:DB:23:8A:8E:79:17:03,44,287,CFE6:B3:70:7F:58:1C:4F:10:4C:14:03:C0:36:B2:A2:39:68:2A:81:56:96:81:BD:0F:D2:07:01:DD:96:F7:CE:52,1,CPFDKsaUkO_hbFwJRE6,AEAD_AES_256_GCM,FEFD
T01,1776279726103.458,transport,3013,172657,TLS_ECDHE_ECDSA_WITH_CHACHA20_POLY1305_SHA256,client,connected,Ycmm,controlling,connected,CFBF:54:0A:75:B3:2C:A3:DF:F2:C2:E4:1B:95:D5:48:BF:DD:E7:E8:4E:BF:12:98:1E:1C:DB:23:8A:8E:79:17:03,44,287,CFE6:B3:70:7F:58:1C:4F:10:4C:14:03:C0:36:B2:A2:39:68:2A:81:56:96:81:BD:0F:D2:07:01:DD:96:F7:CE:52,1,CPFDKsaUkO_hbFwJRE6,AEAD_AES_256_GCM,FEFD
T01,1776279726303.42,transport,3205,178529,TLS_ECDHE_ECDSA_WITH_CHACHA20_POLY1305_SHA256,client,connected,Ycmm,controlling,connected,CFBF:54:0A:75:B3:2C:A3:DF:F2:C2:E4:1B:95:D5:48:BF:DD:E7:E8:4E:BF:12:98:1E:1C:DB:23:8A:8E:79:17:03,47,296,CFE6:B3:70:7F:58:1C:4F:10:4C:14:03:C0:36:B2:A2:39:68:2A:81:56:96:81:BD:0F:D2:07:01:DD:96:F7:CE:52,1,CPFDKsaUkO_hbFwJRE6,AEAD_AES_256_GCM,FEFD
T01,1776279726303.42,transport,3205,178529,TLS_ECDHE_ECDSA_WITH_CHACHA20_POLY1305_SHA256,client,connected,Ycmm,controlling,connected,CFBF:54:0A:75:B3:2C:A3:DF:F2:C2:E4:1B:95:D5:48:BF:DD:E7:E8:4E:BF:12:98:1E:1C:DB:23:8A:8E:79:17:03,47,296,CFE6:B3:70:7F:58:1C:4F:10:4C:14:03:C0:36:B2:A2:39:68:2A:81:56:96:81:BD:0F:D2:07:01:DD:96:F7:CE:52,1,CPFDKsaUkO_hbFwJRE6,AEAD_AES_256_GCM,FEFD
T01,1776279726503.431,transport,3301,186434,TLS_ECDHE_ECDSA_WITH_CHACHA20_POLY1305_SHA256,client,connected,Ycmm,controlling,connected,CFBF:54:0A:75:B3:2C:A3:DF:F2:C2:E4:1B:95:D5:48:BF:DD:E7:E8:4E:BF:12:98:1E:1C:DB:23:8A:8E:79:17:03,49,310,CFE6:B3:70:7F:58:1C:4F:10:4C:14:03:C0:36:B2:A2:39:68:2A:81:56:96:81:BD:0F:D2:07:01:DD:96:F7:CE:52,1,CPFDKsaUkO_hbFwJRE6,AEAD_AES_256_GCM,FEFD
T01,1776279726503.431,transport,3301,186434,TLS_ECDHE_ECDSA_WITH_CHACHA20_POLY1305_SHA256,client,connected,Ycmm,controlling,connected,CFBF:54:0A:75:B3:2C:A3:DF:F2:C2:E4:1B:95:D5:48:BF:DD:E7:E8:4E:BF:12:98:1E:1C:DB:23:8A:8E:79:17:03,49,310,CFE6:B3:70:7F:58:1C:4F:10:4C:14:03:C0:36:B2:A2:39:68:2A:81:56:96:81:BD:0F:D2:07:01:DD:96:F7:CE:52,1,CPFDKsaUkO_hbFwJRE6,AEAD_AES_256_GCM,FEFD
T01,1776279726703.389,transport,3405,198242,TLS_ECDHE_ECDSA_WITH_CHACHA20_POLY1305_SHA256,client,connected,Ycmm,controlling,connected,CFBF:54:0A:75:B3:2C:A3:DF:F2:C2:E4:1B:95:D5:48:BF:DD:E7:E8:4E:BF:12:98:1E:1C:DB:23:8A:8E:79:17:03,51,334,CFE6:B3:70:7F:58:1C:4F:10:4C:14:03:C0:36:B2:A2:39:68:2A:81:56:96:81:BD:0F:D2:07:01:DD:96:F7:CE:52,1,CPFDKsaUkO_hbFwJRE6,AEAD_AES_256_GCM,FEFD
T01,1776279726703.389,transport,3405,198242,TLS_ECDHE_ECDSA_WITH_CHACHA20_POLY1305_SHA256,client,connected,Ycmm,controlling,connected,CFBF:54:0A:75:B3:2C:A3:DF:F2:C2:E4:1B:95:D5:48:BF:DD:E7:E8:4E:BF:12:98:1E:1C:DB:23:8A:8E:79:17:03,51,334,CFE6:B3:70:7F:58:1C:4F:10:4C:14:03:C0:36:B2:A2:39:68:2A:81:56:96:81:BD:0F:D2:07:01:DD:96:F7:CE:52,1,CPFDKsaUkO_hbFwJRE6,AEAD_AES_256_GCM,FEFD
T01,1776279726903.33,transport,3517,207423,TLS_ECDHE_ECDSA_WITH_CHACHA20_POLY1305_SHA256,client,connected,Ycmm,controlling,connected,CFBF:54:0A:75:B3:2C:A3:DF:F2:C2:E4:1B:95:D5:48:BF:DD:E7:E8:4E:BF:12:98:1E:1C:DB:23:8A:8E:79:17:03,53,355,CFE6:B3:70:7F:58:1C:4F:10:4C:14:03:C0:36:B2:A2:39:68:2A:81:56:96:81:BD:0F:D2:07:01:DD:96:F7:CE:52,1,CPFDKsaUkO_hbFwJRE6,AEAD_AES_256_GCM,FEFD
T01,1776279726903.33,transport,3517,207423,TLS_ECDHE_ECDSA_WITH_CHACHA20_POLY1305_SHA256,client,connected,Ycmm,controlling,connected,CFBF:54:0A:75:B3:2C:A3:DF:F2:C2:E4:1B:95:D5:48:BF:DD:E7:E8:4E:BF:12:98:1E:1C:DB:23:8A:8E:79:17:03,53,355,CFE6:B3:70:7F:58:1C:4F:10:4C:14:03:C0:36:B2:A2:39:68:2A:81:56:96:81:BD:0F:D2:07:01:DD:96:F7:CE:52,1,CPFDKsaUkO_hbFwJRE6,AEAD_AES_256_GCM,FEFD
T01,1776279727103.288,transport,3625,219109,TLS_ECDHE_ECDSA_WITH_CHACHA20_POLY1305_SHA256,client,connected,Ycmm,controlling,connected,CFBF:54:0A:75:B3:2C:A3:DF:F2:C2:E4:1B:95:D5:48:BF:DD:E7:E8:4E:BF:12:98:1E:1C:DB:23:8A:8E:79:17:03,55,378,CFE6:B3:70:7F:58:1C:4F:10:4C:14:03:C0:36:B2:A2:39:68:2A:81:56:96:81:BD:0F:D2:07:01:DD:96:F7:CE:52,1,CPFDKsaUkO_hbFwJRE6,AEAD_AES_256_GCM,FEFD
T01,1776279727103.288,transport,3625,219109,TLS_ECDHE_ECDSA_WITH_CHACHA20_POLY1305_SHA256,client,connected,Ycmm,controlling,connected,CFBF:54:0A:75:B3:2C:A3:DF:F2:C2:E4:1B:95:D5:48:BF:DD:E7:E8:4E:BF:12:98:1E:1C:DB:23:8A:8E:79:17:03,55,378,CFE6:B3:70:7F:58:1C:4F:10:4C:14:03:C0:36:B2:A2:39:68:2A:81:56:96:81:BD:0F:D2:07:01:DD:96:F7:CE:52,1,CPFDKsaUkO_hbFwJRE6,AEAD_AES_256_GCM,FEFD
T01,1776279727303.385,transport,3829,227834,TLS_ECDHE_ECDSA_WITH_CHACHA20_POLY1305_SHA256,client,connected,Ycmm,controlling,connected,CFBF:54:0A:75:B3:2C:A3:DF:F2:C2:E4:1B:95:D5:48:BF:DD:E7:E8:4E:BF:12:98:1E:1C:DB:23:8A:8E:79:17:03,58,396,CFE6:B3:70:7F:58:1C:4F:10:4C:14:03:C0:36:B2:A2:39:68:2A:81:56:96:81:BD:0F:D2:07:01:DD:96:F7:CE:52,1,CPFDKsaUkO_hbFwJRE6,AEAD_AES_256_GCM,FEFD
T01,1776279727303.385,transport,3829,227834,TLS_ECDHE_ECDSA_WITH_CHACHA20_POLY1305_SHA256,client,connected,Ycmm,controlling,connected,CFBF:54:0A:75:B3:2C:A3:DF:F2:C2:E4:1B:95:D5:48:BF:DD:E7:E8:4E:BF:12:98:1E:1C:DB:23:8A:8E:79:17:03,58,396,CFE6:B3:70:7F:58:1C:4F:10:4C:14:03:C0:36:B2:A2:39:68:2A:81:56:96:81:BD:0F:D2:07:01:DD:96:F7:CE:52,1,CPFDKsaUkO_hbFwJRE6,AEAD_AES_256_GCM,FEFD
T01,1776279727503.554,transport,3937,238833,TLS_ECDHE_ECDSA_WITH_CHACHA20_POLY1305_SHA256,client,connected,Ycmm,controlling,connected,CFBF:54:0A:75:B3:2C:A3:DF:F2:C2:E4:1B:95:D5:48:BF:DD:E7:E8:4E:BF:12:98:1E:1C:DB:23:8A:8E:79:17:03,60,421,CFE6:B3:70:7F:58:1C:4F:10:4C:14:03:C0:36:B2:A2:39:68:2A:81:56:96:81:BD:0F:D2:07:01:DD:96:F7:CE:52,1,CPFDKsaUkO_hbFwJRE6,AEAD_AES_256_GCM,FEFD
T01,1776279727503.554,transport,3937,238833,TLS_ECDHE_ECDSA_WITH_CHACHA20_POLY1305_SHA256,client,connected,Ycmm,controlling,connected,CFBF:54:0A:75:B3:2C:A3:DF:F2:C2:E4:1B:95:D5:48:BF:DD:E7:E8:4E:BF:12:98:1E:1C:DB:23:8A:8E:79:17:03,60,421,CFE6:B3:70:7F:58:1C:4F:10:4C:14:03:C0:36:B2:A2:39:68:2A:81:56:96:81:BD:0F:D2:07:01:DD:96:F7:CE:52,1,CPFDKsaUkO_hbFwJRE6,AEAD_AES_256_GCM,FEFD
T01,1776279727703.279,transport,4041,249346,TLS_ECDHE_ECDSA_WITH_CHACHA20_POLY1305_SHA256,client,connected,Ycmm,controlling,connected,CFBF:54:0A:75:B3:2C:A3:DF:F2:C2:E4:1B:95:D5:48:BF:DD:E7:E8:4E:BF:12:98:1E:1C:DB:23:8A:8E:79:17:03,62,436,CFE6:B3:70:7F:58:1C:4F:10:4C:14:03:C0:36:B2:A2:39:68:2A:81:56:96:81:BD:0F:D2:07:01:DD:96:F7:CE:52,1,CPFDKsaUkO_hbFwJRE6,AEAD_AES_256_GCM,FEFD
T01,1776279727703.279,transport,4041,249346,TLS_ECDHE_ECDSA_WITH_CHACHA20_POLY1305_SHA256,client,connected,Ycmm,controlling,connected,CFBF:54:0A:75:B3:2C:A3:DF:F2:C2:E4:1B:95:D5:48:BF:DD:E7:E8:4E:BF:12:98:1E:1C:DB:23:8A:8E:79:17:03,62,436,CFE6:B3:70:7F:58:1C:4F:10:4C:14:03:C0:36:B2:A2:39:68:2A:81:56:96:81:BD:0F:D2:07:01:DD:96:F7:CE:52,1,CPFDKsaUkO_hbFwJRE6,AEAD_AES_256_GCM,FEFD
T01,1776279727903.424,transport,4153,260272,TLS_ECDHE_ECDSA_WITH_CHACHA20_POLY1305_SHA256,client,connected,Ycmm,controlling,connected,CFBF:54:0A:75:B3:2C:A3:DF:F2:C2:E4:1B:95:D5:48:BF:DD:E7:E8:4E:BF:12:98:1E:1C:DB:23:8A:8E:79:17:03,64,463,CFE6:B3:70:7F:58:1C:4F:10:4C:14:03:C0:36:B2:A2:39:68:2A:81:56:96:81:BD:0F:D2:07:01:DD:96:F7:CE:52,1,CPFDKsaUkO_hbFwJRE6,AEAD_AES_256_GCM,FEFD
T01,1776279727903.424,transport,4153,260272,TLS_ECDHE_ECDSA_WITH_CHACHA20_POLY1305_SHA256,client,connected,Ycmm,controlling,connected,CFBF:54:0A:75:B3:2C:A3:DF:F2:C2:E4:1B:95:D5:48:BF:DD:E7:E8:4E:BF:12:98:1E:1C:DB:23:8A:8E:79:17:03,64,463,CFE6:B3:70:7F:58:1C:4F:10:4C:14:03:C0:36:B2:A2:39:68:2A:81:56:96:81:BD:0F:D2:07:01:DD:96:F7:CE:52,1,CPFDKsaUkO_hbFwJRE6,AEAD_AES_256_GCM,FEFD
T01,1776279728103.446,transport,4261,271634,TLS_ECDHE_ECDSA_WITH_CHACHA20_POLY1305_SHA256,client,connected,Ycmm,controlling,connected,CFBF:54:0A:75:B3:2C:A3:DF:F2:C2:E4:1B:95:D5:48:BF:DD:E7:E8:4E:BF:12:98:1E:1C:DB:23:8A:8E:79:17:03,66,483,CFE6:B3:70:7F:58:1C:4F:10:4C:14:03:C0:36:B2:A2:39:68:2A:81:56:96:81:BD:0F:D2:07:01:DD:96:F7:CE:52,1,CPFDKsaUkO_hbFwJRE6,AEAD_AES_256_GCM,FEFD
T01,1776279728103.446,transport,4261,271634,TLS_ECDHE_ECDSA_WITH_CHACHA20_POLY1305_SHA256,client,connected,Ycmm,controlling,connected,CFBF:54:0A:75:B3:2C:A3:DF:F2:C2:E4:1B:95:D5:48:BF:DD:E7:E8:4E:BF:12:98:1E:1C:DB:23:8A:8E:79:17:03,66,483,CFE6:B3:70:7F:58:1C:4F:10:4C:14:03:C0:36:B2:A2:39:68:2A:81:56:96:81:BD:0F:D2:07:01:DD:96:F7:CE:52,1,CPFDKsaUkO_hbFwJRE6,AEAD_AES_256_GCM,FEFD
T01,1776279728303.315,transport,4373,285496,TLS_ECDHE_ECDSA_WITH_CHACHA20_POLY1305_SHA256,client,connected,Ycmm,controlling,connected,CFBF:54:0A:75:B3:2C:A3:DF:F2:C2:E4:1B:95:D5:48:BF:DD:E7:E8:4E:BF:12:98:1E:1C:DB:23:8A:8E:79:17:03,68,511,CFE6:B3:70:7F:58:1C:4F:10:4C:14:03:C0:36:B2:A2:39:68:2A:81:56:96:81:BD:0F:D2:07:01:DD:96:F7:CE:52,1,CPFDKsaUkO_hbFwJRE6,AEAD_AES_256_GCM,FEFD
T01,1776279728303.315,transport,4373,285496,TLS_ECDHE_ECDSA_WITH_CHACHA20_POLY1305_SHA256,client,connected,Ycmm,controlling,connected,CFBF:54:0A:75:B3:2C:A3:DF:F2:C2:E4:1B:95:D5:48:BF:DD:E7:E8:4E:BF:12:98:1E:1C:DB:23:8A:8E:79:17:03,68,511,CFE6:B3:70:7F:58:1C:4F:10:4C:14:03:C0:36:B2:A2:39:68:2A:81:56:96:81:BD:0F:D2:07:01:DD:96:F7:CE:52,1,CPFDKsaUkO_hbFwJRE6,AEAD_AES_256_GCM,FEFD
T01,1776279728503.364,transport,4481,294928,TLS_ECDHE_ECDSA_WITH_CHACHA20_POLY1305_SHA256,client,connected,Ycmm,controlling,connected,CFBF:54:0A:75:B3:2C:A3:DF:F2:C2:E4:1B:95:D5:48:BF:DD:E7:E8:4E:BF:12:98:1E:1C:DB:23:8A:8E:79:17:03,70,531,CFE6:B3:70:7F:58:1C:4F:10:4C:14:03:C0:36:B2:A2:39:68:2A:81:56:96:81:BD:0F:D2:07:01:DD:96:F7:CE:52,1,CPFDKsaUkO_hbFwJRE6,AEAD_AES_256_GCM,FEFD
T01,1776279728503.364,transport,4481,294928,TLS_ECDHE_ECDSA_WITH_CHACHA20_POLY1305_SHA256,client,connected,Ycmm,controlling,connected,CFBF:54:0A:75:B3:2C:A3:DF:F2:C2:E4:1B:95:D5:48:BF:DD:E7:E8:4E:BF:12:98:1E:1C:DB:23:8A:8E:79:17:03,70,531,CFE6:B3:70:7F:58:1C:4F:10:4C:14:03:C0:36:B2:A2:39:68:2A:81:56:96:81:BD:0F:D2:07:01:DD:96:F7:CE:52,1,CPFDKsaUkO_hbFwJRE6,AEAD_AES_256_GCM,FEFD
T01,1776279728703.332,transport,4585,308368,TLS_ECDHE_ECDSA_WITH_CHACHA20_POLY1305_SHA256,client,connected,Ycmm,controlling,connected,CFBF:54:0A:75:B3:2C:A3:DF:F2:C2:E4:1B:95:D5:48:BF:DD:E7:E8:4E:BF:12:98:1E:1C:DB:23:8A:8E:79:17:03,72,555,CFE6:B3:70:7F:58:1C:4F:10:4C:14:03:C0:36:B2:A2:39:68:2A:81:56:96:81:BD:0F:D2:07:01:DD:96:F7:CE:52,1,CPFDKsaUkO_hbFwJRE6,AEAD_AES_256_GCM,FEFD
T01,1776279728703.332,transport,4585,308368,TLS_ECDHE_ECDSA_WITH_CHACHA20_POLY1305_SHA256,client,connected,Ycmm,controlling,connected,CFBF:54:0A:75:B3:2C:A3:DF:F2:C2:E4:1B:95:D5:48:BF:DD:E7:E8:4E:BF:12:98:1E:1C:DB:23:8A:8E:79:17:03,72,555,CFE6:B3:70:7F:58:1C:4F:10:4C:14:03:C0:36:B2:A2:39:68:2A:81:56:96:81:BD:0F:D2:07:01:DD:96:F7:CE:52,1,CPFDKsaUkO_hbFwJRE6,AEAD_AES_256_GCM,FEFD
T01,1776279728903.328,transport,4825,321449,TLS_ECDHE_ECDSA_WITH_CHACHA20_POLY1305_SHA256,client,connected,Ycmm,controlling,connected,CFBF:54:0A:75:B3:2C:A3:DF:F2:C2:E4:1B:95:D5:48:BF:DD:E7:E8:4E:BF:12:98:1E:1C:DB:23:8A:8E:79:17:03,76,573,CFE6:B3:70:7F:58:1C:4F:10:4C:14:03:C0:36:B2:A2:39:68:2A:81:56:96:81:BD:0F:D2:07:01:DD:96:F7:CE:52,1,CPFDKsaUkO_hbFwJRE6,AEAD_AES_256_GCM,FEFD
T01,1776279728903.328,transport,4825,321449,TLS_ECDHE_ECDSA_WITH_CHACHA20_POLY1305_SHA256,client,connected,Ycmm,controlling,connected,CFBF:54:0A:75:B3:2C:A3:DF:F2:C2:E4:1B:95:D5:48:BF:DD:E7:E8:4E:BF:12:98:1E:1C:DB:23:8A:8E:79:17:03,76,573,CFE6:B3:70:7F:58:1C:4F:10:4C:14:03:C0:36:B2:A2:39:68:2A:81:56:96:81:BD:0F:D2:07:01:DD:96:F7:CE:52,1,CPFDKsaUkO_hbFwJRE6,AEAD_AES_256_GCM,FEFD
T01,1776279729103.454,transport,4925,332145,TLS_ECDHE_ECDSA_WITH_CHACHA20_POLY1305_SHA256,client,connected,Ycmm,controlling,connected,CFBF:54:0A:75:B3:2C:A3:DF:F2:C2:E4:1B:95:D5:48:BF:DD:E7:E8:4E:BF:12:98:1E:1C:DB:23:8A:8E:79:17:03,78,589,CFE6:B3:70:7F:58:1C:4F:10:4C:14:03:C0:36:B2:A2:39:68:2A:81:56:96:81:BD:0F:D2:07:01:DD:96:F7:CE:52,1,CPFDKsaUkO_hbFwJRE6,AEAD_AES_256_GCM,FEFD
T01,1776279729103.454,transport,4925,332145,TLS_ECDHE_ECDSA_WITH_CHACHA20_POLY1305_SHA256,client,connected,Ycmm,controlling,connected,CFBF:54:0A:75:B3:2C:A3:DF:F2:C2:E4:1B:95:D5:48:BF:DD:E7:E8:4E:BF:12:98:1E:1C:DB:23:8A:8E:79:17:03,78,589,CFE6:B3:70:7F:58:1C:4F:10:4C:14:03:C0:36:B2:A2:39:68:2A:81:56:96:81:BD:0F:D2:07:01:DD:96:F7:CE:52,1,CPFDKsaUkO_hbFwJRE6,AEAD_AES_256_GCM,FEFD
T01,1776279729303.471,transport,5029,343167,TLS_ECDHE_ECDSA_WITH_CHACHA20_POLY1305_SHA256,client,connected,Ycmm,controlling,connected,CFBF:54:0A:75:B3:2C:A3:DF:F2:C2:E4:1B:95:D5:48:BF:DD:E7:E8:4E:BF:12:98:1E:1C:DB:23:8A:8E:79:17:03,80,607,CFE6:B3:70:7F:58:1C:4F:10:4C:14:03:C0:36:B2:A2:39:68:2A:81:56:96:81:BD:0F:D2:07:01:DD:96:F7:CE:52,1,CPFDKsaUkO_hbFwJRE6,AEAD_AES_256_GCM,FEFD
T01,1776279729303.471,transport,5029,343167,TLS_ECDHE_ECDSA_WITH_CHACHA20_POLY1305_SHA256,client,connected,Ycmm,controlling,connected,CFBF:54:0A:75:B3:2C:A3:DF:F2:C2:E4:1B:95:D5:48:BF:DD:E7:E8:4E:BF:12:98:1E:1C:DB:23:8A:8E:79:17:03,80,607,CFE6:B3:70:7F:58:1C:4F:10:4C:14:03:C0:36:B2:A2:39:68:2A:81:56:96:81:BD:0F:D2:07:01:DD:96:F7:CE:52,1,CPFDKsaUkO_hbFwJRE6,AEAD_AES_256_GCM,FEFD
T01,1776279729503.302,transport,5137,354855,TLS_ECDHE_ECDSA_WITH_CHACHA20_POLY1305_SHA256,client,connected,Ycmm,controlling,connected,CFBF:54:0A:75:B3:2C:A3:DF:F2:C2:E4:1B:95:D5:48:BF:DD:E7:E8:4E:BF:12:98:1E:1C:DB:23:8A:8E:79:17:03,82,633,CFE6:B3:70:7F:58:1C:4F:10:4C:14:03:C0:36:B2:A2:39:68:2A:81:56:96:81:BD:0F:D2:07:01:DD:96:F7:CE:52,1,CPFDKsaUkO_hbFwJRE6,AEAD_AES_256_GCM,FEFD
T01,1776279729503.302,transport,5137,354855,TLS_ECDHE_ECDSA_WITH_CHACHA20_POLY1305_SHA256,client,connected,Ycmm,controlling,connected,CFBF:54:0A:75:B3:2C:A3:DF:F2:C2:E4:1B:95:D5:48:BF:DD:E7:E8:4E:BF:12:98:1E:1C:DB:23:8A:8E:79:17:03,82,633,CFE6:B3:70:7F:58:1C:4F:10:4C:14:03:C0:36:B2:A2:39:68:2A:81:56:96:81:BD:0F:D2:07:01:DD:96:F7:CE:52,1,CPFDKsaUkO_hbFwJRE6,AEAD_AES_256_GCM,FEFD
T01,1776279729703.367,transport,5253,369653,TLS_ECDHE_ECDSA_WITH_CHACHA20_POLY1305_SHA256,client,connected,Ycmm,controlling,connected,CFBF:54:0A:75:B3:2C:A3:DF:F2:C2:E4:1B:95:D5:48:BF:DD:E7:E8:4E:BF:12:98:1E:1C:DB:23:8A:8E:79:17:03,84,660,CFE6:B3:70:7F:58:1C:4F:10:4C:14:03:C0:36:B2:A2:39:68:2A:81:56:96:81:BD:0F:D2:07:01:DD:96:F7:CE:52,1,CPFDKsaUkO_hbFwJRE6,AEAD_AES_256_GCM,FEFD
T01,1776279729703.367,transport,5253,369653,TLS_ECDHE_ECDSA_WITH_CHACHA20_POLY1305_SHA256,client,connected,Ycmm,controlling,connected,CFBF:54:0A:75:B3:2C:A3:DF:F2:C2:E4:1B:95:D5:48:BF:DD:E7:E8:4E:BF:12:98:1E:1C:DB:23:8A:8E:79:17:03,84,660,CFE6:B3:70:7F:58:1C:4F:10:4C:14:03:C0:36:B2:A2:39:68:2A:81:56:96:81:BD:0F:D2:07:01:DD:96:F7:CE:52,1,CPFDKsaUkO_hbFwJRE6,AEAD_AES_256_GCM,FEFD
T01,1776279729903.447,transport,5361,381545,TLS_ECDHE_ECDSA_WITH_CHACHA20_POLY1305_SHA256,client,connected,Ycmm,controlling,connected,CFBF:54:0A:75:B3:2C:A3:DF:F2:C2:E4:1B:95:D5:48:BF:DD:E7:E8:4E:BF:12:98:1E:1C:DB:23:8A:8E:79:17:03,86,682,CFE6:B3:70:7F:58:1C:4F:10:4C:14:03:C0:36:B2:A2:39:68:2A:81:56:96:81:BD:0F:D2:07:01:DD:96:F7:CE:52,1,CPFDKsaUkO_hbFwJRE6,AEAD_AES_256_GCM,FEFD
T01,1776279729903.447,transport,5361,381545,TLS_ECDHE_ECDSA_WITH_CHACHA20_POLY1305_SHA256,client,connected,Ycmm,controlling,connected,CFBF:54:0A:75:B3:2C:A3:DF:F2:C2:E4:1B:95:D5:48:BF:DD:E7:E8:4E:BF:12:98:1E:1C:DB:23:8A:8E:79:17:03,86,682,CFE6:B3:70:7F:58:1C:4F:10:4C:14:03:C0:36:B2:A2:39:68:2A:81:56:96:81:BD:0F:D2:07:01:DD:96:F7:CE:52,1,CPFDKsaUkO_hbFwJRE6,AEAD_AES_256_GCM,FEFD
T01,1776279730103.352,transport,5577,393739,TLS_ECDHE_ECDSA_WITH_CHACHA20_POLY1305_SHA256,client,connected,Ycmm,controlling,connected,CFBF:54:0A:75:B3:2C:A3:DF:F2:C2:E4:1B:95:D5:48:BF:DD:E7:E8:4E:BF:12:98:1E:1C:DB:23:8A:8E:79:17:03,89,708,CFE6:B3:70:7F:58:1C:4F:10:4C:14:03:C0:36:B2:A2:39:68:2A:81:56:96:81:BD:0F:D2:07:01:DD:96:F7:CE:52,1,CPFDKsaUkO_hbFwJRE6,AEAD_AES_256_GCM,FEFD
T01,1776279730103.352,transport,5577,393739,TLS_ECDHE_ECDSA_WITH_CHACHA20_POLY1305_SHA256,client,connected,Ycmm,controlling,connected,CFBF:54:0A:75:B3:2C:A3:DF:F2:C2:E4:1B:95:D5:48:BF:DD:E7:E8:4E:BF:12:98:1E:1C:DB:23:8A:8E:79:17:03,89,708,CFE6:B3:70:7F:58:1C:4F:10:4C:14:03:C0:36:B2:A2:39:68:2A:81:56:96:81:BD:0F:D2:07:01:DD:96:F7:CE:52,1,CPFDKsaUkO_hbFwJRE6,AEAD_AES_256_GCM,FEFD
T01,1776279730303.477,transport,5693,408088,TLS_ECDHE_ECDSA_WITH_CHACHA20_POLY1305_SHA256,client,connected,Ycmm,controlling,connected,CFBF:54:0A:75:B3:2C:A3:DF:F2:C2:E4:1B:95:D5:48:BF:DD:E7:E8:4E:BF:12:98:1E:1C:DB:23:8A:8E:79:17:03,91,740,CFE6:B3:70:7F:58:1C:4F:10:4C:14:03:C0:36:B2:A2:39:68:2A:81:56:96:81:BD:0F:D2:07:01:DD:96:F7:CE:52,1,CPFDKsaUkO_hbFwJRE6,AEAD_AES_256_GCM,FEFD
T01,1776279730303.477,transport,5693,408088,TLS_ECDHE_ECDSA_WITH_CHACHA20_POLY1305_SHA256,client,connected,Ycmm,controlling,connected,CFBF:54:0A:75:B3:2C:A3:DF:F2:C2:E4:1B:95:D5:48:BF:DD:E7:E8:4E:BF:12:98:1E:1C:DB:23:8A:8E:79:17:03,91,740,CFE6:B3:70:7F:58:1C:4F:10:4C:14:03:C0:36:B2:A2:39:68:2A:81:56:96:81:BD:0F:D2:07:01:DD:96:F7:CE:52,1,CPFDKsaUkO_hbFwJRE6,AEAD_AES_256_GCM,FEFD
T01,1776279730503.407,transport,5801,420191,TLS_ECDHE_ECDSA_WITH_CHACHA20_POLY1305_SHA256,client,connected,Ycmm,controlling,connected,CFBF:54:0A:75:B3:2C:A3:DF:F2:C2:E4:1B:95:D5:48:BF:DD:E7:E8:4E:BF:12:98:1E:1C:DB:23:8A:8E:79:17:03,93,763,CFE6:B3:70:7F:58:1C:4F:10:4C:14:03:C0:36:B2:A2:39:68:2A:81:56:96:81:BD:0F:D2:07:01:DD:96:F7:CE:52,1,CPFDKsaUkO_hbFwJRE6,AEAD_AES_256_GCM,FEFD
T01,1776279730503.407,transport,5801,420191,TLS_ECDHE_ECDSA_WITH_CHACHA20_POLY1305_SHA256,client,connected,Ycmm,controlling,connected,CFBF:54:0A:75:B3:2C:A3:DF:F2:C2:E4:1B:95:D5:48:BF:DD:E7:E8:4E:BF:12:98:1E:1C:DB:23:8A:8E:79:17:03,93,763,CFE6:B3:70:7F:58:1C:4F:10:4C:14:03:C0:36:B2:A2:39:68:2A:81:56:96:81:BD:0F:D2:07:01:DD:96:F7:CE:52,1,CPFDKsaUkO_hbFwJRE6,AEAD_AES_256_GCM,FEFD
T01,1776279730703.307,transport,5917,435512,TLS_ECDHE_ECDSA_WITH_CHACHA20_POLY1305_SHA256,client,connected,Ycmm,controlling,connected,CFBF:54:0A:75:B3:2C:A3:DF:F2:C2:E4:1B:95:D5:48:BF:DD:E7:E8:4E:BF:12:98:1E:1C:DB:23:8A:8E:79:17:03,95,793,CFE6:B3:70:7F:58:1C:4F:10:4C:14:03:C0:36:B2:A2:39:68:2A:81:56:96:81:BD:0F:D2:07:01:DD:96:F7:CE:52,1,CPFDKsaUkO_hbFwJRE6,AEAD_AES_256_GCM,FEFD
T01,1776279730703.307,transport,5917,435512,TLS_ECDHE_ECDSA_WITH_CHACHA20_POLY1305_SHA256,client,connected,Ycmm,controlling,connected,CFBF:54:0A:75:B3:2C:A3:DF:F2:C2:E4:1B:95:D5:48:BF:DD:E7:E8:4E:BF:12:98:1E:1C:DB:23:8A:8E:79:17:03,95,793,CFE6:B3:70:7F:58:1C:4F:10:4C:14:03:C0:36:B2:A2:39:68:2A:81:56:96:81:BD:0F:D2:07:01:DD:96:F7:CE:52,1,CPFDKsaUkO_hbFwJRE6,AEAD_AES_256_GCM,FEFD
T01,1776279730903.343,transport,6029,448131,TLS_ECDHE_ECDSA_WITH_CHACHA20_POLY1305_SHA256,client,connected,Ycmm,controlling,connected,CFBF:54:0A:75:B3:2C:A3:DF:F2:C2:E4:1B:95:D5:48:BF:DD:E7:E8:4E:BF:12:98:1E:1C:DB:23:8A:8E:79:17:03,97,815,CFE6:B3:70:7F:58:1C:4F:10:4C:14:03:C0:36:B2:A2:39:68:2A:81:56:96:81:BD:0F:D2:07:01:DD:96:F7:CE:52,1,CPFDKsaUkO_hbFwJRE6,AEAD_AES_256_GCM,FEFD
T01,1776279730903.343,transport,6029,448131,TLS_ECDHE_ECDSA_WITH_CHACHA20_POLY1305_SHA256,client,connected,Ycmm,controlling,connected,CFBF:54:0A:75:B3:2C:A3:DF:F2:C2:E4:1B:95:D5:48:BF:DD:E7:E8:4E:BF:12:98:1E:1C:DB:23:8A:8E:79:17:03,97,815,CFE6:B3:70:7F:58:1C:4F:10:4C:14:03:C0:36:B2:A2:39:68:2A:81:56:96:81:BD:0F:D2:07:01:DD:96:F7:CE:52,1,CPFDKsaUkO_hbFwJRE6,AEAD_AES_256_GCM,FEFD
T01,1776279731103.403,transport,6141,462670,TLS_ECDHE_ECDSA_WITH_CHACHA20_POLY1305_SHA256,client,connected,Ycmm,controlling,connected,CFBF:54:0A:75:B3:2C:A3:DF:F2:C2:E4:1B:95:D5:48:BF:DD:E7:E8:4E:BF:12:98:1E:1C:DB:23:8A:8E:79:17:03,99,840,CFE6:B3:70:7F:58:1C:4F:10:4C:14:03:C0:36:B2:A2:39:68:2A:81:56:96:81:BD:0F:D2:07:01:DD:96:F7:CE:52,1,CPFDKsaUkO_hbFwJRE6,AEAD_AES_256_GCM,FEFD
T01,1776279731103.403,transport,6141,462670,TLS_ECDHE_ECDSA_WITH_CHACHA20_POLY1305_SHA256,client,connected,Ycmm,controlling,connected,CFBF:54:0A:75:B3:2C:A3:DF:F2:C2:E4:1B:95:D5:48:BF:DD:E7:E8:4E:BF:12:98:1E:1C:DB:23:8A:8E:79:17:03,99,840,CFE6:B3:70:7F:58:1C:4F:10:4C:14:03:C0:36:B2:A2:39:68:2A:81:56:96:81:BD:0F:D2:07:01:DD:96:F7:CE:52,1,CPFDKsaUkO_hbFwJRE6,AEAD_AES_256_GCM,FEFD
T01,1776279731303.399,transport,6249,476557,TLS_ECDHE_ECDSA_WITH_CHACHA20_POLY1305_SHA256,client,connected,Ycmm,controlling,connected,CFBF:54:0A:75:B3:2C:A3:DF:F2:C2:E4:1B:95:D5:48:BF:DD:E7:E8:4E:BF:12:98:1E:1C:DB:23:8A:8E:79:17:03,101,866,CFE6:B3:70:7F:58:1C:4F:10:4C:14:03:C0:36:B2:A2:39:68:2A:81:56:96:81:BD:0F:D2:07:01:DD:96:F7:CE:52,1,CPFDKsaUkO_hbFwJRE6,AEAD_AES_256_GCM,FEFD
T01,1776279731303.399,transport,6249,476557,TLS_ECDHE_ECDSA_WITH_CHACHA20_POLY1305_SHA256,client,connected,Ycmm,controlling,connected,CFBF:54:0A:75:B3:2C:A3:DF:F2:C2:E4:1B:95:D5:48:BF:DD:E7:E8:4E:BF:12:98:1E:1C:DB:23:8A:8E:79:17:03,101,866,CFE6:B3:70:7F:58:1C:4F:10:4C:14:03:C0:36:B2:A2:39:68:2A:81:56:96:81:BD:0F:D2:07:01:DD:96:F7:CE:52,1,CPFDKsaUkO_hbFwJRE6,AEAD_AES_256_GCM,FEFD
T01,1776279731503.332,transport,6461,493031,TLS_ECDHE_ECDSA_WITH_CHACHA20_POLY1305_SHA256,client,connected,Ycmm,controlling,connected,CFBF:54:0A:75:B3:2C:A3:DF:F2:C2:E4:1B:95:D5:48:BF:DD:E7:E8:4E:BF:12:98:1E:1C:DB:23:8A:8E:79:17:03,104,900,CFE6:B3:70:7F:58:1C:4F:10:4C:14:03:C0:36:B2:A2:39:68:2A:81:56:96:81:BD:0F:D2:07:01:DD:96:F7:CE:52,1,CPFDKsaUkO_hbFwJRE6,AEAD_AES_256_GCM,FEFD
T01,1776279731503.332,transport,6461,493031,TLS_ECDHE_ECDSA_WITH_CHACHA20_POLY1305_SHA256,client,connected,Ycmm,controlling,connected,CFBF:54:0A:75:B3:2C:A3:DF:F2:C2:E4:1B:95:D5:48:BF:DD:E7:E8:4E:BF:12:98:1E:1C:DB:23:8A:8E:79:17:03,104,900,CFE6:B3:70:7F:58:1C:4F:10:4C:14:03:C0:36:B2:A2:39:68:2A:81:56:96:81:BD:0F:D2:07:01:DD:96:F7:CE:52,1,CPFDKsaUkO_hbFwJRE6,AEAD_AES_256_GCM,FEFD
T01,1776279731703.494,transport,6569,507246,TLS_ECDHE_ECDSA_WITH_CHACHA20_POLY1305_SHA256,client,connected,Ycmm,controlling,connected,CFBF:54:0A:75:B3:2C:A3:DF:F2:C2:E4:1B:95:D5:48:BF:DD:E7:E8:4E:BF:12:98:1E:1C:DB:23:8A:8E:79:17:03,106,921,CFE6:B3:70:7F:58:1C:4F:10:4C:14:03:C0:36:B2:A2:39:68:2A:81:56:96:81:BD:0F:D2:07:01:DD:96:F7:CE:52,1,CPFDKsaUkO_hbFwJRE6,AEAD_AES_256_GCM,FEFD
T01,1776279731703.494,transport,6569,507246,TLS_ECDHE_ECDSA_WITH_CHACHA20_POLY1305_SHA256,client,connected,Ycmm,controlling,connected,CFBF:54:0A:75:B3:2C:A3:DF:F2:C2:E4:1B:95:D5:48:BF:DD:E7:E8:4E:BF:12:98:1E:1C:DB:23:8A:8E:79:17:03,106,921,CFE6:B3:70:7F:58:1C:4F:10:4C:14:03:C0:36:B2:A2:39:68:2A:81:56:96:81:BD:0F:D2:07:01:DD:96:F7:CE:52,1,CPFDKsaUkO_hbFwJRE6,AEAD_AES_256_GCM,FEFD
T01,1776279731903.273,transport,6673,521367,TLS_ECDHE_ECDSA_WITH_CHACHA20_POLY1305_SHA256,client,connected,Ycmm,controlling,connected,CFBF:54:0A:75:B3:2C:A3:DF:F2:C2:E4:1B:95:D5:48:BF:DD:E7:E8:4E:BF:12:98:1E:1C:DB:23:8A:8E:79:17:03,108,938,CFE6:B3:70:7F:58:1C:4F:10:4C:14:03:C0:36:B2:A2:39:68:2A:81:56:96:81:BD:0F:D2:07:01:DD:96:F7:CE:52,1,CPFDKsaUkO_hbFwJRE6,AEAD_AES_256_GCM,FEFD
T01,1776279731903.273,transport,6673,521367,TLS_ECDHE_ECDSA_WITH_CHACHA20_POLY1305_SHA256,client,connected,Ycmm,controlling,connected,CFBF:54:0A:75:B3:2C:A3:DF:F2:C2:E4:1B:95:D5:48:BF:DD:E7:E8:4E:BF:12:98:1E:1C:DB:23:8A:8E:79:17:03,108,938,CFE6:B3:70:7F:58:1C:4F:10:4C:14:03:C0:36:B2:A2:39:68:2A:81:56:96:81:BD:0F:D2:07:01:DD:96:F7:CE:52,1,CPFDKsaUkO_hbFwJRE6,AEAD_AES_256_GCM,FEFD
T01,1776279732103.531,transport,6817,537183,TLS_ECDHE_ECDSA_WITH_CHACHA20_POLY1305_SHA256,client,connected,Ycmm,controlling,connected,CFBF:54:0A:75:B3:2C:A3:DF:F2:C2:E4:1B:95:D5:48:BF:DD:E7:E8:4E:BF:12:98:1E:1C:DB:23:8A:8E:79:17:03,111,962,CFE6:B3:70:7F:58:1C:4F:10:4C:14:03:C0:36:B2:A2:39:68:2A:81:56:96:81:BD:0F:D2:07:01:DD:96:F7:CE:52,1,CPFDKsaUkO_hbFwJRE6,AEAD_AES_256_GCM,FEFD
T01,1776279732103.531,transport,6817,537183,TLS_ECDHE_ECDSA_WITH_CHACHA20_POLY1305_SHA256,client,connected,Ycmm,controlling,connected,CFBF:54:0A:75:B3:2C:A3:DF:F2:C2:E4:1B:95:D5:48:BF:DD:E7:E8:4E:BF:12:98:1E:1C:DB:23:8A:8E:79:17:03,111,962,CFE6:B3:70:7F:58:1C:4F:10:4C:14:03:C0:36:B2:A2:39:68:2A:81:56:96:81:BD:0F:D2:07:01:DD:96:F7:CE:52,1,CPFDKsaUkO_hbFwJRE6,AEAD_AES_256_GCM,FEFD
T01,1776279732303.431,transport,6925,556514,TLS_ECDHE_ECDSA_WITH_CHACHA20_POLY1305_SHA256,client,connected,Ycmm,controlling,connected,CFBF:54:0A:75:B3:2C:A3:DF:F2:C2:E4:1B:95:D5:48:BF:DD:E7:E8:4E:BF:12:98:1E:1C:DB:23:8A:8E:79:17:03,113,984,CFE6:B3:70:7F:58:1C:4F:10:4C:14:03:C0:36:B2:A2:39:68:2A:81:56:96:81:BD:0F:D2:07:01:DD:96:F7:CE:52,1,CPFDKsaUkO_hbFwJRE6,AEAD_AES_256_GCM,FEFD
T01,1776279732303.431,transport,6925,556514,TLS_ECDHE_ECDSA_WITH_CHACHA20_POLY1305_SHA256,client,connected,Ycmm,controlling,connected,CFBF:54:0A:75:B3:2C:A3:DF:F2:C2:E4:1B:95:D5:48:BF:DD:E7:E8:4E:BF:12:98:1E:1C:DB:23:8A:8E:79:17:03,113,984,CFE6:B3:70:7F:58:1C:4F:10:4C:14:03:C0:36:B2:A2:39:68:2A:81:56:96:81:BD:0F:D2:07:01:DD:96:F7:CE:52,1,CPFDKsaUkO_hbFwJRE6,AEAD_AES_256_GCM,FEFD
T01,1776279732503.319,transport,7037,574263,TLS_ECDHE_ECDSA_WITH_CHACHA20_POLY1305_SHA256,client,connected,Ycmm,controlling,connected,CFBF:54:0A:75:B3:2C:A3:DF:F2:C2:E4:1B:95:D5:48:BF:DD:E7:E8:4E:BF:12:98:1E:1C:DB:23:8A:8E:79:17:03,115,1008,CFE6:B3:70:7F:58:1C:4F:10:4C:14:03:C0:36:B2:A2:39:68:2A:81:56:96:81:BD:0F:D2:07:01:DD:96:F7:CE:52,1,CPFDKsaUkO_hbFwJRE6,AEAD_AES_256_GCM,FEFD
T01,1776279732503.319,transport,7037,574263,TLS_ECDHE_ECDSA_WITH_CHACHA20_POLY1305_SHA256,client,connected,Ycmm,controlling,connected,CFBF:54:0A:75:B3:2C:A3:DF:F2:C2:E4:1B:95:D5:48:BF:DD:E7:E8:4E:BF:12:98:1E:1C:DB:23:8A:8E:79:17:03,115,1008,CFE6:B3:70:7F:58:1C:4F:10:4C:14:03:C0:36:B2:A2:39:68:2A:81:56:96:81:BD:0F:D2:07:01:DD:96:F7:CE:52,1,CPFDKsaUkO_hbFwJRE6,AEAD_AES_256_GCM,FEFD
T01,1776279732703.289,transport,7237,585632,TLS_ECDHE_ECDSA_WITH_CHACHA20_POLY1305_SHA256,client,connected,Ycmm,controlling,connected,CFBF:54:0A:75:B3:2C:A3:DF:F2:C2:E4:1B:95:D5:48:BF:DD:E7:E8:4E:BF:12:98:1E:1C:DB:23:8A:8E:79:17:03,118,1025,CFE6:B3:70:7F:58:1C:4F:10:4C:14:03:C0:36:B2:A2:39:68:2A:81:56:96:81:BD:0F:D2:07:01:DD:96:F7:CE:52,1,CPFDKsaUkO_hbFwJRE6,AEAD_AES_256_GCM,FEFD
T01,1776279732703.289,transport,7237,585632,TLS_ECDHE_ECDSA_WITH_CHACHA20_POLY1305_SHA256,client,connected,Ycmm,controlling,connected,CFBF:54:0A:75:B3:2C:A3:DF:F2:C2:E4:1B:95:D5:48:BF:DD:E7:E8:4E:BF:12:98:1E:1C:DB:23:8A:8E:79:17:03,118,1025,CFE6:B3:70:7F:58:1C:4F:10:4C:14:03:C0:36:B2:A2:39:68:2A:81:56:96:81:BD:0F:D2:07:01:DD:96:F7:CE:52,1,CPFDKsaUkO_hbFwJRE6,AEAD_AES_256_GCM,FEFD
T01,1776279732903.363,transport,7341,601354,TLS_ECDHE_ECDSA_WITH_CHACHA20_POLY1305_SHA256,client,connected,Ycmm,controlling,connected,CFBF:54:0A:75:B3:2C:A3:DF:F2:C2:E4:1B:95:D5:48:BF:DD:E7:E8:4E:BF:12:98:1E:1C:DB:23:8A:8E:79:17:03,120,1044,CFE6:B3:70:7F:58:1C:4F:10:4C:14:03:C0:36:B2:A2:39:68:2A:81:56:96:81:BD:0F:D2:07:01:DD:96:F7:CE:52,1,CPFDKsaUkO_hbFwJRE6,AEAD_AES_256_GCM,FEFD
T01,1776279732903.363,transport,7341,601354,TLS_ECDHE_ECDSA_WITH_CHACHA20_POLY1305_SHA256,client,connected,Ycmm,controlling,connected,CFBF:54:0A:75:B3:2C:A3:DF:F2:C2:E4:1B:95:D5:48:BF:DD:E7:E8:4E:BF:12:98:1E:1C:DB:23:8A:8E:79:17:03,120,1044,CFE6:B3:70:7F:58:1C:4F:10:4C:14:03:C0:36:B2:A2:39:68:2A:81:56:96:81:BD:0F:D2:07:01:DD:96:F7:CE:52,1,CPFDKsaUkO_hbFwJRE6,AEAD_AES_256_GCM,FEFD
T01,1776279733103.308,transport,7453,617579,TLS_ECDHE_ECDSA_WITH_CHACHA20_POLY1305_SHA256,client,connected,Ycmm,controlling,connected,CFBF:54:0A:75:B3:2C:A3:DF:F2:C2:E4:1B:95:D5:48:BF:DD:E7:E8:4E:BF:12:98:1E:1C:DB:23:8A:8E:79:17:03,122,1067,CFE6:B3:70:7F:58:1C:4F:10:4C:14:03:C0:36:B2:A2:39:68:2A:81:56:96:81:BD:0F:D2:07:01:DD:96:F7:CE:52,1,CPFDKsaUkO_hbFwJRE6,AEAD_AES_256_GCM,FEFD
T01,1776279733103.308,transport,7453,617579,TLS_ECDHE_ECDSA_WITH_CHACHA20_POLY1305_SHA256,client,connected,Ycmm,controlling,connected,CFBF:54:0A:75:B3:2C:A3:DF:F2:C2:E4:1B:95:D5:48:BF:DD:E7:E8:4E:BF:12:98:1E:1C:DB:23:8A:8E:79:17:03,122,1067,CFE6:B3:70:7F:58:1C:4F:10:4C:14:03:C0:36:B2:A2:39:68:2A:81:56:96:81:BD:0F:D2:07:01:DD:96:F7:CE:52,1,CPFDKsaUkO_hbFwJRE6,AEAD_AES_256_GCM,FEFD
T01,1776279733303.388,transport,7561,635469,TLS_ECDHE_ECDSA_WITH_CHACHA20_POLY1305_SHA256,client,connected,Ycmm,controlling,connected,CFBF:54:0A:75:B3:2C:A3:DF:F2:C2:E4:1B:95:D5:48:BF:DD:E7:E8:4E:BF:12:98:1E:1C:DB:23:8A:8E:79:17:03,124,1088,CFE6:B3:70:7F:58:1C:4F:10:4C:14:03:C0:36:B2:A2:39:68:2A:81:56:96:81:BD:0F:D2:07:01:DD:96:F7:CE:52,1,CPFDKsaUkO_hbFwJRE6,AEAD_AES_256_GCM,FEFD
T01,1776279733303.388,transport,7561,635469,TLS_ECDHE_ECDSA_WITH_CHACHA20_POLY1305_SHA256,client,connected,Ycmm,controlling,connected,CFBF:54:0A:75:B3:2C:A3:DF:F2:C2:E4:1B:95:D5:48:BF:DD:E7:E8:4E:BF:12:98:1E:1C:DB:23:8A:8E:79:17:03,124,1088,CFE6:B3:70:7F:58:1C:4F:10:4C:14:03:C0:36:B2:A2:39:68:2A:81:56:96:81:BD:0F:D2:07:01:DD:96:F7:CE:52,1,CPFDKsaUkO_hbFwJRE6,AEAD_AES_256_GCM,FEFD
T01,1776279733503.281,transport,7669,651785,TLS_ECDHE_ECDSA_WITH_CHACHA20_POLY1305_SHA256,client,connected,Ycmm,controlling,connected,CFBF:54:0A:75:B3:2C:A3:DF:F2:C2:E4:1B:95:D5:48:BF:DD:E7:E8:4E:BF:12:98:1E:1C:DB:23:8A:8E:79:17:03,126,1109,CFE6:B3:70:7F:58:1C:4F:10:4C:14:03:C0:36:B2:A2:39:68:2A:81:56:96:81:BD:0F:D2:07:01:DD:96:F7:CE:52,1,CPFDKsaUkO_hbFwJRE6,AEAD_AES_256_GCM,FEFD
T01,1776279733503.281,transport,7669,651785,TLS_ECDHE_ECDSA_WITH_CHACHA20_POLY1305_SHA256,client,connected,Ycmm,controlling,connected,CFBF:54:0A:75:B3:2C:A3:DF:F2:C2:E4:1B:95:D5:48:BF:DD:E7:E8:4E:BF:12:98:1E:1C:DB:23:8A:8E:79:17:03,126,1109,CFE6:B3:70:7F:58:1C:4F:10:4C:14:03:C0:36:B2:A2:39:68:2A:81:56:96:81:BD:0F:D2:07:01:DD:96:F7:CE:52,1,CPFDKsaUkO_hbFwJRE6,AEAD_AES_256_GCM,FEFD
T01,1776279733703.299,transport,7873,670997,TLS_ECDHE_ECDSA_WITH_CHACHA20_POLY1305_SHA256,client,connected,Ycmm,controlling,connected,CFBF:54:0A:75:B3:2C:A3:DF:F2:C2:E4:1B:95:D5:48:BF:DD:E7:E8:4E:BF:12:98:1E:1C:DB:23:8A:8E:79:17:03,129,1130,CFE6:B3:70:7F:58:1C:4F:10:4C:14:03:C0:36:B2:A2:39:68:2A:81:56:96:81:BD:0F:D2:07:01:DD:96:F7:CE:52,1,CPFDKsaUkO_hbFwJRE6,AEAD_AES_256_GCM,FEFD
T01,1776279733703.299,transport,7873,670997,TLS_ECDHE_ECDSA_WITH_CHACHA20_POLY1305_SHA256,client,connected,Ycmm,controlling,connected,CFBF:54:0A:75:B3:2C:A3:DF:F2:C2:E4:1B:95:D5:48:BF:DD:E7:E8:4E:BF:12:98:1E:1C:DB:23:8A:8E:79:17:03,129,1130,CFE6:B3:70:7F:58:1C:4F:10:4C:14:03:C0:36:B2:A2:39:68:2A:81:56:96:81:BD:0F:D2:07:01:DD:96:F7:CE:52,1,CPFDKsaUkO_hbFwJRE6,AEAD_AES_256_GCM,FEFD
T01,1776279733903.392,transport,7981,685627,TLS_ECDHE_ECDSA_WITH_CHACHA20_POLY1305_SHA256,client,connected,Ycmm,controlling,connected,CFBF:54:0A:75:B3:2C:A3:DF:F2:C2:E4:1B:95:D5:48:BF:DD:E7:E8:4E:BF:12:98:1E:1C:DB:23:8A:8E:79:17:03,131,1151,CFE6:B3:70:7F:58:1C:4F:10:4C:14:03:C0:36:B2:A2:39:68:2A:81:56:96:81:BD:0F:D2:07:01:DD:96:F7:CE:52,1,CPFDKsaUkO_hbFwJRE6,AEAD_AES_256_GCM,FEFD
T01,1776279733903.392,transport,7981,685627,TLS_ECDHE_ECDSA_WITH_CHACHA20_POLY1305_SHA256,client,connected,Ycmm,controlling,connected,CFBF:54:0A:75:B3:2C:A3:DF:F2:C2:E4:1B:95:D5:48:BF:DD:E7:E8:4E:BF:12:98:1E:1C:DB:23:8A:8E:79:17:03,131,1151,CFE6:B3:70:7F:58:1C:4F:10:4C:14:03:C0:36:B2:A2:39:68:2A:81:56:96:81:BD:0F:D2:07:01:DD:96:F7:CE:52,1,CPFDKsaUkO_hbFwJRE6,AEAD_AES_256_GCM,FEFD
T01,1776279734103.381,transport,8089,706321,TLS_ECDHE_ECDSA_WITH_CHACHA20_POLY1305_SHA256,client,connected,Ycmm,controlling,connected,CFBF:54:0A:75:B3:2C:A3:DF:F2:C2:E4:1B:95:D5:48:BF:DD:E7:E8:4E:BF:12:98:1E:1C:DB:23:8A:8E:79:17:03,133,1174,CFE6:B3:70:7F:58:1C:4F:10:4C:14:03:C0:36:B2:A2:39:68:2A:81:56:96:81:BD:0F:D2:07:01:DD:96:F7:CE:52,1,CPFDKsaUkO_hbFwJRE6,AEAD_AES_256_GCM,FEFD
T01,1776279734103.381,transport,8089,706321,TLS_ECDHE_ECDSA_WITH_CHACHA20_POLY1305_SHA256,client,connected,Ycmm,controlling,connected,CFBF:54:0A:75:B3:2C:A3:DF:F2:C2:E4:1B:95:D5:48:BF:DD:E7:E8:4E:BF:12:98:1E:1C:DB:23:8A:8E:79:17:03,133,1174,CFE6:B3:70:7F:58:1C:4F:10:4C:14:03:C0:36:B2:A2:39:68:2A:81:56:96:81:BD:0F:D2:07:01:DD:96:F7:CE:52,1,CPFDKsaUkO_hbFwJRE6,AEAD_AES_256_GCM,FEFD
T01,1776279734303.288,transport,8197,721785,TLS_ECDHE_ECDSA_WITH_CHACHA20_POLY1305_SHA256,client,connected,Ycmm,controlling,connected,CFBF:54:0A:75:B3:2C:A3:DF:F2:C2:E4:1B:95:D5:48:BF:DD:E7:E8:4E:BF:12:98:1E:1C:DB:23:8A:8E:79:17:03,135,1195,CFE6:B3:70:7F:58:1C:4F:10:4C:14:03:C0:36:B2:A2:39:68:2A:81:56:96:81:BD:0F:D2:07:01:DD:96:F7:CE:52,1,CPFDKsaUkO_hbFwJRE6,AEAD_AES_256_GCM,FEFD
T01,1776279734303.288,transport,8197,721785,TLS_ECDHE_ECDSA_WITH_CHACHA20_POLY1305_SHA256,client,connected,Ycmm,controlling,connected,CFBF:54:0A:75:B3:2C:A3:DF:F2:C2:E4:1B:95:D5:48:BF:DD:E7:E8:4E:BF:12:98:1E:1C:DB:23:8A:8E:79:17:03,135,1195,CFE6:B3:70:7F:58:1C:4F:10:4C:14:03:C0:36:B2:A2:39:68:2A:81:56:96:81:BD:0F:D2:07:01:DD:96:F7:CE:52,1,CPFDKsaUkO_hbFwJRE6,AEAD_AES_256_GCM,FEFD
T01,1776279734503.372,transport,8309,743084,TLS_ECDHE_ECDSA_WITH_CHACHA20_POLY1305_SHA256,client,connected,Ycmm,controlling,connected,CFBF:54:0A:75:B3:2C:A3:DF:F2:C2:E4:1B:95:D5:48:BF:DD:E7:E8:4E:BF:12:98:1E:1C:DB:23:8A:8E:79:17:03,137,1217,CFE6:B3:70:7F:58:1C:4F:10:4C:14:03:C0:36:B2:A2:39:68:2A:81:56:96:81:BD:0F:D2:07:01:DD:96:F7:CE:52,1,CPFDKsaUkO_hbFwJRE6,AEAD_AES_256_GCM,FEFD
T01,1776279734503.372,transport,8309,743084,TLS_ECDHE_ECDSA_WITH_CHACHA20_POLY1305_SHA256,client,connected,Ycmm,controlling,connected,CFBF:54:0A:75:B3:2C:A3:DF:F2:C2:E4:1B:95:D5:48:BF:DD:E7:E8:4E:BF:12:98:1E:1C:DB:23:8A:8E:79:17:03,137,1217,CFE6:B3:70:7F:58:1C:4F:10:4C:14:03:C0:36:B2:A2:39:68:2A:81:56:96:81:BD:0F:D2:07:01:DD:96:F7:CE:52,1,CPFDKsaUkO_hbFwJRE6,AEAD_AES_256_GCM,FEFD
T01,1776279734703.327,transport,8421,762308,TLS_ECDHE_ECDSA_WITH_CHACHA20_POLY1305_SHA256,client,connected,Ycmm,controlling,connected,CFBF:54:0A:75:B3:2C:A3:DF:F2:C2:E4:1B:95:D5:48:BF:DD:E7:E8:4E:BF:12:98:1E:1C:DB:23:8A:8E:79:17:03,139,1241,CFE6:B3:70:7F:58:1C:4F:10:4C:14:03:C0:36:B2:A2:39:68:2A:81:56:96:81:BD:0F:D2:07:01:DD:96:F7:CE:52,1,CPFDKsaUkO_hbFwJRE6,AEAD_AES_256_GCM,FEFD
T01,1776279734703.327,transport,8421,762308,TLS_ECDHE_ECDSA_WITH_CHACHA20_POLY1305_SHA256,client,connected,Ycmm,controlling,connected,CFBF:54:0A:75:B3:2C:A3:DF:F2:C2:E4:1B:95:D5:48:BF:DD:E7:E8:4E:BF:12:98:1E:1C:DB:23:8A:8E:79:17:03,139,1241,CFE6:B3:70:7F:58:1C:4F:10:4C:14:03:C0:36:B2:A2:39:68:2A:81:56:96:81:BD:0F:D2:07:01:DD:96:F7:CE:52,1,CPFDKsaUkO_hbFwJRE6,AEAD_AES_256_GCM,FEFD
T01,1776279734903.467,transport,8525,780243,TLS_ECDHE_ECDSA_WITH_CHACHA20_POLY1305_SHA256,client,connected,Ycmm,controlling,connected,CFBF:54:0A:75:B3:2C:A3:DF:F2:C2:E4:1B:95:D5:48:BF:DD:E7:E8:4E:BF:12:98:1E:1C:DB:23:8A:8E:79:17:03,141,1260,CFE6:B3:70:7F:58:1C:4F:10:4C:14:03:C0:36:B2:A2:39:68:2A:81:56:96:81:BD:0F:D2:07:01:DD:96:F7:CE:52,1,CPFDKsaUkO_hbFwJRE6,AEAD_AES_256_GCM,FEFD
T01,1776279734903.467,transport,8525,780243,TLS_ECDHE_ECDSA_WITH_CHACHA20_POLY1305_SHA256,client,connected,Ycmm,controlling,connected,CFBF:54:0A:75:B3:2C:A3:DF:F2:C2:E4:1B:95:D5:48:BF:DD:E7:E8:4E:BF:12:98:1E:1C:DB:23:8A:8E:79:17:03,141,1260,CFE6:B3:70:7F:58:1C:4F:10:4C:14:03:C0:36:B2:A2:39:68:2A:81:56:96:81:BD:0F:D2:07:01:DD:96:F7:CE:52,1,CPFDKsaUkO_hbFwJRE6,AEAD_AES_256_GCM,FEFD
T01,1776279735103.372,transport,8737,800120,TLS_ECDHE_ECDSA_WITH_CHACHA20_POLY1305_SHA256,client,connected,Ycmm,controlling,connected,CFBF:54:0A:75:B3:2C:A3:DF:F2:C2:E4:1B:95:D5:48:BF:DD:E7:E8:4E:BF:12:98:1E:1C:DB:23:8A:8E:79:17:03,144,1287,CFE6:B3:70:7F:58:1C:4F:10:4C:14:03:C0:36:B2:A2:39:68:2A:81:56:96:81:BD:0F:D2:07:01:DD:96:F7:CE:52,1,CPFDKsaUkO_hbFwJRE6,AEAD_AES_256_GCM,FEFD
T01,1776279735103.372,transport,8737,800120,TLS_ECDHE_ECDSA_WITH_CHACHA20_POLY1305_SHA256,client,connected,Ycmm,controlling,connected,CFBF:54:0A:75:B3:2C:A3:DF:F2:C2:E4:1B:95:D5:48:BF:DD:E7:E8:4E:BF:12:98:1E:1C:DB:23:8A:8E:79:17:03,144,1287,CFE6:B3:70:7F:58:1C:4F:10:4C:14:03:C0:36:B2:A2:39:68:2A:81:56:96:81:BD:0F:D2:07:01:DD:96:F7:CE:52,1,CPFDKsaUkO_hbFwJRE6,AEAD_AES_256_GCM,FEFD
T01,1776279735303.307,transport,8845,818850,TLS_ECDHE_ECDSA_WITH_CHACHA20_POLY1305_SHA256,client,connected,Ycmm,controlling,connected,CFBF:54:0A:75:B3:2C:A3:DF:F2:C2:E4:1B:95:D5:48:BF:DD:E7:E8:4E:BF:12:98:1E:1C:DB:23:8A:8E:79:17:03,146,1308,CFE6:B3:70:7F:58:1C:4F:10:4C:14:03:C0:36:B2:A2:39:68:2A:81:56:96:81:BD:0F:D2:07:01:DD:96:F7:CE:52,1,CPFDKsaUkO_hbFwJRE6,AEAD_AES_256_GCM,FEFD
T01,1776279735303.307,transport,8845,818850,TLS_ECDHE_ECDSA_WITH_CHACHA20_POLY1305_SHA256,client,connected,Ycmm,controlling,connected,CFBF:54:0A:75:B3:2C:A3:DF:F2:C2:E4:1B:95:D5:48:BF:DD:E7:E8:4E:BF:12:98:1E:1C:DB:23:8A:8E:79:17:03,146,1308,CFE6:B3:70:7F:58:1C:4F:10:4C:14:03:C0:36:B2:A2:39:68:2A:81:56:96:81:BD:0F:D2:07:01:DD:96:F7:CE:52,1,CPFDKsaUkO_hbFwJRE6,AEAD_AES_256_GCM,FEFD
T01,1776279735503.274,transport,8953,838404,TLS_ECDHE_ECDSA_WITH_CHACHA20_POLY1305_SHA256,client,connected,Ycmm,controlling,connected,CFBF:54:0A:75:B3:2C:A3:DF:F2:C2:E4:1B:95:D5:48:BF:DD:E7:E8:4E:BF:12:98:1E:1C:DB:23:8A:8E:79:17:03,148,1332,CFE6:B3:70:7F:58:1C:4F:10:4C:14:03:C0:36:B2:A2:39:68:2A:81:56:96:81:BD:0F:D2:07:01:DD:96:F7:CE:52,1,CPFDKsaUkO_hbFwJRE6,AEAD_AES_256_GCM,FEFD
T01,1776279735503.274,transport,8953,838404,TLS_ECDHE_ECDSA_WITH_CHACHA20_POLY1305_SHA256,client,connected,Ycmm,controlling,connected,CFBF:54:0A:75:B3:2C:A3:DF:F2:C2:E4:1B:95:D5:48:BF:DD:E7:E8:4E:BF:12:98:1E:1C:DB:23:8A:8E:79:17:03,148,1332,CFE6:B3:70:7F:58:1C:4F:10:4C:14:03:C0:36:B2:A2:39:68:2A:81:56:96:81:BD:0F:D2:07:01:DD:96:F7:CE:52,1,CPFDKsaUkO_hbFwJRE6,AEAD_AES_256_GCM,FEFD
T01,1776279735703.326,transport,9061,860566,TLS_ECDHE_ECDSA_WITH_CHACHA20_POLY1305_SHA256,client,connected,Ycmm,controlling,connected,CFBF:54:0A:75:B3:2C:A3:DF:F2:C2:E4:1B:95:D5:48:BF:DD:E7:E8:4E:BF:12:98:1E:1C:DB:23:8A:8E:79:17:03,150,1357,CFE6:B3:70:7F:58:1C:4F:10:4C:14:03:C0:36:B2:A2:39:68:2A:81:56:96:81:BD:0F:D2:07:01:DD:96:F7:CE:52,1,CPFDKsaUkO_hbFwJRE6,AEAD_AES_256_GCM,FEFD
T01,1776279735703.326,transport,9061,860566,TLS_ECDHE_ECDSA_WITH_CHACHA20_POLY1305_SHA256,client,connected,Ycmm,controlling,connected,CFBF:54:0A:75:B3:2C:A3:DF:F2:C2:E4:1B:95:D5:48:BF:DD:E7:E8:4E:BF:12:98:1E:1C:DB:23:8A:8E:79:17:03,150,1357,CFE6:B3:70:7F:58:1C:4F:10:4C:14:03:C0:36:B2:A2:39:68:2A:81:56:96:81:BD:0F:D2:07:01:DD:96:F7:CE:52,1,CPFDKsaUkO_hbFwJRE6,AEAD_AES_256_GCM,FEFD
T01,1776279735903.305,transport,9173,879672,TLS_ECDHE_ECDSA_WITH_CHACHA20_POLY1305_SHA256,client,connected,Ycmm,controlling,connected,CFBF:54:0A:75:B3:2C:A3:DF:F2:C2:E4:1B:95:D5:48:BF:DD:E7:E8:4E:BF:12:98:1E:1C:DB:23:8A:8E:79:17:03,152,1382,CFE6:B3:70:7F:58:1C:4F:10:4C:14:03:C0:36:B2:A2:39:68:2A:81:56:96:81:BD:0F:D2:07:01:DD:96:F7:CE:52,1,CPFDKsaUkO_hbFwJRE6,AEAD_AES_256_GCM,FEFD
T01,1776279735903.305,transport,9173,879672,TLS_ECDHE_ECDSA_WITH_CHACHA20_POLY1305_SHA256,client,connected,Ycmm,controlling,connected,CFBF:54:0A:75:B3:2C:A3:DF:F2:C2:E4:1B:95:D5:48:BF:DD:E7:E8:4E:BF:12:98:1E:1C:DB:23:8A:8E:79:17:03,152,1382,CFE6:B3:70:7F:58:1C:4F:10:4C:14:03:C0:36:B2:A2:39:68:2A:81:56:96:81:BD:0F:D2:07:01:DD:96:F7:CE:52,1,CPFDKsaUkO_hbFwJRE6,AEAD_AES_256_GCM,FEFD
T01,1776279736103.38,transport,9289,899206,TLS_ECDHE_ECDSA_WITH_CHACHA20_POLY1305_SHA256,client,connected,Ycmm,controlling,connected,CFBF:54:0A:75:B3:2C:A3:DF:F2:C2:E4:1B:95:D5:48:BF:DD:E7:E8:4E:BF:12:98:1E:1C:DB:23:8A:8E:79:17:03,154,1404,CFE6:B3:70:7F:58:1C:4F:10:4C:14:03:C0:36:B2:A2:39:68:2A:81:56:96:81:BD:0F:D2:07:01:DD:96:F7:CE:52,1,CPFDKsaUkO_hbFwJRE6,AEAD_AES_256_GCM,FEFD
T01,1776279736103.38,transport,9289,899206,TLS_ECDHE_ECDSA_WITH_CHACHA20_POLY1305_SHA256,client,connected,Ycmm,controlling,connected,CFBF:54:0A:75:B3:2C:A3:DF:F2:C2:E4:1B:95:D5:48:BF:DD:E7:E8:4E:BF:12:98:1E:1C:DB:23:8A:8E:79:17:03,154,1404,CFE6:B3:70:7F:58:1C:4F:10:4C:14:03:C0:36:B2:A2:39:68:2A:81:56:96:81:BD:0F:D2:07:01:DD:96:F7:CE:52,1,CPFDKsaUkO_hbFwJRE6,AEAD_AES_256_GCM,FEFD
T01,1776279736303.451,transport,9397,920952,TLS_ECDHE_ECDSA_WITH_CHACHA20_POLY1305_SHA256,client,connected,Ycmm,controlling,connected,CFBF:54:0A:75:B3:2C:A3:DF:F2:C2:E4:1B:95:D5:48:BF:DD:E7:E8:4E:BF:12:98:1E:1C:DB:23:8A:8E:79:17:03,156,1429,CFE6:B3:70:7F:58:1C:4F:10:4C:14:03:C0:36:B2:A2:39:68:2A:81:56:96:81:BD:0F:D2:07:01:DD:96:F7:CE:52,1,CPFDKsaUkO_hbFwJRE6,AEAD_AES_256_GCM,FEFD
T01,1776279736303.451,transport,9397,920952,TLS_ECDHE_ECDSA_WITH_CHACHA20_POLY1305_SHA256,client,connected,Ycmm,controlling,connected,CFBF:54:0A:75:B3:2C:A3:DF:F2:C2:E4:1B:95:D5:48:BF:DD:E7:E8:4E:BF:12:98:1E:1C:DB:23:8A:8E:79:17:03,156,1429,CFE6:B3:70:7F:58:1C:4F:10:4C:14:03:C0:36:B2:A2:39:68:2A:81:56:96:81:BD:0F:D2:07:01:DD:96:F7:CE:52,1,CPFDKsaUkO_hbFwJRE6,AEAD_AES_256_GCM,FEFD
T01,1776279736503.398,transport,9609,943365,TLS_ECDHE_ECDSA_WITH_CHACHA20_POLY1305_SHA256,client,connected,Ycmm,controlling,connected,CFBF:54:0A:75:B3:2C:A3:DF:F2:C2:E4:1B:95:D5:48:BF:DD:E7:E8:4E:BF:12:98:1E:1C:DB:23:8A:8E:79:17:03,159,1455,CFE6:B3:70:7F:58:1C:4F:10:4C:14:03:C0:36:B2:A2:39:68:2A:81:56:96:81:BD:0F:D2:07:01:DD:96:F7:CE:52,1,CPFDKsaUkO_hbFwJRE6,AEAD_AES_256_GCM,FEFD
T01,1776279736503.398,transport,9609,943365,TLS_ECDHE_ECDSA_WITH_CHACHA20_POLY1305_SHA256,client,connected,Ycmm,controlling,connected,CFBF:54:0A:75:B3:2C:A3:DF:F2:C2:E4:1B:95:D5:48:BF:DD:E7:E8:4E:BF:12:98:1E:1C:DB:23:8A:8E:79:17:03,159,1455,CFE6:B3:70:7F:58:1C:4F:10:4C:14:03:C0:36:B2:A2:39:68:2A:81:56:96:81:BD:0F:D2:07:01:DD:96:F7:CE:52,1,CPFDKsaUkO_hbFwJRE6,AEAD_AES_256_GCM,FEFD
T01,1776279736703.286,transport,9725,964729,TLS_ECDHE_ECDSA_WITH_CHACHA20_POLY1305_SHA256,client,connected,Ycmm,controlling,connected,CFBF:54:0A:75:B3:2C:A3:DF:F2:C2:E4:1B:95:D5:48:BF:DD:E7:E8:4E:BF:12:98:1E:1C:DB:23:8A:8E:79:17:03,161,1481,CFE6:B3:70:7F:58:1C:4F:10:4C:14:03:C0:36:B2:A2:39:68:2A:81:56:96:81:BD:0F:D2:07:01:DD:96:F7:CE:52,1,CPFDKsaUkO_hbFwJRE6,AEAD_AES_256_GCM,FEFD
T01,1776279736703.286,transport,9725,964729,TLS_ECDHE_ECDSA_WITH_CHACHA20_POLY1305_SHA256,client,connected,Ycmm,controlling,connected,CFBF:54:0A:75:B3:2C:A3:DF:F2:C2:E4:1B:95:D5:48:BF:DD:E7:E8:4E:BF:12:98:1E:1C:DB:23:8A:8E:79:17:03,161,1481,CFE6:B3:70:7F:58:1C:4F:10:4C:14:03:C0:36:B2:A2:39:68:2A:81:56:96:81:BD:0F:D2:07:01:DD:96:F7:CE:52,1,CPFDKsaUkO_hbFwJRE6,AEAD_AES_256_GCM,FEFD
T01,1776279736903.411,transport,9837,988344,TLS_ECDHE_ECDSA_WITH_CHACHA20_POLY1305_SHA256,client,connected,Ycmm,controlling,connected,CFBF:54:0A:75:B3:2C:A3:DF:F2:C2:E4:1B:95:D5:48:BF:DD:E7:E8:4E:BF:12:98:1E:1C:DB:23:8A:8E:79:17:03,163,1510,CFE6:B3:70:7F:58:1C:4F:10:4C:14:03:C0:36:B2:A2:39:68:2A:81:56:96:81:BD:0F:D2:07:01:DD:96:F7:CE:52,1,CPFDKsaUkO_hbFwJRE6,AEAD_AES_256_GCM,FEFD
T01,1776279736903.411,transport,9837,988344,TLS_ECDHE_ECDSA_WITH_CHACHA20_POLY1305_SHA256,client,connected,Ycmm,controlling,connected,CFBF:54:0A:75:B3:2C:A3:DF:F2:C2:E4:1B:95:D5:48:BF:DD:E7:E8:4E:BF:12:98:1E:1C:DB:23:8A:8E:79:17:03,163,1510,CFE6:B3:70:7F:58:1C:4F:10:4C:14:03:C0:36:B2:A2:39:68:2A:81:56:96:81:BD:0F:D2:07:01:DD:96:F7:CE:52,1,CPFDKsaUkO_hbFwJRE6,AEAD_AES_256_GCM,FEFD
T01,1776279737103.353,transport,9953,1010948,TLS_ECDHE_ECDSA_WITH_CHACHA20_POLY1305_SHA256,client,connected,Ycmm,controlling,connected,CFBF:54:0A:75:B3:2C:A3:DF:F2:C2:E4:1B:95:D5:48:BF:DD:E7:E8:4E:BF:12:98:1E:1C:DB:23:8A:8E:79:17:03,165,1536,CFE6:B3:70:7F:58:1C:4F:10:4C:14:03:C0:36:B2:A2:39:68:2A:81:56:96:81:BD:0F:D2:07:01:DD:96:F7:CE:52,1,CPFDKsaUkO_hbFwJRE6,AEAD_AES_256_GCM,FEFD
T01,1776279737103.353,transport,9953,1010948,TLS_ECDHE_ECDSA_WITH_CHACHA20_POLY1305_SHA256,client,connected,Ycmm,controlling,connected,CFBF:54:0A:75:B3:2C:A3:DF:F2:C2:E4:1B:95:D5:48:BF:DD:E7:E8:4E:BF:12:98:1E:1C:DB:23:8A:8E:79:17:03,165,1536,CFE6:B3:70:7F:58:1C:4F:10:4C:14:03:C0:36:B2:A2:39:68:2A:81:56:96:81:BD:0F:D2:07:01:DD:96:F7:CE:52,1,CPFDKsaUkO_hbFwJRE6,AEAD_AES_256_GCM,FEFD
T01,1776279737303.267,transport,10065,1037060,TLS_ECDHE_ECDSA_WITH_CHACHA20_POLY1305_SHA256,client,connected,Ycmm,controlling,connected,CFBF:54:0A:75:B3:2C:A3:DF:F2:C2:E4:1B:95:D5:48:BF:DD:E7:E8:4E:BF:12:98:1E:1C:DB:23:8A:8E:79:17:03,167,1566,CFE6:B3:70:7F:58:1C:4F:10:4C:14:03:C0:36:B2:A2:39:68:2A:81:56:96:81:BD:0F:D2:07:01:DD:96:F7:CE:52,1,CPFDKsaUkO_hbFwJRE6,AEAD_AES_256_GCM,FEFD
T01,1776279737303.267,transport,10065,1037060,TLS_ECDHE_ECDSA_WITH_CHACHA20_POLY1305_SHA256,client,connected,Ycmm,controlling,connected,CFBF:54:0A:75:B3:2C:A3:DF:F2:C2:E4:1B:95:D5:48:BF:DD:E7:E8:4E:BF:12:98:1E:1C:DB:23:8A:8E:79:17:03,167,1566,CFE6:B3:70:7F:58:1C:4F:10:4C:14:03:C0:36:B2:A2:39:68:2A:81:56:96:81:BD:0F:D2:07:01:DD:96:F7:CE:52,1,CPFDKsaUkO_hbFwJRE6,AEAD_AES_256_GCM,FEFD
T01,1776279737503.446,transport,10177,1056629,TLS_ECDHE_ECDSA_WITH_CHACHA20_POLY1305_SHA256,client,connected,Ycmm,controlling,connected,CFBF:54:0A:75:B3:2C:A3:DF:F2:C2:E4:1B:95:D5:48:BF:DD:E7:E8:4E:BF:12:98:1E:1C:DB:23:8A:8E:79:17:03,169,1585,CFE6:B3:70:7F:58:1C:4F:10:4C:14:03:C0:36:B2:A2:39:68:2A:81:56:96:81:BD:0F:D2:07:01:DD:96:F7:CE:52,1,CPFDKsaUkO_hbFwJRE6,AEAD_AES_256_GCM,FEFD
T01,1776279737503.446,transport,10177,1056629,TLS_ECDHE_ECDSA_WITH_CHACHA20_POLY1305_SHA256,client,connected,Ycmm,controlling,connected,CFBF:54:0A:75:B3:2C:A3:DF:F2:C2:E4:1B:95:D5:48:BF:DD:E7:E8:4E:BF:12:98:1E:1C:DB:23:8A:8E:79:17:03,169,1585,CFE6:B3:70:7F:58:1C:4F:10:4C:14:03:C0:36:B2:A2:39:68:2A:81:56:96:81:BD:0F:D2:07:01:DD:96:F7:CE:52,1,CPFDKsaUkO_hbFwJRE6,AEAD_AES_256_GCM,FEFD
T01,1776279737703.305,transport,10293,1085872,TLS_ECDHE_ECDSA_WITH_CHACHA20_POLY1305_SHA256,client,connected,Ycmm,controlling,connected,CFBF:54:0A:75:B3:2C:A3:DF:F2:C2:E4:1B:95:D5:48:BF:DD:E7:E8:4E:BF:12:98:1E:1C:DB:23:8A:8E:79:17:03,171,1614,CFE6:B3:70:7F:58:1C:4F:10:4C:14:03:C0:36:B2:A2:39:68:2A:81:56:96:81:BD:0F:D2:07:01:DD:96:F7:CE:52,1,CPFDKsaUkO_hbFwJRE6,AEAD_AES_256_GCM,FEFD
T01,1776279737703.305,transport,10293,1085872,TLS_ECDHE_ECDSA_WITH_CHACHA20_POLY1305_SHA256,client,connected,Ycmm,controlling,connected,CFBF:54:0A:75:B3:2C:A3:DF:F2:C2:E4:1B:95:D5:48:BF:DD:E7:E8:4E:BF:12:98:1E:1C:DB:23:8A:8E:79:17:03,171,1614,CFE6:B3:70:7F:58:1C:4F:10:4C:14:03:C0:36:B2:A2:39:68:2A:81:56:96:81:BD:0F:D2:07:01:DD:96:F7:CE:52,1,CPFDKsaUkO_hbFwJRE6,AEAD_AES_256_GCM,FEFD
T01,1776279737903.285,transport,10497,1108815,TLS_ECDHE_ECDSA_WITH_CHACHA20_POLY1305_SHA256,client,connected,Ycmm,controlling,connected,CFBF:54:0A:75:B3:2C:A3:DF:F2:C2:E4:1B:95:D5:48:BF:DD:E7:E8:4E:BF:12:98:1E:1C:DB:23:8A:8E:79:17:03,174,1638,CFE6:B3:70:7F:58:1C:4F:10:4C:14:03:C0:36:B2:A2:39:68:2A:81:56:96:81:BD:0F:D2:07:01:DD:96:F7:CE:52,1,CPFDKsaUkO_hbFwJRE6,AEAD_AES_256_GCM,FEFD
T01,1776279737903.285,transport,10497,1108815,TLS_ECDHE_ECDSA_WITH_CHACHA20_POLY1305_SHA256,client,connected,Ycmm,controlling,connected,CFBF:54:0A:75:B3:2C:A3:DF:F2:C2:E4:1B:95:D5:48:BF:DD:E7:E8:4E:BF:12:98:1E:1C:DB:23:8A:8E:79:17:03,174,1638,CFE6:B3:70:7F:58:1C:4F:10:4C:14:03:C0:36:B2:A2:39:68:2A:81:56:96:81:BD:0F:D2:07:01:DD:96:F7:CE:52,1,CPFDKsaUkO_hbFwJRE6,AEAD_AES_256_GCM,FEFD
T01,1776279738103.315,transport,10617,1138462,TLS_ECDHE_ECDSA_WITH_CHACHA20_POLY1305_SHA256,client,connected,Ycmm,controlling,connected,CFBF:54:0A:75:B3:2C:A3:DF:F2:C2:E4:1B:95:D5:48:BF:DD:E7:E8:4E:BF:12:98:1E:1C:DB:23:8A:8E:79:17:03,176,1670,CFE6:B3:70:7F:58:1C:4F:10:4C:14:03:C0:36:B2:A2:39:68:2A:81:56:96:81:BD:0F:D2:07:01:DD:96:F7:CE:52,1,CPFDKsaUkO_hbFwJRE6,AEAD_AES_256_GCM,FEFD
T01,1776279738103.315,transport,10617,1138462,TLS_ECDHE_ECDSA_WITH_CHACHA20_POLY1305_SHA256,client,connected,Ycmm,controlling,connected,CFBF:54:0A:75:B3:2C:A3:DF:F2:C2:E4:1B:95:D5:48:BF:DD:E7:E8:4E:BF:12:98:1E:1C:DB:23:8A:8E:79:17:03,176,1670,CFE6:B3:70:7F:58:1C:4F:10:4C:14:03:C0:36:B2:A2:39:68:2A:81:56:96:81:BD:0F:D2:07:01:DD:96:F7:CE:52,1,CPFDKsaUkO_hbFwJRE6,AEAD_AES_256_GCM,FEFD
T01,1776279738303.267,transport,10769,1162286,TLS_ECDHE_ECDSA_WITH_CHACHA20_POLY1305_SHA256,client,connected,Ycmm,controlling,connected,CFBF:54:0A:75:B3:2C:A3:DF:F2:C2:E4:1B:95:D5:48:BF:DD:E7:E8:4E:BF:12:98:1E:1C:DB:23:8A:8E:79:17:03,179,1698,CFE6:B3:70:7F:58:1C:4F:10:4C:14:03:C0:36:B2:A2:39:68:2A:81:56:96:81:BD:0F:D2:07:01:DD:96:F7:CE:52,1,CPFDKsaUkO_hbFwJRE6,AEAD_AES_256_GCM,FEFD
T01,1776279738303.267,transport,10769,1162286,TLS_ECDHE_ECDSA_WITH_CHACHA20_POLY1305_SHA256,client,connected,Ycmm,controlling,connected,CFBF:54:0A:75:B3:2C:A3:DF:F2:C2:E4:1B:95:D5:48:BF:DD:E7:E8:4E:BF:12:98:1E:1C:DB:23:8A:8E:79:17:03,179,1698,CFE6:B3:70:7F:58:1C:4F:10:4C:14:03:C0:36:B2:A2:39:68:2A:81:56:96:81:BD:0F:D2:07:01:DD:96:F7:CE:52,1,CPFDKsaUkO_hbFwJRE6,AEAD_AES_256_GCM,FEFD
T01,1776279738503.365,transport,10881,1193807,TLS_ECDHE_ECDSA_WITH_CHACHA20_POLY1305_SHA256,client,connected,Ycmm,controlling,connected,CFBF:54:0A:75:B3:2C:A3:DF:F2:C2:E4:1B:95:D5:48:BF:DD:E7:E8:4E:BF:12:98:1E:1C:DB:23:8A:8E:79:17:03,181,1731,CFE6:B3:70:7F:58:1C:4F:10:4C:14:03:C0:36:B2:A2:39:68:2A:81:56:96:81:BD:0F:D2:07:01:DD:96:F7:CE:52,1,CPFDKsaUkO_hbFwJRE6,AEAD_AES_256_GCM,FEFD
T01,1776279738503.365,transport,10881,1193807,TLS_ECDHE_ECDSA_WITH_CHACHA20_POLY1305_SHA256,client,connected,Ycmm,controlling,connected,CFBF:54:0A:75:B3:2C:A3:DF:F2:C2:E4:1B:95:D5:48:BF:DD:E7:E8:4E:BF:12:98:1E:1C:DB:23:8A:8E:79:17:03,181,1731,CFE6:B3:70:7F:58:1C:4F:10:4C:14:03:C0:36:B2:A2:39:68:2A:81:56:96:81:BD:0F:D2:07:01:DD:96:F7:CE:52,1,CPFDKsaUkO_hbFwJRE6,AEAD_AES_256_GCM,FEFD
T01,1776279738703.409,transport,10997,1224181,TLS_ECDHE_ECDSA_WITH_CHACHA20_POLY1305_SHA256,client,connected,Ycmm,controlling,connected,CFBF:54:0A:75:B3:2C:A3:DF:F2:C2:E4:1B:95:D5:48:BF:DD:E7:E8:4E:BF:12:98:1E:1C:DB:23:8A:8E:79:17:03,183,1759,CFE6:B3:70:7F:58:1C:4F:10:4C:14:03:C0:36:B2:A2:39:68:2A:81:56:96:81:BD:0F:D2:07:01:DD:96:F7:CE:52,1,CPFDKsaUkO_hbFwJRE6,AEAD_AES_256_GCM,FEFD
T01,1776279738703.409,transport,10997,1224181,TLS_ECDHE_ECDSA_WITH_CHACHA20_POLY1305_SHA256,client,connected,Ycmm,controlling,connected,CFBF:54:0A:75:B3:2C:A3:DF:F2:C2:E4:1B:95:D5:48:BF:DD:E7:E8:4E:BF:12:98:1E:1C:DB:23:8A:8E:79:17:03,183,1759,CFE6:B3:70:7F:58:1C:4F:10:4C:14:03:C0:36:B2:A2:39:68:2A:81:56:96:81:BD:0F:D2:07:01:DD:96:F7:CE:52,1,CPFDKsaUkO_hbFwJRE6,AEAD_AES_256_GCM,FEFD
T01,1776279738903.466,transport,11109,1249358,TLS_ECDHE_ECDSA_WITH_CHACHA20_POLY1305_SHA256,client,connected,Ycmm,controlling,connected,CFBF:54:0A:75:B3:2C:A3:DF:F2:C2:E4:1B:95:D5:48:BF:DD:E7:E8:4E:BF:12:98:1E:1C:DB:23:8A:8E:79:17:03,185,1787,CFE6:B3:70:7F:58:1C:4F:10:4C:14:03:C0:36:B2:A2:39:68:2A:81:56:96:81:BD:0F:D2:07:01:DD:96:F7:CE:52,1,CPFDKsaUkO_hbFwJRE6,AEAD_AES_256_GCM,FEFD
T01,1776279738903.466,transport,11109,1249358,TLS_ECDHE_ECDSA_WITH_CHACHA20_POLY1305_SHA256,client,connected,Ycmm,controlling,connected,CFBF:54:0A:75:B3:2C:A3:DF:F2:C2:E4:1B:95:D5:48:BF:DD:E7:E8:4E:BF:12:98:1E:1C:DB:23:8A:8E:79:17:03,185,1787,CFE6:B3:70:7F:58:1C:4F:10:4C:14:03:C0:36:B2:A2:39:68:2A:81:56:96:81:BD:0F:D2:07:01:DD:96:F7:CE:52,1,CPFDKsaUkO_hbFwJRE6,AEAD_AES_256_GCM,FEFD
T01,1776279739103.276,transport,11229,1280722,TLS_ECDHE_ECDSA_WITH_CHACHA20_POLY1305_SHA256,client,connected,Ycmm,controlling,connected,CFBF:54:0A:75:B3:2C:A3:DF:F2:C2:E4:1B:95:D5:48:BF:DD:E7:E8:4E:BF:12:98:1E:1C:DB:23:8A:8E:79:17:03,187,1818,CFE6:B3:70:7F:58:1C:4F:10:4C:14:03:C0:36:B2:A2:39:68:2A:81:56:96:81:BD:0F:D2:07:01:DD:96:F7:CE:52,1,CPFDKsaUkO_hbFwJRE6,AEAD_AES_256_GCM,FEFD
T01,1776279739103.276,transport,11229,1280722,TLS_ECDHE_ECDSA_WITH_CHACHA20_POLY1305_SHA256,client,connected,Ycmm,controlling,connected,CFBF:54:0A:75:B3:2C:A3:DF:F2:C2:E4:1B:95:D5:48:BF:DD:E7:E8:4E:BF:12:98:1E:1C:DB:23:8A:8E:79:17:03,187,1818,CFE6:B3:70:7F:58:1C:4F:10:4C:14:03:C0:36:B2:A2:39:68:2A:81:56:96:81:BD:0F:D2:07:01:DD:96:F7:CE:52,1,CPFDKsaUkO_hbFwJRE6,AEAD_AES_256_GCM,FEFD
T01,1776279739303.355,transport,11445,1307144,TLS_ECDHE_ECDSA_WITH_CHACHA20_POLY1305_SHA256,client,connected,Ycmm,controlling,connected,CFBF:54:0A:75:B3:2C:A3:DF:F2:C2:E4:1B:95:D5:48:BF:DD:E7:E8:4E:BF:12:98:1E:1C:DB:23:8A:8E:79:17:03,190,1848,CFE6:B3:70:7F:58:1C:4F:10:4C:14:03:C0:36:B2:A2:39:68:2A:81:56:96:81:BD:0F:D2:07:01:DD:96:F7:CE:52,1,CPFDKsaUkO_hbFwJRE6,AEAD_AES_256_GCM,FEFD
T01,1776279739303.355,transport,11445,1307144,TLS_ECDHE_ECDSA_WITH_CHACHA20_POLY1305_SHA256,client,connected,Ycmm,controlling,connected,CFBF:54:0A:75:B3:2C:A3:DF:F2:C2:E4:1B:95:D5:48:BF:DD:E7:E8:4E:BF:12:98:1E:1C:DB:23:8A:8E:79:17:03,190,1848,CFE6:B3:70:7F:58:1C:4F:10:4C:14:03:C0:36:B2:A2:39:68:2A:81:56:96:81:BD:0F:D2:07:01:DD:96:F7:CE:52,1,CPFDKsaUkO_hbFwJRE6,AEAD_AES_256_GCM,FEFD
T01,1776279739503.296,transport,11557,1339946,TLS_ECDHE_ECDSA_WITH_CHACHA20_POLY1305_SHA256,client,connected,Ycmm,controlling,connected,CFBF:54:0A:75:B3:2C:A3:DF:F2:C2:E4:1B:95:D5:48:BF:DD:E7:E8:4E:BF:12:98:1E:1C:DB:23:8A:8E:79:17:03,192,1882,CFE6:B3:70:7F:58:1C:4F:10:4C:14:03:C0:36:B2:A2:39:68:2A:81:56:96:81:BD:0F:D2:07:01:DD:96:F7:CE:52,1,CPFDKsaUkO_hbFwJRE6,AEAD_AES_256_GCM,FEFD
T01,1776279739503.296,transport,11557,1339946,TLS_ECDHE_ECDSA_WITH_CHACHA20_POLY1305_SHA256,client,connected,Ycmm,controlling,connected,CFBF:54:0A:75:B3:2C:A3:DF:F2:C2:E4:1B:95:D5:48:BF:DD:E7:E8:4E:BF:12:98:1E:1C:DB:23:8A:8E:79:17:03,192,1882,CFE6:B3:70:7F:58:1C:4F:10:4C:14:03:C0:36:B2:A2:39:68:2A:81:56:96:81:BD:0F:D2:07:01:DD:96:F7:CE:52,1,CPFDKsaUkO_hbFwJRE6,AEAD_AES_256_GCM,FEFD
T01,1776279739703.382,transport,11677,1367183,TLS_ECDHE_ECDSA_WITH_CHACHA20_POLY1305_SHA256,client,connected,Ycmm,controlling,connected,CFBF:54:0A:75:B3:2C:A3:DF:F2:C2:E4:1B:95:D5:48:BF:DD:E7:E8:4E:BF:12:98:1E:1C:DB:23:8A:8E:79:17:03,194,1908,CFE6:B3:70:7F:58:1C:4F:10:4C:14:03:C0:36:B2:A2:39:68:2A:81:56:96:81:BD:0F:D2:07:01:DD:96:F7:CE:52,1,CPFDKsaUkO_hbFwJRE6,AEAD_AES_256_GCM,FEFD
T01,1776279739703.382,transport,11677,1367183,TLS_ECDHE_ECDSA_WITH_CHACHA20_POLY1305_SHA256,client,connected,Ycmm,controlling,connected,CFBF:54:0A:75:B3:2C:A3:DF:F2:C2:E4:1B:95:D5:48:BF:DD:E7:E8:4E:BF:12:98:1E:1C:DB:23:8A:8E:79:17:03,194,1908,CFE6:B3:70:7F:58:1C:4F:10:4C:14:03:C0:36:B2:A2:39:68:2A:81:56:96:81:BD:0F:D2:07:01:DD:96:F7:CE:52,1,CPFDKsaUkO_hbFwJRE6,AEAD_AES_256_GCM,FEFD
T01,1776279739903.343,transport,11825,1401405,TLS_ECDHE_ECDSA_WITH_CHACHA20_POLY1305_SHA256,client,connected,Ycmm,controlling,connected,CFBF:54:0A:75:B3:2C:A3:DF:F2:C2:E4:1B:95:D5:48:BF:DD:E7:E8:4E:BF:12:98:1E:1C:DB:23:8A:8E:79:17:03,197,1947,CFE6:B3:70:7F:58:1C:4F:10:4C:14:03:C0:36:B2:A2:39:68:2A:81:56:96:81:BD:0F:D2:07:01:DD:96:F7:CE:52,1,CPFDKsaUkO_hbFwJRE6,AEAD_AES_256_GCM,FEFD
T01,1776279739903.343,transport,11825,1401405,TLS_ECDHE_ECDSA_WITH_CHACHA20_POLY1305_SHA256,client,connected,Ycmm,controlling,connected,CFBF:54:0A:75:B3:2C:A3:DF:F2:C2:E4:1B:95:D5:48:BF:DD:E7:E8:4E:BF:12:98:1E:1C:DB:23:8A:8E:79:17:03,197,1947,CFE6:B3:70:7F:58:1C:4F:10:4C:14:03:C0:36:B2:A2:39:68:2A:81:56:96:81:BD:0F:D2:07:01:DD:96:F7:CE:52,1,CPFDKsaUkO_hbFwJRE6,AEAD_AES_256_GCM,FEFD
T01,1776279740103.311,transport,11957,1430346,TLS_ECDHE_ECDSA_WITH_CHACHA20_POLY1305_SHA256,client,connected,Ycmm,controlling,connected,CFBF:54:0A:75:B3:2C:A3:DF:F2:C2:E4:1B:95:D5:48:BF:DD:E7:E8:4E:BF:12:98:1E:1C:DB:23:8A:8E:79:17:03,199,1983,CFE6:B3:70:7F:58:1C:4F:10:4C:14:03:C0:36:B2:A2:39:68:2A:81:56:96:81:BD:0F:D2:07:01:DD:96:F7:CE:52,1,CPFDKsaUkO_hbFwJRE6,AEAD_AES_256_GCM,FEFD
T01,1776279740103.311,transport,11957,1430346,TLS_ECDHE_ECDSA_WITH_CHACHA20_POLY1305_SHA256,client,connected,Ycmm,controlling,connected,CFBF:54:0A:75:B3:2C:A3:DF:F2:C2:E4:1B:95:D5:48:BF:DD:E7:E8:4E:BF:12:98:1E:1C:DB:23:8A:8E:79:17:03,199,1983,CFE6:B3:70:7F:58:1C:4F:10:4C:14:03:C0:36:B2:A2:39:68:2A:81:56:96:81:BD:0F:D2:07:01:DD:96:F7:CE:52,1,CPFDKsaUkO_hbFwJRE6,AEAD_AES_256_GCM,FEFD
T01,1776279740303.281,transport,12077,1464910,TLS_ECDHE_ECDSA_WITH_CHACHA20_POLY1305_SHA256,client,connected,Ycmm,controlling,connected,CFBF:54:0A:75:B3:2C:A3:DF:F2:C2:E4:1B:95:D5:48:BF:DD:E7:E8:4E:BF:12:98:1E:1C:DB:23:8A:8E:79:17:03,201,2024,CFE6:B3:70:7F:58:1C:4F:10:4C:14:03:C0:36:B2:A2:39:68:2A:81:56:96:81:BD:0F:D2:07:01:DD:96:F7:CE:52,1,CPFDKsaUkO_hbFwJRE6,AEAD_AES_256_GCM,FEFD
T01,1776279740303.281,transport,12077,1464910,TLS_ECDHE_ECDSA_WITH_CHACHA20_POLY1305_SHA256,client,connected,Ycmm,controlling,connected,CFBF:54:0A:75:B3:2C:A3:DF:F2:C2:E4:1B:95:D5:48:BF:DD:E7:E8:4E:BF:12:98:1E:1C:DB:23:8A:8E:79:17:03,201,2024,CFE6:B3:70:7F:58:1C:4F:10:4C:14:03:C0:36:B2:A2:39:68:2A:81:56:96:81:BD:0F:D2:07:01:DD:96:F7:CE:52,1,CPFDKsaUkO_hbFwJRE6,AEAD_AES_256_GCM,FEFD
T01,1776279740503.401,transport,12329,1499349,TLS_ECDHE_ECDSA_WITH_CHACHA20_POLY1305_SHA256,client,connected,Ycmm,controlling,connected,CFBF:54:0A:75:B3:2C:A3:DF:F2:C2:E4:1B:95:D5:48:BF:DD:E7:E8:4E:BF:12:98:1E:1C:DB:23:8A:8E:79:17:03,205,2062,CFE6:B3:70:7F:58:1C:4F:10:4C:14:03:C0:36:B2:A2:39:68:2A:81:56:96:81:BD:0F:D2:07:01:DD:96:F7:CE:52,1,CPFDKsaUkO_hbFwJRE6,AEAD_AES_256_GCM,FEFD
T01,1776279740503.401,transport,12329,1499349,TLS_ECDHE_ECDSA_WITH_CHACHA20_POLY1305_SHA256,client,connected,Ycmm,controlling,connected,CFBF:54:0A:75:B3:2C:A3:DF:F2:C2:E4:1B:95:D5:48:BF:DD:E7:E8:4E:BF:12:98:1E:1C:DB:23:8A:8E:79:17:03,205,2062,CFE6:B3:70:7F:58:1C:4F:10:4C:14:03:C0:36:B2:A2:39:68:2A:81:56:96:81:BD:0F:D2:07:01:DD:96:F7:CE:52,1,CPFDKsaUkO_hbFwJRE6,AEAD_AES_256_GCM,FEFD
T01,1776279740703.534,transport,12457,1527621,TLS_ECDHE_ECDSA_WITH_CHACHA20_POLY1305_SHA256,client,connected,Ycmm,controlling,connected,CFBF:54:0A:75:B3:2C:A3:DF:F2:C2:E4:1B:95:D5:48:BF:DD:E7:E8:4E:BF:12:98:1E:1C:DB:23:8A:8E:79:17:03,207,2096,CFE6:B3:70:7F:58:1C:4F:10:4C:14:03:C0:36:B2:A2:39:68:2A:81:56:96:81:BD:0F:D2:07:01:DD:96:F7:CE:52,1,CPFDKsaUkO_hbFwJRE6,AEAD_AES_256_GCM,FEFD
T01,1776279740703.534,transport,12457,1527621,TLS_ECDHE_ECDSA_WITH_CHACHA20_POLY1305_SHA256,client,connected,Ycmm,controlling,connected,CFBF:54:0A:75:B3:2C:A3:DF:F2:C2:E4:1B:95:D5:48:BF:DD:E7:E8:4E:BF:12:98:1E:1C:DB:23:8A:8E:79:17:03,207,2096,CFE6:B3:70:7F:58:1C:4F:10:4C:14:03:C0:36:B2:A2:39:68:2A:81:56:96:81:BD:0F:D2:07:01:DD:96:F7:CE:52,1,CPFDKsaUkO_hbFwJRE6,AEAD_AES_256_GCM,FEFD
T01,1776279740903.465,transport,12581,1561968,TLS_ECDHE_ECDSA_WITH_CHACHA20_POLY1305_SHA256,client,connected,Ycmm,controlling,connected,CFBF:54:0A:75:B3:2C:A3:DF:F2:C2:E4:1B:95:D5:48:BF:DD:E7:E8:4E:BF:12:98:1E:1C:DB:23:8A:8E:79:17:03,209,2132,CFE6:B3:70:7F:58:1C:4F:10:4C:14:03:C0:36:B2:A2:39:68:2A:81:56:96:81:BD:0F:D2:07:01:DD:96:F7:CE:52,1,CPFDKsaUkO_hbFwJRE6,AEAD_AES_256_GCM,FEFD
T01,1776279740903.465,transport,12581,1561968,TLS_ECDHE_ECDSA_WITH_CHACHA20_POLY1305_SHA256,client,connected,Ycmm,controlling,connected,CFBF:54:0A:75:B3:2C:A3:DF:F2:C2:E4:1B:95:D5:48:BF:DD:E7:E8:4E:BF:12:98:1E:1C:DB:23:8A:8E:79:17:03,209,2132,CFE6:B3:70:7F:58:1C:4F:10:4C:14:03:C0:36:B2:A2:39:68:2A:81:56:96:81:BD:0F:D2:07:01:DD:96:F7:CE:52,1,CPFDKsaUkO_hbFwJRE6,AEAD_AES_256_GCM,FEFD
T01,1776279741103.421,transport,12733,1598775,TLS_ECDHE_ECDSA_WITH_CHACHA20_POLY1305_SHA256,client,connected,Ycmm,controlling,connected,CFBF:54:0A:75:B3:2C:A3:DF:F2:C2:E4:1B:95:D5:48:BF:DD:E7:E8:4E:BF:12:98:1E:1C:DB:23:8A:8E:79:17:03,212,2172,CFE6:B3:70:7F:58:1C:4F:10:4C:14:03:C0:36:B2:A2:39:68:2A:81:56:96:81:BD:0F:D2:07:01:DD:96:F7:CE:52,1,CPFDKsaUkO_hbFwJRE6,AEAD_AES_256_GCM,FEFD
T01,1776279741103.421,transport,12733,1598775,TLS_ECDHE_ECDSA_WITH_CHACHA20_POLY1305_SHA256,client,connected,Ycmm,controlling,connected,CFBF:54:0A:75:B3:2C:A3:DF:F2:C2:E4:1B:95:D5:48:BF:DD:E7:E8:4E:BF:12:98:1E:1C:DB:23:8A:8E:79:17:03,212,2172,CFE6:B3:70:7F:58:1C:4F:10:4C:14:03:C0:36:B2:A2:39:68:2A:81:56:96:81:BD:0F:D2:07:01:DD:96:F7:CE:52,1,CPFDKsaUkO_hbFwJRE6,AEAD_AES_256_GCM,FEFD
T01,1776279741303.421,transport,12853,1623621,TLS_ECDHE_ECDSA_WITH_CHACHA20_POLY1305_SHA256,client,connected,Ycmm,controlling,connected,CFBF:54:0A:75:B3:2C:A3:DF:F2:C2:E4:1B:95:D5:48:BF:DD:E7:E8:4E:BF:12:98:1E:1C:DB:23:8A:8E:79:17:03,214,2201,CFE6:B3:70:7F:58:1C:4F:10:4C:14:03:C0:36:B2:A2:39:68:2A:81:56:96:81:BD:0F:D2:07:01:DD:96:F7:CE:52,1,CPFDKsaUkO_hbFwJRE6,AEAD_AES_256_GCM,FEFD
T01,1776279741303.421,transport,12853,1623621,TLS_ECDHE_ECDSA_WITH_CHACHA20_POLY1305_SHA256,client,connected,Ycmm,controlling,connected,CFBF:54:0A:75:B3:2C:A3:DF:F2:C2:E4:1B:95:D5:48:BF:DD:E7:E8:4E:BF:12:98:1E:1C:DB:23:8A:8E:79:17:03,214,2201,CFE6:B3:70:7F:58:1C:4F:10:4C:14:03:C0:36:B2:A2:39:68:2A:81:56:96:81:BD:0F:D2:07:01:DD:96:F7:CE:52,1,CPFDKsaUkO_hbFwJRE6,AEAD_AES_256_GCM,FEFD
T01,1776279741503.321,transport,12953,1640839,TLS_ECDHE_ECDSA_WITH_CHACHA20_POLY1305_SHA256,client,connected,Ycmm,controlling,connected,CFBF:54:0A:75:B3:2C:A3:DF:F2:C2:E4:1B:95:D5:48:BF:DD:E7:E8:4E:BF:12:98:1E:1C:DB:23:8A:8E:79:17:03,216,2221,CFE6:B3:70:7F:58:1C:4F:10:4C:14:03:C0:36:B2:A2:39:68:2A:81:56:96:81:BD:0F:D2:07:01:DD:96:F7:CE:52,1,CPFDKsaUkO_hbFwJRE6,AEAD_AES_256_GCM,FEFD
T01,1776279741503.321,transport,12953,1640839,TLS_ECDHE_ECDSA_WITH_CHACHA20_POLY1305_SHA256,client,connected,Ycmm,controlling,connected,CFBF:54:0A:75:B3:2C:A3:DF:F2:C2:E4:1B:95:D5:48:BF:DD:E7:E8:4E:BF:12:98:1E:1C:DB:23:8A:8E:79:17:03,216,2221,CFE6:B3:70:7F:58:1C:4F:10:4C:14:03:C0:36:B2:A2:39:68:2A:81:56:96:81:BD:0F:D2:07:01:DD:96:F7:CE:52,1,CPFDKsaUkO_hbFwJRE6,AEAD_AES_256_GCM,FEFD
T01,1776279741703.392,transport,13157,1652238,TLS_ECDHE_ECDSA_WITH_CHACHA20_POLY1305_SHA256,client,connected,Ycmm,controlling,connected,CFBF:54:0A:75:B3:2C:A3:DF:F2:C2:E4:1B:95:D5:48:BF:DD:E7:E8:4E:BF:12:98:1E:1C:DB:23:8A:8E:79:17:03,219,2239,CFE6:B3:70:7F:58:1C:4F:10:4C:14:03:C0:36:B2:A2:39:68:2A:81:56:96:81:BD:0F:D2:07:01:DD:96:F7:CE:52,1,CPFDKsaUkO_hbFwJRE6,AEAD_AES_256_GCM,FEFD
T01,1776279741703.392,transport,13157,1652238,TLS_ECDHE_ECDSA_WITH_CHACHA20_POLY1305_SHA256,client,connected,Ycmm,controlling,connected,CFBF:54:0A:75:B3:2C:A3:DF:F2:C2:E4:1B:95:D5:48:BF:DD:E7:E8:4E:BF:12:98:1E:1C:DB:23:8A:8E:79:17:03,219,2239,CFE6:B3:70:7F:58:1C:4F:10:4C:14:03:C0:36:B2:A2:39:68:2A:81:56:96:81:BD:0F:D2:07:01:DD:96:F7:CE:52,1,CPFDKsaUkO_hbFwJRE6,AEAD_AES_256_GCM,FEFD
T01,1776279741903.3,transport,13261,1672336,TLS_ECDHE_ECDSA_WITH_CHACHA20_POLY1305_SHA256,client,connected,Ycmm,controlling,connected,CFBF:54:0A:75:B3:2C:A3:DF:F2:C2:E4:1B:95:D5:48:BF:DD:E7:E8:4E:BF:12:98:1E:1C:DB:23:8A:8E:79:17:03,221,2263,CFE6:B3:70:7F:58:1C:4F:10:4C:14:03:C0:36:B2:A2:39:68:2A:81:56:96:81:BD:0F:D2:07:01:DD:96:F7:CE:52,1,CPFDKsaUkO_hbFwJRE6,AEAD_AES_256_GCM,FEFD
T01,1776279741903.3,transport,13261,1672336,TLS_ECDHE_ECDSA_WITH_CHACHA20_POLY1305_SHA256,client,connected,Ycmm,controlling,connected,CFBF:54:0A:75:B3:2C:A3:DF:F2:C2:E4:1B:95:D5:48:BF:DD:E7:E8:4E:BF:12:98:1E:1C:DB:23:8A:8E:79:17:03,221,2263,CFE6:B3:70:7F:58:1C:4F:10:4C:14:03:C0:36:B2:A2:39:68:2A:81:56:96:81:BD:0F:D2:07:01:DD:96:F7:CE:52,1,CPFDKsaUkO_hbFwJRE6,AEAD_AES_256_GCM,FEFD
T01,1776279742103.448,transport,13365,1679805,TLS_ECDHE_ECDSA_WITH_CHACHA20_POLY1305_SHA256,client,connected,Ycmm,controlling,connected,CFBF:54:0A:75:B3:2C:A3:DF:F2:C2:E4:1B:95:D5:48:BF:DD:E7:E8:4E:BF:12:98:1E:1C:DB:23:8A:8E:79:17:03,223,2277,CFE6:B3:70:7F:58:1C:4F:10:4C:14:03:C0:36:B2:A2:39:68:2A:81:56:96:81:BD:0F:D2:07:01:DD:96:F7:CE:52,1,CPFDKsaUkO_hbFwJRE6,AEAD_AES_256_GCM,FEFD
T01,1776279742103.448,transport,13365,1679805,TLS_ECDHE_ECDSA_WITH_CHACHA20_POLY1305_SHA256,client,connected,Ycmm,controlling,connected,CFBF:54:0A:75:B3:2C:A3:DF:F2:C2:E4:1B:95:D5:48:BF:DD:E7:E8:4E:BF:12:98:1E:1C:DB:23:8A:8E:79:17:03,223,2277,CFE6:B3:70:7F:58:1C:4F:10:4C:14:03:C0:36:B2:A2:39:68:2A:81:56:96:81:BD:0F:D2:07:01:DD:96:F7:CE:52,1,CPFDKsaUkO_hbFwJRE6,AEAD_AES_256_GCM,FEFD
T01,1776279742303.376,transport,13473,1698652,TLS_ECDHE_ECDSA_WITH_CHACHA20_POLY1305_SHA256,client,connected,Ycmm,controlling,connected,CFBF:54:0A:75:B3:2C:A3:DF:F2:C2:E4:1B:95:D5:48:BF:DD:E7:E8:4E:BF:12:98:1E:1C:DB:23:8A:8E:79:17:03,225,2301,CFE6:B3:70:7F:58:1C:4F:10:4C:14:03:C0:36:B2:A2:39:68:2A:81:56:96:81:BD:0F:D2:07:01:DD:96:F7:CE:52,1,CPFDKsaUkO_hbFwJRE6,AEAD_AES_256_GCM,FEFD
T01,1776279742303.376,transport,13473,1698652,TLS_ECDHE_ECDSA_WITH_CHACHA20_POLY1305_SHA256,client,connected,Ycmm,controlling,connected,CFBF:54:0A:75:B3:2C:A3:DF:F2:C2:E4:1B:95:D5:48:BF:DD:E7:E8:4E:BF:12:98:1E:1C:DB:23:8A:8E:79:17:03,225,2301,CFE6:B3:70:7F:58:1C:4F:10:4C:14:03:C0:36:B2:A2:39:68:2A:81:56:96:81:BD:0F:D2:07:01:DD:96:F7:CE:52,1,CPFDKsaUkO_hbFwJRE6,AEAD_AES_256_GCM,FEFD
T01,1776279742503.467,transport,13581,1713949,TLS_ECDHE_ECDSA_WITH_CHACHA20_POLY1305_SHA256,client,connected,Ycmm,controlling,connected,CFBF:54:0A:75:B3:2C:A3:DF:F2:C2:E4:1B:95:D5:48:BF:DD:E7:E8:4E:BF:12:98:1E:1C:DB:23:8A:8E:79:17:03,227,2322,CFE6:B3:70:7F:58:1C:4F:10:4C:14:03:C0:36:B2:A2:39:68:2A:81:56:96:81:BD:0F:D2:07:01:DD:96:F7:CE:52,1,CPFDKsaUkO_hbFwJRE6,AEAD_AES_256_GCM,FEFD
T01,1776279742503.467,transport,13581,1713949,TLS_ECDHE_ECDSA_WITH_CHACHA20_POLY1305_SHA256,client,connected,Ycmm,controlling,connected,CFBF:54:0A:75:B3:2C:A3:DF:F2:C2:E4:1B:95:D5:48:BF:DD:E7:E8:4E:BF:12:98:1E:1C:DB:23:8A:8E:79:17:03,227,2322,CFE6:B3:70:7F:58:1C:4F:10:4C:14:03:C0:36:B2:A2:39:68:2A:81:56:96:81:BD:0F:D2:07:01:DD:96:F7:CE:52,1,CPFDKsaUkO_hbFwJRE6,AEAD_AES_256_GCM,FEFD
T01,1776279742703.31,transport,13685,1734748,TLS_ECDHE_ECDSA_WITH_CHACHA20_POLY1305_SHA256,client,connected,Ycmm,controlling,connected,CFBF:54:0A:75:B3:2C:A3:DF:F2:C2:E4:1B:95:D5:48:BF:DD:E7:E8:4E:BF:12:98:1E:1C:DB:23:8A:8E:79:17:03,229,2347,CFE6:B3:70:7F:58:1C:4F:10:4C:14:03:C0:36:B2:A2:39:68:2A:81:56:96:81:BD:0F:D2:07:01:DD:96:F7:CE:52,1,CPFDKsaUkO_hbFwJRE6,AEAD_AES_256_GCM,FEFD
T01,1776279742703.31,transport,13685,1734748,TLS_ECDHE_ECDSA_WITH_CHACHA20_POLY1305_SHA256,client,connected,Ycmm,controlling,connected,CFBF:54:0A:75:B3:2C:A3:DF:F2:C2:E4:1B:95:D5:48:BF:DD:E7:E8:4E:BF:12:98:1E:1C:DB:23:8A:8E:79:17:03,229,2347,CFE6:B3:70:7F:58:1C:4F:10:4C:14:03:C0:36:B2:A2:39:68:2A:81:56:96:81:BD:0F:D2:07:01:DD:96:F7:CE:52,1,CPFDKsaUkO_hbFwJRE6,AEAD_AES_256_GCM,FEFD
T01,1776279742903.327,transport,13801,1751746,TLS_ECDHE_ECDSA_WITH_CHACHA20_POLY1305_SHA256,client,connected,Ycmm,controlling,connected,CFBF:54:0A:75:B3:2C:A3:DF:F2:C2:E4:1B:95:D5:48:BF:DD:E7:E8:4E:BF:12:98:1E:1C:DB:23:8A:8E:79:17:03,231,2369,CFE6:B3:70:7F:58:1C:4F:10:4C:14:03:C0:36:B2:A2:39:68:2A:81:56:96:81:BD:0F:D2:07:01:DD:96:F7:CE:52,1,CPFDKsaUkO_hbFwJRE6,AEAD_AES_256_GCM,FEFD
T01,1776279742903.327,transport,13801,1751746,TLS_ECDHE_ECDSA_WITH_CHACHA20_POLY1305_SHA256,client,connected,Ycmm,controlling,connected,CFBF:54:0A:75:B3:2C:A3:DF:F2:C2:E4:1B:95:D5:48:BF:DD:E7:E8:4E:BF:12:98:1E:1C:DB:23:8A:8E:79:17:03,231,2369,CFE6:B3:70:7F:58:1C:4F:10:4C:14:03:C0:36:B2:A2:39:68:2A:81:56:96:81:BD:0F:D2:07:01:DD:96:F7:CE:52,1,CPFDKsaUkO_hbFwJRE6,AEAD_AES_256_GCM,FEFD
T01,1776279743103.462,transport,14009,1770831,TLS_ECDHE_ECDSA_WITH_CHACHA20_POLY1305_SHA256,client,connected,Ycmm,controlling,connected,CFBF:54:0A:75:B3:2C:A3:DF:F2:C2:E4:1B:95:D5:48:BF:DD:E7:E8:4E:BF:12:98:1E:1C:DB:23:8A:8E:79:17:03,234,2394,CFE6:B3:70:7F:58:1C:4F:10:4C:14:03:C0:36:B2:A2:39:68:2A:81:56:96:81:BD:0F:D2:07:01:DD:96:F7:CE:52,1,CPFDKsaUkO_hbFwJRE6,AEAD_AES_256_GCM,FEFD
T01,1776279743103.462,transport,14009,1770831,TLS_ECDHE_ECDSA_WITH_CHACHA20_POLY1305_SHA256,client,connected,Ycmm,controlling,connected,CFBF:54:0A:75:B3:2C:A3:DF:F2:C2:E4:1B:95:D5:48:BF:DD:E7:E8:4E:BF:12:98:1E:1C:DB:23:8A:8E:79:17:03,234,2394,CFE6:B3:70:7F:58:1C:4F:10:4C:14:03:C0:36:B2:A2:39:68:2A:81:56:96:81:BD:0F:D2:07:01:DD:96:F7:CE:52,1,CPFDKsaUkO_hbFwJRE6,AEAD_AES_256_GCM,FEFD
T01,1776279743303.38,transport,14113,1783951,TLS_ECDHE_ECDSA_WITH_CHACHA20_POLY1305_SHA256,client,connected,Ycmm,controlling,connected,CFBF:54:0A:75:B3:2C:A3:DF:F2:C2:E4:1B:95:D5:48:BF:DD:E7:E8:4E:BF:12:98:1E:1C:DB:23:8A:8E:79:17:03,236,2412,CFE6:B3:70:7F:58:1C:4F:10:4C:14:03:C0:36:B2:A2:39:68:2A:81:56:96:81:BD:0F:D2:07:01:DD:96:F7:CE:52,1,CPFDKsaUkO_hbFwJRE6,AEAD_AES_256_GCM,FEFD
T01,1776279743303.38,transport,14113,1783951,TLS_ECDHE_ECDSA_WITH_CHACHA20_POLY1305_SHA256,client,connected,Ycmm,controlling,connected,CFBF:54:0A:75:B3:2C:A3:DF:F2:C2:E4:1B:95:D5:48:BF:DD:E7:E8:4E:BF:12:98:1E:1C:DB:23:8A:8E:79:17:03,236,2412,CFE6:B3:70:7F:58:1C:4F:10:4C:14:03:C0:36:B2:A2:39:68:2A:81:56:96:81:BD:0F:D2:07:01:DD:96:F7:CE:52,1,CPFDKsaUkO_hbFwJRE6,AEAD_AES_256_GCM,FEFD
T01,1776279743503.441,transport,14229,1807299,TLS_ECDHE_ECDSA_WITH_CHACHA20_POLY1305_SHA256,client,connected,Ycmm,controlling,connected,CFBF:54:0A:75:B3:2C:A3:DF:F2:C2:E4:1B:95:D5:48:BF:DD:E7:E8:4E:BF:12:98:1E:1C:DB:23:8A:8E:79:17:03,238,2442,CFE6:B3:70:7F:58:1C:4F:10:4C:14:03:C0:36:B2:A2:39:68:2A:81:56:96:81:BD:0F:D2:07:01:DD:96:F7:CE:52,1,CPFDKsaUkO_hbFwJRE6,AEAD_AES_256_GCM,FEFD
T01,1776279743503.441,transport,14229,1807299,TLS_ECDHE_ECDSA_WITH_CHACHA20_POLY1305_SHA256,client,connected,Ycmm,controlling,connected,CFBF:54:0A:75:B3:2C:A3:DF:F2:C2:E4:1B:95:D5:48:BF:DD:E7:E8:4E:BF:12:98:1E:1C:DB:23:8A:8E:79:17:03,238,2442,CFE6:B3:70:7F:58:1C:4F:10:4C:14:03:C0:36:B2:A2:39:68:2A:81:56:96:81:BD:0F:D2:07:01:DD:96:F7:CE:52,1,CPFDKsaUkO_hbFwJRE6,AEAD_AES_256_GCM,FEFD
T01,1776279743703.37,transport,14341,1824373,TLS_ECDHE_ECDSA_WITH_CHACHA20_POLY1305_SHA256,client,connected,Ycmm,controlling,connected,CFBF:54:0A:75:B3:2C:A3:DF:F2:C2:E4:1B:95:D5:48:BF:DD:E7:E8:4E:BF:12:98:1E:1C:DB:23:8A:8E:79:17:03,240,2466,CFE6:B3:70:7F:58:1C:4F:10:4C:14:03:C0:36:B2:A2:39:68:2A:81:56:96:81:BD:0F:D2:07:01:DD:96:F7:CE:52,1,CPFDKsaUkO_hbFwJRE6,AEAD_AES_256_GCM,FEFD
T01,1776279743703.37,transport,14341,1824373,TLS_ECDHE_ECDSA_WITH_CHACHA20_POLY1305_SHA256,client,connected,Ycmm,controlling,connected,CFBF:54:0A:75:B3:2C:A3:DF:F2:C2:E4:1B:95:D5:48:BF:DD:E7:E8:4E:BF:12:98:1E:1C:DB:23:8A:8E:79:17:03,240,2466,CFE6:B3:70:7F:58:1C:4F:10:4C:14:03:C0:36:B2:A2:39:68:2A:81:56:96:81:BD:0F:D2:07:01:DD:96:F7:CE:52,1,CPFDKsaUkO_hbFwJRE6,AEAD_AES_256_GCM,FEFD
T01,1776279743903.283,transport,14453,1848176,TLS_ECDHE_ECDSA_WITH_CHACHA20_POLY1305_SHA256,client,connected,Ycmm,controlling,connected,CFBF:54:0A:75:B3:2C:A3:DF:F2:C2:E4:1B:95:D5:48:BF:DD:E7:E8:4E:BF:12:98:1E:1C:DB:23:8A:8E:79:17:03,242,2498,CFE6:B3:70:7F:58:1C:4F:10:4C:14:03:C0:36:B2:A2:39:68:2A:81:56:96:81:BD:0F:D2:07:01:DD:96:F7:CE:52,1,CPFDKsaUkO_hbFwJRE6,AEAD_AES_256_GCM,FEFD
T01,1776279743903.283,transport,14453,1848176,TLS_ECDHE_ECDSA_WITH_CHACHA20_POLY1305_SHA256,client,connected,Ycmm,controlling,connected,CFBF:54:0A:75:B3:2C:A3:DF:F2:C2:E4:1B:95:D5:48:BF:DD:E7:E8:4E:BF:12:98:1E:1C:DB:23:8A:8E:79:17:03,242,2498,CFE6:B3:70:7F:58:1C:4F:10:4C:14:03:C0:36:B2:A2:39:68:2A:81:56:96:81:BD:0F:D2:07:01:DD:96:F7:CE:52,1,CPFDKsaUkO_hbFwJRE6,AEAD_AES_256_GCM,FEFD
T01,1776279744103.337,transport,14665,1864629,TLS_ECDHE_ECDSA_WITH_CHACHA20_POLY1305_SHA256,client,connected,Ycmm,controlling,connected,CFBF:54:0A:75:B3:2C:A3:DF:F2:C2:E4:1B:95:D5:48:BF:DD:E7:E8:4E:BF:12:98:1E:1C:DB:23:8A:8E:79:17:03,245,2523,CFE6:B3:70:7F:58:1C:4F:10:4C:14:03:C0:36:B2:A2:39:68:2A:81:56:96:81:BD:0F:D2:07:01:DD:96:F7:CE:52,1,CPFDKsaUkO_hbFwJRE6,AEAD_AES_256_GCM,FEFD
T01,1776279744103.337,transport,14665,1864629,TLS_ECDHE_ECDSA_WITH_CHACHA20_POLY1305_SHA256,client,connected,Ycmm,controlling,connected,CFBF:54:0A:75:B3:2C:A3:DF:F2:C2:E4:1B:95:D5:48:BF:DD:E7:E8:4E:BF:12:98:1E:1C:DB:23:8A:8E:79:17:03,245,2523,CFE6:B3:70:7F:58:1C:4F:10:4C:14:03:C0:36:B2:A2:39:68:2A:81:56:96:81:BD:0F:D2:07:01:DD:96:F7:CE:52,1,CPFDKsaUkO_hbFwJRE6,AEAD_AES_256_GCM,FEFD
T01,1776279744303.295,transport,14817,1891649,TLS_ECDHE_ECDSA_WITH_CHACHA20_POLY1305_SHA256,client,connected,Ycmm,controlling,connected,CFBF:54:0A:75:B3:2C:A3:DF:F2:C2:E4:1B:95:D5:48:BF:DD:E7:E8:4E:BF:12:98:1E:1C:DB:23:8A:8E:79:17:03,248,2554,CFE6:B3:70:7F:58:1C:4F:10:4C:14:03:C0:36:B2:A2:39:68:2A:81:56:96:81:BD:0F:D2:07:01:DD:96:F7:CE:52,1,CPFDKsaUkO_hbFwJRE6,AEAD_AES_256_GCM,FEFD
T01,1776279744303.295,transport,14817,1891649,TLS_ECDHE_ECDSA_WITH_CHACHA20_POLY1305_SHA256,client,connected,Ycmm,controlling,connected,CFBF:54:0A:75:B3:2C:A3:DF:F2:C2:E4:1B:95:D5:48:BF:DD:E7:E8:4E:BF:12:98:1E:1C:DB:23:8A:8E:79:17:03,248,2554,CFE6:B3:70:7F:58:1C:4F:10:4C:14:03:C0:36:B2:A2:39:68:2A:81:56:96:81:BD:0F:D2:07:01:DD:96:F7:CE:52,1,CPFDKsaUkO_hbFwJRE6,AEAD_AES_256_GCM,FEFD
T01,1776279744503.498,transport,14969,1926167,TLS_ECDHE_ECDSA_WITH_CHACHA20_POLY1305_SHA256,client,connected,Ycmm,controlling,connected,CFBF:54:0A:75:B3:2C:A3:DF:F2:C2:E4:1B:95:D5:48:BF:DD:E7:E8:4E:BF:12:98:1E:1C:DB:23:8A:8E:79:17:03,251,2592,CFE6:B3:70:7F:58:1C:4F:10:4C:14:03:C0:36:B2:A2:39:68:2A:81:56:96:81:BD:0F:D2:07:01:DD:96:F7:CE:52,1,CPFDKsaUkO_hbFwJRE6,AEAD_AES_256_GCM,FEFD
T01,1776279744503.498,transport,14969,1926167,TLS_ECDHE_ECDSA_WITH_CHACHA20_POLY1305_SHA256,client,connected,Ycmm,controlling,connected,CFBF:54:0A:75:B3:2C:A3:DF:F2:C2:E4:1B:95:D5:48:BF:DD:E7:E8:4E:BF:12:98:1E:1C:DB:23:8A:8E:79:17:03,251,2592,CFE6:B3:70:7F:58:1C:4F:10:4C:14:03:C0:36:B2:A2:39:68:2A:81:56:96:81:BD:0F:D2:07:01:DD:96:F7:CE:52,1,CPFDKsaUkO_hbFwJRE6,AEAD_AES_256_GCM,FEFD
T01,1776279744703.36,transport,15089,1952748,TLS_ECDHE_ECDSA_WITH_CHACHA20_POLY1305_SHA256,client,connected,Ycmm,controlling,connected,CFBF:54:0A:75:B3:2C:A3:DF:F2:C2:E4:1B:95:D5:48:BF:DD:E7:E8:4E:BF:12:98:1E:1C:DB:23:8A:8E:79:17:03,253,2622,CFE6:B3:70:7F:58:1C:4F:10:4C:14:03:C0:36:B2:A2:39:68:2A:81:56:96:81:BD:0F:D2:07:01:DD:96:F7:CE:52,1,CPFDKsaUkO_hbFwJRE6,AEAD_AES_256_GCM,FEFD
T01,1776279744703.36,transport,15089,1952748,TLS_ECDHE_ECDSA_WITH_CHACHA20_POLY1305_SHA256,client,connected,Ycmm,controlling,connected,CFBF:54:0A:75:B3:2C:A3:DF:F2:C2:E4:1B:95:D5:48:BF:DD:E7:E8:4E:BF:12:98:1E:1C:DB:23:8A:8E:79:17:03,253,2622,CFE6:B3:70:7F:58:1C:4F:10:4C:14:03:C0:36:B2:A2:39:68:2A:81:56:96:81:BD:0F:D2:07:01:DD:96:F7:CE:52,1,CPFDKsaUkO_hbFwJRE6,AEAD_AES_256_GCM,FEFD
T01,1776279744903.276,transport,15201,1974901,TLS_ECDHE_ECDSA_WITH_CHACHA20_POLY1305_SHA256,client,connected,Ycmm,controlling,connected,CFBF:54:0A:75:B3:2C:A3:DF:F2:C2:E4:1B:95:D5:48:BF:DD:E7:E8:4E:BF:12:98:1E:1C:DB:23:8A:8E:79:17:03,255,2653,CFE6:B3:70:7F:58:1C:4F:10:4C:14:03:C0:36:B2:A2:39:68:2A:81:56:96:81:BD:0F:D2:07:01:DD:96:F7:CE:52,1,CPFDKsaUkO_hbFwJRE6,AEAD_AES_256_GCM,FEFD
T01,1776279744903.276,transport,15201,1974901,TLS_ECDHE_ECDSA_WITH_CHACHA20_POLY1305_SHA256,client,connected,Ycmm,controlling,connected,CFBF:54:0A:75:B3:2C:A3:DF:F2:C2:E4:1B:95:D5:48:BF:DD:E7:E8:4E:BF:12:98:1E:1C:DB:23:8A:8E:79:17:03,255,2653,CFE6:B3:70:7F:58:1C:4F:10:4C:14:03:C0:36:B2:A2:39:68:2A:81:56:96:81:BD:0F:D2:07:01:DD:96:F7:CE:52,1,CPFDKsaUkO_hbFwJRE6,AEAD_AES_256_GCM,FEFD
T01,1776279745103.304,transport,15321,2002890,TLS_ECDHE_ECDSA_WITH_CHACHA20_POLY1305_SHA256,client,connected,Ycmm,controlling,connected,CFBF:54:0A:75:B3:2C:A3:DF:F2:C2:E4:1B:95:D5:48:BF:DD:E7:E8:4E:BF:12:98:1E:1C:DB:23:8A:8E:79:17:03,257,2686,CFE6:B3:70:7F:58:1C:4F:10:4C:14:03:C0:36:B2:A2:39:68:2A:81:56:96:81:BD:0F:D2:07:01:DD:96:F7:CE:52,1,CPFDKsaUkO_hbFwJRE6,AEAD_AES_256_GCM,FEFD
T01,1776279745103.304,transport,15321,2002890,TLS_ECDHE_ECDSA_WITH_CHACHA20_POLY1305_SHA256,client,connected,Ycmm,controlling,connected,CFBF:54:0A:75:B3:2C:A3:DF:F2:C2:E4:1B:95:D5:48:BF:DD:E7:E8:4E:BF:12:98:1E:1C:DB:23:8A:8E:79:17:03,257,2686,CFE6:B3:70:7F:58:1C:4F:10:4C:14:03:C0:36:B2:A2:39:68:2A:81:56:96:81:BD:0F:D2:07:01:DD:96:F7:CE:52,1,CPFDKsaUkO_hbFwJRE6,AEAD_AES_256_GCM,FEFD
T01,1776279745303.322,transport,15533,2027324,TLS_ECDHE_ECDSA_WITH_CHACHA20_POLY1305_SHA256,client,connected,Ycmm,controlling,connected,CFBF:54:0A:75:B3:2C:A3:DF:F2:C2:E4:1B:95:D5:48:BF:DD:E7:E8:4E:BF:12:98:1E:1C:DB:23:8A:8E:79:17:03,260,2717,CFE6:B3:70:7F:58:1C:4F:10:4C:14:03:C0:36:B2:A2:39:68:2A:81:56:96:81:BD:0F:D2:07:01:DD:96:F7:CE:52,1,CPFDKsaUkO_hbFwJRE6,AEAD_AES_256_GCM,FEFD
T01,1776279745303.322,transport,15533,2027324,TLS_ECDHE_ECDSA_WITH_CHACHA20_POLY1305_SHA256,client,connected,Ycmm,controlling,connected,CFBF:54:0A:75:B3:2C:A3:DF:F2:C2:E4:1B:95:D5:48:BF:DD:E7:E8:4E:BF:12:98:1E:1C:DB:23:8A:8E:79:17:03,260,2717,CFE6:B3:70:7F:58:1C:4F:10:4C:14:03:C0:36:B2:A2:39:68:2A:81:56:96:81:BD:0F:D2:07:01:DD:96:F7:CE:52,1,CPFDKsaUkO_hbFwJRE6,AEAD_AES_256_GCM,FEFD
T01,1776279745503.392,transport,15685,2059486,TLS_ECDHE_ECDSA_WITH_CHACHA20_POLY1305_SHA256,client,connected,Ycmm,controlling,connected,CFBF:54:0A:75:B3:2C:A3:DF:F2:C2:E4:1B:95:D5:48:BF:DD:E7:E8:4E:BF:12:98:1E:1C:DB:23:8A:8E:79:17:03,263,2754,CFE6:B3:70:7F:58:1C:4F:10:4C:14:03:C0:36:B2:A2:39:68:2A:81:56:96:81:BD:0F:D2:07:01:DD:96:F7:CE:52,1,CPFDKsaUkO_hbFwJRE6,AEAD_AES_256_GCM,FEFD
T01,1776279745503.392,transport,15685,2059486,TLS_ECDHE_ECDSA_WITH_CHACHA20_POLY1305_SHA256,client,connected,Ycmm,controlling,connected,CFBF:54:0A:75:B3:2C:A3:DF:F2:C2:E4:1B:95:D5:48:BF:DD:E7:E8:4E:BF:12:98:1E:1C:DB:23:8A:8E:79:17:03,263,2754,CFE6:B3:70:7F:58:1C:4F:10:4C:14:03:C0:36:B2:A2:39:68:2A:81:56:96:81:BD:0F:D2:07:01:DD:96:F7:CE:52,1,CPFDKsaUkO_hbFwJRE6,AEAD_AES_256_GCM,FEFD
T01,1776279745703.612,transport,15841,2096333,TLS_ECDHE_ECDSA_WITH_CHACHA20_POLY1305_SHA256,client,connected,Ycmm,controlling,connected,CFBF:54:0A:75:B3:2C:A3:DF:F2:C2:E4:1B:95:D5:48:BF:DD:E7:E8:4E:BF:12:98:1E:1C:DB:23:8A:8E:79:17:03,266,2795,CFE6:B3:70:7F:58:1C:4F:10:4C:14:03:C0:36:B2:A2:39:68:2A:81:56:96:81:BD:0F:D2:07:01:DD:96:F7:CE:52,1,CPFDKsaUkO_hbFwJRE6,AEAD_AES_256_GCM,FEFD
T01,1776279745703.612,transport,15841,2096333,TLS_ECDHE_ECDSA_WITH_CHACHA20_POLY1305_SHA256,client,connected,Ycmm,controlling,connected,CFBF:54:0A:75:B3:2C:A3:DF:F2:C2:E4:1B:95:D5:48:BF:DD:E7:E8:4E:BF:12:98:1E:1C:DB:23:8A:8E:79:17:03,266,2795,CFE6:B3:70:7F:58:1C:4F:10:4C:14:03:C0:36:B2:A2:39:68:2A:81:56:96:81:BD:0F:D2:07:01:DD:96:F7:CE:52,1,CPFDKsaUkO_hbFwJRE6,AEAD_AES_256_GCM,FEFD
T01,1776279745903.374,transport,15961,2117541,TLS_ECDHE_ECDSA_WITH_CHACHA20_POLY1305_SHA256,client,connected,Ycmm,controlling,connected,CFBF:54:0A:75:B3:2C:A3:DF:F2:C2:E4:1B:95:D5:48:BF:DD:E7:E8:4E:BF:12:98:1E:1C:DB:23:8A:8E:79:17:03,268,2823,CFE6:B3:70:7F:58:1C:4F:10:4C:14:03:C0:36:B2:A2:39:68:2A:81:56:96:81:BD:0F:D2:07:01:DD:96:F7:CE:52,1,CPFDKsaUkO_hbFwJRE6,AEAD_AES_256_GCM,FEFD
T01,1776279745903.374,transport,15961,2117541,TLS_ECDHE_ECDSA_WITH_CHACHA20_POLY1305_SHA256,client,connected,Ycmm,controlling,connected,CFBF:54:0A:75:B3:2C:A3:DF:F2:C2:E4:1B:95:D5:48:BF:DD:E7:E8:4E:BF:12:98:1E:1C:DB:23:8A:8E:79:17:03,268,2823,CFE6:B3:70:7F:58:1C:4F:10:4C:14:03:C0:36:B2:A2:39:68:2A:81:56:96:81:BD:0F:D2:07:01:DD:96:F7:CE:52,1,CPFDKsaUkO_hbFwJRE6,AEAD_AES_256_GCM,FEFD
T01,1776279746103.37,transport,16089,2162443,TLS_ECDHE_ECDSA_WITH_CHACHA20_POLY1305_SHA256,client,connected,Ycmm,controlling,connected,CFBF:54:0A:75:B3:2C:A3:DF:F2:C2:E4:1B:95:D5:48:BF:DD:E7:E8:4E:BF:12:98:1E:1C:DB:23:8A:8E:79:17:03,270,2870,CFE6:B3:70:7F:58:1C:4F:10:4C:14:03:C0:36:B2:A2:39:68:2A:81:56:96:81:BD:0F:D2:07:01:DD:96:F7:CE:52,1,CPFDKsaUkO_hbFwJRE6,AEAD_AES_256_GCM,FEFD
T01,1776279746103.37,transport,16089,2162443,TLS_ECDHE_ECDSA_WITH_CHACHA20_POLY1305_SHA256,client,connected,Ycmm,controlling,connected,CFBF:54:0A:75:B3:2C:A3:DF:F2:C2:E4:1B:95:D5:48:BF:DD:E7:E8:4E:BF:12:98:1E:1C:DB:23:8A:8E:79:17:03,270,2870,CFE6:B3:70:7F:58:1C:4F:10:4C:14:03:C0:36:B2:A2:39:68:2A:81:56:96:81:BD:0F:D2:07:01:DD:96:F7:CE:52,1,CPFDKsaUkO_hbFwJRE6,AEAD_AES_256_GCM,FEFD
T01,1776279746303.276,transport,16209,2190246,TLS_ECDHE_ECDSA_WITH_CHACHA20_POLY1305_SHA256,client,connected,Ycmm,controlling,connected,CFBF:54:0A:75:B3:2C:A3:DF:F2:C2:E4:1B:95:D5:48:BF:DD:E7:E8:4E:BF:12:98:1E:1C:DB:23:8A:8E:79:17:03,272,2905,CFE6:B3:70:7F:58:1C:4F:10:4C:14:03:C0:36:B2:A2:39:68:2A:81:56:96:81:BD:0F:D2:07:01:DD:96:F7:CE:52,1,CPFDKsaUkO_hbFwJRE6,AEAD_AES_256_GCM,FEFD
T01,1776279746303.276,transport,16209,2190246,TLS_ECDHE_ECDSA_WITH_CHACHA20_POLY1305_SHA256,client,connected,Ycmm,controlling,connected,CFBF:54:0A:75:B3:2C:A3:DF:F2:C2:E4:1B:95:D5:48:BF:DD:E7:E8:4E:BF:12:98:1E:1C:DB:23:8A:8E:79:17:03,272,2905,CFE6:B3:70:7F:58:1C:4F:10:4C:14:03:C0:36:B2:A2:39:68:2A:81:56:96:81:BD:0F:D2:07:01:DD:96:F7:CE:52,1,CPFDKsaUkO_hbFwJRE6,AEAD_AES_256_GCM,FEFD
T01,1776279746503.548,transport,16337,2219322,TLS_ECDHE_ECDSA_WITH_CHACHA20_POLY1305_SHA256,client,connected,Ycmm,controlling,connected,CFBF:54:0A:75:B3:2C:A3:DF:F2:C2:E4:1B:95:D5:48:BF:DD:E7:E8:4E:BF:12:98:1E:1C:DB:23:8A:8E:79:17:03,274,2938,CFE6:B3:70:7F:58:1C:4F:10:4C:14:03:C0:36:B2:A2:39:68:2A:81:56:96:81:BD:0F:D2:07:01:DD:96:F7:CE:52,1,CPFDKsaUkO_hbFwJRE6,AEAD_AES_256_GCM,FEFD
T01,1776279746503.548,transport,16337,2219322,TLS_ECDHE_ECDSA_WITH_CHACHA20_POLY1305_SHA256,client,connected,Ycmm,controlling,connected,CFBF:54:0A:75:B3:2C:A3:DF:F2:C2:E4:1B:95:D5:48:BF:DD:E7:E8:4E:BF:12:98:1E:1C:DB:23:8A:8E:79:17:03,274,2938,CFE6:B3:70:7F:58:1C:4F:10:4C:14:03:C0:36:B2:A2:39:68:2A:81:56:96:81:BD:0F:D2:07:01:DD:96:F7:CE:52,1,CPFDKsaUkO_hbFwJRE6,AEAD_AES_256_GCM,FEFD
T01,1776279746703.294,transport,16485,2243825,TLS_ECDHE_ECDSA_WITH_CHACHA20_POLY1305_SHA256,client,connected,Ycmm,controlling,connected,CFBF:54:0A:75:B3:2C:A3:DF:F2:C2:E4:1B:95:D5:48:BF:DD:E7:E8:4E:BF:12:98:1E:1C:DB:23:8A:8E:79:17:03,277,2971,CFE6:B3:70:7F:58:1C:4F:10:4C:14:03:C0:36:B2:A2:39:68:2A:81:56:96:81:BD:0F:D2:07:01:DD:96:F7:CE:52,1,CPFDKsaUkO_hbFwJRE6,AEAD_AES_256_GCM,FEFD
T01,1776279746703.294,transport,16485,2243825,TLS_ECDHE_ECDSA_WITH_CHACHA20_POLY1305_SHA256,client,connected,Ycmm,controlling,connected,CFBF:54:0A:75:B3:2C:A3:DF:F2:C2:E4:1B:95:D5:48:BF:DD:E7:E8:4E:BF:12:98:1E:1C:DB:23:8A:8E:79:17:03,277,2971,CFE6:B3:70:7F:58:1C:4F:10:4C:14:03:C0:36:B2:A2:39:68:2A:81:56:96:81:BD:0F:D2:07:01:DD:96:F7:CE:52,1,CPFDKsaUkO_hbFwJRE6,AEAD_AES_256_GCM,FEFD
T01,1776279746903.421,transport,16649,2287954,TLS_ECDHE_ECDSA_WITH_CHACHA20_POLY1305_SHA256,client,connected,Ycmm,controlling,connected,CFBF:54:0A:75:B3:2C:A3:DF:F2:C2:E4:1B:95:D5:48:BF:DD:E7:E8:4E:BF:12:98:1E:1C:DB:23:8A:8E:79:17:03,279,3014,CFE6:B3:70:7F:58:1C:4F:10:4C:14:03:C0:36:B2:A2:39:68:2A:81:56:96:81:BD:0F:D2:07:01:DD:96:F7:CE:52,1,CPFDKsaUkO_hbFwJRE6,AEAD_AES_256_GCM,FEFD
T01,1776279746903.421,transport,16649,2287954,TLS_ECDHE_ECDSA_WITH_CHACHA20_POLY1305_SHA256,client,connected,Ycmm,controlling,connected,CFBF:54:0A:75:B3:2C:A3:DF:F2:C2:E4:1B:95:D5:48:BF:DD:E7:E8:4E:BF:12:98:1E:1C:DB:23:8A:8E:79:17:03,279,3014,CFE6:B3:70:7F:58:1C:4F:10:4C:14:03:C0:36:B2:A2:39:68:2A:81:56:96:81:BD:0F:D2:07:01:DD:96:F7:CE:52,1,CPFDKsaUkO_hbFwJRE6,AEAD_AES_256_GCM,FEFD
T01,1776279747103.344,transport,16817,2328476,TLS_ECDHE_ECDSA_WITH_CHACHA20_POLY1305_SHA256,client,connected,Ycmm,controlling,connected,CFBF:54:0A:75:B3:2C:A3:DF:F2:C2:E4:1B:95:D5:48:BF:DD:E7:E8:4E:BF:12:98:1E:1C:DB:23:8A:8E:79:17:03,282,3063,CFE6:B3:70:7F:58:1C:4F:10:4C:14:03:C0:36:B2:A2:39:68:2A:81:56:96:81:BD:0F:D2:07:01:DD:96:F7:CE:52,1,CPFDKsaUkO_hbFwJRE6,AEAD_AES_256_GCM,FEFD
T01,1776279747103.344,transport,16817,2328476,TLS_ECDHE_ECDSA_WITH_CHACHA20_POLY1305_SHA256,client,connected,Ycmm,controlling,connected,CFBF:54:0A:75:B3:2C:A3:DF:F2:C2:E4:1B:95:D5:48:BF:DD:E7:E8:4E:BF:12:98:1E:1C:DB:23:8A:8E:79:17:03,282,3063,CFE6:B3:70:7F:58:1C:4F:10:4C:14:03:C0:36:B2:A2:39:68:2A:81:56:96:81:BD:0F:D2:07:01:DD:96:F7:CE:52,1,CPFDKsaUkO_hbFwJRE6,AEAD_AES_256_GCM,FEFD
T01,1776279747303.293,transport,16937,2366923,TLS_ECDHE_ECDSA_WITH_CHACHA20_POLY1305_SHA256,client,connected,Ycmm,controlling,connected,CFBF:54:0A:75:B3:2C:A3:DF:F2:C2:E4:1B:95:D5:48:BF:DD:E7:E8:4E:BF:12:98:1E:1C:DB:23:8A:8E:79:17:03,284,3105,CFE6:B3:70:7F:58:1C:4F:10:4C:14:03:C0:36:B2:A2:39:68:2A:81:56:96:81:BD:0F:D2:07:01:DD:96:F7:CE:52,1,CPFDKsaUkO_hbFwJRE6,AEAD_AES_256_GCM,FEFD
T01,1776279747303.293,transport,16937,2366923,TLS_ECDHE_ECDSA_WITH_CHACHA20_POLY1305_SHA256,client,connected,Ycmm,controlling,connected,CFBF:54:0A:75:B3:2C:A3:DF:F2:C2:E4:1B:95:D5:48:BF:DD:E7:E8:4E:BF:12:98:1E:1C:DB:23:8A:8E:79:17:03,284,3105,CFE6:B3:70:7F:58:1C:4F:10:4C:14:03:C0:36:B2:A2:39:68:2A:81:56:96:81:BD:0F:D2:07:01:DD:96:F7:CE:52,1,CPFDKsaUkO_hbFwJRE6,AEAD_AES_256_GCM,FEFD
T01,1776279747503.323,transport,17069,2386891,TLS_ECDHE_ECDSA_WITH_CHACHA20_POLY1305_SHA256,client,connected,Ycmm,controlling,connected,CFBF:54:0A:75:B3:2C:A3:DF:F2:C2:E4:1B:95:D5:48:BF:DD:E7:E8:4E:BF:12:98:1E:1C:DB:23:8A:8E:79:17:03,286,3133,CFE6:B3:70:7F:58:1C:4F:10:4C:14:03:C0:36:B2:A2:39:68:2A:81:56:96:81:BD:0F:D2:07:01:DD:96:F7:CE:52,1,CPFDKsaUkO_hbFwJRE6,AEAD_AES_256_GCM,FEFD
T01,1776279747503.323,transport,17069,2386891,TLS_ECDHE_ECDSA_WITH_CHACHA20_POLY1305_SHA256,client,connected,Ycmm,controlling,connected,CFBF:54:0A:75:B3:2C:A3:DF:F2:C2:E4:1B:95:D5:48:BF:DD:E7:E8:4E:BF:12:98:1E:1C:DB:23:8A:8E:79:17:03,286,3133,CFE6:B3:70:7F:58:1C:4F:10:4C:14:03:C0:36:B2:A2:39:68:2A:81:56:96:81:BD:0F:D2:07:01:DD:96:F7:CE:52,1,CPFDKsaUkO_hbFwJRE6,AEAD_AES_256_GCM,FEFD
T01,1776279747703.361,transport,17193,2427080,TLS_ECDHE_ECDSA_WITH_CHACHA20_POLY1305_SHA256,client,connected,Ycmm,controlling,connected,CFBF:54:0A:75:B3:2C:A3:DF:F2:C2:E4:1B:95:D5:48:BF:DD:E7:E8:4E:BF:12:98:1E:1C:DB:23:8A:8E:79:17:03,288,3178,CFE6:B3:70:7F:58:1C:4F:10:4C:14:03:C0:36:B2:A2:39:68:2A:81:56:96:81:BD:0F:D2:07:01:DD:96:F7:CE:52,1,CPFDKsaUkO_hbFwJRE6,AEAD_AES_256_GCM,FEFD
T01,1776279747703.361,transport,17193,2427080,TLS_ECDHE_ECDSA_WITH_CHACHA20_POLY1305_SHA256,client,connected,Ycmm,controlling,connected,CFBF:54:0A:75:B3:2C:A3:DF:F2:C2:E4:1B:95:D5:48:BF:DD:E7:E8:4E:BF:12:98:1E:1C:DB:23:8A:8E:79:17:03,288,3178,CFE6:B3:70:7F:58:1C:4F:10:4C:14:03:C0:36:B2:A2:39:68:2A:81:56:96:81:BD:0F:D2:07:01:DD:96:F7:CE:52,1,CPFDKsaUkO_hbFwJRE6,AEAD_AES_256_GCM,FEFD
T01,1776279747903.42,transport,17313,2443831,TLS_ECDHE_ECDSA_WITH_CHACHA20_POLY1305_SHA256,client,connected,Ycmm,controlling,connected,CFBF:54:0A:75:B3:2C:A3:DF:F2:C2:E4:1B:95:D5:48:BF:DD:E7:E8:4E:BF:12:98:1E:1C:DB:23:8A:8E:79:17:03,290,3202,CFE6:B3:70:7F:58:1C:4F:10:4C:14:03:C0:36:B2:A2:39:68:2A:81:56:96:81:BD:0F:D2:07:01:DD:96:F7:CE:52,1,CPFDKsaUkO_hbFwJRE6,AEAD_AES_256_GCM,FEFD
T01,1776279747903.42,transport,17313,2443831,TLS_ECDHE_ECDSA_WITH_CHACHA20_POLY1305_SHA256,client,connected,Ycmm,controlling,connected,CFBF:54:0A:75:B3:2C:A3:DF:F2:C2:E4:1B:95:D5:48:BF:DD:E7:E8:4E:BF:12:98:1E:1C:DB:23:8A:8E:79:17:03,290,3202,CFE6:B3:70:7F:58:1C:4F:10:4C:14:03:C0:36:B2:A2:39:68:2A:81:56:96:81:BD:0F:D2:07:01:DD:96:F7:CE:52,1,CPFDKsaUkO_hbFwJRE6,AEAD_AES_256_GCM,FEFD
T01,1776279748103.29,transport,17569,2496136,TLS_ECDHE_ECDSA_WITH_CHACHA20_POLY1305_SHA256,client,connected,Ycmm,controlling,connected,CFBF:54:0A:75:B3:2C:A3:DF:F2:C2:E4:1B:95:D5:48:BF:DD:E7:E8:4E:BF:12:98:1E:1C:DB:23:8A:8E:79:17:03,294,3254,CFE6:B3:70:7F:58:1C:4F:10:4C:14:03:C0:36:B2:A2:39:68:2A:81:56:96:81:BD:0F:D2:07:01:DD:96:F7:CE:52,1,CPFDKsaUkO_hbFwJRE6,AEAD_AES_256_GCM,FEFD
T01,1776279748103.29,transport,17569,2496136,TLS_ECDHE_ECDSA_WITH_CHACHA20_POLY1305_SHA256,client,connected,Ycmm,controlling,connected,CFBF:54:0A:75:B3:2C:A3:DF:F2:C2:E4:1B:95:D5:48:BF:DD:E7:E8:4E:BF:12:98:1E:1C:DB:23:8A:8E:79:17:03,294,3254,CFE6:B3:70:7F:58:1C:4F:10:4C:14:03:C0:36:B2:A2:39:68:2A:81:56:96:81:BD:0F:D2:07:01:DD:96:F7:CE:52,1,CPFDKsaUkO_hbFwJRE6,AEAD_AES_256_GCM,FEFD
T01,1776279748303.254,transport,17733,2532602,TLS_ECDHE_ECDSA_WITH_CHACHA20_POLY1305_SHA256,client,connected,Ycmm,controlling,connected,CFBF:54:0A:75:B3:2C:A3:DF:F2:C2:E4:1B:95:D5:48:BF:DD:E7:E8:4E:BF:12:98:1E:1C:DB:23:8A:8E:79:17:03,297,3294,CFE6:B3:70:7F:58:1C:4F:10:4C:14:03:C0:36:B2:A2:39:68:2A:81:56:96:81:BD:0F:D2:07:01:DD:96:F7:CE:52,1,CPFDKsaUkO_hbFwJRE6,AEAD_AES_256_GCM,FEFD
T01,1776279748303.254,transport,17733,2532602,TLS_ECDHE_ECDSA_WITH_CHACHA20_POLY1305_SHA256,client,connected,Ycmm,controlling,connected,CFBF:54:0A:75:B3:2C:A3:DF:F2:C2:E4:1B:95:D5:48:BF:DD:E7:E8:4E:BF:12:98:1E:1C:DB:23:8A:8E:79:17:03,297,3294,CFE6:B3:70:7F:58:1C:4F:10:4C:14:03:C0:36:B2:A2:39:68:2A:81:56:96:81:BD:0F:D2:07:01:DD:96:F7:CE:52,1,CPFDKsaUkO_hbFwJRE6,AEAD_AES_256_GCM,FEFD
T01,1776279748503.506,transport,17841,2555162,TLS_ECDHE_ECDSA_WITH_CHACHA20_POLY1305_SHA256,client,connected,Ycmm,controlling,connected,CFBF:54:0A:75:B3:2C:A3:DF:F2:C2:E4:1B:95:D5:48:BF:DD:E7:E8:4E:BF:12:98:1E:1C:DB:23:8A:8E:79:17:03,299,3322,CFE6:B3:70:7F:58:1C:4F:10:4C:14:03:C0:36:B2:A2:39:68:2A:81:56:96:81:BD:0F:D2:07:01:DD:96:F7:CE:52,1,CPFDKsaUkO_hbFwJRE6,AEAD_AES_256_GCM,FEFD
T01,1776279748503.506,transport,17841,2555162,TLS_ECDHE_ECDSA_WITH_CHACHA20_POLY1305_SHA256,client,connected,Ycmm,controlling,connected,CFBF:54:0A:75:B3:2C:A3:DF:F2:C2:E4:1B:95:D5:48:BF:DD:E7:E8:4E:BF:12:98:1E:1C:DB:23:8A:8E:79:17:03,299,3322,CFE6:B3:70:7F:58:1C:4F:10:4C:14:03:C0:36:B2:A2:39:68:2A:81:56:96:81:BD:0F:D2:07:01:DD:96:F7:CE:52,1,CPFDKsaUkO_hbFwJRE6,AEAD_AES_256_GCM,FEFD
T01,1776279748703.362,transport,17965,2584100,TLS_ECDHE_ECDSA_WITH_CHACHA20_POLY1305_SHA256,client,connected,Ycmm,controlling,connected,CFBF:54:0A:75:B3:2C:A3:DF:F2:C2:E4:1B:95:D5:48:BF:DD:E7:E8:4E:BF:12:98:1E:1C:DB:23:8A:8E:79:17:03,301,3356,CFE6:B3:70:7F:58:1C:4F:10:4C:14:03:C0:36:B2:A2:39:68:2A:81:56:96:81:BD:0F:D2:07:01:DD:96:F7:CE:52,1,CPFDKsaUkO_hbFwJRE6,AEAD_AES_256_GCM,FEFD
T01,1776279748703.362,transport,17965,2584100,TLS_ECDHE_ECDSA_WITH_CHACHA20_POLY1305_SHA256,client,connected,Ycmm,controlling,connected,CFBF:54:0A:75:B3:2C:A3:DF:F2:C2:E4:1B:95:D5:48:BF:DD:E7:E8:4E:BF:12:98:1E:1C:DB:23:8A:8E:79:17:03,301,3356,CFE6:B3:70:7F:58:1C:4F:10:4C:14:03:C0:36:B2:A2:39:68:2A:81:56:96:81:BD:0F:D2:07:01:DD:96:F7:CE:52,1,CPFDKsaUkO_hbFwJRE6,AEAD_AES_256_GCM,FEFD
T01,1776279748903.315,transport,18089,2610567,TLS_ECDHE_ECDSA_WITH_CHACHA20_POLY1305_SHA256,client,connected,Ycmm,controlling,connected,CFBF:54:0A:75:B3:2C:A3:DF:F2:C2:E4:1B:95:D5:48:BF:DD:E7:E8:4E:BF:12:98:1E:1C:DB:23:8A:8E:79:17:03,303,3390,CFE6:B3:70:7F:58:1C:4F:10:4C:14:03:C0:36:B2:A2:39:68:2A:81:56:96:81:BD:0F:D2:07:01:DD:96:F7:CE:52,1,CPFDKsaUkO_hbFwJRE6,AEAD_AES_256_GCM,FEFD
T01,1776279748903.315,transport,18089,2610567,TLS_ECDHE_ECDSA_WITH_CHACHA20_POLY1305_SHA256,client,connected,Ycmm,controlling,connected,CFBF:54:0A:75:B3:2C:A3:DF:F2:C2:E4:1B:95:D5:48:BF:DD:E7:E8:4E:BF:12:98:1E:1C:DB:23:8A:8E:79:17:03,303,3390,CFE6:B3:70:7F:58:1C:4F:10:4C:14:03:C0:36:B2:A2:39:68:2A:81:56:96:81:BD:0F:D2:07:01:DD:96:F7:CE:52,1,CPFDKsaUkO_hbFwJRE6,AEAD_AES_256_GCM,FEFD
T01,1776279749103.3,transport,18205,2638509,TLS_ECDHE_ECDSA_WITH_CHACHA20_POLY1305_SHA256,client,connected,Ycmm,controlling,connected,CFBF:54:0A:75:B3:2C:A3:DF:F2:C2:E4:1B:95:D5:48:BF:DD:E7:E8:4E:BF:12:98:1E:1C:DB:23:8A:8E:79:17:03,305,3423,CFE6:B3:70:7F:58:1C:4F:10:4C:14:03:C0:36:B2:A2:39:68:2A:81:56:96:81:BD:0F:D2:07:01:DD:96:F7:CE:52,1,CPFDKsaUkO_hbFwJRE6,AEAD_AES_256_GCM,FEFD
T01,1776279749103.3,transport,18205,2638509,TLS_ECDHE_ECDSA_WITH_CHACHA20_POLY1305_SHA256,client,connected,Ycmm,controlling,connected,CFBF:54:0A:75:B3:2C:A3:DF:F2:C2:E4:1B:95:D5:48:BF:DD:E7:E8:4E:BF:12:98:1E:1C:DB:23:8A:8E:79:17:03,305,3423,CFE6:B3:70:7F:58:1C:4F:10:4C:14:03:C0:36:B2:A2:39:68:2A:81:56:96:81:BD:0F:D2:07:01:DD:96:F7:CE:52,1,CPFDKsaUkO_hbFwJRE6,AEAD_AES_256_GCM,FEFD
T01,1776279749303.482,transport,18445,2668258,TLS_ECDHE_ECDSA_WITH_CHACHA20_POLY1305_SHA256,client,connected,Ycmm,controlling,connected,CFBF:54:0A:75:B3:2C:A3:DF:F2:C2:E4:1B:95:D5:48:BF:DD:E7:E8:4E:BF:12:98:1E:1C:DB:23:8A:8E:79:17:03,309,3454,CFE6:B3:70:7F:58:1C:4F:10:4C:14:03:C0:36:B2:A2:39:68:2A:81:56:96:81:BD:0F:D2:07:01:DD:96:F7:CE:52,1,CPFDKsaUkO_hbFwJRE6,AEAD_AES_256_GCM,FEFD
T01,1776279749303.482,transport,18445,2668258,TLS_ECDHE_ECDSA_WITH_CHACHA20_POLY1305_SHA256,client,connected,Ycmm,controlling,connected,CFBF:54:0A:75:B3:2C:A3:DF:F2:C2:E4:1B:95:D5:48:BF:DD:E7:E8:4E:BF:12:98:1E:1C:DB:23:8A:8E:79:17:03,309,3454,CFE6:B3:70:7F:58:1C:4F:10:4C:14:03:C0:36:B2:A2:39:68:2A:81:56:96:81:BD:0F:D2:07:01:DD:96:F7:CE:52,1,CPFDKsaUkO_hbFwJRE6,AEAD_AES_256_GCM,FEFD
T01,1776279749503.361,transport,18621,2715999,TLS_ECDHE_ECDSA_WITH_CHACHA20_POLY1305_SHA256,client,connected,Ycmm,controlling,connected,CFBF:54:0A:75:B3:2C:A3:DF:F2:C2:E4:1B:95:D5:48:BF:DD:E7:E8:4E:BF:12:98:1E:1C:DB:23:8A:8E:79:17:03,312,3506,CFE6:B3:70:7F:58:1C:4F:10:4C:14:03:C0:36:B2:A2:39:68:2A:81:56:96:81:BD:0F:D2:07:01:DD:96:F7:CE:52,1,CPFDKsaUkO_hbFwJRE6,AEAD_AES_256_GCM,FEFD
T01,1776279749503.361,transport,18621,2715999,TLS_ECDHE_ECDSA_WITH_CHACHA20_POLY1305_SHA256,client,connected,Ycmm,controlling,connected,CFBF:54:0A:75:B3:2C:A3:DF:F2:C2:E4:1B:95:D5:48:BF:DD:E7:E8:4E:BF:12:98:1E:1C:DB:23:8A:8E:79:17:03,312,3506,CFE6:B3:70:7F:58:1C:4F:10:4C:14:03:C0:36:B2:A2:39:68:2A:81:56:96:81:BD:0F:D2:07:01:DD:96:F7:CE:52,1,CPFDKsaUkO_hbFwJRE6,AEAD_AES_256_GCM,FEFD
T01,1776279749703.344,transport,18745,2747650,TLS_ECDHE_ECDSA_WITH_CHACHA20_POLY1305_SHA256,client,connected,Ycmm,controlling,connected,CFBF:54:0A:75:B3:2C:A3:DF:F2:C2:E4:1B:95:D5:48:BF:DD:E7:E8:4E:BF:12:98:1E:1C:DB:23:8A:8E:79:17:03,314,3544,CFE6:B3:70:7F:58:1C:4F:10:4C:14:03:C0:36:B2:A2:39:68:2A:81:56:96:81:BD:0F:D2:07:01:DD:96:F7:CE:52,1,CPFDKsaUkO_hbFwJRE6,AEAD_AES_256_GCM,FEFD
T01,1776279749703.344,transport,18745,2747650,TLS_ECDHE_ECDSA_WITH_CHACHA20_POLY1305_SHA256,client,connected,Ycmm,controlling,connected,CFBF:54:0A:75:B3:2C:A3:DF:F2:C2:E4:1B:95:D5:48:BF:DD:E7:E8:4E:BF:12:98:1E:1C:DB:23:8A:8E:79:17:03,314,3544,CFE6:B3:70:7F:58:1C:4F:10:4C:14:03:C0:36:B2:A2:39:68:2A:81:56:96:81:BD:0F:D2:07:01:DD:96:F7:CE:52,1,CPFDKsaUkO_hbFwJRE6,AEAD_AES_256_GCM,FEFD
T01,1776279749903.364,transport,18869,2770713,TLS_ECDHE_ECDSA_WITH_CHACHA20_POLY1305_SHA256,client,connected,Ycmm,controlling,connected,CFBF:54:0A:75:B3:2C:A3:DF:F2:C2:E4:1B:95:D5:48:BF:DD:E7:E8:4E:BF:12:98:1E:1C:DB:23:8A:8E:79:17:03,316,3574,CFE6:B3:70:7F:58:1C:4F:10:4C:14:03:C0:36:B2:A2:39:68:2A:81:56:96:81:BD:0F:D2:07:01:DD:96:F7:CE:52,1,CPFDKsaUkO_hbFwJRE6,AEAD_AES_256_GCM,FEFD
T01,1776279749903.364,transport,18869,2770713,TLS_ECDHE_ECDSA_WITH_CHACHA20_POLY1305_SHA256,client,connected,Ycmm,controlling,connected,CFBF:54:0A:75:B3:2C:A3:DF:F2:C2:E4:1B:95:D5:48:BF:DD:E7:E8:4E:BF:12:98:1E:1C:DB:23:8A:8E:79:17:03,316,3574,CFE6:B3:70:7F:58:1C:4F:10:4C:14:03:C0:36:B2:A2:39:68:2A:81:56:96:81:BD:0F:D2:07:01:DD:96:F7:CE:52,1,CPFDKsaUkO_hbFwJRE6,AEAD_AES_256_GCM,FEFD
T01,1776279750103.445,transport,18981,2804221,TLS_ECDHE_ECDSA_WITH_CHACHA20_POLY1305_SHA256,client,connected,Ycmm,controlling,connected,CFBF:54:0A:75:B3:2C:A3:DF:F2:C2:E4:1B:95:D5:48:BF:DD:E7:E8:4E:BF:12:98:1E:1C:DB:23:8A:8E:79:17:03,318,3611,CFE6:B3:70:7F:58:1C:4F:10:4C:14:03:C0:36:B2:A2:39:68:2A:81:56:96:81:BD:0F:D2:07:01:DD:96:F7:CE:52,1,CPFDKsaUkO_hbFwJRE6,AEAD_AES_256_GCM,FEFD
T01,1776279750103.445,transport,18981,2804221,TLS_ECDHE_ECDSA_WITH_CHACHA20_POLY1305_SHA256,client,connected,Ycmm,controlling,connected,CFBF:54:0A:75:B3:2C:A3:DF:F2:C2:E4:1B:95:D5:48:BF:DD:E7:E8:4E:BF:12:98:1E:1C:DB:23:8A:8E:79:17:03,318,3611,CFE6:B3:70:7F:58:1C:4F:10:4C:14:03:C0:36:B2:A2:39:68:2A:81:56:96:81:BD:0F:D2:07:01:DD:96:F7:CE:52,1,CPFDKsaUkO_hbFwJRE6,AEAD_AES_256_GCM,FEFD

track,timestamp,framerate,width,height
0,1776279722103,30,1920,1080
0,1776279722303,30,1920,1080
0,1776279722503,30,1920,1080
0,1776279722703,30,1920,1080
0,1776279722903,30,1920,1080
0,1776279723104,30,1920,1080
0,1776279723303,30,1920,1080
0,1776279723503,30,1920,1080
0,1776279723704,30,1920,1080
0,1776279723903,30,1920,1080
0,1776279724104,30,1920,1080
0,1776279724304,30,1920,1080
0,1776279724503,30,1920,1080
0,1776279724703,30,1920,1080
0,1776279724903,30,1920,1080
0,1776279725104,30,1920,1080
0,1776279725304,30,1920,1080
0,1776279725504,30,1920,1080
0,1776279725703,30,1920,1080
0,1776279725903,30,1920,1080
0,1776279726104,30,1920,1080
0,1776279726304,30,1920,1080
0,1776279726504,30,1920,1080
0,1776279726703,30,1920,1080
0,1776279726903,30,1920,1080
0,1776279727103,30,1920,1080
0,1776279727304,30,1920,1080
0,1776279727504,30,1920,1080
0,1776279727703,30,1920,1080
0,1776279727904,30,1920,1080
0,1776279728104,30,1920,1080
0,1776279728303,30,1920,1080
0,1776279728503,30,1920,1080
0,1776279728703,30,1920,1080
0,1776279728903,30,1920,1080
0,1776279729104,30,1920,1080
0,1776279729304,30,1920,1080
0,1776279729503,30,1920,1080
0,1776279729703,30,1920,1080
0,1776279729904,30,1920,1080
0,1776279730103,30,1920,1080
0,1776279730304,30,1920,1080
0,1776279730504,30,1920,1080
0,1776279730703,30,1920,1080
0,1776279730904,30,1920,1080
0,1776279731104,30,1920,1080
0,1776279731304,30,1920,1080
0,1776279731503,30,1920,1080
0,1776279731704,30,1920,1080
0,1776279731903,30,1920,1080
0,1776279732104,30,1920,1080
0,1776279732304,30,1920,1080
0,1776279732503,30,1920,1080
0,1776279732703,30,1920,1080
0,1776279732904,30,1920,1080
0,1776279733103,30,1920,1080
0,1776279733304,30,1920,1080
0,1776279733503,30,1920,1080
0,1776279733703,30,1920,1080
0,1776279733904,30,1920,1080
0,1776279734104,30,1920,1080
0,1776279734303,30,1920,1080
0,1776279734503,30,1920,1080
0,1776279734703,30,1920,1080
0,1776279734903,30,1920,1080
0,1776279735104,30,1920,1080
0,1776279735303,30,1920,1080
0,1776279735503,30,1920,1080
0,1776279735703,30,1920,1080
0,1776279735903,30,1920,1080
0,1776279736103,30,1920,1080
0,1776279736304,30,1920,1080
0,1776279736504,30,1920,1080
0,1776279736703,30,1920,1080
0,1776279736904,30,1920,1080
0,1776279737103,30,1920,1080
0,1776279737303,30,1920,1080
0,1776279737504,30,1920,1080
0,1776279737703,30,1920,1080
0,1776279737903,30,1920,1080
0,1776279738103,30,1920,1080
0,1776279738303,30,1920,1080
0,1776279738504,30,1920,1080
0,1776279738704,30,1920,1080
0,1776279738904,30,1920,1080
0,1776279739103,30,1920,1080
0,1776279739303,30,1920,1080
0,1776279739503,30,1920,1080
0,1776279739703,30,1920,1080
0,1776279739903,30,1920,1080
0,1776279740103,30,1920,1080
0,1776279740303,30,1920,1080
0,1776279740504,30,1920,1080
0,1776279740704,30,1920,1080
0,1776279740904,30,1920,1080
0,1776279741104,30,1920,1080
0,1776279741304,30,1920,1080
0,1776279741503,30,1920,1080
0,1776279741704,30,1920,1080
0,1776279741903,30,1920,1080
0,1776279742104,30,1920,1080
0,1776279742304,30,1920,1080
0,1776279742504,30,1920,1080
0,1776279742703,30,1920,1080
0,1776279742903,30,1920,1080
0,1776279743104,30,1920,1080
0,1776279743304,30,1920,1080
0,1776279743504,30,1920,1080
0,1776279743703,30,1920,1080
0,1776279743903,30,1920,1080
0,1776279744103,30,1920,1080
0,1776279744303,30,1920,1080
0,1776279744504,30,1920,1080
0,1776279744703,30,1920,1080
0,1776279744903,30,1920,1080
0,1776279745103,30,1920,1080
0,1776279745303,30,1920,1080
0,1776279745504,30,1920,1080
0,1776279745704,30,1920,1080
0,1776279745904,30,1920,1080
0,1776279746104,30,1920,1080
0,1776279746303,30,1920,1080
0,1776279746504,30,1920,1080
0,1776279746703,30,1920,1080
0,1776279746904,30,1920,1080
0,1776279747103,30,1920,1080
0,1776279747303,30,1920,1080
0,1776279747503,30,1920,1080
0,1776279747703,30,1920,1080
0,1776279747904,30,1920,1080
0,1776279748103,30,1920,1080
0,1776279748303,30,1920,1080
0,1776279748504,30,1920,1080
0,1776279748704,30,1920,1080
0,1776279748903,30,1920,1080
0,1776279749103,30,1920,1080
0,1776279749304,30,1920,1080
0,1776279749503,30,1920,1080
0,1776279749703,30,1920,1080
0,1776279749903,30,1920,1080
0,1776279750104,30,1920,1080